                                       1                                        2                                        3                                        4                                        5                                        6                                        7                                        8                                        9                                       10                                       11                                       12                                       13                                       14                                       15                                       16                                       17                                       18                                       19                                       20                                       21                                       22                                       23                                       24                                       25                                       26                                       27                                       28                                       29                                       30                                       31                                       32                                       33                                       34                                       35                                       36                                       37                                       38                                       39                                       40                                       41                                       42                                       43                                       44                                       45                                       46                                       47                                       48                                       49 
                            model_number                                num_zones                             initial_mass                                initial_z                                 star_age                                time_step                                     Teff                            photosphere_L                            photosphere_r                               center_eta                                center_h1                               center_he3                               center_he4                               center_c12                               center_n14                               center_o16                              center_ne20                                star_mass                                star_mdot                             star_mass_h1                            star_mass_he3                            star_mass_he4                            star_mass_c12                            star_mass_n14                            star_mass_o16                           star_mass_ne20                             he_core_mass                             co_core_mass                             fe_core_mass                   neutron_rich_core_mass                             dynamic_time                             kh_timescale                            nuc_timescale                           power_nuc_burn                             power_h_burn                            power_he_burn                                power_neu                                burn_min1                                burn_min2                             time_seconds                           version_number                                 compiler                                    build                         MESA_SDK_version                             math_backend                                     date                                     msun                                     rsun                                     lsun 
                                    1100                                     1102                  1.0000000000000000E+000                  2.0000000000000000E-002                  3.4027800325680508E+000                  1.4608262569642004E-002                  3.2052146560052275E+004                  2.3632372860813757E+003                  1.5764949580043832E+000                  2.2981325074606720E+000                  0.0000000000000000E+000                  6.1495377703707222E-046                  6.8559323320559057E-002                  4.4241129210046021E-001                  2.0548874098888580E-007                  4.6479312227376901E-001                  2.0158826096892402E-002                  2.2338347632439068E-001                 -5.9036781156302637E-009                  4.3968532594060322E-049                  7.0020252959965830E-047                  3.5549655593590627E-002                  9.4658566214246148E-002                  2.2130290675116153E-004                  8.7741268097986283E-002                  4.1843004403916721E-003                  2.2338347632439068E-001                  1.2230385963014881E-001                  0.0000000000000000E+000                  0.0000000000000000E+000                  4.1915090959212925E+004                  3.1541553703018974E+002                  9.4524353369016165E+005                  7.2599068028477802E+000                  7.1383100853571187E-031                  6.1646766168565321E-008                  1.6402537027713588E+000                  5.0000000000000000E+001                  1.0000000000000000E+003                  1.0738357115576953E+008                               "r23.05.1"                               "gfortran"                                 "13.1.0"                    "x86_64-linux-23.7.3"                                 "CRMATH"                               "20260529"                  1.9884098706980504E+033                  6.9570000000000000E+010                  3.8280000000000003E+033 

                                       1                                        2                                        3                                        4                                        5                                        6                                        7                                        8                                        9                                       10                                       11                                       12 
                                    zone                                     mass                                     logR                                     logT                                   logRho                                     logP                        x_mass_fraction_H                       y_mass_fraction_He                   z_mass_fraction_metals                                       pp                                      cno                                tri_alpha 
                                       1                  2.2338347632439068E-001                  1.9769258611191221E-001                  4.5059164043530773E+000                 -9.0329737891849557E+000                  3.5476245694442401E+000                  3.5706215498381252E-005                  4.0938457768930181E-001                  5.9057971609519977E-001                  4.3153634867207736E-177                  0.0000000000000000E+000                  0.0000000000000000E+000 
                                       2                  2.2338347632424266E-001                  1.9768426949980863E-001                  4.5060882768055590E+000                 -9.0319337534157977E+000                  3.5484796618765277E+000                  3.5706215498381252E-005                  4.0938457768930181E-001                  5.9057971609519977E-001                  4.3257114950904776E-177                  0.0000000000000000E+000                  0.0000000000000000E+000 
                                       3                  2.2338347632396163E-001                  1.9766851241517161E-001                  4.5063971718236928E+000                 -9.0300873158164841E+000                  3.5500118437164798E+000                  3.5706215498381252E-005                  4.0938457768930181E-001                  5.9057971609519977E-001                  4.3441441064354882E-177                  0.0000000000000000E+000                  0.0000000000000000E+000 
                                       4                  2.2338347632347194E-001                  1.9764116793959441E-001                  4.5070203394025468E+000                 -9.0264473540985897E+000                  3.5530855833205246E+000                  3.5706215498381252E-005                  4.0938457768930181E-001                  5.9057971609519977E-001                  4.3807114755582552E-177                  0.0000000000000000E+000                  0.0000000000000000E+000 
                                       5                  2.2338347632240760E-001                  1.9758221609838436E-001                  4.5081638632101502E+000                 -9.0200612709029713E+000                  3.5586655353949062E+000                  3.5706215498381252E-005                  4.0938457768930181E-001                  5.9057971609519977E-001                  4.4456119840961247E-177                  0.0000000000000000E+000                  0.0000000000000000E+000 
                                       6                  2.2338347632062411E-001                  1.9748481820666705E-001                  4.5095099971153969E+000                 -9.0130200369575046E+000                  3.5651343684909720E+000                  3.5706215498381252E-005                  4.0938457768930181E-001                  5.9057971609519977E-001                  4.5182858231887813E-177                  0.0000000000000000E+000                  0.0000000000000000E+000 
                                       7                  2.2338347631906302E-001                  1.9740088478897130E-001                  4.5115891227119009E+000                 -9.0029951857216837E+000                  3.5749464414950625E+000                  3.5706215498381252E-005                  4.0938457768930181E-001                  5.9057971609519977E-001                  4.6238087577563683E-177                  0.0000000000000000E+000                  0.0000000000000000E+000 
                                       8                  2.2338347631545888E-001                  1.9721134899100803E-001                  4.5153682800527752E+000                 -8.9859336814642941E+000                  3.5925610010157163E+000                  3.5706215498381252E-005                  4.0938457768930181E-001                  5.9057971609519977E-001                  4.8090980792213183E-177                  0.0000000000000000E+000                  0.0000000000000000E+000 
                                       9                  2.2338347630950925E-001                  1.9691000800748795E-001                  4.5198171394214679E+000                 -8.9655475977194588E+000                  3.6134528870410367E+000                  3.5706215498381252E-005                  4.0938457768930181E-001                  5.9057971609519977E-001                  5.0402547275234416E-177                  0.0000000000000000E+000                  0.0000000000000000E+000 
                                      10                  2.2338347630364641E-001                  1.9662610833145280E-001                  4.5242768305789465E+000                 -8.9453809554754979E+000                  3.6344151366588346E+000                  3.5706215498381252E-005                  4.0938457768930181E-001                  5.9057971609519977E-001                  5.2798542019804003E-177                  0.0000000000000000E+000                  0.0000000000000000E+000 
                                      11                  2.2338347629710434E-001                  1.9632307730484874E-001                  4.5287619578891549E+000                 -8.9252349544251235E+000                  3.6555382944621888E+000                  3.5706215498381252E-005                  4.0938457768930181E-001                  5.9057971609519977E-001                  5.5305814924231678E-177                  0.0000000000000000E+000                  0.0000000000000000E+000 
                                      12                  2.2338347629056224E-001                  1.9603318914223938E-001                  4.5320942587511377E+000                 -8.9102031067477903E+000                  3.6712903557693939E+000                  3.5706215498381252E-005                  4.0938457768930181E-001                  5.9057971609519977E-001                  5.7253867002829788E-177                  0.0000000000000000E+000                  0.0000000000000000E+000 
                                      13                  2.2338347628695160E-001                  1.9587840125592010E-001                  4.5344074912456147E+000                 -8.9000440656466662E+000                  3.6821717842070156E+000                  3.5706215498381252E-005                  4.0938457768930181E-001                  5.9057971609519977E-001                  5.8609141712004164E-177                  0.0000000000000000E+000                  0.0000000000000000E+000 
                                      14                  2.2338347628334090E-001                  1.9572703217810219E-001                  4.5374131730374820E+000                 -8.8871408905136935E+000                  3.6962494071222620E+000                  3.5706215498381252E-005                  4.0938457768930181E-001                  5.9057971609519977E-001                  6.0376851441706147E-177                  0.0000000000000000E+000                  0.0000000000000000E+000 
                                      15                  2.2338347627735003E-001                  1.9548289577077535E-001                  4.5410385618789144E+000                 -8.8716136993119274E+000                  3.7132374971900037E+000                  3.5706215498381252E-005                  4.0938457768930181E-001                  5.9057971609519977E-001                  6.2574877361768632E-177                  0.0000000000000000E+000                  0.0000000000000000E+000 
                                      16                  2.2338347627135913E-001                  1.9524694277508964E-001                  4.5448595018625371E+000                 -8.8556227323323853E+000                  3.7310548839685644E+000                  3.5706215498381252E-005                  4.0938457768930181E-001                  5.9057971609519977E-001                  6.4922232123654991E-177                  0.0000000000000000E+000                  0.0000000000000000E+000 
                                      17                  2.2338347626429786E-001                  1.9497841891098364E-001                  4.5488493962279959E+000                 -8.8392080465495084E+000                  3.7495889366877333E+000                  3.5706215498381252E-005                  4.0938457768930181E-001                  5.9057971609519977E-001                  6.7423409582620976E-177                  0.0000000000000000E+000                  0.0000000000000000E+000 
                                      18                  2.2338347625723656E-001                  1.9471938325644600E-001                  4.5517463633965507E+000                 -8.8273814229391601E+000                  3.7630197105486034E+000                  3.5706215498381252E-005                  4.0938457768930181E-001                  5.9057971609519977E-001                  6.9285000619445328E-177                  0.0000000000000000E+000                  0.0000000000000000E+000 
                                      19                  2.2338347625370591E-001                  1.9459317701484902E-001                  4.5536450785978078E+000                 -8.8198508340807891E+000                  3.7717582714099538E+000                  3.5706215498381252E-005                  4.0938457768930181E-001                  5.9057971609519977E-001                  7.0497064182672540E-177                  0.0000000000000000E+000                  0.0000000000000000E+000 
                                      20                  2.2338347625017527E-001                  1.9446903300451754E-001                  4.5568491517265803E+000                 -8.8075746736865419E+000                  3.7863731904577023E+000                  3.5706215498381252E-005                  4.0938457768930181E-001                  5.9057971609519977E-001                  7.2518564541607739E-177                  0.0000000000000000E+000                  0.0000000000000000E+000 
                                      21                  2.2338347624158783E-001                  1.9417507438422096E-001                  4.5612400465568097E+000                 -8.7908896206297769E+000                  3.8063316718181999E+000                  3.5706215498381252E-005                  4.0938457768930181E-001                  5.9057971609519977E-001                  7.5359329501217253E-177                  0.0000000000000000E+000                  0.0000000000000000E+000 
                                      22                  2.2338347623300039E-001                  1.9389163039188792E-001                  4.5663903864331274E+000                 -8.7721817907128816E+000                  3.8294337113862094E+000                  3.5706215498381252E-005                  4.0938457768930181E-001                  5.9057971609519977E-001                  7.8677043082404121E-177                  0.0000000000000000E+000                  0.0000000000000000E+000 
                                      23                  2.2338347622075128E-001                  1.9350347294045345E-001                  4.5721972868060057E+000                 -8.7517412726437467E+000                  3.8552007655377984E+000                  3.5706215498381252E-005                  4.0938457768930181E-001                  5.9057971609519977E-001                  8.2469259329983126E-177                  0.0000000000000000E+000                  0.0000000000000000E+000 
                                      24                  2.2338347620850216E-001                  1.9313218864204712E-001                  4.5766324651659334E+000                 -8.7365723766240198E+000                  3.8746789409760898E+000                  3.5706215498381252E-005                  4.0938457768930181E-001                  5.9057971609519977E-001                  8.5401141633319082E-177                  0.0000000000000000E+000                  0.0000000000000000E+000 
                                      25                  2.2338347620130980E-001                  1.9292124054954299E-001                  4.5798385228155150E+000                 -8.7260786700339441E+000                  3.8885750621909221E+000                  3.5706215498381252E-005                  4.0938457768930181E-001                  5.9057971609519977E-001                  8.7490171683999777E-177                  0.0000000000000000E+000                  0.0000000000000000E+000 
                                      26                  2.2338347619411750E-001                  1.9271503154135830E-001                  4.5837569865589112E+000                 -8.7137156251285504E+000                  3.9053663382335162E+000                  3.5706215498381252E-005                  4.0938457768930181E-001                  5.9057971609519977E-001                  9.0017006151284877E-177                  0.0000000000000000E+000                  0.0000000000000000E+000 
                                      27                  2.2338347618333698E-001                  1.9241409452392710E-001                  4.5883205590850995E+000                 -8.6996713414065159E+000                  3.9247416213150053E+000                  3.5706215498381252E-005                  4.0938457768930181E-001                  5.9057971609519977E-001                  9.2976125598504941E-177                  0.0000000000000000E+000                  0.0000000000000000E+000 
                                      28                  2.2338347617255649E-001                  1.9212213632483663E-001                  4.5928486921118949E+000                 -8.6862377379273141E+000                  3.9437373747104156E+000                  3.5706215498381252E-005                  4.0938457768930181E-001                  5.9057971609519977E-001                  9.5897563065336606E-177                  0.0000000000000000E+000                  0.0000000000000000E+000 
                                      29                  2.2338347616130297E-001                  1.9182604992849042E-001                  4.5973390482342698E+000                 -8.6733514624030175E+000                  3.9623690971892289E+000                  3.5706215498381252E-005                  4.0938457768930181E-001                  5.9057971609519977E-001                  9.8786205386632120E-177                  0.0000000000000000E+000                  0.0000000000000000E+000 
                                      30                  2.2338347615004944E-001                  1.9153803942383585E-001                  4.6019561999773586E+000                 -8.6605665261897133E+000                  3.9813119771816989E+000                  3.5706215498381252E-005                  4.0938457768930181E-001                  5.9057971609519977E-001                  1.0173812123080451E-176                  0.0000000000000000E+000                  0.0000000000000000E+000 
                                      31                  2.2338347613747164E-001                  1.9122482562914228E-001                  4.6066785953875433E+000                 -8.6478538831746050E+000                  4.0005038284963463E+000                  3.5706215498381252E-005                  4.0938457768930181E-001                  5.9057971609519977E-001                  1.0476081112129982E-176                  0.0000000000000000E+000                  0.0000000000000000E+000 
                                      32                  2.2338347612489384E-001                  1.9091999731387954E-001                  4.6130728761547930E+000                 -8.6315723127916311E+000                  4.0260938561436790E+000                  3.5706215498381252E-005                  4.0938457768930181E-001                  5.9057971609519977E-001                  1.0876362479165912E-176                  0.0000000000000000E+000                  0.0000000000000000E+000 
                                      33                  2.2338347610225182E-001                  1.9038992238443980E-001                  4.6194378776344314E+000                 -8.6152562220432412E+000                  4.0514989314669565E+000                  3.5706215498381252E-005                  4.0938457768930181E-001                  5.9057971609519977E-001                  1.1292837592010226E-176                  0.0000000000000000E+000                  0.0000000000000000E+000 
                                      34                  2.2338347608799494E-001                  1.9006751272067349E-001                  4.6255195084456524E+000                 -8.6006835618204445E+000                  4.0753674142145888E+000                  3.5706215498381252E-005                  4.0938457768930181E-001                  5.9057971609519977E-001                  1.1678276661634004E-176                  0.0000000000000000E+000                  0.0000000000000000E+000 
                                      35                  2.2338347606567061E-001                  1.8957795063435878E-001                  4.6309638948338181E+000                 -8.5874262183364234E+000                  4.0967427346727430E+000                  3.5706215498381252E-005                  4.0938457768930181E-001                  5.9057971609519977E-001                  1.2040343910017579E-176                  0.0000000000000000E+000                  0.0000000000000000E+000 
                                      36                  2.2338347605363928E-001                  1.8932138084307543E-001                  4.6365259224886266E+000                 -8.5748071252872080E+000                  4.1182342678231558E+000                  3.5706215498381252E-005                  4.0938457768930181E-001                  5.9057971609519977E-001                  1.2395403801356773E-176                  0.0000000000000000E+000                  0.0000000000000000E+000 
                                      37                  2.2338347602946632E-001                  1.8881933793717520E-001                  4.6435853887837100E+000                 -8.5586582985878081E+000                  4.1454910385033212E+000                  3.5706215498381252E-005                  4.0938457768930181E-001                  5.9057971609519977E-001                  1.2865095403753984E-176                  0.0000000000000000E+000                  0.0000000000000000E+000 
                                      38                  2.2338347600529329E-001                  1.8833396770004418E-001                  4.6499560033746326E+000                 -8.5442677305901160E+000                  4.1699796793772572E+000                  3.5706215498381252E-005                  4.0938457768930181E-001                  5.9057971609519977E-001                  1.3298625555636115E-176                  0.0000000000000000E+000                  0.0000000000000000E+000 
                                      39                  2.2338347598357100E-001                  1.8791069422403367E-001                  4.6557220719440791E+000                 -8.5314735927516736E+000                  4.1920375248024504E+000                  3.5706215498381252E-005                  4.0938457768930181E-001                  5.9057971609519977E-001                  1.3696315963382459E-176                  0.0000000000000000E+000                  0.0000000000000000E+000 
                                      40                  2.2338347596184868E-001                  1.8749852069624234E-001                  4.6612446098243367E+000                 -8.5193235507097569E+000                  4.2131069286758516E+000                  3.5706215498381252E-005                  4.0938457768930181E-001                  5.9057971609519977E-001                  1.4084990993064060E-176                  0.0000000000000000E+000                  0.0000000000000000E+000 
                                      41                  2.2338347594012639E-001                  1.8709658996154019E-001                  4.6685094287526612E+000                 -8.5039634972051914E+000                  4.2406017327253078E+000                  3.5706215498381252E-005                  4.0938457768930181E-001                  5.9057971609519977E-001                  1.4592180011920980E-176                  0.0000000000000000E+000                  0.0000000000000000E+000 
                                      42                  2.2338347590211233E-001                  1.8641510846420081E-001                  4.6746969717521480E+000                 -8.4898767343318227E+000                  4.2643153727712200E+000                  3.5706215498381252E-005                  4.0938457768930181E-001                  5.9057971609519977E-001                  1.5073366327673634E-176                  0.0000000000000000E+000                  0.0000000000000000E+000 
                                      43                  2.2338347588582058E-001                  1.8613142200662788E-001                  4.6800798068039047E+000                 -8.4785278506027222E+000                  4.2846559203811401E+000                  3.5706215498381252E-005                  4.0938457768930181E-001                  5.9057971609519977E-001                  1.5472548244510475E-176                  0.0000000000000000E+000                  0.0000000000000000E+000 
                                      44                  2.2338347585323712E-001                  1.8557708156859085E-001                  4.6868807742942709E+000                 -8.4636653181221675E+000                  4.3105136071430206E+000                  3.5706215498381252E-005                  4.0938457768930181E-001                  5.9057971609519977E-001                  1.6011350990701796E-176                  0.0000000000000000E+000                  0.0000000000000000E+000 
                                      45                  2.2338347582062446E-001                  1.8503888395871371E-001                  4.6933276364857504E+000                 -8.4495115915928451E+000                  4.3350464575194367E+000                  3.5706215498381252E-005                  4.0938457768930181E-001                  5.9057971609519977E-001                  1.6541892350551790E-176                  0.0000000000000000E+000                  0.0000000000000000E+000 
                                      46                  2.2338347578801176E-001                  1.8451603092982655E-001                  4.6984365869760207E+000                 -8.4380163179543075E+000                  4.3545774863919435E+000                  3.5706215498381252E-005                  4.0938457768930181E-001                  5.9057971609519977E-001                  1.6985695600090882E-176                  0.0000000000000000E+000                  0.0000000000000000E+000 
                                      47                  2.2338347576626025E-001                  1.8417540101777513E-001                  4.7023865058109591E+000                 -8.4292548548127986E+000                  4.3696439145364030E+000                  3.5706215498381252E-005                  4.0938457768930181E-001                  5.9057971609519977E-001                  1.7331933548821954E-176                  0.0000000000000000E+000                  0.0000000000000000E+000 
                                      48                  2.2338347574450876E-001                  1.8384079466882838E-001                  4.7081099609183088E+000                 -8.4169331215072525E+000                  4.3913718904852326E+000                  3.5706215498381252E-005                  4.0938457768930181E-001                  5.9057971609519977E-001                  1.7830844061691124E-176                  0.0000000000000000E+000                  0.0000000000000000E+000 
                                      49                  2.2338347570100572E-001                  1.8318808033604744E-001                  4.7152977559353006E+000                 -8.4006833199021127E+000                  4.4189084173018154E+000                  3.5706215498381252E-005                  4.0938457768930181E-001                  5.9057971609519977E-001                  1.8510831641047890E-176                  0.0000000000000000E+000                  0.0000000000000000E+000 
                                      50                  2.2338347565750272E-001                  1.8255654195376797E-001                  4.7220795040974561E+000                 -8.3851749807085358E+000                  4.4449591532565318E+000                  3.5706215498381252E-005                  4.0938457768930181E-001                  5.9057971609519977E-001                  1.9183965228179133E-176                  0.0000000000000000E+000                  0.0000000000000000E+000 
                                      51                  2.2338347561396549E-001                  1.8194405230097657E-001                  4.7269030274041812E+000                 -8.3736955974863960E+000                  4.4636303654364138E+000                  3.5706215498381252E-005                  4.0938457768930181E-001                  5.9057971609519977E-001                  1.9697941818472311E-176                  0.0000000000000000E+000                  0.0000000000000000E+000 
                                      52                  2.2338347559219693E-001                  1.8164485535658020E-001                  4.7300288381150155E+000                 -8.3664404446253435E+000                  4.4756789946779714E+000                  3.5706215498381252E-005                  4.0938457768930181E-001                  5.9057971609519977E-001                  2.0029862882735769E-176                  0.0000000000000000E+000                  0.0000000000000000E+000 
                                      53                  2.2338347557042831E-001                  1.8135001083310928E-001                  4.7343988520728670E+000                 -8.3564939569299437E+000                  4.4924696382239597E+000                  3.5706215498381252E-005                  4.0938457768930181E-001                  5.9057971609519977E-001                  2.0494021891165319E-176                  0.0000000000000000E+000                  0.0000000000000000E+000 
                                      54                  2.2338347552964455E-001                  1.8080856201288642E-001                  4.7425454352580321E+000                 -8.3382417391537551E+000                  4.5236961040514796E+000                  3.5706215498381252E-005                  4.0938457768930181E-001                  5.9057971609519977E-001                  2.1373936176757299E-176                  0.0000000000000000E+000                  0.0000000000000000E+000 
                                      55                  2.2338347544807702E-001                  1.7976453263626790E-001                  4.7500636606580846E+000                 -8.3194038123821379E+000                  4.5530993122606152E+000                  3.5706215498381252E-005                  4.0938457768930181E-001                  5.9057971609519977E-001                  2.2321727711246938E-176                  0.0000000000000000E+000                  0.0000000000000000E+000 
                                      56                  2.2338347540729328E-001                  1.7926199873543144E-001                  4.7547031941050415E+000                 -8.3082072183859879E+000                  4.5711187205245887E+000                  3.5706215498381252E-005                  4.0938457768930181E-001                  5.9057971609519977E-001                  2.2904860333175299E-176                  0.0000000000000000E+000                  0.0000000000000000E+000 
                                      57                  2.2338347536926298E-001                  1.7880380156561010E-001                  4.7590215370063511E+000                 -8.2977597751656020E+000                  4.5878965164807859E+000                  3.5706215498381252E-005                  4.0938457768930181E-001                  5.9057971609519977E-001                  2.3462709281100552E-176                  0.0000000000000000E+000                  0.0000000000000000E+000 
                                      58                  2.2338347533123268E-001                  1.7835509200134872E-001                  4.7636836105253897E+000                 -8.2865213829551649E+000                  4.6059953112355965E+000                  3.5706215498381252E-005                  4.0938457768930181E-001                  5.9057971609519977E-001                  2.4077971357852642E-176                  0.0000000000000000E+000                  0.0000000000000000E+000 
                                      59                  2.2338347528420355E-001                  1.7781252824194674E-001                  4.7686336935292681E+000                 -8.2744041541384803E+000                  4.6252620127351198E+000                  3.5706215498381252E-005                  4.0938457768930181E-001                  5.9057971609519977E-001                  2.4759437508337128E-176                  0.0000000000000000E+000                  0.0000000000000000E+000 
                                      60                  2.2338347523717444E-001                  1.7728293577472823E-001                  4.7753918480648991E+000                 -8.2583604499061423E+000                  4.6514183125628232E+000                  3.5706215498381252E-005                  4.0938457768930181E-001                  5.9057971609519977E-001                  2.5691495897367146E-176                  0.0000000000000000E+000                  0.0000000000000000E+000 
                                      61                  2.2338347515030102E-001                  1.7633531704158958E-001                  4.7815581972041237E+000                 -8.2424271976643695E+000                  4.6756493414010230E+000                  3.5706215498381252E-005                  4.0938457768930181E-001                  5.9057971609519977E-001                  2.6651865584590273E-176                  0.0000000000000000E+000                  0.0000000000000000E+000 
                                      62                  2.2338347510686429E-001                  1.7587635067551249E-001                  4.7855267312471081E+000                 -8.2325029066734281E+000                  4.6911476770963265E+000                  3.5706215498381252E-005                  4.0938457768930181E-001                  5.9057971609519977E-001                  2.7268110619437609E-176                  0.0000000000000000E+000                  0.0000000000000000E+000 
                                      63                  2.2338347506342754E-001                  1.7542634287905165E-001                  4.7916215906303661E+000                 -8.2177988014154213E+000                  4.7147970649614006E+000                  3.5706215498381252E-005                  4.0938457768930181E-001                  5.9057971609519977E-001                  2.8207453030022001E-176                  0.0000000000000000E+000                  0.0000000000000000E+000 
                                      64                  2.2338347496875391E-001                  1.7447356509683207E-001                  4.7994605760282507E+000                 -8.1978281237246371E+000                  4.7455185035354388E+000                  3.5706215498381252E-005                  4.0938457768930181E-001                  5.9057971609519977E-001                  2.9535279990703122E-176                  0.0000000000000000E+000                  0.0000000000000000E+000 
                                      65                  2.2338347487408025E-001                  1.7355771595337444E-001                  4.8052859395745280E+000                 -8.1824101758961163E+000                  4.7685173871948381E+000                  3.5706215498381252E-005                  4.0938457768930181E-001                  5.9057971609519977E-001                  3.0603013455829832E-176                  0.0000000000000000E+000                  0.0000000000000000E+000 
                                      66                  2.2338347481924009E-001                  1.7304317301599209E-001                  4.8094066454101485E+000                 -8.1717480693920681E+000                  4.7847219063755491E+000                  3.5706215498381252E-005                  4.0938457768930181E-001                  5.9057971609519977E-001                  3.1363889633067587E-176                  0.0000000000000000E+000                  0.0000000000000000E+000 
                                      67                  2.2338347476439990E-001                  1.7253933945955632E-001                  4.8153702539333736E+000                 -8.1567767268815174E+000                  4.8080536699635266E+000                  3.5706215498381252E-005                  4.0938457768930181E-001                  5.9057971609519977E-001                  3.2464327713359664E-176                  0.0000000000000000E+000                  0.0000000000000000E+000 
                                      68                  2.2338347465471964E-001                  1.7156082181443308E-001                  4.8229781121935220E+000                 -8.1367641123612380E+000                  4.8380937776516397E+000                  3.5706215498381252E-005                  4.0938457768930181E-001                  5.9057971609519977E-001                  3.3995861997033818E-176                  0.0000000000000000E+000                  0.0000000000000000E+000 
                                      69                  2.2338347454115581E-001                  1.7058673805520622E-001                  4.8284471102400888E+000                 -8.1217235329289021E+000                  4.8598846473814170E+000                  3.5706215498381252E-005                  4.0938457768930181E-001                  5.9057971609519977E-001                  3.5194275310521877E-176                  0.0000000000000000E+000                  0.0000000000000000E+000 
                                      70                  2.2338347448437387E-001                  1.7011391710581200E-001                  4.8319798512213490E+000                 -8.1122882065392634E+000                  4.8738871178021759E+000                  3.5706215498381252E-005                  4.0938457768930181E-001                  5.9057971609519977E-001                  3.5967543902376311E-176                  0.0000000000000000E+000                  0.0000000000000000E+000 
                                      71                  2.2338347442759196E-001                  1.6964975801435470E-001                  4.8354727139831626E+000                 -8.1029325107275056E+000                  4.8877421809764714E+000                  3.5706215498381252E-005                  4.0938457768930181E-001                  5.9057971609519977E-001                  3.6751063822506088E-176                  0.0000000000000000E+000                  0.0000000000000000E+000 
                                      72                  2.2338347436883835E-001                  1.6917819535933734E-001                  4.8389256315031703E+000                 -8.0936424733507533E+000                  4.9014529341745297E+000                  3.5706215498381252E-005                  4.0938457768930181E-001                  5.9057971609519977E-001                  3.7545976300966861E-176                  0.0000000000000000E+000                  0.0000000000000000E+000 
                                      73                  2.2338347431008473E-001                  1.6871512036491207E-001                  4.8439548168499522E+000                 -8.0804833412226085E+000                  4.9213227904120549E+000                  3.5706215498381252E-005                  4.0938457768930181E-001                  5.9057971609519977E-001                  3.8701471938088449E-176                  0.0000000000000000E+000                  0.0000000000000000E+000 
                                      74                  2.2338347419257748E-001                  1.6781236428548196E-001                  4.8491031396155266E+000                 -8.0662353458405800E+000                  4.9418810855462993E+000                  3.5706215498381252E-005                  4.0938457768930181E-001                  5.9057971609519977E-001                  3.9992718076396561E-176                  0.0000000000000000E+000                  0.0000000000000000E+000 
                                      75                  2.2338347412060883E-001                  1.6727463660202563E-001                  4.8528918685548534E+000                 -8.0559762168175730E+000                  4.9569459297505825E+000                  3.5706215498381252E-005                  4.0938457768930181E-001                  5.9057971609519977E-001                  4.0949068356670157E-176                  0.0000000000000000E+000                  0.0000000000000000E+000 
                                      76                  2.2338347404864017E-001                  1.6674752748072899E-001                  4.8584000318264113E+000                 -8.0415388678656239E+000                  4.9787093202789610E+000                  3.5706215498381252E-005                  4.0938457768930181E-001                  5.9057971609519977E-001                  4.2333779915423087E-176                  0.0000000000000000E+000                  0.0000000000000000E+000 
                                      77                  2.2338347390470284E-001                  1.6572229815996739E-001                  4.8646867166735328E+000                 -8.0243134514593883E+000                  5.0037431352433375E+000                  3.5706215498381252E-005                  4.0938457768930181E-001                  5.9057971609519977E-001                  4.4047306535822107E-176                  0.0000000000000000E+000                  0.0000000000000000E+000 
                                      78                  2.2338347378899662E-001                  1.6492519826900293E-001                  4.8697706249844792E+000                 -8.0105236517273397E+000                  5.0239359548638314E+000                  3.5706215498381252E-005                  4.0938457768930181E-001                  5.9057971609519977E-001                  4.5468934073397688E-176                  0.0000000000000000E+000                  0.0000000000000000E+000 
                                      79                  2.2338347368569916E-001                  1.6423226571836050E-001                  4.8760057638236125E+000                 -7.9942198897590924E+000                  5.0485155253367964E+000                  3.5706215498381252E-005                  4.0938457768930181E-001                  5.9057971609519977E-001                  4.7209053271401798E-176                  0.0000000000000000E+000                  0.0000000000000000E+000 
                                      80                  2.2338347351008792E-001                  1.6309043595020575E-001                  4.8812632139114740E+000                 -7.9795929122104434E+000                  5.0694686805432774E+000                  3.5706215498381252E-005                  4.0938457768930181E-001                  5.9057971609519977E-001                  4.8826819748599269E-176                  0.0000000000000000E+000                  0.0000000000000000E+000 
                                      81                  2.2338347343777415E-001                  1.6263330290718056E-001                  4.8848478579291355E+000                 -7.9701199517254198E+000                  5.0836076347492760E+000                  3.5706215498381252E-005                  4.0938457768930181E-001                  5.9057971609519977E-001                  4.9904010600529583E-176                  0.0000000000000000E+000                  0.0000000000000000E+000 
                                      82                  2.2338347333663455E-001                  1.6200539323893709E-001                  4.8889044356609990E+000                 -7.9593081428135193E+000                  5.0996258216073427E+000                  3.5706215498381252E-005                  4.0938457768930181E-001                  5.9057971609519977E-001                  5.1162521022844758E-176                  0.0000000000000000E+000                  0.0000000000000000E+000 
                                      83                  2.2338347323549493E-001                  1.6139028733096525E-001                  4.8942261958154640E+000                 -7.9454965915266937E+000                  5.1205264261403096E+000                  3.5706215498381252E-005                  4.0938457768930181E-001                  5.9057971609519977E-001                  5.2816491383520500E-176                  0.0000000000000000E+000                  0.0000000000000000E+000 
                                      84                  2.2338347306278436E-001                  1.6036701087504696E-001                  4.9017896840504749E+000                 -7.9258096360226276E+000                  5.1502312495522276E+000                  3.5706215498381252E-005                  4.0938457768930181E-001                  5.9057971609519977E-001                  5.5266925866338627E-176                  0.0000000000000000E+000                  0.0000000000000000E+000 
                                      85                  2.2338347282676774E-001                  1.5901964680876648E-001                  4.9081008210651369E+000                 -7.9084696826476000E+000                  5.1752589320304780E+000                  3.5706215498381252E-005                  4.0938457768930181E-001                  5.9057971609519977E-001                  5.7519245850512429E-176                  0.0000000000000000E+000                  0.0000000000000000E+000 
                                      86                  2.2338347270055853E-001                  1.5832244011083049E-001                  4.9123479654256581E+000                 -7.8971983680543740E+000                  5.1919892948396384E+000                  3.5706215498381252E-005                  4.0938457768930181E-001                  5.9057971609519977E-001                  5.9032303743711655E-176                  0.0000000000000000E+000                  0.0000000000000000E+000 
                                      87                  2.2338347257434935E-001                  1.5763985006833550E-001                  4.9177278949726917E+000                 -7.8832290280826713E+000                  5.2130969683932165E+000                  3.5706215498381252E-005                  4.0938457768930181E-001                  5.9057971609519977E-001                  6.0962904925885560E-176                  0.0000000000000000E+000                  0.0000000000000000E+000 
                                      88                  2.2338347236999068E-001                  1.5656306005880263E-001                  4.9240666786151088E+000                 -7.8663265427214659E+000                  5.2380913105045614E+000                  3.5706215498381252E-005                  4.0938457768930181E-001                  5.9057971609519977E-001                  6.3383503903223446E-176                  0.0000000000000000E+000                  0.0000000000000000E+000 
                                      89                  2.2338347216563201E-001                  1.5551976121343850E-001                  4.9312156846065038E+000                 -7.8475830134135967E+000                  5.2662011897009204E+000                  3.5706215498381252E-005                  4.0938457768930181E-001                  5.9057971609519977E-001                  6.6180332705849018E-176                  0.0000000000000000E+000                  0.0000000000000000E+000 
                                      90                  2.2338347188600213E-001                  1.5414100288913002E-001                  4.9370617264529191E+000                 -7.8312967995488680E+000                  5.2894579477438173E+000                  3.5706215498381252E-005                  4.0938457768930181E-001                  5.9057971609519977E-001                  6.8710528927484697E-176                  0.0000000000000000E+000                  0.0000000000000000E+000 
                                      91                  2.2338347174619222E-001                  1.5347230684282259E-001                  4.9408374320332005E+000                 -7.8211297028685500E+000                  5.3043879344027838E+000                  3.5706215498381252E-005                  4.0938457768930181E-001                  5.9057971609519977E-001                  7.0338895118965249E-176                  0.0000000000000000E+000                  0.0000000000000000E+000 
                                      92                  2.2338347160638233E-001                  1.5281608747193659E-001                  4.9466205171512918E+000                 -7.8061179976201380E+000                  5.3271123992174045E+000                  3.5706215498381252E-005                  4.0938457768930181E-001                  5.9057971609519977E-001                  7.2814013053267232E-176                  0.0000000000000000E+000                  0.0000000000000000E+000 
                                      93                  2.2338347130438513E-001                  1.5143712066535295E-001                  4.9544256999368894E+000                 -7.7850215728559125E+000                  5.3580260668382866E+000                  3.5706215498381252E-005                  4.0938457768930181E-001                  5.9057971609519977E-001                  7.6440314907720937E-176                  0.0000000000000000E+000                  0.0000000000000000E+000 
                                      94                  2.2338347097508357E-001                  1.4999072843510203E-001                  4.9617323581489288E+000                 -7.7649165226426131E+000                  5.3870774241645556E+000                  3.5706215498381252E-005                  4.0938457768930181E-001                  5.9057971609519977E-001                  8.0064191837843589E-176                  0.0000000000000000E+000                  0.0000000000000000E+000 
                                      95                  2.2338347067714034E-001                  1.4872953229864794E-001                  4.9667265866821726E+000                 -7.7508262197806257E+000                  5.4070360730216827E+000                  3.5706215498381252E-005                  4.0938457768930181E-001                  5.9057971609519977E-001                  8.2705872986049111E-176                  0.0000000000000000E+000                  0.0000000000000000E+000 
                                      96                  2.2338347052445451E-001                  1.4809974325868255E-001                  4.9700209517272977E+000                 -7.7417953830559236E+000                  5.4201325373831013E+000                  3.5706215498381252E-005                  4.0938457768930181E-001                  5.9057971609519977E-001                  8.4444662155717797E-176                  0.0000000000000000E+000                  0.0000000000000000E+000 
                                      97                  2.2338347037176867E-001                  1.4748024769630566E-001                  4.9736934868348381E+000                 -7.7318018208824943E+000                  5.4347136640605145E+000                  3.5706215498381252E-005                  4.0938457768930181E-001                  5.9057971609519977E-001                  8.6411466516426103E-176                  0.0000000000000000E+000                  0.0000000000000000E+000 
                                      98                  2.2338347017545040E-001                  1.4669806374936359E-001                  4.9777041048076800E+000                 -7.7207848883154524E+000                  5.4506654571787889E+000                  3.5706215498381252E-005                  4.0938457768930181E-001                  5.9057971609519977E-001                  8.8632820278127282E-176                  0.0000000000000000E+000                  0.0000000000000000E+000 
                                      99                  2.2338346997913208E-001                  1.4593138171661296E-001                  4.9822015258462526E+000                 -7.7085632882095458E+000                  5.4685170924284829E+000                  3.5706215498381252E-005                  4.0938457768930181E-001                  5.9057971609519977E-001                  9.1163965179087335E-176                  0.0000000000000000E+000                  0.0000000000000000E+000 
                                     100                  2.2338346972182183E-001                  1.4494847086866969E-001                  4.9871237213040054E+000                 -7.6950435743982144E+000                  5.4880909953814765E+000                  3.5706215498381252E-005                  4.0938457768930181E-001                  5.9057971609519977E-001                  9.4048272134199952E-176                  0.0000000000000000E+000                  0.0000000000000000E+000 
                                     101                  2.2338346946451154E-001                  1.4398927430267286E-001                  4.9917493505276722E+000                 -7.6823280499457534E+000                  5.5064842512681187E+000                  3.5706215498381252E-005                  4.0938457768930181E-001                  5.9057971609519977E-001                  9.6844260766961917E-176                  0.0000000000000000E+000                  0.0000000000000000E+000 
                                     102                  2.2338346922108357E-001                  1.4310237405596588E-001                  4.9963650423281454E+000                 -7.6697531876348624E+000                  5.5248018970118320E+000                  3.5706215498381252E-005                  4.0938457768930181E-001                  5.9057971609519977E-001                  9.9691084103415871E-176                  0.0000000000000000E+000                  0.0000000000000000E+000 
                                     103                  2.2338346894853567E-001                  1.4213150935594579E-001                  5.0026123802132263E+000                 -7.6531589306443868E+000                  5.5494687003317562E+000                  3.5706215498381252E-005                  4.0938457768930181E-001                  5.9057971609519977E-001                  1.0357638058647139E-175                  0.0000000000000000E+000                  0.0000000000000000E+000 
                                     104                  2.2338346849746857E-001                  1.4057138934933577E-001                  5.0080489370949843E+000                 -7.6378410691795624E+000                  5.5711568367034774E+000                  3.5706215498381252E-005                  4.0938457768930181E-001                  5.9057971609519977E-001                  1.0729713815927020E-175                  0.0000000000000000E+000                  0.0000000000000000E+000 
                                     105                  2.2338346828701919E-001                  1.3986319782803433E-001                  5.0114191554991363E+000                 -7.6287076363618151E+000                  5.5844983522035143E+000                  3.5706215498381252E-005                  4.0938457768930181E-001                  5.9057971609519977E-001                  1.0957900269280234E-175                  0.0000000000000000E+000                  0.0000000000000000E+000 
                                     106                  2.2338346807656984E-001                  1.3916637105042412E-001                  5.0165930386332462E+000                 -7.6151937433649994E+000                  5.6048347714880800E+000                  3.5706215498381252E-005                  4.0938457768930181E-001                  5.9057971609519977E-001                  1.1304461736013351E-175                  0.0000000000000000E+000                  0.0000000000000000E+000 
                                     107                  2.2338346762431271E-001                  1.3770390358397505E-001                  5.0222232078262730E+000                 -7.5997293076931047E+000                  5.6271548332641830E+000                  3.5706215498381252E-005                  4.0938457768930181E-001                  5.9057971609519977E-001                  1.1714517068994829E-175                  0.0000000000000000E+000                  0.0000000000000000E+000 
                                     108                  2.2338346732281764E-001                  1.3675519132187786E-001                  5.0262247069929229E+000                 -7.5889329089176716E+000                  5.6429580521347296E+000                  3.5706215498381252E-005                  4.0938457768930181E-001                  5.9057971609519977E-001                  1.2009582826742882E-175                  0.0000000000000000E+000                  0.0000000000000000E+000 
                                     109                  2.2338346707157172E-001                  1.3597940185433882E-001                  5.0297725285927397E+000                 -7.5794518457363225E+000                  5.6569400307261555E+000                  3.5706215498381252E-005                  4.0938457768930181E-001                  5.9057971609519977E-001                  1.2274825367684249E-175                  0.0000000000000000E+000                  0.0000000000000000E+000 
                                     110                  2.2338346682032581E-001                  1.3521631997635500E-001                  5.0336887282389222E+000                 -7.5691010590630698E+000                  5.6723381156155570E+000                  3.5706215498381252E-005                  4.0938457768930181E-001                  5.9057971609519977E-001                  1.2571094939887592E-175                  0.0000000000000000E+000                  0.0000000000000000E+000 
                                     111                  2.2338346650315244E-001                  1.3427012276817557E-001                  5.0379347356074309E+000                 -7.5578200815401892E+000                  5.6890431763276421E+000                  3.5706215498381252E-005                  4.0938457768930181E-001                  5.9057971609519977E-001                  1.2902141628017031E-175                  0.0000000000000000E+000                  0.0000000000000000E+000 
                                     112                  2.2338346618598745E-001                  1.3334222442388680E-001                  5.0428166288104403E+000                 -7.5450709546888364E+000                  5.7081850354872428E+000                  3.5706215498381252E-005                  4.0938457768930181E-001                  5.9057971609519977E-001                  1.3286781042875431E-175                  0.0000000000000000E+000                  0.0000000000000000E+000 
                                     113                  2.2338346575208787E-001                  1.3210025912290951E-001                  5.0469011310361287E+000                 -7.5340252882170597E+000                  5.7242966367979200E+000                  3.5706215498381252E-005                  4.0938457768930181E-001                  5.9057971609519977E-001                  1.3629289419147667E-175                  0.0000000000000000E+000                  0.0000000000000000E+000 
                                     114                  2.2338346553513810E-001                  1.3149098649368188E-001                  5.0495707814753672E+000                 -7.5270039384726752E+000                  5.7347727590729267E+000                  3.5706215498381252E-005                  4.0938457768930181E-001                  5.9057971609519977E-001                  1.3851587617875355E-175                  0.0000000000000000E+000                  0.0000000000000000E+000 
                                     115                  2.2338346531819281E-001                  1.3088898404914062E-001                  5.0541099547121560E+000                 -7.5155144221129833E+000                  5.7524636618727261E+000                  3.5706215498381252E-005                  4.0938457768930181E-001                  5.9057971609519977E-001                  1.4223200159897908E-175                  0.0000000000000000E+000                  0.0000000000000000E+000 
                                     116                  2.2338346478242554E-001                  1.2943076258108729E-001                  5.0609011042849721E+000                 -7.4979565343824088E+000                  5.7790242591776604E+000                  3.5706215498381252E-005                  4.0938457768930181E-001                  5.9057971609519977E-001                  1.4810442379695204E-175                  0.0000000000000000E+000                  0.0000000000000000E+000 
                                     117                  2.2338346414478891E-001                  1.2774585236392552E-001                  5.0679436348456557E+000                 -7.4796644386476157E+000                  5.8065863153702750E+000                  3.5706215498381252E-005                  4.0938457768930181E-001                  5.9057971609519977E-001                  1.5448053333903409E-175                  0.0000000000000000E+000                  0.0000000000000000E+000 
                                     118                  2.2338346350643287E-001                  1.2610995613186690E-001                  5.0748524847284218E+000                 -7.4619039034079488E+000                  5.8335745248345114E+000                  3.5706215498381252E-005                  4.0938457768930181E-001                  5.9057971609519977E-001                  1.6093400080238601E-175                  0.0000000000000000E+000                  0.0000000000000000E+000 
                                     119                  2.2338346283428240E-001                  1.2443747511778051E-001                  5.0800249105967108E+000                 -7.4482532211877084E+000                  5.8538714334954518E+000                  3.5706215498381252E-005                  4.0938457768930181E-001                  5.9057971609519977E-001                  1.6607683648121931E-175                  0.0000000000000000E+000                  0.0000000000000000E+000 
                                     120                  2.2338346248168434E-001                  1.2357980373920158E-001                  5.0854923806761967E+000                 -7.4348667166403581E+000                  5.8750547091586247E+000                  3.5706215498381252E-005                  4.0938457768930181E-001                  5.9057971609519977E-001                  1.7127978064884457E-175                  0.0000000000000000E+000                  0.0000000000000000E+000 
                                     121                  2.2338346172128676E-001                  1.2176973676302683E-001                  5.0920527705404943E+000                 -7.4180987703305448E+000                  5.9006572558819963E+000                  3.5706215498381252E-005                  4.0938457768930181E-001                  5.9057971609519977E-001                  1.7802765167905318E-175                  0.0000000000000000E+000                  0.0000000000000000E+000 
                                     122                  2.2338346108545751E-001                  1.2029690956426731E-001                  5.0964973394297086E+000                 -7.4066775671850085E+000                  5.9180192547856114E+000                  3.5706215498381252E-005                  4.0938457768930181E-001                  5.9057971609519977E-001                  1.8277548896251202E-175                  0.0000000000000000E+000                  0.0000000000000000E+000 
                                     123                  2.2338346073992410E-001                  1.1951118690009434E-001                  5.1014269378853792E+000                 -7.3948550554000745E+000                  5.9370598082960546E+000                  3.5706215498381252E-005                  4.0938457768930181E-001                  5.9057971609519977E-001                  1.8782362099333941E-175                  0.0000000000000000E+000                  0.0000000000000000E+000 
                                     124                  2.2338345997123060E-001                  1.1779541260500803E-001                  5.1068823278561570E+000                 -7.3811095434762084E+000                  5.9583036936509899E+000                  3.5706215498381252E-005                  4.0938457768930181E-001                  5.9057971609519977E-001                  1.9386848420065389E-175                  0.0000000000000000E+000                  0.0000000000000000E+000 
                                     125                  2.2338345945813770E-001                  1.1667490881046964E-001                  5.1111286639142133E+000                 -7.3707323782956431E+000                  5.9747585562548666E+000                  3.5706215498381252E-005                  4.0938457768930181E-001                  5.9057971609519977E-001                  1.9856064609786045E-175                  0.0000000000000000E+000                  0.0000000000000000E+000 
                                     126                  2.2338345894504480E-001                  1.1557242892007150E-001                  5.1146167407209617E+000                 -7.3621661875069515E+000                  5.9882869704523385E+000                  3.5706215498381252E-005                  4.0938457768930181E-001                  5.9057971609519977E-001                  2.0251943593381935E-175                  0.0000000000000000E+000                  0.0000000000000000E+000 
                                     127                  2.2338345859366371E-001                  1.1482742480885109E-001                  5.1174016257380934E+000                 -7.3554595854539384E+000                  5.9990551306696913E+000                  3.5706215498381252E-005                  4.0938457768930181E-001                  5.9057971609519977E-001                  2.0567386473483598E-175                  0.0000000000000000E+000                  0.0000000000000000E+000 
                                     128                  2.2338345824228259E-001                  1.1409007153445473E-001                  5.1209261133318407E+000                 -7.3471612230470722E+000                  6.0126363048934044E+000                  3.5706215498381252E-005                  4.0938457768930181E-001                  5.9057971609519977E-001                  2.0964509534015949E-175                  0.0000000000000000E+000                  0.0000000000000000E+000 
                                     129                  2.2338345768827300E-001                  1.1294206723368957E-001                  5.1251328243624927E+000                 -7.3371836313578607E+000                  6.0288665937475638E+000                  3.5706215498381252E-005                  4.0938457768930181E-001                  5.9057971609519977E-001                  2.1452163027365609E-175                  0.0000000000000000E+000                  0.0000000000000000E+000 
                                     130                  2.2338345713426602E-001                  1.1181127693552340E-001                  5.1303184518049854E+000                 -7.3252829399621158E+000                  6.0487761623026453E+000                  3.5706215498381252E-005                  4.0938457768930181E-001                  5.9057971609519977E-001                  2.2048669957239656E-175                  0.0000000000000000E+000                  0.0000000000000000E+000 
                                     131                  2.2338345628597156E-001                  1.1011006110395209E-001                  5.1373754920174726E+000                 -7.3092868800468196E+000                  6.0758260657295029E+000                  3.5706215498381252E-005                  4.0938457768930181E-001                  5.9057971609519977E-001                  2.2876677786856208E-175                  0.0000000000000000E+000                  0.0000000000000000E+000 
                                     132                  2.2338345515432487E-001                  1.0789286834836873E-001                  5.1431695568946401E+000                 -7.2955516093667878E+000                  6.0981873953134906E+000                  3.5706215498381252E-005                  4.0938457768930181E-001                  5.9057971609519977E-001                  2.3612441134658686E-175                  0.0000000000000000E+000                  0.0000000000000000E+000 
                                     133                  2.2338345458851447E-001                  1.0680647559190984E-001                  5.1469384652748911E+000                 -7.2870750098705468E+000                  6.1126210335694200E+000                  3.5706215498381252E-005                  4.0938457768930181E-001                  5.9057971609519977E-001                  2.4078276740673722E-175                  0.0000000000000000E+000                  0.0000000000000000E+000 
                                     134                  2.2338345402270407E-001                  1.0573310440777496E-001                  5.1506261789467507E+000                 -7.2788555419785332E+000                  6.1267268559284833E+000                  3.5706215498381252E-005                  4.0938457768930181E-001                  5.9057971609519977E-001                  2.4538760209843565E-175                  0.0000000000000000E+000                  0.0000000000000000E+000 
                                     135                  2.2338345345689900E-001                  1.0467207364586414E-001                  5.1555596277338527E+000                 -7.2682818480152624E+000                  6.1454973200966325E+000                  3.5706215498381252E-005                  4.0938457768930181E-001                  5.9057971609519977E-001                  2.5144116731283155E-175                  0.0000000000000000E+000                  0.0000000000000000E+000 
                                     136                  2.2338345247394376E-001                  1.0285515174331705E-001                  5.1598782837829269E+000                 -7.2584758769246776E+000                  6.1620648233286586E+000                  3.5706215498381252E-005                  4.0938457768930181E-001                  5.9057971609519977E-001                  2.5718865455856664E-175                  0.0000000000000000E+000                  0.0000000000000000E+000 
                                     137                  2.2338345205679566E-001                  1.0209455331703017E-001                  5.1624089097298773E+000                 -7.2529883334846295E+000                  6.1717113287858636E+000                  3.5706215498381252E-005                  4.0938457768930181E-001                  5.9057971609519977E-001                  2.6046218843077774E-175                  0.0000000000000000E+000                  0.0000000000000000E+000 
                                     138                  2.2338345163964754E-001                  1.0133956319556021E-001                  5.1661445096565757E+000                 -7.2451618184039033E+000                  6.1858871302846907E+000                  3.5706215498381252E-005                  4.0938457768930181E-001                  5.9057971609519977E-001                  2.6520326567330351E-175                  0.0000000000000000E+000                  0.0000000000000000E+000 
                                     139                  2.2338345080538627E-001                  9.9845051185093611E-002                  5.1709922049090391E+000                 -7.2347733042022471E+000                  6.2043427754602867E+000                  3.5706215498381252E-005                  4.0938457768930181E-001                  5.9057971609519977E-001                  2.7162995717547527E-175                  0.0000000000000000E+000                  0.0000000000000000E+000 
                                     140                  2.2338344997112497E-001                  9.8370825225866113E-002                  5.1768779667631986E+000                 -7.2225920672061736E+000                  6.2266546762484847E+000                  3.5706215498381252E-005                  4.0938457768930181E-001                  5.9057971609519977E-001                  2.7936443467549892E-175                  0.0000000000000000E+000                  0.0000000000000000E+000 
                                     141                  2.2338344871973653E-001                  9.6193375332590536E-002                  5.1825462927204509E+000                 -7.2102447483883827E+000                  6.2482952738040005E+000                  3.5706215498381252E-005                  4.0938457768930181E-001                  5.9057971609519977E-001                  2.8742926852255702E-175                  0.0000000000000000E+000                  0.0000000000000000E+000 
                                     142                  2.2338344788549297E-001                  9.4764767711678535E-002                  5.1869609815672586E+000                 -7.2009152239819070E+000                  6.2650875867162261E+000                  3.5706215498381252E-005                  4.0938457768930181E-001                  5.9057971609519977E-001                  2.9367712375575394E-175                  0.0000000000000000E+000                  0.0000000000000000E+000 
                                     143                  2.2338344705032614E-001                  9.3351165620123994E-002                  5.1930798018635160E+000                 -7.1885667417373496E+000                  6.2882364856567161E+000                  3.5706215498381252E-005                  4.0938457768930181E-001                  5.9057971609519977E-001                  3.0215617219045728E-175                  0.0000000000000000E+000                  0.0000000000000000E+000 
                                     144                  2.2338344550688166E-001                  9.0776774865177115E-002                  5.2000630387876807E+000                 -7.1734923450357160E+000                  6.3148959343384243E+000                  3.5706215498381252E-005                  4.0938457768930181E-001                  5.9057971609519977E-001                  3.1283967412498466E-175                  0.0000000000000000E+000                  0.0000000000000000E+000 
                                     145                  2.2338344421718839E-001                  8.8665102868076565E-002                  5.2072588163986886E+000                 -7.1585397081910145E+000                  6.3422500774495321E+000                  3.5706215498381252E-005                  4.0938457768930181E-001                  5.9057971609519977E-001                  3.2381022898876615E-175                  0.0000000000000000E+000                  0.0000000000000000E+000 
                                     146                  2.2338344247296707E-001                  8.5858614339555175E-002                  5.2138550990422372E+000                 -7.1438109821485405E+000                  6.3675691635737923E+000                  3.5706215498381252E-005                  4.0938457768930181E-001                  5.9057971609519977E-001                  3.3499276004279094E-175                  0.0000000000000000E+000                  0.0000000000000000E+000 
                                     147                  2.2338344130962867E-001                  8.4019915180337010E-002                  5.2176969255155283E+000                 -7.1351854069443696E+000                  6.3823309600725393E+000                  3.5706215498381252E-005                  4.0938457768930181E-001                  5.9057971609519977E-001                  3.4172013520861437E-175                  0.0000000000000000E+000                  0.0000000000000000E+000 
                                     148                  2.2338344072768798E-001                  8.3109617444072095E-002                  5.2214728097038474E+000                 -7.1272168327782675E+000                  6.3967300834424252E+000                  3.5706215498381252E-005                  4.0938457768930181E-001                  5.9057971609519977E-001                  3.4805515603064088E-175                  0.0000000000000000E+000                  0.0000000000000000E+000 
                                     149                  2.2338343956380663E-001                  8.1305292627331521E-002                  5.2275385478039755E+000                 -7.1142624834121992E+000                  6.4199044384902164E+000                  3.5706215498381252E-005                  4.0938457768930181E-001                  5.9057971609519977E-001                  3.5860563457740814E-175                  0.0000000000000000E+000                  0.0000000000000000E+000 
                                     150                  2.2338343784184528E-001                  7.8674268040228437E-002                  5.2344989040699144E+000                 -7.0987284346732435E+000                  6.4466548395116874E+000                  3.5706215498381252E-005                  4.0938457768930181E-001                  5.9057971609519977E-001                  3.7167988558887805E-175                  0.0000000000000000E+000                  0.0000000000000000E+000 
                                     151                  2.2338343611990522E-001                  7.6089573172097635E-002                  5.2395330145719097E+000                 -7.0868733384375391E+000                  6.4661424234538787E+000                  3.5706215498381252E-005                  4.0938457768930181E-001                  5.9057971609519977E-001                  3.8197771894513885E-175                  0.0000000000000000E+000                  0.0000000000000000E+000 
                                     152                  2.2338343525823853E-001                  7.4814103709733723E-002                  5.2450044217162857E+000                 -7.0751572434891594E+000                  6.4870754807786932E+000                  3.5706215498381252E-005                  4.0938457768930181E-001                  5.9057971609519977E-001                  3.9243526247630051E-175                  0.0000000000000000E+000                  0.0000000000000000E+000 
                                     153                  2.2338343324637924E-001                  7.1872858219326569E-002                  5.2508043523249501E+000                 -7.0612597289427059E+000                  6.5095879042977813E+000                  3.5706215498381252E-005                  4.0938457768930181E-001                  5.9057971609519977E-001                  4.0521197083964649E-175                  0.0000000000000000E+000                  0.0000000000000000E+000 
                                     154                  2.2338343209618616E-001                  7.0218209289937064E-002                  5.2559105806836746E+000                 -7.0497320123865705E+000                  6.5292601335362290E+000                  3.5706215498381252E-005                  4.0938457768930181E-001                  5.9057971609519977E-001                  4.1612524240898044E-175                  0.0000000000000000E+000                  0.0000000000000000E+000 
                                     155                  2.2338343038969252E-001                  6.7793676094023161E-002                  5.2603525660823944E+000                 -7.0389316161979369E+000                  6.5465393078006677E+000                  3.5706215498381252E-005                  4.0938457768930181E-001                  5.9057971609519977E-001                  4.2661666406463816E-175                  0.0000000000000000E+000                  0.0000000000000000E+000 
                                     156                  2.2338342953582571E-001                  6.6595415637243763E-002                  5.2647119497037345E+000                 -7.0290582198739893E+000                  6.5633457548199372E+000                  3.5706215498381252E-005                  4.0938457768930181E-001                  5.9057971609519977E-001                  4.3643901574260219E-175                  0.0000000000000000E+000                  0.0000000000000000E+000 
                                     157                  2.2338342782814591E-001                  6.4223794356530778E-002                  5.2696560789857916E+000                 -7.0170870663318121E+000                  6.5825712719012950E+000                  3.5706215498381252E-005                  4.0938457768930181E-001                  5.9057971609519977E-001                  4.4865229089189214E-175                  0.0000000000000000E+000                  0.0000000000000000E+000 
                                     158                  2.2338342654740148E-001                  6.2468610494392986E-002                  5.2737972132435962E+000                 -7.0071739037521512E+000                  6.5986520291368445E+000                  3.5706215498381252E-005                  4.0938457768930181E-001                  5.9057971609519977E-001                  4.5902439861400007E-175                  0.0000000000000000E+000                  0.0000000000000000E+000 
                                     159                  2.2338342526665705E-001                  6.0732222119358387E-002                  5.2768305090350864E+000                 -6.9996711791389270E+000                  6.6104819582461802E+000                  3.5706215498381252E-005                  4.0938457768930181E-001                  5.9057971609519977E-001                  4.6703369669570773E-175                  0.0000000000000000E+000                  0.0000000000000000E+000 
                                     160                  2.2338342463241143E-001                  5.9879465978360656E-002                  5.2788164632186660E+000                 -6.9948714653655539E+000                  6.6182042414877316E+000                  3.5706215498381252E-005                  4.0938457768930181E-001                  5.9057971609519977E-001                  4.7223067311452608E-175                  0.0000000000000000E+000                  0.0000000000000000E+000 
                                     161                  2.2338342399816580E-001                  5.9031112562936715E-002                  5.2820453125391822E+000                 -6.9872950473950208E+000                  6.6307132925256935E+000                  3.5706215498381252E-005                  4.0938457768930181E-001                  5.9057971609519977E-001                  4.8055219595443770E-175                  0.0000000000000000E+000                  0.0000000000000000E+000 
                                     162                  2.2338342254553051E-001                  5.7103316315989548E-002                  5.2864437207940140E+000                 -6.9765404911581967E+000                  6.6478446243169058E+000                  3.5706215498381252E-005                  4.0938457768930181E-001                  5.9057971609519977E-001                  4.9261700795767364E-175                  0.0000000000000000E+000                  0.0000000000000000E+000 
                                     163                  2.2338342109289525E-001                  5.5197605901677368E-002                  5.2934177413589252E+000                 -6.9605246121869655E+000                  6.6747999820744734E+000                  3.5706215498381252E-005                  4.0938457768930181E-001                  5.9057971609519977E-001                  5.1114824361304201E-175                  0.0000000000000000E+000                  0.0000000000000000E+000 
                                     164                  2.2338341781943369E-001                  5.0970149495113200E-002                  5.3003615132272710E+000                 -6.9420845662679307E+000                  6.7021521575484151E+000                  3.5706215498381252E-005                  4.0938457768930181E-001                  5.9057971609519977E-001                  5.3334996424844120E-175                  0.0000000000000000E+000                  0.0000000000000000E+000 
                                     165                  2.2338341618273796E-001                  4.8899730022204081E-002                  5.3048730397373243E+000                 -6.9307160414771936E+000                  6.7198010377632791E+000                  3.5706215498381252E-005                  4.0938457768930181E-001                  5.9057971609519977E-001                  1.0384372944395241E-174                  0.0000000000000000E+000                  0.0000000000000000E+000 
                                     166                  2.2338341454604449E-001                  4.6853927835470502E-002                  5.3092845227097012E+000                 -6.9195198447103978E+000                  6.7370767173718047E+000                  3.5706215498381252E-005                  4.0938457768930181E-001                  5.9057971609519977E-001                  2.2165358810638461E-174                  0.0000000000000000E+000                  0.0000000000000000E+000 
                                     167                  2.2338341290938032E-001                  4.4832020212186394E-002                  5.3157453356058122E+000                 -6.9038993658629400E+000                  6.7622257080474366E+000                  3.5706215498381252E-005                  4.0938457768930181E-001                  5.9057971609519977E-001                  6.6866078598637147E-174                  0.0000000000000000E+000                  0.0000000000000000E+000 
                                     168                  2.2338340963430156E-001                  4.0847254051686543E-002                  5.3224876519168181E+000                 -6.8857146376648926E+000                  6.7888531101945508E+000                  3.5706215498381252E-005                  4.0938457768930181E-001                  5.9057971609519977E-001                  2.1137194858677123E-173                  0.0000000000000000E+000                  0.0000000000000000E+000 
                                     169                  2.2338340758829348E-001                  3.8406349606907489E-002                  5.3275360003473908E+000                 -6.8725373449377010E+000                  6.8087054984761659E+000                  3.5706215498381252E-005                  4.0938457768930181E-001                  5.9057971609519977E-001                  4.9799359288967555E-173                  0.0000000000000000E+000                  0.0000000000000000E+000 
                                     170                  2.2338340554235095E-001                  3.5998480537615896E-002                  5.3324641065346352E+000                 -6.8595801930340592E+000                  6.8281058156877306E+000                  3.5706215498381252E-005                  4.0938457768930181E-001                  5.9057971609519977E-001                  1.1462456869736015E-172                  0.0000000000000000E+000                  0.0000000000000000E+000 
                                     171                  2.2338340349644420E-001                  3.3622493622115945E-002                  5.3372798292703889E+000                 -6.8468312609588660E+000                  6.8470827543312653E+000                  3.5706215498381252E-005                  4.0938457768930181E-001                  5.9057971609519977E-001                  2.5815306609564006E-172                  0.0000000000000000E+000                  0.0000000000000000E+000 
                                     172                  2.2338340144955521E-001                  3.1276174117459317E-002                  5.3419891971572602E+000                 -6.8342822044004192E+000                  6.8656581404289252E+000                  3.5706215498381252E-005                  4.0938457768930181E-001                  5.9057971609519977E-001                  5.6957052137913552E-172                  0.0000000000000000E+000                  0.0000000000000000E+000 
                                     173                  2.2338339940269519E-001                  2.8959706475506778E-002                  5.3465966483215839E+000                 -6.8219300873853559E+000                  6.8838474450458502E+000                  3.5706215498381252E-005                  4.0938457768930181E-001                  5.9057971609519977E-001                  1.2322185455107754E-171                  0.0000000000000000E+000                  0.0000000000000000E+000 
                                     174                  2.2338339735586873E-001                  2.6672142929423746E-002                  5.3511073556446904E+000                 -6.8097687482247951E+000                  6.9016694117034749E+000                  3.5706215498381252E-005                  4.0938457768930181E-001                  5.9057971609519977E-001                  2.6166477360392858E-171                  0.0000000000000000E+000                  0.0000000000000000E+000 
                                     175                  2.2338339530906862E-001                  2.4412566386533385E-002                  5.3555260816023820E+000                 -6.7977913842798765E+000                  6.9191415187409619E+000                  3.5706215498381252E-005                  4.0938457768930181E-001                  5.9057971609519977E-001                  5.4592408308873651E-171                  0.0000000000000000E+000                  0.0000000000000000E+000 
                                     176                  2.2338339326226847E-001                  2.2180084797862085E-002                  5.3596529193742262E+000                 -6.7864898579829189E+000                  6.9354828992337412E+000                  3.5706215498381252E-005                  4.0938457768930181E-001                  5.9057971609519977E-001                  1.0828988574160711E-170                  0.0000000000000000E+000                  0.0000000000000000E+000 
                                     177                  2.2338339140945079E-001                  2.0182109324078840E-002                  5.3635048319768748E+000                 -6.7759481952315799E+000                  6.9507349369382876E+000                  3.5706215498381252E-005                  4.0938457768930181E-001                  5.9057971609519977E-001                  2.0483115887813013E-170                  0.0000000000000000E+000                  0.0000000000000000E+000 
                                     178                  2.2338338955663312E-001                  1.8205089359145773E-002                  5.3691712684241368E+000                 -6.7610947673634341E+000                  6.9730457821093017E+000                  3.5706215498381252E-005                  4.0938457768930181E-001                  5.9057971609519977E-001                  5.2059924297719970E-170                  0.0000000000000000E+000                  0.0000000000000000E+000 
                                     179                  2.2338338585105283E-001                  1.4305796242332991E-002                  5.3752823269897920E+000                 -6.7436051756096491E+000                  6.9973972190539788E+000                  3.5706215498381252E-005                  4.0938457768930181E-001                  5.9057971609519977E-001                  1.4221799626827483E-169                  0.0000000000000000E+000                  0.0000000000000000E+000 
                                     180                  2.2338338338071803E-001                  1.1752612293013779E-002                  5.3788708330812813E+000                 -6.7332981051269929E+000                  7.0117055778792290E+000                  3.5706215498381252E-005                  4.0938457768930181E-001                  5.9057971609519977E-001                  2.5607022073160804E-169                  0.0000000000000000E+000                  0.0000000000000000E+000 
                                     181                  2.2338338214555589E-001                  1.0489412597572511E-002                  5.3812348170004460E+000                 -6.7266913067954022E+000                  7.0210965732846233E+000                  3.5706215498381252E-005                  4.0938457768930181E-001                  5.9057971609519977E-001                  3.7675176942902790E-169                  0.0000000000000000E+000                  0.0000000000000000E+000 
                                     182                  2.2338338091039373E-001                  9.2344160643284025E-003                  5.3849441402136273E+000                 -6.7166483781302029E+000                  7.0357704898377049E+000                  3.5706215498381252E-005                  4.0938457768930181E-001                  5.9057971609519977E-001                  6.8907873138456404E-169                  0.0000000000000000E+000                  0.0000000000000000E+000 
                                     183                  2.2338337822260332E-001                  6.5291721736829992E-003                  5.3899234117998693E+000                 -6.7025962556206320E+000                  7.0555820919728438E+000                  3.5706215498381252E-005                  4.0938457768930181E-001                  5.9057971609519977E-001                  1.5477090171660538E-168                  0.0000000000000000E+000                  0.0000000000000000E+000 
                                     184                  2.2338337553481288E-001                  3.8609953624574728E-003                  5.3949917560061822E+000                 -6.6882798534614452E+000                  7.0757541448478491E+000                  3.5706215498381252E-005                  4.0938457768930181E-001                  5.9057971609519977E-001                  3.5162081885501651E-168                  0.0000000000000000E+000                  0.0000000000000000E+000 
                                     185                  2.2338337263048430E-001                  1.0177466095258698E-003                  5.4001399355132822E+000                 -6.6735797696254711E+000                  7.0962785154398667E+000                  3.5706215498381252E-005                  4.0938457768930181E-001                  5.9057971609519977E-001                  8.0697269432567498E-168                  0.0000000000000000E+000                  0.0000000000000000E+000 
                                     186                  2.2338336972619571E-001                 -1.7849618312061281E-003                  5.4051770168735764E+000                 -6.6591199626284157E+000                  7.1163787913832106E+000                  3.5706215498381252E-005                  4.0938457768930181E-001                  5.9057971609519977E-001                  1.8138456061528933E-167                  0.0000000000000000E+000                  0.0000000000000000E+000 
                                     187                  2.2338336682143892E-001                 -4.5489639861352842E-003                  5.4101086948000550E+000                 -6.6448909212928369E+000                  7.1360755683629318E+000                  3.5706215498381252E-005                  4.0938457768930181E-001                  5.9057971609519977E-001                  3.9974209347365882E-167                  0.0000000000000000E+000                  0.0000000000000000E+000 
                                     188                  2.2338336391669383E-001                 -7.2750712083638263E-003                  5.4138233352652501E+000                 -6.6338280102406442E+000                  7.1509800557685397E+000                  3.5706215498381252E-005                  4.0938457768930181E-001                  5.9057971609519977E-001                  7.2407977787913259E-167                  0.0000000000000000E+000                  0.0000000000000000E+000 
                                     189                  2.2338336236034803E-001                 -8.7196416626159554E-003                  5.4163840824866591E+000                 -6.6263929681625857E+000                  7.1612184107029311E+000                  3.5706215498381252E-005                  4.0938457768930181E-001                  5.9057971609519977E-001                  1.0890358500458153E-166                  0.0000000000000000E+000                  0.0000000000000000E+000 
                                     190                  2.2338336080400220E-001                 -1.0153881983780708E-002                  5.4189178005258531E+000                 -6.6190196796094769E+000                  7.1713524168384932E+000                  3.5706215498381252E-005                  4.0938457768930181E-001                  5.9057971609519977E-001                  1.6297170940626643E-166                  0.0000000000000000E+000                  0.0000000000000000E+000 
                                     191                  2.2338335924765640E-001                 -1.1577967775491681E-002                  5.4214252001418446E+000                 -6.6117073736820293E+000                  7.1813845806528152E+000                  3.5706215498381252E-005                  4.0938457768930181E-001                  5.9057971609519977E-001                  2.4269196953899772E-166                  0.0000000000000000E+000                  0.0000000000000000E+000 
                                     192                  2.2338335769131062E-001                 -1.2992071140492775E-002                  5.4253069311683060E+000                 -6.6007481960048677E+000                  7.1968462762217698E+000                  3.5706215498381252E-005                  4.0938457768930181E-001                  5.9057971609519977E-001                  4.4853332117595475E-166                  0.0000000000000000E+000                  0.0000000000000000E+000 
                                     193                  2.2338335437122184E-001                 -1.5978557096413059E-002                  5.4304892088885630E+000                 -6.5855276952564292E+000                  7.2176027166363363E+000                  3.5706215498381252E-005                  4.0938457768930181E-001                  5.9057971609519977E-001                  1.0169412735317209E-165                  0.0000000000000000E+000                  0.0000000000000000E+000 
                                     194                  2.2338335105113308E-001                 -1.8921859463070408E-002                  5.4343017514263368E+000                 -6.5739450782719357E+000                  7.2329472886991093E+000                  3.5706215498381252E-005                  4.0938457768930181E-001                  5.9057971609519977E-001                  1.8550176587959157E-165                  0.0000000000000000E+000                  0.0000000000000000E+000 
                                     195                  2.2338334939109789E-001                 -2.0376724714482822E-002                  5.4368141021051910E+000                 -6.5665313498453841E+000                  7.2430163142702817E+000                  3.5706215498381252E-005                  4.0938457768930181E-001                  5.9057971609519977E-001                  2.7526550544692224E-165                  0.0000000000000000E+000                  0.0000000000000000E+000 
                                     196                  2.2338334773106272E-001                 -2.1821360336786260E-002                  5.4405404412637930E+000                 -6.5558400952258937E+000                  7.2578911213865540E+000                  3.5706215498381252E-005                  4.0938457768930181E-001                  5.9057971609519977E-001                  4.9327199679292859E-165                  0.0000000000000000E+000                  0.0000000000000000E+000 
                                     197                  2.2338334441010335E-001                 -2.4683349592140368E-002                  5.4454197409741676E+000                 -6.5413423661991148E+000                  7.2774631324198902E+000                  3.5706215498381252E-005                  4.0938457768930181E-001                  5.9057971609519977E-001                  1.0574161071017261E-164                  0.0000000000000000E+000                  0.0000000000000000E+000 
                                     198                  2.2338334108918065E-001                 -2.7506233200909943E-002                  5.4504743033980949E+000                 -6.5263496004612298E+000                  7.2977311596101497E+000                  3.5706215498381252E-005                  4.0938457768930181E-001                  5.9057971609519977E-001                  2.3228105497222902E-164                  0.0000000000000000E+000                  0.0000000000000000E+000 
                                     199                  2.2338333739396185E-001                 -3.0603368844325990E-002                  5.4556643533499631E+000                 -6.5102274444217496E+000                  7.3186812268887165E+000                  3.5706215498381252E-005                  4.0938457768930181E-001                  5.9057971609519977E-001                  5.2040451530756034E-164                  0.0000000000000000E+000                  0.0000000000000000E+000 
                                     200                  2.2338333369831190E-001                 -3.3652019627964200E-002                  5.4606789869813523E+000                 -6.4930938824803279E+000                  7.3392240686109247E+000                  3.5706215498381252E-005                  4.0938457768930181E-001                  5.9057971609519977E-001                  1.1353009165983951E-163                  0.0000000000000000E+000                  0.0000000000000000E+000 
                                     201                  2.2338333000266192E-001                 -3.6644533397659766E-002                  5.4643311177215121E+000                 -6.4793940082100905E+000                  7.3544244089727453E+000                  3.5706215498381252E-005                  4.0938457768930181E-001                  5.9057971609519977E-001                  2.0057305734418939E-163                  0.0000000000000000E+000                  0.0000000000000000E+000 
                                     202                  2.2338332815464865E-001                 -3.8117028695205578E-002                  5.4667278648768010E+000                 -6.4703890621442035E+000                  7.3644038054706282E+000                  3.5706215498381259E-005                  4.0938457768930181E-001                  5.9057971609519977E-001                  2.9115897121200445E-163                  0.0000000000000000E+000                  0.0000000000000000E+000 
                                     203                  2.2338332630663532E-001                 -3.9573973738632369E-002                  5.4704819554869406E+000                 -6.4563220592183441E+000                  7.3800294782398437E+000                  3.5706215498381252E-005                  4.0938457768930181E-001                  5.9057971609519977E-001                  5.2124765968621823E-163                  0.0000000000000000E+000                  0.0000000000000000E+000 
                                     204                  2.2338332227355409E-001                 -4.2701333863943820E-002                  5.4754910834202040E+000                 -6.4361068009092754E+000                  7.4011718393956993E+000                  3.5706215498381252E-005                  4.0938457768930187E-001                  5.9057971609519977E-001                  1.1346882444166527E-162                  0.0000000000000000E+000                  0.0000000000000000E+000 
                                     205                  2.2338331824047283E-001                 -4.5750831763064742E-002                  5.4805500440963515E+000                 -6.4150963300835384E+000                  7.4226551543020625E+000                  3.5706215498381245E-005                  4.0938457768930181E-001                  5.9057971609519977E-001                  2.4855061349634780E-162                  0.0000000000000000E+000                  0.0000000000000000E+000 
                                     206                  2.2338331390344685E-001                 -4.8943363293803874E-002                  5.4843841644835924E+000                 -6.3983313632985910E+000                  7.4391178780586396E+000                  3.5706215498381252E-005                  4.0938457768930181E-001                  5.9057971609519977E-001                  4.5031159364816838E-162                  0.0000000000000000E+000                  0.0000000000000000E+000 
                                     207                  2.2338331173444312E-001                 -5.0504987131726756E-002                  5.4869039184205262E+000                 -6.3874744711954889E+000                  7.4499100734833910E+000                  3.5706215498381252E-005                  4.0938457768930181E-001                  5.9057971609519977E-001                  6.6463289140219275E-162                  0.0000000000000000E+000                  0.0000000000000000E+000 
                                     208                  2.2338330956543939E-001                 -5.2044457158996520E-002                  5.4907786397026461E+000                 -6.3710319145523817E+000                  7.4664620381548437E+000                  3.5706215498381252E-005                  4.0938457768930187E-001                  5.9057971609519977E-001                  1.2070070225988145E-161                  0.0000000000000000E+000                  0.0000000000000000E+000 
                                     209                  2.2338330496490003E-001                 -5.5240210102950459E-002                  5.4946366520836269E+000                 -6.3535468253296523E+000                  7.4831858310116806E+000                  3.5706215498381252E-005                  4.0938457768930192E-001                  5.9057971609519977E-001                  2.1883247601144532E-161                  0.0000000000000000E+000                  0.0000000000000000E+000 
                                     210                  2.2338330266463030E-001                 -5.6800476871460205E-002                  5.4984337579295142E+000                 -6.3370075244806907E+000                  7.4995181293241702E+000                  3.5706215498381259E-005                  4.0938457768930175E-001                  5.9057971609519988E-001                  3.9179666686906697E-161                  0.0000000000000000E+000                  0.0000000000000000E+000 
                                     211                  2.2338329806411850E-001                 -5.9852582565367893E-002                  5.5033747390421928E+000                 -6.3146803984654696E+000                  7.5209610947635772E+000                  3.5706215498381245E-005                  4.0938457768930175E-001                  5.9057971609519988E-001                  8.3555714717418192E-161                  0.0000000000000000E+000                  0.0000000000000000E+000 
                                     212                  2.2338329346366148E-001                 -6.2812542577211375E-002                  5.5082741534487871E+000                 -6.2923616188451632E+000                  7.5422873601688964E+000                  3.5706215498381252E-005                  4.0938457768930175E-001                  5.9057971609519988E-001                  1.7666323918058039E-160                  0.0000000000000000E+000                  0.0000000000000000E+000 
                                     213                  2.2338328870989316E-001                 -6.5778003519379624E-002                  5.5132081089954612E+000                 -6.2696940711678781E+000                  7.5638323961877889E+000                  3.5706215498381259E-005                  4.0938457768930175E-001                  5.9057971609519988E-001                  3.7466177065268406E-160                  0.0000000000000000E+000                  0.0000000000000000E+000 
                                     214                  2.2338328380281997E-001                 -6.8743556592011576E-002                  5.5181492144451818E+000                 -6.2468204717673919E+000                  7.5854753212421073E+000                  3.5706215498381252E-005                  4.0938457768930175E-001                  5.9057971609519988E-001                  7.9362611204437615E-160                  0.0000000000000000E+000                  0.0000000000000000E+000 
                                     215                  2.2338327878522773E-001                 -7.1679565859323155E-002                  5.5218350303805188E+000                 -6.2293244306289548E+000                  7.6017373886108963E+000                  3.5706215498381252E-005                  4.0938457768930181E-001                  5.9057971609519977E-001                  1.3882151265049664E-159                  0.0000000000000000E+000                  0.0000000000000000E+000 
                                     216                  2.2338327622115522E-001                 -7.3142755832086376E-002                  5.5242931647832281E+000                 -6.2178697425953251E+000                  7.6125443570742233E+000                  3.5706215498381252E-005                  4.0938457768930192E-001                  5.9057971609519977E-001                  2.0129811601066064E-159                  0.0000000000000000E+000                  0.0000000000000000E+000 
                                     217                  2.2338327365708269E-001                 -7.4582217369482673E-002                  5.5267200910061440E+000                 -6.2065331409440354E+000                  7.6232279346209983E+000                  3.5706215498381265E-005                  4.0938457768930187E-001                  5.9057971609519977E-001                  2.9034937640142141E-159                  0.0000000000000000E+000                  0.0000000000000000E+000 
                                     218                  2.2338327109301015E-001                 -7.5998490849608441E-002                  5.5303096740857409E+000                 -6.1900452160260437E+000                  7.6389784097959916E+000                  3.5706215498381259E-005                  4.0938457768930187E-001                  5.9057971609519977E-001                  4.9822205784621625E-159                  0.0000000000000000E+000                  0.0000000000000000E+000 
                                     219                  2.2338326596397093E-001                 -7.8765656730233044E-002                  5.5349837417406258E+000                 -6.1680396328273597E+000                  7.6596371318321577E+000                  3.5706215498381265E-005                  4.0938457768930181E-001                  5.9057971609519977E-001                  1.0055446812974575E-158                  0.0000000000000000E+000                  0.0000000000000000E+000 
                                     220                  2.2338326083495758E-001                 -8.1446054054575057E-002                  5.5384107029228877E+000                 -6.1515986814888066E+000                  7.6748760249260695E+000                  3.5706215498381238E-005                  4.0938457768930181E-001                  5.9057971609519977E-001                  1.6813705836465589E-158                  0.0000000000000000E+000                  0.0000000000000000E+000 
                                     221                  2.2338325827047986E-001                 -8.2754365399978339E-002                  5.5406654787269742E+000                 -6.1409798890628924E+000                  7.6848643172837781E+000                  3.5706215498381245E-005                  4.0938457768930187E-001                  5.9057971609519977E-001                  2.3553782280969992E-158                  0.0000000000000000E+000                  0.0000000000000000E+000 
                                     222                  2.2338325570600215E-001                 -8.4042576818335782E-002                  5.5440029996701412E+000                 -6.1255177975214856E+000                  7.6995996515939540E+000                  3.5706215498381238E-005                  4.0938457768930175E-001                  5.9057971609519988E-001                  3.8731664916961380E-158                  0.0000000000000000E+000                  0.0000000000000000E+000 
                                     223                  2.2338325057708713E-001                 -8.6561753721450641E-002                  5.5483548286479971E+000                 -6.1049538633877205E+000                  7.7189337768132127E+000                  3.5706215498381252E-005                  4.0938457768930175E-001                  5.9057971609519988E-001                  7.4018875712807591E-158                  0.0000000000000000E+000                  0.0000000000000000E+000 
                                     224                  2.2338324544817209E-001                 -8.9005972897851671E-002                  5.5515496505623201E+000                 -6.0896263096595309E+000                  7.7332022521680415E+000                  3.5706215498381259E-005                  4.0938457768930181E-001                  5.9057971609519977E-001                  1.1898943537590452E-157                  0.0000000000000000E+000                  0.0000000000000000E+000 
                                     225                  2.2338324288371667E-001                 -9.0200633356224150E-002                  5.5547011214421582E+000                 -6.0750027796385027E+000                  7.7471679431131637E+000                  3.5706215498381265E-005                  4.0938457768930175E-001                  5.9057971609519988E-001                  1.8963435314330806E-157                  0.0000000000000000E+000                  0.0000000000000000E+000 
                                     226                  2.2338323775440333E-001                 -9.2539371731394982E-002                  5.5588148979583938E+000                 -6.0555892136252343E+000                  7.7655004220672375E+000                  3.5706215498381265E-005                  4.0938457768930170E-001                  5.9057971609519999E-001                  3.4815017816089219E-157                  0.0000000000000000E+000                  0.0000000000000000E+000 
                                     227                  2.2338323262470389E-001                 -9.4811945534455919E-002                  5.5628398686150424E+000                 -6.0366163803855217E+000                  7.7834553567606486E+000                  3.5706215498381252E-005                  4.0938457768930175E-001                  5.9057971609519988E-001                  6.2971588255422372E-157                  0.0000000000000000E+000                  0.0000000000000000E+000 
                                     228                  2.2338322749504233E-001                 -9.7021298445960635E-002                  5.5657982097707457E+000                 -6.0224924429913642E+000                  7.7967136535378234E+000                  3.5706215498381245E-005                  4.0938457768930187E-001                  5.9057971609519977E-001                  9.7279593498480119E-157                  0.0000000000000000E+000                  0.0000000000000000E+000 
                                     229                  2.2338322493022228E-001                 -9.8102854199812281E-002                  5.5682333146404996E+000                 -6.0111327285755429E+000                  7.8075674273181130E+000                  3.5706215498381259E-005                  4.0938457768930170E-001                  5.9057971609519999E-001                  1.3897132276383235E-156                  0.0000000000000000E+000                  0.0000000000000000E+000 
                                     230                  2.2338322108299599E-001                 -9.9697976014923778E-002                  5.5711108292702214E+000                 -5.9976146289215686E+000                  7.8204285915059728E+000                  3.5706215498381259E-005                  4.0938457768930170E-001                  5.9057971609519999E-001                  2.1169806461471950E-156                  0.0000000000000000E+000                  0.0000000000000000E+000 
                                     231                  2.2338321723576970E-001                 -1.0126117159369979E-001                  5.5739436477017934E+000                 -5.9843164222872369E+000                  7.8330988984332928E+000                  3.5706215498381252E-005                  4.0938457768930192E-001                  5.9057971609519977E-001                  3.2010354623361460E-156                  0.0000000000000000E+000                  0.0000000000000000E+000 
                                     232                  2.2338321338820066E-001                 -1.0279366075618890E-001                  5.5776582390844238E+000                 -5.9671177706715843E+000                  7.8496661475047622E+000                  3.5706215498381265E-005                  4.0938457768930175E-001                  5.9057971609519988E-001                  5.4949975775936544E-156                  0.0000000000000000E+000                  0.0000000000000000E+000 
                                     233                  2.2338320697546879E-001                 -1.0528300436177780E-001                  5.5817379112482470E+000                 -5.9478508076247385E+000                  7.8679858400647342E+000                  3.5706215498381259E-005                  4.0938457768930175E-001                  5.9057971609519988E-001                  9.9395445992725945E-156                  0.0000000000000000E+000                  0.0000000000000000E+000 
                                     234                  2.2338320184516994E-001                 -1.0721744435322204E-001                  5.5857322384623123E+000                 -5.9292499811882777E+000                  7.8858736622379899E+000                  3.5706215498381252E-005                  4.0938457768930175E-001                  5.9057971609519988E-001                  1.7716905111543819E-155                  0.0000000000000000E+000                  0.0000000000000000E+000 
                                     235                  2.2338319543233720E-001                 -1.0956863904688169E-001                  5.5892012913258560E+000                 -5.9128070787928433E+000                  7.9015071173458109E+000                  3.5706215498381259E-005                  4.0938457768930187E-001                  5.9057971609519977E-001                  2.9248489249593956E-155                  0.0000000000000000E+000                  0.0000000000000000E+000 
                                     236                  2.2338319158464051E-001                 -1.1094455025231589E-001                  5.5917628871231848E+000                 -5.9008279811769961E+000                  7.9130170263723265E+000                  3.5706215498381252E-005                  4.0938457768930187E-001                  5.9057971609519977E-001                  4.2301645775439656E-155                  0.0000000000000000E+000                  0.0000000000000000E+000 
                                     237                  2.2338318773671045E-001                 -1.1229577756630817E-001                  5.5942874473326780E+000                 -5.8890247435772443E+000                  7.9243686902469026E+000                  3.5706215498381245E-005                  4.0938457768930187E-001                  5.9057971609519977E-001                  6.0813959559650540E-155                  0.0000000000000000E+000                  0.0000000000000000E+000 
                                     238                  2.2338318388878037E-001                 -1.1362299752632561E-001                  5.5971890032120273E+000                 -5.8755370485983933E+000                  7.9374041301466889E+000                  3.5706215498381265E-005                  4.0938457768930175E-001                  5.9057971609519988E-001                  9.2206144706586370E-155                  0.0000000000000000E+000                  0.0000000000000000E+000 
                                     239                  2.2338317875804156E-001                 -1.1535679511302363E-001                  5.6004437804359268E+000                 -5.8603148870679744E+000                  7.9520664338752889E+000                  3.5706215498381279E-005                  4.0938457768930187E-001                  5.9057971609519977E-001                  1.4694870803892916E-154                  0.0000000000000000E+000                  0.0000000000000000E+000 
                                     240                  2.2338317362738336E-001                 -1.1705078655598959E-001                  5.6036377973242439E+000                 -5.8453772874229868E+000                  7.9664691033404962E+000                  3.5706215498381231E-005                  4.0938457768930175E-001                  5.9057971609519988E-001                  2.3191749913126680E-154                  0.0000000000000000E+000                  0.0000000000000000E+000 
                                     241                  2.2338316849672518E-001                 -1.1870655025100857E-001                  5.6067729063666825E+000                 -5.8307141322610594E+000                  7.9806201223884088E+000                  3.5706215498381231E-005                  4.0938457768930187E-001                  5.9057971609519977E-001                  3.6258193738768812E-154                  0.0000000000000000E+000                  0.0000000000000000E+000 
                                     242                  2.2338316336611821E-001                 -1.2032553624840943E-001                  5.6098509139237400E+000                 -5.8163162130940442E+000                  7.9945271121121015E+000                  3.5706215498381265E-005                  4.0938457768930175E-001                  5.9057971609519988E-001                  5.6172221790893041E-154                  0.0000000000000000E+000                  0.0000000000000000E+000 
                                     243                  2.2338315823551122E-001                 -1.2190914965705149E-001                  5.6128737524609287E+000                 -5.8021742667242497E+000                  8.0081981428925584E+000                  3.5706215498381245E-005                  4.0938457768930187E-001                  5.9057971609519977E-001                  8.6262764143306365E-154                  0.0000000000000000E+000                  0.0000000000000000E+000 
                                     244                  2.2338315310438278E-001                 -1.2345886325725373E-001                  5.6158431159869799E+000                 -5.7882804284407072E+000                  8.0216401569455833E+000                  3.5706215498381238E-005                  4.0938457768930170E-001                  5.9057971609519999E-001                  1.3135255822284349E-153                  0.0000000000000000E+000                  0.0000000000000000E+000 
                                     245                  2.2338314797329933E-001                 -1.2497575222336654E-001                  5.6187605177804674E+000                 -5.7746280370988474E+000                  8.0348592004008417E+000                  3.5706215498381252E-005                  4.0938457768930175E-001                  5.9057971609519988E-001                  1.9837245030889617E-153                  0.0000000000000000E+000                  0.0000000000000000E+000 
                                     246                  2.2338314284221589E-001                 -1.2646101985915201E-001                  5.6216275714816923E+000                 -5.7612101144595229E+000                  8.0478617598703597E+000                  3.5706215498381265E-005                  4.0938457768930181E-001                  5.9057971609519977E-001                  2.9721509187598464E-153                  0.0000000000000000E+000                  0.0000000000000000E+000 
                                     247                  2.2338313771117932E-001                 -1.2791578522037830E-001                  5.6258473843702363E+000                 -5.7418112533999661E+000                  8.0669115818600083E+000                  3.5706215498381252E-005                  4.0938457768930170E-001                  5.9057971609519999E-001                  5.3765310639575359E-153                  0.0000000000000000E+000                  0.0000000000000000E+000 
                                     248                  2.2338312744915814E-001                 -1.3073959010492750E-001                  5.6299411512009279E+000                 -5.7222923387216751E+000                  8.0856321329854666E+000                  3.5706215498381259E-005                  4.0938457768930175E-001                  5.9057971609519988E-001                  9.5543379613856304E-153                  0.0000000000000000E+000                  0.0000000000000000E+000 
                                     249                  2.2338312231753668E-001                 -1.3210931401251194E-001                  5.6326223525733798E+000                 -5.7097519280609754E+000                  8.0978304583440046E+000                  3.5706215498381252E-005                  4.0938457768930187E-001                  5.9057971609519977E-001                  1.3902725641457653E-152                  0.0000000000000000E+000                  0.0000000000000000E+000 
                                     250                  2.2338311718592516E-001                 -1.3345257786511169E-001                  5.6352605151493727E+000                 -5.6974177997820314E+000                  8.1098411703842626E+000                  3.5706215498381272E-005                  4.0938457768930164E-001                  5.9057971609519999E-001                  2.0094360927774856E-152                  0.0000000000000000E+000                  0.0000000000000000E+000 
                                     251                  2.2338311205431358E-001                 -1.3477028444351713E-001                  5.6378569824105877E+000                 -5.6852852306584083E+000                  8.1216694094145563E+000                  3.5706215498381259E-005                  4.0938457768930175E-001                  5.9057971609519988E-001                  2.8854825575232792E-152                  0.0000000000000000E+000                  0.0000000000000000E+000 
                                     252                  2.2338310692271202E-001                 -1.3606329309983850E-001                  5.6404130481640786E+000                 -5.6733497792932095E+000                  8.1333200742787870E+000                  3.5706215498381292E-005                  4.0938457768930170E-001                  5.9057971609519999E-001                  4.1174075149556752E-152                  0.0000000000000000E+000                  0.0000000000000000E+000 
                                     253                  2.2338310179115611E-001                 -1.3733242093432441E-001                  5.6441825130644094E+000                 -5.6560346087839415E+000                  8.1504250435133390E+000                  3.5706215498381272E-005                  4.0938457768930175E-001                  5.9057971609519988E-001                  6.9426532760377801E-152                  0.0000000000000000E+000                  0.0000000000000000E+000 
                                     254                  2.2338309152809305E-001                 -1.3980314377123887E-001                  5.6490657003635096E+000                 -5.6332683322451720E+000                  8.1727214266528510E+000                  3.5706215498381245E-005                  4.0938457768930187E-001                  5.9057971609519977E-001                  1.3642451268933030E-151                  0.0000000000000000E+000                  0.0000000000000000E+000 
                                     255                  2.2338308126448647E-001                 -1.4218745899893948E-001                  5.6526291297590427E+000                 -5.6164769583997511E+000                  8.1890726782866690E+000                  3.5706215498381252E-005                  4.0938457768930187E-001                  5.9057971609519977E-001                  2.2310228411496923E-151                  0.0000000000000000E+000                  0.0000000000000000E+000 
                                     256                  2.2338307613238706E-001                 -1.4334861162511020E-001                  5.6549684516205696E+000                 -5.6056445528634704E+000                  8.1997538130452732E+000                  3.5706215498381286E-005                  4.0938457768930164E-001                  5.9057971609519999E-001                  3.0778599689030158E-151                  0.0000000000000000E+000                  0.0000000000000000E+000 
                                     257                  2.2338307100033886E-001                 -1.4449019256138851E-001                  5.6572753330544669E+000                 -5.5949834131540639E+000                  8.2102873567595047E+000                  3.5706215498381265E-005                  4.0938457768930175E-001                  5.9057971609519988E-001                  4.2247937970105297E-151                  0.0000000000000000E+000                  0.0000000000000000E+000 
                                     258                  2.2338306586829063E-001                 -1.4561283625730961E-001                  5.6606835786243099E+000                 -5.5794788365477395E+000                  8.2257800431437094E+000                  3.5706215498381259E-005                  4.0938457768930187E-001                  5.9057971609519977E-001                  6.7355446115366031E-151                  0.0000000000000000E+000                  0.0000000000000000E+000 
                                     259                  2.2338305560433955E-001                 -1.4780427471156776E-001                  5.6651122061647499E+000                 -5.5591163409947564E+000                  8.2460080265277877E+000                  3.5706215498381259E-005                  4.0938457768930192E-001                  5.9057971609519977E-001                  1.2332854740367198E-150                  0.0000000000000000E+000                  0.0000000000000000E+000 
                                     260                  2.2338304534038844E-001                 -1.4992672670148774E-001                  5.6683523902959925E+000                 -5.5440996340250290E+000                  8.2608665977405984E+000                  3.5706215498381265E-005                  4.0938457768930187E-001                  5.9057971609519977E-001                  1.9180134060030161E-150                  0.0000000000000000E+000                  0.0000000000000000E+000 
                                     261                  2.2338304020846203E-001                 -1.5096312873498238E-001                  5.6704824030166288E+000                 -5.5343847853891601E+000                  8.2705884832297141E+000                  3.5706215498381259E-005                  4.0938457768930187E-001                  5.9057971609519977E-001                  2.5617038748622369E-150                  0.0000000000000000E+000                  0.0000000000000000E+000 
                                     262                  2.2338303507653562E-001                 -1.5198383103213375E-001                  5.6736329016330300E+000                 -5.5202244903291042E+000                  8.2849068404552693E+000                  3.5706215498381313E-005                  4.0938457768930175E-001                  5.9057971609519988E-001                  3.9251590270314180E-150                  0.0000000000000000E+000                  0.0000000000000000E+000 
                                     263                  2.2338302481270567E-001                 -1.5398043182633508E-001                  5.6767128692514177E+000                 -5.5060863610469282E+000                  8.2990216581935794E+000                  3.5706215498381279E-005                  4.0938457768930192E-001                  5.9057971609519977E-001                  5.9556278899544328E-150                  0.0000000000000000E+000                  0.0000000000000000E+000 
                                     264                  2.2338301968036342E-001                 -1.5495681743213569E-001                  5.6787388958200324E+000                 -5.4969246338613802E+000                  8.3082653469518757E+000                  3.5706215498381286E-005                  4.0938457768930192E-001                  5.9057971609519977E-001                  7.8285387600228763E-150                  0.0000000000000000E+000                  0.0000000000000000E+000 
                                     265                  2.2338301454802120E-001                 -1.5591924462143517E-001                  5.6814823964297245E+000                 -5.4846516978840940E+000                  8.3207444156292922E+000                  3.5706215498381265E-005                  4.0938457768930187E-001                  5.9057971609519977E-001                  1.1326079694282024E-149                  0.0000000000000000E+000                  0.0000000000000000E+000 
                                     266                  2.2338300559717833E-001                 -1.5756571940811548E-001                  5.6849001185758281E+000                 -5.4692734671456691E+000                  8.3363369570965311E+000                  3.5706215498381313E-005                  4.0938457768930187E-001                  5.9057971609519977E-001                  1.7928550450884767E-149                  0.0000000000000000E+000                  0.0000000000000000E+000 
                                     267                  2.2338299664633540E-001                 -1.5917287308772451E-001                  5.6872914548466893E+000                 -5.4584342346700181E+000                  8.3472856444718495E+000                  3.5706215498381272E-005                  4.0938457768930209E-001                  5.9057971609519955E-001                  2.4711423578024096E-149                  0.0000000000000000E+000                  0.0000000000000000E+000 
                                     268                  2.2338299282781421E-001                 -1.5984689349231307E-001                  5.6887078889132816E+000                 -5.4520992913407573E+000                  8.3537439422672453E+000                  3.5706215498381272E-005                  4.0938457768930192E-001                  5.9057971609519977E-001                  2.9870392764412777E-149                  0.0000000000000000E+000                  0.0000000000000000E+000 
                                     269                  2.2338298900929304E-001                 -1.6051423810065296E-001                  5.6908127152018677E+000                 -5.4427777463783258E+000                  8.3633127901579059E+000                  3.5706215498381306E-005                  4.0938457768930153E-001                  5.9057971609520010E-001                  3.9569120987192774E-149                  0.0000000000000000E+000                  0.0000000000000000E+000 
                                     270                  2.2338298137226886E-001                 -1.6182955516632641E-001                  5.6942619636361620E+000                 -5.4275419892495291E+000                  8.3789924676212717E+000                  3.5706215498381272E-005                  4.0938457768930175E-001                  5.9057971609519988E-001                  6.2666127162848329E-149                  0.0000000000000000E+000                  0.0000000000000000E+000 
                                     271                  2.2338296991643011E-001                 -1.6375600795041603E-001                  5.6982198772204899E+000                 -5.4099869602591593E+000                  8.3970321038384981E+000                  3.5706215498381259E-005                  4.0938457768930170E-001                  5.9057971609519999E-001                  1.0607677496091174E-148                  0.0000000000000000E+000                  0.0000000000000000E+000 
                                     272                  2.2338295893741694E-001                 -1.6555208085774001E-001                  5.7013501320351949E+000                 -5.3960930665145206E+000                  8.4113195738839970E+000                  3.5706215498381245E-005                  4.0938457768930153E-001                  5.9057971609520010E-001                  1.6067844090944430E-148                  0.0000000000000000E+000                  0.0000000000000000E+000 
                                     273                  2.2338295177721834E-001                 -1.6669813906936939E-001                  5.7049955790140876E+000                 -5.3803245326051750E+000                  8.4278226384119748E+000                  3.5706215498381252E-005                  4.0938457768930170E-001                  5.9057971609519999E-001                  2.6004778830565725E-148                  0.0000000000000000E+000                  0.0000000000000000E+000 
                                     274                  2.2338293745687327E-001                 -1.6893447460950778E-001                  5.7101968474403986E+000                 -5.3577874719655068E+000                  8.4514149815975816E+000                  3.5706215498381286E-005                  4.0938457768930164E-001                  5.9057971609519999E-001                  5.1579831699379021E-148                  0.0000000000000000E+000                  0.0000000000000000E+000 
                                     275                  2.2338292027207879E-001                 -1.7152525114560971E-001                  5.7141734843811296E+000                 -5.3403423632408931E+000                  8.4695598329401722E+000                  3.5706215498381272E-005                  4.0938457768930164E-001                  5.9057971609519999E-001                  8.6965014317966179E-148                  0.0000000000000000E+000                  0.0000000000000000E+000 
                                     276                  2.2338291263426252E-001                 -1.7264567209104922E-001                  5.7165824758677735E+000                 -5.3300140936614451E+000                  8.4804711930166885E+000                  3.5706215498381292E-005                  4.0938457768930153E-001                  5.9057971609520010E-001                  1.1918493862877272E-147                  0.0000000000000000E+000                  0.0000000000000000E+000 
                                     277                  2.2338290499644622E-001                 -1.7374819443250028E-001                  5.7195500441116423E+000                 -5.3174321327665854E+000                  8.4938690233386414E+000                  3.5706215498381292E-005                  4.0938457768930198E-001                  5.9057971609519966E-001                  1.7553722747250168E-147                  0.0000000000000000E+000                  0.0000000000000000E+000 
                                     278                  2.2338289353990243E-001                 -1.7536991112813710E-001                  5.7230412838319458E+000                 -5.3026221942313621E+000                  8.5096489249581069E+000                  3.5706215498381259E-005                  4.0938457768930175E-001                  5.9057971609519988E-001                  2.7652743855793601E-147                  0.0000000000000000E+000                  0.0000000000000000E+000 
                                     279                  2.2338288208335866E-001                 -1.7695471283064232E-001                  5.7259228790869630E+000                 -5.2904040745382366E+000                  8.5226831386628792E+000                  3.5706215498381259E-005                  4.0938457768930170E-001                  5.9057971609519999E-001                  4.0203511435490044E-147                  0.0000000000000000E+000                  0.0000000000000000E+000 
                                     280                  2.2338287425912928E-001                 -1.7801669231587433E-001                  5.7282290543057588E+000                 -5.2807296568423574E+000                  8.5330816087293186E+000                  3.5706215498381272E-005                  4.0938457768930187E-001                  5.9057971609519977E-001                  5.4198703101094142E-147                  0.0000000000000000E+000                  0.0000000000000000E+000 
                                     281                  2.2338286643489996E-001                 -1.7906286642736885E-001                  5.7312263791951104E+000                 -5.2683080497678176E+000                  8.5465462299969008E+000                  3.5706215498381306E-005                  4.0938457768930203E-001                  5.9057971609519955E-001                  7.9821150210071216E-147                  0.0000000000000000E+000                  0.0000000000000000E+000 
                                     282                  2.2338285363146060E-001                 -1.8074226705395266E-001                  5.7342664200319415E+000                 -5.2555998950166058E+000                  8.5602566208486710E+000                  3.5706215498381292E-005                  4.0938457768930203E-001                  5.9057971609519955E-001                  1.1813613726250925E-146                  0.0000000000000000E+000                  0.0000000000000000E+000 
                                     283                  2.2338284509578463E-001                 -1.8184007059574173E-001                  5.7366633164835941E+000                 -5.2456946224613894E+000                  8.5710287603425961E+000                  3.5706215498381299E-005                  4.0938457768930187E-001                  5.9057971609519977E-001                  1.6078660203155842E-146                  0.0000000000000000E+000                  0.0000000000000000E+000 
                                     284                  2.2338283655995955E-001                 -1.8292124421592007E-001                  5.7394203877703269E+000                 -5.2343989355319929E+000                  8.5833884408417767E+000                  3.5706215498381306E-005                  4.0938457768930170E-001                  5.9057971609519999E-001                  2.2900723157538339E-146                  0.0000000000000000E+000                  0.0000000000000000E+000 
                                     285                  2.2338282517888475E-001                 -1.8433796295162189E-001                  5.7425167405781741E+000                 -5.2217271545169792E+000                  8.5972732025917331E+000                  3.5706215498381279E-005                  4.0938457768930203E-001                  5.9057971609519955E-001                  3.4038711941270252E-146                  0.0000000000000000E+000                  0.0000000000000000E+000 
                                     286                  2.2338281379786953E-001                 -1.8572733573638570E-001                  5.7451803304305740E+000                 -5.2108435664092081E+000                  8.6092184364253761E+000                  3.5706215498381245E-005                  4.0938457768930214E-001                  5.9057971609519955E-001                  4.7831735677891616E-146                  0.0000000000000000E+000                  0.0000000000000000E+000 
                                     287                  2.2338280526201509E-001                 -1.8675209808490276E-001                  5.7485552619596163E+000                 -5.1973395614055109E+000                  8.6242480571689342E+000                  3.5706215498381292E-005                  4.0938457768930170E-001                  5.9057971609519999E-001                  7.3488992695166838E-146                  0.0000000000000000E+000                  0.0000000000000000E+000 
                                     288                  2.2338278819015472E-001                 -1.8875979949789343E-001                  5.7518552350735810E+000                 -5.1839185362759608E+000                  8.6390415418048736E+000                  3.5706215498381320E-005                  4.0938457768930192E-001                  5.9057971609519977E-001                  1.1178026531518617E-145                  0.0000000000000000E+000                  0.0000000000000000E+000 
                                     289                  2.2338277965414882E-001                 -1.8974322460286636E-001                  5.7540259773982552E+000                 -5.1752386895486566E+000                  8.6487174892481580E+000                  3.5706215498381299E-005                  4.0938457768930159E-001                  5.9057971609519999E-001                  1.4716180631038993E-145                  0.0000000000000000E+000                  0.0000000000000000E+000 
                                     290                  2.2338277111811441E-001                 -1.9071372071140269E-001                  5.7561708874749318E+000                 -5.1666995789323673E+000                  8.6582666210594450E+000                  3.5706215498381272E-005                  4.0938457768930175E-001                  5.9057971609519988E-001                  1.9301135398019398E-145                  0.0000000000000000E+000                  0.0000000000000000E+000 
                                     291                  2.2338276258208001E-001                 -1.9167168074993640E-001                  5.7593466075020459E+000                 -5.1542550996347591E+000                  8.6723296112012456E+000                  3.5706215498381306E-005                  4.0938457768930214E-001                  5.9057971609519955E-001                  2.8803450183615479E-145                  0.0000000000000000E+000                  0.0000000000000000E+000 
                                     292                  2.2338274550959916E-001                 -1.9355185601079453E-001                  5.7638326373964617E+000                 -5.1366787398362437E+000                  8.6922048849351210E+000                  3.5706215498381279E-005                  4.0938457768930192E-001                  5.9057971609519977E-001                  5.0624533711439460E-145                  0.0000000000000000E+000                  0.0000000000000000E+000 
                                     293                  2.2338272559183273E-001                 -1.9568779706214878E-001                  5.7672019700530210E+000                 -5.1233720024673870E+000                  8.7071845112353028E+000                  3.5706215498381238E-005                  4.0938457768930203E-001                  5.9057971609519955E-001                  7.7249589597753612E-145                  0.0000000000000000E+000                  0.0000000000000000E+000 
                                     294                  2.2338271705565674E-001                 -1.9658493270506416E-001                  5.7701935594932650E+000                 -5.1119059210252074E+000                  8.7203448360658982E+000                  3.5706215498381245E-005                  4.0938457768930159E-001                  5.9057971609519999E-001                  1.1223591835636596E-144                  0.0000000000000000E+000                  0.0000000000000000E+000 
                                     295                  2.2338269998330468E-001                 -1.9834857784527429E-001                  5.7734535858592864E+000                 -5.0992857813394590E+000                  8.7347428822280673E+000                  3.5706215498381279E-005                  4.0938457768930192E-001                  5.9057971609519977E-001                  1.6852007950989100E-144                  0.0000000000000000E+000                  0.0000000000000000E+000 
                                     296                  2.2338268860125365E-001                 -1.9950228558107896E-001                  5.7760238086325142E+000                 -5.0894601235141570E+000                  8.7460454402919687E+000                  3.5706215498381326E-005                  4.0938457768930137E-001                  5.9057971609520021E-001                  2.3195503298574623E-144                  0.0000000000000000E+000                  0.0000000000000000E+000 
                                     297                  2.2338267721920257E-001                 -2.0063914307262559E-001                  5.7791904428905152E+000                 -5.0774954650446587E+000                  8.7599143190609947E+000                  3.5706215498381320E-005                  4.0938457768930142E-001                  5.9057971609520021E-001                  3.4344534763888309E-144                  0.0000000000000000E+000                  0.0000000000000000E+000 
                                     298                  2.2338266014618491E-001                 -2.0231427030537349E-001                  5.7829171642956023E+000                 -5.0634175303739841E+000                  8.7762382835032078E+000                  3.5706215498381292E-005                  4.0938457768930192E-001                  5.9057971609519977E-001                  5.4444959342359265E-144                  0.0000000000000000E+000                  0.0000000000000000E+000 
                                     299                  2.2338264307264052E-001                 -2.0395469648906778E-001                  5.7871770844646724E+000                 -5.0475378293649467E+000                  8.7948114039563325E+000                  3.5706215498381252E-005                  4.0938457768930181E-001                  5.9057971609519977E-001                  9.2005681696532454E-144                  0.0000000000000000E+000                  0.0000000000000000E+000 
                                     300                  2.2338262030790115E-001                 -2.0609108181249974E-001                  5.7907437621928484E+000                 -5.0341096188985563E+000                  8.8104213210281461E+000                  3.5706215498381265E-005                  4.0938457768930187E-001                  5.9057971609519977E-001                  1.4262139878178233E-143                  0.0000000000000000E+000                  0.0000000000000000E+000 
                                     301                  2.2338260892563336E-001                 -2.0713820009071998E-001                  5.7930888630957718E+000                 -5.0254319243976884E+000                  8.8206214013680668E+000                  3.5706215498381259E-005                  4.0938457768930175E-001                  5.9057971609519988E-001                  1.9007921246083048E-143                  0.0000000000000000E+000                  0.0000000000000000E+000 
                                     302                  2.2338259754336562E-001                 -2.0817200706547662E-001                  5.7965584495885176E+000                 -5.0127979737895334E+000                  8.8356256663212882E+000                  3.5706215498381231E-005                  4.0938457768930175E-001                  5.9057971609519988E-001                  2.9034179668578213E-143                  0.0000000000000000E+000                  0.0000000000000000E+000 
                                     303                  2.2338257477895143E-001                 -2.1020167865103742E-001                  5.8010794150394940E+000                 -4.9962548943397955E+000                  8.8552125474566044E+000                  3.5706215498381320E-005                  4.0938457768930148E-001                  5.9057971609520021E-001                  5.0352616893112398E-143                  0.0000000000000000E+000                  0.0000000000000000E+000 
                                     304                  2.2338255201404061E-001                 -2.1218278826959130E-001                  5.8043957847490395E+000                 -4.9840763661332543E+000                  8.8696001536987019E+000                  3.5706215498381259E-005                  4.0938457768930187E-001                  5.9057971609519977E-001                  7.5330395888473134E-143                  0.0000000000000000E+000                  0.0000000000000000E+000 
                                     305                  2.2338254063133692E-001                 -2.1315585650267127E-001                  5.8073942482941048E+000                 -4.9733256734194757E+000                  8.8824961380330461E+000                  3.5706215498381292E-005                  4.0938457768930198E-001                  5.9057971609519966E-001                  1.0827443517819022E-142                  0.0000000000000000E+000                  0.0000000000000000E+000 
                                     306                  2.2338252071204950E-001                 -2.1483231827094815E-001                  5.8102057970574998E+000                 -4.9631221595801218E+000                  8.8946421637107775E+000                  3.5706215498381306E-005                  4.0938457768930187E-001                  5.9057971609519977E-001                  1.5208017288942555E-142                  0.0000000000000000E+000                  0.0000000000000000E+000 
                                     307                  2.2338251075240581E-001                 -2.1565819549742102E-001                  5.8133794568148334E+000                 -4.9519072315214903E+000                  8.9082209242275265E+000                  3.5706215498381265E-005                  4.0938457768930209E-001                  5.9057971609519955E-001                  2.2282220215794947E-142                  0.0000000000000000E+000                  0.0000000000000000E+000 
                                     308                  2.2338248656498069E-001                 -2.1763172093704017E-001                  5.8179070946582225E+000                 -4.9358151423578409E+000                  8.9276339159002838E+000                  3.5706215498381299E-005                  4.0938457768930159E-001                  5.9057971609519999E-001                  3.8375047330558057E-142                  0.0000000000000000E+000                  0.0000000000000000E+000 
                                     309                  2.2338246095507588E-001                 -2.1967341922602729E-001                  5.8211968427820571E+000                 -4.9240491857135558E+000                  8.9417723900591355E+000                  3.5706215498381313E-005                  4.0938457768930192E-001                  5.9057971609519977E-001                  5.6908718829413418E-142                  0.0000000000000000E+000                  0.0000000000000000E+000 
                                     310                  2.2338244957295253E-001                 -2.2056558310751229E-001                  5.8241944246597015E+000                 -4.9136141921279126E+000                  8.9545298198532510E+000                  3.5706215498381353E-005                  4.0938457768930209E-001                  5.9057971609519955E-001                  8.1370880341089336E-142                  0.0000000000000000E+000                  0.0000000000000000E+000 
                                     311                  2.2338242680870588E-001                 -2.2232355880655000E-001                  5.8273828902172804E+000                 -4.9023887127434982E+000                  8.9681558662014282E+000                  3.5706215498381272E-005                  4.0938457768930236E-001                  5.9057971609519933E-001                  1.1896080515696484E-141                  0.0000000000000000E+000                  0.0000000000000000E+000 
                                     312                  2.2338241258048552E-001                 -2.2340485644786390E-001                  5.8299240625093542E+000                 -4.8935609433516758E+000                  8.9789637307778651E+000                  3.5706215498381292E-005                  4.0938457768930181E-001                  5.9057971609519977E-001                  1.6086564607722232E-141                  0.0000000000000000E+000                  0.0000000000000000E+000 
                                     313                  2.2338239692953687E-001                 -2.2457945981037961E-001                  5.8335023388419946E+000                 -4.8812923985165471E+000                  8.9941115382696193E+000                  3.5706215498381272E-005                  4.0938457768930236E-001                  5.9057971609519933E-001                  2.4571917187616028E-141                  0.0000000000000000E+000                  0.0000000000000000E+000 
                                     314                  2.2338236989613700E-001                 -2.2657349775336813E-001                  5.8366591124782259E+000                 -4.8703076890037327E+000                  9.0075478573723373E+000                  3.5706215498381279E-005                  4.0938457768930275E-001                  5.9057971609519888E-001                  3.5686883457652721E-141                  0.0000000000000000E+000                  0.0000000000000000E+000 
                                     315                  2.2338235851368574E-001                 -2.2740014020274213E-001                  5.8394321151166704E+000                 -4.8609106479890016E+000                  9.0192393949409961E+000                  3.5706215498381184E-005                  4.0938457768930253E-001                  5.9057971609519910E-001                  4.9467115613953772E-141                  0.0000000000000000E+000                  0.0000000000000000E+000 
                                     316                  2.2338233574894825E-001                 -2.2903181375161208E-001                  5.8425870479259201E+000                 -4.8501366531864001E+000                  9.0325793244509356E+000                  3.5706215498381292E-005                  4.0938457768930220E-001                  5.9057971609519944E-001                  7.1678974028739258E-141                  0.0000000000000000E+000                  0.0000000000000000E+000 
                                     317                  2.2338231901070177E-001                 -2.3021356978755558E-001                  5.8452243985323644E+000                 -4.8412220749178756E+000                  9.0436907588036419E+000                  3.5706215498381265E-005                  4.0938457768930259E-001                  5.9057971609519910E-001                  9.7648773919847415E-141                  0.0000000000000000E+000                  0.0000000000000000E+000 
                                     318                  2.2338230227245531E-001                 -2.3138074667728301E-001                  5.8497699120761482E+000                 -4.8262332493653446E+000                  9.0626752116277114E+000                  3.5706215498381292E-005                  4.0938457768930298E-001                  5.9057971609519866E-001                  1.6600162021101381E-140                  0.0000000000000000E+000                  0.0000000000000000E+000 
                                     319                  2.2338226042793011E-001                 -2.3423905377132995E-001                  5.8548230224015931E+000                 -4.8092184498973030E+000                  9.0839410071195292E+000                  3.5706215498381238E-005                  4.0938457768930286E-001                  5.9057971609519877E-001                  2.9905541343509459E-140                  0.0000000000000000E+000                  0.0000000000000000E+000 
                                     320                  2.2338223532188967E-001                 -2.3591414473810565E-001                  5.8579224547703630E+000                 -4.7989360572534814E+000                  9.0969176008583741E+000                  3.5706215498381008E-005                  4.0938457768930392E-001                  5.9057971609519777E-001                  4.2848478328088267E-140                  0.0000000000000000E+000                  0.0000000000000000E+000 
                                     321                  2.2338221858452939E-001                 -2.3701525401401594E-001                  5.8615900228575564E+000                 -4.7870553435386816E+000                  9.1121456265121505E+000                  3.5706215498381116E-005                  4.0938457768930425E-001                  5.9057971609519733E-001                  6.5464651544976990E-140                  0.0000000000000000E+000                  0.0000000000000000E+000 
                                     322                  2.2338218510915636E-001                 -2.3918239685292267E-001                  5.8651833695189177E+000                 -4.7752336699189986E+000                  9.1271493343674077E+000                  3.5706215498381069E-005                  4.0938457768930508E-001                  5.9057971609519655E-001                  9.9096639583630259E-140                  0.0000000000000000E+000                  0.0000000000000000E+000 
                                     323                  2.2338216837159844E-001                 -2.4024871252646637E-001                  5.8675486946729958E+000                 -4.7675855014912587E+000                  9.1369661902557304E+000                  3.5706215498380987E-005                  4.0938457768930547E-001                  5.9057971609519622E-001                  1.3007328434539660E-139                  0.0000000000000000E+000                  0.0000000000000000E+000 
                                     324                  2.2338215163404049E-001                 -2.4130412015600727E-001                  5.8698876208506707E+000                 -4.7600566335958980E+000                  9.1466587497439331E+000                  3.5706215498381028E-005                  4.0938457768930553E-001                  5.9057971609519611E-001                  1.7012375878351739E-139                  0.0000000000000000E+000                  0.0000000000000000E+000 
                                     325                  2.2338213489656453E-001                 -2.4234893561221119E-001                  5.8733525847901067E+000                 -4.7490806275697208E+000                  9.1609381674721124E+000                  3.5706215498380947E-005                  4.0938457768930592E-001                  5.9057971609519577E-001                  2.5288518945033052E-139                  0.0000000000000000E+000                  0.0000000000000000E+000 
                                     326                  2.2338210142171247E-001                 -2.4440836034072139E-001                  5.8778788771071655E+000                 -4.7346854713745623E+000                  9.1796187664667457E+000                  3.5706215498380940E-005                  4.0938457768930780E-001                  5.9057971609519377E-001                  4.2385549670875346E-139                  0.0000000000000000E+000                  0.0000000000000000E+000 
                                     327                  2.2338206794712465E-001                 -2.4642890020514274E-001                  5.8823103690941911E+000                 -4.7207045803313603E+000                  9.1978582490467264E+000                  3.5706215498380798E-005                  4.0938457768930991E-001                  5.9057971609519178E-001                  7.0143286372860237E-139                  0.0000000000000000E+000                  0.0000000000000000E+000 
                                     328                  2.2338203447256544E-001                 -2.4841267680020582E-001                  5.8855704179847264E+000                 -4.7103867205887866E+000                  9.2112916711220265E+000                  3.5706215498380554E-005                  4.0938457768931263E-001                  5.9057971609518900E-001                  1.0150944150463123E-138                  0.0000000000000000E+000                  0.0000000000000000E+000 
                                     329                  2.2338201773530017E-001                 -2.4939124392505627E-001                  5.8887896283924874E+000                 -4.7004583907537025E+000                  9.2244384127828649E+000                  3.5706215498380608E-005                  4.0938457768931241E-001                  5.9057971609518922E-001                  1.4600957752269297E-138                  0.0000000000000000E+000                  0.0000000000000000E+000 
                                     330                  2.2338198425997985E-001                 -2.5132350757288191E-001                  5.8930023181173992E+000                 -4.6874070208727421E+000                  9.2416687794704586E+000                  3.5706215498380351E-005                  4.0938457768931669E-001                  5.9057971609518489E-001                  2.3468094220235684E-138                  0.0000000000000000E+000                  0.0000000000000000E+000 
                                     331                  2.2338195078378009E-001                 -2.5322360148023371E-001                  5.8961050769096373E+000                 -4.6777594352319838E+000                  9.2543746693291187E+000                  3.5706215498380188E-005                  4.0938457768931874E-001                  5.9057971609518289E-001                  3.3258597919386485E-138                  0.0000000000000000E+000                  0.0000000000000000E+000 
                                     332                  2.2338193404586268E-001                 -2.5416192528173792E-001                  5.8991711255287083E+000                 -4.6684550063562158E+000                  9.2668248714898489E+000                  3.5706215498380046E-005                  4.0938457768932035E-001                  5.9057971609518134E-001                  4.6878400016648776E-138                  0.0000000000000000E+000                  0.0000000000000000E+000 
                                     333                  2.2338190057018514E-001                 -2.5601658192880528E-001                  5.9031878929664687E+000                 -4.6562077084683464E+000                  9.2831602610573434E+000                  3.5706215498379395E-005                  4.0938457768933167E-001                  5.9057971609517002E-001                  7.3420687384600313E-138                  0.0000000000000000E+000                  0.0000000000000000E+000 
                                     334                  2.2338186709450761E-001                 -2.5784273647951672E-001                  5.9066410829815563E+000                 -4.6456896483665826E+000                  9.2971968738189528E+000                  3.5706215498379171E-005                  4.0938457768933445E-001                  5.9057971609516713E-001                  1.0785969397081062E-137                  0.0000000000000000E+000                  0.0000000000000000E+000 
                                     335                  2.2338184198781424E-001                 -2.5919433448771279E-001                  5.9093174997395872E+000                 -4.6375946155762549E+000                  9.3080485825537096E+000                  3.5706215498378941E-005                  4.0938457768933839E-001                  5.9057971609516324E-001                  1.4520404676562938E-137                  0.0000000000000000E+000                  0.0000000000000000E+000 
                                     336                  2.2338182106535640E-001                 -2.6030933765122127E-001                  5.9117233463103105E+000                 -4.6303612812316555E+000                  9.3177822687766607E+000                  3.5706215498378352E-005                  4.0938457768934650E-001                  5.9057971609515514E-001                  1.8957736122842694E-137                  0.0000000000000000E+000                  0.0000000000000000E+000 
                                     337                  2.2338180014289857E-001                 -2.6141436449793987E-001                  5.9152881913453905E+000                 -4.6198051657903259E+000                  9.3321287724479465E+000                  3.5706215498378372E-005                  4.0938457768934705E-001                  5.9057971609515458E-001                  2.8109162338010153E-137                  0.0000000000000000E+000                  0.0000000000000000E+000 
                                     338                  2.2338175829680382E-001                 -2.6359601868595228E-001                  5.9190198015684192E+000                 -4.6085829313209405E+000                  9.3472220927398748E+000                  3.5706215498377274E-005                  4.0938457768936359E-001                  5.9057971609513804E-001                  4.2423610459248030E-137                  0.0000000000000000E+000                  0.0000000000000000E+000 
                                     339                  2.2338173318893148E-001                 -2.6488703082562631E-001                  5.9222393728105924E+000                 -4.5990729767459380E+000                  9.3601625044870769E+000                  3.5706215498376332E-005                  4.0938457768937941E-001                  5.9057971609512228E-001                  6.0433102101626635E-137                  0.0000000000000000E+000                  0.0000000000000000E+000 
                                     340                  2.2338169971176833E-001                 -2.6658858939797825E-001                  5.9258610180523084E+000                 -4.5883725354275544E+000                  9.3747169124497596E+000                  3.5706215498375688E-005                  4.0938457768938785E-001                  5.9057971609511384E-001                  8.9888499667044174E-137                  0.0000000000000000E+000                  0.0000000000000000E+000 
                                     341                  2.2338166623460520E-001                 -2.6826823762616031E-001                  5.9294250826313952E+000                 -4.5778882757510218E+000                  9.3890153103205503E+000                  3.5706215498374252E-005                  4.0938457768940967E-001                  5.9057971609509197E-001                  1.3270916184144836E-136                  0.0000000000000000E+000                  0.0000000000000000E+000 
                                     342                  2.2338163275744205E-001                 -2.6992683704404508E-001                  5.9329329535452544E+000                 -4.5676069082358435E+000                  9.4030675981525622E+000                  3.5706215498373798E-005                  4.0938457768941811E-001                  5.9057971609508353E-001                  1.9451925371270171E-136                  0.0000000000000000E+000                  0.0000000000000000E+000 
                                     343                  2.2338159928027890E-001                 -2.7156518301269689E-001                  5.9363850729607606E+000                 -4.5577106852099289E+000                  9.4168831134143698E+000                  3.5630332491973965E-005                  4.1055658777845672E-001                  5.8940778188905130E-001                  2.8378486228543955E-136                  0.0000000000000000E+000                  0.0000000000000000E+000 
                                     344                  2.2338156580311577E-001                 -2.7318474025120459E-001                  5.9410510714273270E+000                 -4.5442643812949779E+000                  9.4354591211401146E+000                  3.5630306326723823E-005                  4.1055699189972977E-001                  5.8940737779394348E-001                  4.7036315851730230E-136                  0.0000000000000000E+000                  0.0000000000000000E+000 
                                     345                  2.2338150721490280E-001                 -2.7597485231762015E-001                  5.9451933180584060E+000                 -4.5319930350477540E+000                  9.4520981367668160E+000                  3.5630257810730781E-005                  4.1055774122735961E-001                  5.8940662851482961E-001                  7.3612941009286709E-136                  0.0000000000000000E+000                  0.0000000000000000E+000 
                                     346                  2.2338148210566872E-001                 -2.7715335877406083E-001                  5.9484608022022307E+000                 -4.5225671794122251E+000                  9.4651034189338343E+000                  3.5630223215765082E-005                  4.1055827554526225E-001                  5.8940609423152202E-001                  1.0464702243774614E-135                  0.0000000000000000E+000                  0.0000000000000000E+000 
                                     347                  2.2338144025694515E-001                 -2.7909618879146214E-001                  5.9516747964701020E+000                 -4.5131601258029628E+000                  9.4779551868351160E+000                  3.5630197161640044E-005                  4.1055867795021239E-001                  5.8940569185262603E-001                  1.4783549171847936E-135                  0.0000000000000000E+000                  0.0000000000000000E+000 
                                     348                  2.2338141514771101E-001                 -2.8024917693197959E-001                  5.9548483358575268E+000                 -4.5040320716392834E+000                  9.4905688904849264E+000                  3.5630174108896398E-005                  4.1055903399894333E-001                  5.8940533582694776E-001                  2.0769957838258947E-135                  0.0000000000000000E+000                  0.0000000000000000E+000 
                                     349                  2.2338137329898752E-001                 -2.8215080458768049E-001                  5.9577771942924524E+000                 -4.4954701521109506E+000                  9.5022710103909880E+000                  3.5630155807517532E-005                  4.1055931666302975E-001                  5.8940505318116276E-001                  2.8414656300549175E-135                  0.0000000000000000E+000                  0.0000000000000000E+000 
                                     350                  2.2338135237462575E-001                 -2.8309226172866236E-001                  5.9604815915388212E+000                 -4.4877110075317068E+000                  9.5130071965836862E+000                  3.5630139903132241E-005                  4.1055956230564333E-001                  5.8940480755445357E-001                  3.7915176497602953E-135                  0.0000000000000000E+000                  0.0000000000000000E+000 
                                     351                  2.2338131471077455E-001                 -2.8477200941159597E-001                  5.9637186336328858E+000                 -4.4783447997164432E+000                  9.5258918743814931E+000                  3.5630122631195511E-005                  4.1055982907003596E-001                  5.8940454080733284E-001                  5.3519272637908782E-135                  0.0000000000000000E+000                  0.0000000000000000E+000 
                                     352                  2.2338128123195530E-001                 -2.8624927753228296E-001                  5.9678452180678656E+000                 -4.4665768438094169E+000                  9.5422349107203939E+000                  3.5630102165334362E-005                  4.1056014516446721E-001                  5.8940422473336751E-001                  8.2919971710879533E-135                  0.0000000000000000E+000                  0.0000000000000000E+000 
                                     353                  2.2338122264379534E-001                 -2.8880062899380288E-001                  5.9715218473682885E+000                 -4.4558322226463583E+000                  9.5569120529373475E+000                  3.5630086035811053E-005                  4.1056039428432872E-001                  5.8940397562963542E-001                  1.2242001561562173E-134                  0.0000000000000000E+000                  0.0000000000000000E+000 
                                     354                  2.2338119753445468E-001                 -2.8988082621310390E-001                  5.9747892611399367E+000                 -4.4465375265316824E+000                  9.5698367529786079E+000                  3.5630072302279780E-005                  4.1056060639818626E-001                  5.8940376352951152E-001                  1.7281402029896298E-134                  0.0000000000000000E+000                  0.0000000000000000E+000 
                                     355                  2.2338114731396316E-001                 -2.9201917669587535E-001                  5.9783585516061919E+000                 -4.4362100540751825E+000                  9.5840330231868371E+000                  3.5630058501155264E-005                  4.1056081955601881E-001                  5.8940355038547998E-001                  2.5171262943681872E-134                  0.0000000000000000E+000                  0.0000000000000000E+000 
                                     356                  2.2338111383333381E-001                 -2.9342842559203525E-001                  5.9825783259206666E+000                 -4.4242725973400674E+000                  9.6006886715262709E+000                  3.5630042928407353E-005                  4.1056106007650600E-001                  5.8940330988056555E-001                  3.9189999442827848E-134                  0.0000000000000000E+000                  0.0000000000000000E+000 
                                     357                  2.2338104687207511E-001                 -2.9621045807286511E-001                  5.9867098245910357E+000                 -4.4122690605988799E+000                  9.6171376110941189E+000                  3.5630029047672534E-005                  4.1056127446391655E-001                  5.8940309550703573E-001                  6.0417957744043134E-134                  0.0000000000000000E+000                  0.0000000000000000E+000 
                                     358                  2.2338101339144573E-001                 -2.9758312690200178E-001                  5.9894272855134778E+000                 -4.4044921142650901E+000                  9.6279009241844111E+000                  3.5630020287543261E-005                  4.1056140976377320E-001                  5.8940296021593919E-001                  8.0239516216697260E-134                  0.0000000000000000E+000                  0.0000000000000000E+000 
                                     359                  2.2338097991081635E-001                 -2.9894422523933817E-001                  5.9934498112561228E+000                 -4.3931447436752764E+000                  9.6437556787998684E+000                  3.5630007773884580E-005                  4.1056160303674594E-001                  5.8940276695548022E-001                  1.2194809744326832E-133                  0.0000000000000000E+000                  0.0000000000000000E+000 
                                     360                  2.2338091294955764E-001                 -3.0163354917126595E-001                  5.9973933811402196E+000                 -4.3817317301566563E+000                  9.6594287223698920E+000                  3.5629996383462439E-005                  4.1056177896137386E-001                  5.8940259104224269E-001                  1.8372341977878159E-133                  0.0000000000000000E+000                  0.0000000000000000E+000 
                                     361                  2.2338087946892829E-001                 -3.0296164975062972E-001                  6.0012813831426213E+000                 -4.3707846393546141E+000                  9.6747387239212550E+000                  3.5629985483759464E-005                  4.1056194730686330E-001                  5.8940242270765286E-001                  3.2554565309717077E-133                  8.2675466780558008E-137                  0.0000000000000000E+000 
                                     362                  2.2338081250766958E-001                 -3.0558731947581130E-001                  6.0057292013243009E+000                 -4.3580284515293757E+000                  9.6923568514733436E+000                  3.5629973761292256E-005                  4.1056212835991435E-001                  5.8940224166632438E-001                  5.1530376440106099E-133                  1.3479127933715558E-136                  0.0000000000000000E+000 
                                     363                  2.2338076228496281E-001                 -3.0753006416810663E-001                  6.0088558995467727E+000                 -4.3490734928441448E+000                  9.7047344701799378E+000                  3.5629965869846953E-005                  4.1056225024298088E-001                  5.8940211979114920E-001                  7.1100555383900240E-133                  1.8987483342556064E-136                  0.0000000000000000E+000 
                                     364                  2.2338072880150331E-001                 -3.0881307834501170E-001                  6.0113295188111620E+000                 -4.3420395480107326E+000                  9.7145025763006227E+000                  3.5629959786369861E-005                  4.1056234420204840E-001                  5.8940202583816526E-001                  9.1665068662091835E-133                  2.4882848071957198E-136                  0.0000000000000000E+000 
                                     365                  2.2338069531716045E-001                 -3.1008671033398794E-001                  6.0149966975628590E+000                 -4.3317471366121874E+000                  9.7289203462948191E+000                  3.5629950969559786E-005                  4.1056248037733800E-001                  5.8940188967169238E-001                  1.3343478185306337E-132                  3.7108141845920297E-136                  0.0000000000000000E+000 
                                     366                  2.2338062834847469E-001                 -3.1260710468632980E-001                  6.0197951020979765E+000                 -4.3181241229580563E+000                  9.7478539280050018E+000                  3.5629939960948554E-005                  4.1056265040491130E-001                  5.8940171965512778E-001                  2.1783754506748081E-132                  6.2522059220794175E-136                  0.0000000000000000E+000 
                                     367                  2.2338056137836210E-001                 -3.1509231585902053E-001                  6.0239146454696115E+000                 -4.3063729511087097E+000                  9.7641316782385417E+000                  3.5629930930201240E-005                  4.1056278988445299E-001                  5.8940158018461686E-001                  3.3139275481041958E-132                  9.7716098777084813E-136                  0.0000000000000000E+000 
                                     368                  2.2338051114945470E-001                 -3.1693383965498600E-001                  6.0273927055159886E+000                 -4.2965204643081165E+000                  9.7778415596016899E+000                  3.5629923539332541E-005                  4.1056290403613327E-001                  5.8940146604032739E-001                  4.7172104055767398E-132                  1.4229087277328128E-135                  0.0000000000000000E+000 
                                     369                  2.2338046092054731E-001                 -3.1875698760772470E-001                  6.0302521824489936E+000                 -4.2883795340732309E+000                  9.7891305912726878E+000                  3.5629917649109194E-005                  4.1056299501040427E-001                  5.8940137507194668E-001                  6.3023820975962747E-132                  1.9368262840198719E-135                  0.0000000000000000E+000 
                                     370                  2.2338042743356870E-001                 -3.1996243350549980E-001                  6.0336452308083892E+000                 -4.2788913788144818E+000                  9.8024465195539818E+000                  3.5629910778019728E-005                  4.1056310113411443E-001                  5.8940126895510758E-001                  8.8774755927657607E-132                  2.7890546780626133E-135                  0.0000000000000000E+000 
                                     371                  2.2338036045707599E-001                 -3.2235075609770653E-001                  6.0380931910624192E+000                 -4.2663164965857945E+000                  9.8199630035954222E+000                  3.5629902102034031E-005                  4.1056323513437681E-001                  5.8940113496352109E-001                  1.3896697285600368E-131                  4.4936858195290355E-135                  0.0000000000000000E+000 
                                     372                  2.2338029347850291E-001                 -3.2470934408356728E-001                  6.0424624608868491E+000                 -4.2539739973137047E+000                  9.8371631962109749E+000                  3.5629893881145935E-005                  4.1056336210567451E-001                  5.8940100800044437E-001                  2.1550963316413009E-131                  7.1683444939622540E-135                  0.0000000000000000E+000 
                                     373                  2.2338022649909980E-001                 -3.2703930104022638E-001                  6.0456867160645285E+000                 -4.2447726700892296E+000                  9.8498972902092046E+000                  3.5629888035663146E-005                  4.1056345238892927E-001                  5.8940091772303504E-001                  2.9770717007196235E-131                  1.0110289596885458E-134                  0.0000000000000000E+000 
                                     374                  2.2338019300814757E-001                 -3.2819371851492413E-001                  6.0488756531384835E+000                 -4.2358734385545720E+000                  9.8623994456670623E+000                  3.5629882337689383E-005                  4.1056354039391291E-001                  5.8940082972374941E-001                  4.0930686358831306E-131                  1.4188117429513729E-134                  0.0000000000000000E+000 
                                     375                  2.2338012602485741E-001                 -3.3048281733317103E-001                  6.0530614871934789E+000                 -4.2240675910006784E+000                  9.8788655711524846E+000                  3.5629875105289157E-005                  4.1056365209805379E-001                  5.8940071802684091E-001                  6.2110843856221105E-131                  2.2115408893590344E-134                  0.0000000000000000E+000 
                                     376                  2.2338005904043004E-001                 -3.3274586861010785E-001                  6.0576906172953846E+000                 -4.2110856301044999E+000                  9.8970406138380849E+000                  3.5629867355478043E-005                  4.1056377179358561E-001                  5.8940059833905889E-001                  9.8344445716030098E-131                  3.6067847887255150E-134                  0.0000000000000000E+000 
                                     377                  2.2337997530920234E-001                 -3.3553975753374948E-001                  6.0617302989912538E+000                 -4.1995831824356458E+000                  9.9129793215929318E+000                  3.5629860871719234E-005                  4.1056387193498878E-001                  5.8940049820413942E-001                  1.4673800927453892E-130                  5.5218438766978034E-134                  0.0000000000000000E+000 
                                     378                  2.2337992506961579E-001                 -3.3719761531702852E-001                  6.0652173274668968E+000                 -4.1898110420942132E+000                  9.9266658468375120E+000                  3.5629855397194030E-005                  4.1056395648881827E-001                  5.8940041365578455E-001                  2.0701014347205936E-130                  7.9643144855820725E-134                  0.0000000000000000E+000 
                                     379                  2.2337985808287097E-001                 -3.3938783814910223E-001                  6.0681651691054768E+000                 -4.1814246735505476E+000                  9.9382926054263407E+000                  3.5629850919229054E-005                  4.1056402565081346E-001                  5.8940034449826739E-001                  2.7679695518244244E-130                  1.0849932144451779E-133                  0.0000000000000000E+000 
                                     380                  2.2337982458918124E-001                 -3.4047424907809931E-001                  6.0710840318926964E+000                 -4.1732882937039699E+000                  9.9497288760357794E+000                  3.5629846542609938E-005                  4.1056409324752591E-001                  5.8940027690593144E-001                  3.6868551181049639E-130                  1.4720855209724029E-133                  0.0000000000000000E+000 
                                     381                  2.2337975759982592E-001                 -3.4263081140562057E-001                  6.0749219640021828E+000                 -4.1624810571607807E+000                  9.9648152913323269E+000                  3.5629840961185624E-005                  4.1056417945240781E-001                  5.8940019070663108E-001                  5.3710247503923844E-130                  2.1970564744258841E-133                  0.0000000000000000E+000 
                                     382                  2.2337969060950164E-001                 -3.4476581439649695E-001                  6.0796439392853738E+000                 -4.1493134828546250E+000                  9.9833181981804326E+000                  3.5629834284275691E-005                  4.1056428257702265E-001                  5.8940008758869311E-001                  8.5180709293824308E-130                  3.5893087825585002E-133                  0.0000000000000000E+000 
                                     383                  2.2337959012149367E-001                 -3.4793011191893802E-001                  6.0838140122946402E+000                 -4.1374004647241822E+000                  9.9997872000769714E+000                  3.5629828660917324E-005                  4.1056436942957425E-001                  5.8940000074176480E-001                  1.2791718953646650E-129                  5.5327390683352825E-133                  0.0000000000000000E+000 
                                     384                  2.2337953987659276E-001                 -3.4949485174961359E-001                  6.0865604194847736E+000                 -4.1296683850340195E+000                  1.0010582242044210E+001                  3.5629825034440974E-005                  4.1056442544036081E-001                  5.8939994473460477E-001                  1.6704094894177436E-129                  7.3499480790695231E-133                  0.0000000000000000E+000 
                                     385                  2.2337948963135285E-001                 -3.5104863631903938E-001                  6.0897296511962917E+000                 -4.1207870052284479E+000                  1.0023020809340498E+001                  3.5629820936422913E-005                  4.1056448873409074E-001                  5.8939988144497280E-001                  2.2710698064002998E-129                  1.0192239443212277E-132                  0.0000000000000000E+000 
                                     386                  2.2337942263683638E-001                 -3.5310389151264887E-001                  6.0941933408684896E+000                 -4.1083315874467132E+000                  1.0040516087880674E+001                  3.5629815320311916E-005                  4.1056457547470721E-001                  5.8939979470997250E-001                  3.4958466786212527E-129                  1.6130139265135248E-132                  0.0000000000000000E+000 
                                     387                  2.2337932214247888E-001                 -3.5615294356128546E-001                  6.0985772826523323E+000                 -4.0958674076474262E+000                  1.0057803691822899E+001                  3.5629810046706213E-005                  4.1056465692534250E-001                  5.8939971326461071E-001                  5.3354043230200939E-129                  2.5295622163630776E-132                  0.0000000000000000E+000 
                                     388                  2.2337925514461543E-001                 -3.5816302276040507E-001                  6.1020354057920452E+000                 -4.0861244267106880E+000                  1.0071400756350494E+001                  3.5629806001542141E-005                  4.1056471940274475E-001                  5.8939965079125378E-001                  7.4388175496893571E-129                  3.6029341425301425E-132                  0.0000000000000000E+000 
                                     389                  2.2337918814512939E-001                 -3.6015592150016007E-001                  6.1054493638735705E+000                 -4.0765034943842471E+000                  1.0084825716401985E+001                  3.5629802119431945E-005                  4.1056477936178598E-001                  5.8939959083609461E-001                  1.0319140082330042E-128                  5.1042060280752457E-132                  0.0000000000000000E+000 
                                     390                  2.2337912114512309E-001                 -3.6213207789607171E-001                  6.1088204379079407E+000                 -4.0670007829335502E+000                  1.0098083743004210E+001                  3.5629798392735828E-005                  4.1056483692046292E-001                  5.8939953328114436E-001                  1.4244726973324921E-128                  7.1933859566479029E-132                  0.0000000000000000E+000 
                                     391                  2.2337905414487966E-001                 -3.6409193412057589E-001                  6.1121499162872057E+000                 -4.0576125484841405E+000                  1.0111179988219693E+001                  3.5629794814168780E-005                  4.1056489219129211E-001                  5.8939947801389370E-001                  1.9570557811732090E-128                  1.0086572558021174E-131                  0.0000000000000000E+000 
                                     392                  2.2337898714322443E-001                 -3.6603595533084932E-001                  6.1154390400280585E+000                 -4.0483352592088133E+000                  1.0124119381707207E+001                  3.5629791376769644E-005                  4.1056494528178833E-001                  5.8939942492683484E-001                  2.6764268292013040E-128                  1.4074331731036402E-131                  0.0000000000000000E+000 
                                     393                  2.2337892014032903E-001                 -3.6796454893258701E-001                  6.1186889660767321E+000                 -4.0391656926846657E+000                  1.0136906489019887E+001                  3.5629788073923726E-005                  4.1056499629411541E-001                  5.8939937391781072E-001                  3.6439385470046101E-128                  1.9545652678168941E-131                  0.0000000000000000E+000 
                                     394                  2.2337885313650757E-001                 -3.6987810163091622E-001                  6.1219008148480158E+000                 -4.0301007771689079E+000                  1.0149545704420774E+001                  3.5629784899314936E-005                  4.1056504532582494E-001                  5.8939932488927571E-001                  4.9397892887521415E-128                  2.7019218669992033E-131                  0.0000000000000000E+000 
                                     395                  2.2337878613159870E-001                 -3.7177699807733533E-001                  6.1250756654662784E+000                 -4.0211374712080117E+000                  1.0162041220631773E+001                  3.5629781846936159E-005                  4.1056509246969675E-001                  5.8939927774845624E-001                  6.6684283478603373E-128                  3.7183923015240573E-131                  0.0000000000000000E+000 
                                     396                  2.2337871912603358E-001                 -3.7366159079898414E-001                  6.1282145826639898E+000                 -4.0122728126552749E+000                  1.0174397106182798E+001                  3.5629778911060407E-005                  4.1056513781418380E-001                  5.8939923240690506E-001                  8.9654273489526070E-128                  5.0951355449917929E-131                  0.0000000000000000E+000 
                                     397                  2.2337865211902580E-001                 -3.7553225195223838E-001                  6.1313185950093736E+000                 -4.0035041284504969E+000                  1.0186617216644709E+001                  3.5629776086224664E-005                  4.1056518144366227E-001                  5.8939918878025144E-001                  1.2006142177908137E-127                  6.9523294590899072E-131                  0.0000000000000000E+000 
                                     398                  2.2337858511148018E-001                 -3.7738929309945285E-001                  6.1343887008905753E+000                 -3.9948290189714322E+000                  1.0198705218150323E+001                  3.5629773367176289E-005                  4.1056522343925878E-001                  5.8939914678737404E-001                  1.6016643931679893E-127                  9.4478477285595791E-131                  0.0000000000000000E+000 
                                     399                  2.2337851810290249E-001                 -3.7923305293388815E-001                  6.1389365790560548E+000                 -3.9821772814919023E+000                  1.0216523230761036E+001                  3.5629769436450895E-005                  4.1056528414915994E-001                  5.8939908608140357E-001                  2.4506208752328085E-127                  1.4856108192689041E-130                  0.0000000000000000E+000 
                                     400                  2.2337838408357560E-001                 -3.8288329851198094E-001                  6.1434055773044633E+000                 -3.9693430686189815E+000                  1.0234212557869487E+001                  3.5629765786475289E-005                  4.1056534052289156E-001                  5.8939902971132196E-001                  3.7203657435001520E-127                  2.3165267885898139E-130                  0.0000000000000000E+000 
                                     401                  2.2337831707288688E-001                 -3.8468904675161913E-001                  6.1463496981887600E+000                 -3.9610217336765765E+000                  1.0245806389407498E+001                  3.5629763441752823E-005                  4.1056537673703902E-001                  5.8939899349951919E-001                  4.8929995993726424E-127                  3.1007184498869751E-130                  0.0000000000000000E+000 
                                     402                  2.2337825006093479E-001                 -3.8648271954959917E-001                  6.1492645680870908E+000                 -3.9527840538076657E+000                  1.0257284535142452E+001                  3.5629761179343718E-005                  4.1056541167985994E-001                  5.8939895855896074E-001                  6.4140312397069923E-127                  4.1358159245952831E-130                  0.0000000000000000E+000 
                                     403                  2.2337818304841897E-001                 -3.8826457522559799E-001                  6.1521510073901293E+000                 -3.9446281680748445E+000                  1.0268649891443582E+001                  3.5629758995178841E-005                  4.1056544541420165E-001                  5.8939892482680323E-001                  8.3809622585906021E-127                  5.4976508987752016E-130                  0.0000000000000000E+000 
                                     404                  2.2337811603475966E-001                 -3.9003489757504956E-001                  6.1564321960953574E+000                 -3.9327128104989444E+000                  1.0285425489737058E+001                  3.5629755828240551E-005                  4.1056549432744066E-001                  5.8939887591673112E-001                  1.2443932647637005E-126                  8.3727002061602773E-130                  0.0000000000000000E+000 
                                     405                  2.2337798200562492E-001                 -3.9354308443899272E-001                  6.1606476226328839E+000                 -3.9206323440792636E+000                  1.0302097590967991E+001                  3.5629752869094426E-005                  4.1056554003133766E-001                  5.8939883021579331E-001                  1.8357445028511358E-126                  1.2663135326925771E-129                  0.0000000000000000E+000 
                                     406                  2.2337791499041418E-001                 -3.9528029532839293E-001                  6.1634279077181580E+000                 -3.9127860680565179E+000                  1.0313038779650896E+001                  3.5629750962209057E-005                  4.1056556948310829E-001                  5.8939880076592943E-001                  2.3701530215293650E-126                  1.6619716032531041E-129                  0.0000000000000000E+000 
                                     407                  2.2337784797353755E-001                 -3.9700697961541281E-001                  6.1661833976220608E+000                 -3.9050132522984673E+000                  1.0323880212531572E+001                  3.5629749116887527E-005                  4.1056559798402764E-001                  5.8939877226685544E-001                  3.0515932314757047E-126                  2.1747729789118129E-129                  0.0000000000000000E+000 
                                     408                  2.2337778095626731E-001                 -3.9872333518093112E-001                  6.1689146885606290E+000                 -3.8973125204689234E+000                  1.0334624096129913E+001                  3.5629747330478982E-005                  4.1056562557503834E-001                  5.8939874467763120E-001                  3.9182557045701769E-126                  2.8375527786911644E-129                  0.0000000000000000E+000 
                                     409                  2.2337771393884343E-001                 -4.0042958043916771E-001                  6.1729699530110587E+000                 -3.8860451518591770E+000                  1.0350500833587821E+001                  3.5629744733783005E-005                  4.1056566568090697E-001                  5.8939870457435928E-001                  5.6718192460485200E-126                  4.2061682494082445E-129                  0.0000000000000000E+000 
                                     410                  2.2337757990085647E-001                 -4.0381367421899317E-001                  6.1779503731613010E+000                 -3.8719691269937746E+000                  1.0370103467315600E+001                  3.5629741692470889E-005                  4.1056571265385450E-001                  5.8939865760445298E-001                  8.9246205454922342E-126                  6.8136110999067134E-129                  0.0000000000000000E+000 
                                     411                  2.2337746327875943E-001                 -4.0672685737636510E-001                  6.1812095763138872E+000                 -3.8626743629100537E+000                  1.0382967121780446E+001                  3.5629739785661380E-005                  4.1056574210445340E-001                  5.8939862815576094E-001                  1.1998291148905817E-125                  9.3356021943845741E-129                  0.0000000000000000E+000 
                                     412                  2.2337741367645830E-001                 -4.0795716939972315E-001                  6.1841021811582824E+000                 -3.8546243637242963E+000                  1.0394294407248362E+001                  3.5629738117970974E-005                  4.1056576786186694E-001                  5.8939860240001507E-001                  1.5586121514614411E-125                  1.2332551986200132E-128                  0.0000000000000000E+000 
                                     413                  2.2337731447051209E-001                 -4.1040348354782247E-001                  6.1879177425593772E+000                 -3.8439025894037764E+000                  1.0409280566539685E+001                  3.5629735993646684E-005                  4.1056580067197324E-001                  5.8939856959203318E-001                  2.1996239136664194E-125                  1.7793358844844842E-128                  0.0000000000000000E+000 
                                     414                  2.2337721526242019E-001                 -4.1283070966533719E-001                  6.1916891185225698E+000                 -3.8333116452968543E+000                  1.0424088987021619E+001                  3.5629733965988702E-005                  4.1056583198907204E-001                  5.8939853827696198E-001                  3.0889659911854200E-125                  2.5537548221163342E-128                  0.0000000000000000E+000 
                                     415                  2.2337711605352104E-001                 -4.1523937655708737E-001                  6.1954175590031406E+000                 -3.8228472344962814E+000                  1.0438725104888110E+001                  3.5629732031318768E-005                  4.1056586186997412E-001                  5.8939850839799457E-001                  4.3171482118226928E-125                  3.6465796563354143E-128                  0.0000000000000000E+000 
                                     416                  2.2337701684338765E-001                 -4.1763003092527506E-001                  6.2000210595722818E+000                 -3.8100569669457411E+000                  1.0456737427389742E+001                  3.5629729723576806E-005                  4.1056589751295919E-001                  5.8939847275731716E-001                  6.5167364323217271E-125                  5.6518883649509636E-128                  0.0000000000000000E+000 
                                     417                  2.2337686802620463E-001                 -4.2118417306736161E-001                  6.2054603777982589E+000                 -3.7948016581744191E+000                  1.0478081836538536E+001                  3.5629727145727833E-005                  4.1056593732773655E-001                  5.8939843294511773E-001                  1.0585394761476103E-124                  9.4706067560382754E-128                  0.0000000000000000E+000 
                                     418                  2.2337671920523158E-001                 -4.2470055926973677E-001                  6.2099250805262391E+000                 -3.7821679425248860E+000                  1.0495650289872319E+001                  3.5629725154784772E-005                  4.1056596807777490E-001                  5.8939840219707029E-001                  1.5744437529412152E-124                  1.4449209862186590E-127                  0.0000000000000000E+000 
                                     419                  2.2337661999000033E-001                 -4.2702406050271735E-001                  6.2134556343375209E+000                 -3.7722750986736031E+000                  1.0509499471319531E+001                  3.5629723643156852E-005                  4.1056599142480937E-001                  5.8939837885154744E-001                  2.1526812003057714E-124                  2.0156051786046825E-127                  0.0000000000000000E+000 
                                     420                  2.2337652077426523E-001                 -4.2933186647232813E-001                  6.2169495681099898E+000                 -3.7624855783617850E+000                  1.0523204574116475E+001                  3.5629722209504447E-005                  4.1056601356751510E-001                  5.8939835671027541E-001                  2.9314371693103116E-124                  2.7996400100919668E-127                  0.0000000000000000E+000 
                                     421                  2.2337642155724180E-001                 -4.3162440151887604E-001                  6.2204077909601878E+000                 -3.7527959752230102E+000                  1.0536769689832798E+001                  3.5629720851843176E-005                  4.1056603453654084E-001                  5.8939833574260736E-001                  3.9762801852806099E-124                  3.8724381433991701E-127                  0.0000000000000000E+000 
                                     422                  2.2337632233876467E-001                 -4.3390205728981313E-001                  6.2238311475836667E+000                 -3.7432031040319456E+000                  1.0550198634580680E+001                  3.5629719568260033E-005                  4.1056605436143262E-001                  5.8939831591899905E-001                  5.3729535270993320E-124                  5.3345693682476086E-127                  0.0000000000000000E+000 
                                     423                  2.2337622311962502E-001                 -4.3616518650830599E-001                  6.2272204589831857E+000                 -3.7337039565187147E+000                  1.0563495092691989E+001                  3.5629718356905096E-005                  4.1056607307076254E-001                  5.8939829721088055E-001                  7.2332190306122822E-124                  7.3196826713972427E-127                  0.0000000000000000E+000 
                                     424                  2.2337612389926512E-001                 -4.3841415696220526E-001                  6.2305765180447210E+000                 -3.7242956858362968E+000                  1.0576662594881837E+001                  3.5629717215991899E-005                  4.1056609069212263E-001                  5.8939827959066138E-001                  9.7022771792916279E-124                  1.0004764530340239E-126                  0.0000000000000000E+000 
                                     425                  2.2337602467857498E-001                 -4.4064928873325582E-001                  6.2339000908297528E+000                 -3.7149755934229458E+000                  1.0589704524328001E+001                  3.5629716143787589E-005                  4.1056610725227660E-001                  5.8939826303157961E-001                  1.2968174278441359E-123                  1.3623393924335636E-126                  0.0000000000000000E+000 
                                     426                  2.2337592545706680E-001                 -4.4287091916185645E-001                  6.2371919324339871E+000                 -3.7057410622854552E+000                  1.0602624189198552E+001                  3.5629715138614445E-005                  4.1056612277713678E-001                  5.8939824750772463E-001                  1.7273716848663099E-123                  1.8482842047911588E-126                  0.0000000000000000E+000 
                                     427                  2.2337582623474730E-001                 -4.4507936114298541E-001                  6.2404527597503385E+000                 -3.6965896248137096E+000                  1.0615424719955028E+001                  3.5629714198872643E-005                  4.1056613729141245E-001                  5.8939823299438876E-001                  2.2931441878846649E-123                  2.4985977708169329E-126                  0.0000000000000000E+000 
                                     428                  2.2337572701188757E-001                 -4.4727490923966773E-001                  6.2436832702248397E+000                 -3.6875188551194711E+000                  1.0628109131586566E+001                  3.5629713323049900E-005                  4.1056615081846076E-001                  5.8939821946821613E-001                  3.0342491873817240E-123                  3.3659378007154695E-126                  0.0000000000000000E+000 
                                     429                  2.2337562778840855E-001                 -4.4945785368240421E-001                  6.2468841660571028E+000                 -3.6785263055358750E+000                  1.0640680366811264E+001                  3.5629712509732794E-005                  4.1056616338011193E-001                  5.8939820690737832E-001                  4.0020358879349259E-123                  4.5189316641440322E-126                  0.0000000000000000E+000 
                                     430                  2.2337552856390849E-001                 -4.5162847969993603E-001                  6.2500561427324808E+000                 -3.6696098344648678E+000                  1.0653141213153855E+001                  3.5629711757597028E-005                  4.1056617499681963E-001                  5.8939819529142279E-001                  5.2620528174895312E-123                  6.0467536222365880E-126                  0.0000000000000000E+000 
                                     431                  2.2337542933903468E-001                 -4.5378703904056500E-001                  6.2531999028823568E+000                 -3.6607675957549244E+000                  1.0665494360839912E+001                  3.5629711065368621E-005                  4.1056618568826048E-001                  5.8939818460067417E-001                  6.8977611580604403E-123                  8.0649566854602556E-126                  0.0000000000000000E+000 
                                     432                  2.2337533011326013E-001                 -4.5593380015634349E-001                  6.2578659417928879E+000                 -3.6478533791179535E+000                  1.0683739363048096E+001                  3.5629710113011450E-005                  4.1056620039738001E-001                  5.8939816989250704E-001                  1.0291545553868074E-122                  1.2345629141734600E-125                  0.0000000000000000E+000 
                                     433                  2.2337513165994557E-001                 -4.6019471823701980E-001                  6.2624707232917176E+000                 -3.6346780241369085E+000                  1.0701935100458918E+001                  3.5629709331769673E-005                  4.1056621246362890E-001                  5.8939815782703930E-001                  1.5269633594484694E-122                  1.8785223119092346E-125                  0.0000000000000000E+000 
                                     434                  2.2337503243235354E-001                 -4.6230759633434709E-001                  6.2655096565838617E+000                 -3.6261242254205079E+000                  1.0713882725526249E+001                  3.5629708867832584E-005                  4.1056621962911938E-001                  5.8939815066201273E-001                  1.9790495381651776E-122                  2.4754463720229101E-125                  0.0000000000000000E+000 
                                     435                  2.2337493320350532E-001                 -4.6440967329556809E-001                  6.2685237550061714E+000                 -3.6176368718577421E+000                  1.0725734803963803E+001                  3.5629708458571241E-005                  4.1056622595014480E-001                  5.8939814434139670E-001                  2.5581356649671261E-122                  3.2527788224787597E-125                  0.0000000000000000E+000 
                                     436                  2.2337483397387972E-001                 -4.6650115969445743E-001                  6.2715136659042292E+000                 -3.6092145496533781E+000                  1.0737493495095251E+001                  3.5629708103470574E-005                  4.1056623143466092E-001                  5.8939813885723558E-001                  3.2980661074497759E-122                  4.2623722314185383E-125                  0.0000000000000000E+000 
                                     437                  2.2337473474325553E-001                 -4.6858227446618517E-001                  6.2759556490025776E+000                 -3.5968948161536693E+000                  1.0754879231547138E+001                  3.5629707650098947E-005                  4.1056623843696805E-001                  5.8939813185538181E-001                  4.8033861094765805E-122                  6.3591726392541534E-125                  0.0000000000000000E+000 
                                     438                  2.2337453627902798E-001                 -4.7271583027594855E-001                  6.2803404878410989E+000                 -3.5842955982139588E+000                  1.0772231745759756E+001                  3.5629707363541135E-005                  4.1056624286284243E-001                  5.8939812742979403E-001                  6.9608146007221824E-122                  9.4364007648766269E-125                  0.0000000000000000E+000 
                                     439                  2.2337443704532325E-001                 -4.7476694371196193E-001                  6.2832298927763670E+000                 -3.5760589042817341E+000                  1.0783637345559777E+001                  3.5629707231694039E-005                  4.1056624489921567E-001                  5.8939812539355263E-001                  8.8814070773309460E-122                  1.2229041404147936E-124                  0.0000000000000000E+000 
                                     440                  2.2337433781128677E-001                 -4.7680817865741482E-001                  6.2860906377364438E+000                 -3.5678371591034859E+000                  1.0794959293841710E+001                  3.5628817080423617E-005                  4.1057999325104300E-001                  5.8938437793187659E-001                  1.1301031710514358E-121                  1.5801080849537501E-124                  0.0000000000000000E+000 
                                     441                  2.2337423857672176E-001                 -4.7883951790224183E-001                  6.2889233089764813E+000                 -3.5596257746632798E+000                  1.0806199355306012E+001                  3.5628817046970755E-005                  4.1057999376772131E-001                  5.8938437741523164E-001                  1.4340727289920316E-121                  2.0358388623448864E-124                  0.0000000000000000E+000 
                                     442                  2.2337413934123071E-001                 -4.8086092732053548E-001                  6.2931238666310998E+000                 -3.5475245153101502E+000                  1.0822833477345386E+001                  3.5628712150229851E-005                  4.1058161389381365E-001                  5.8938275739403612E-001                  2.0394793394060064E-121                  2.9611150496599078E-124                  0.0000000000000000E+000 
                                     443                  2.2337394086751761E-001                 -4.8487543680130191E-001                  6.2972574612454162E+000                 -3.5350541201767931E+000                  1.0839446095163048E+001                  3.5627418851449228E-005                  4.1060158884329123E-001                  5.8936278373785733E-001                  2.8850978647842777E-121                  4.2819562831531117E-124                  0.0000000000000000E+000 
                                     444                  2.2337384162939433E-001                 -4.8686682984669261E-001                  6.2999830243016444E+000                 -3.5268855145435043E+000                  1.0850374657515493E+001                  3.5627418842462391E-005                  4.1060158898209265E-001                  5.8936278359906491E-001                  3.6239012958234440E-121                  5.4570752809628740E-124                  0.0000000000000000E+000 
                                     445                  2.2337374239002997E-001                 -4.8884814200386378E-001                  6.3026829050197017E+000                 -3.5187259907433912E+000                  1.0861228924739759E+001                  3.5627340952920522E-005                  4.1060279198304384E-001                  5.8936158067600330E-001                  4.5408540696748745E-121                  6.9366373535066040E-124                  0.0000000000000000E+000 
                                     446                  2.2337364315022545E-001                 -4.9081931192899531E-001                  6.3053575010737113E+000                 -3.5105748916917614E+000                  1.0872010171252821E+001                  3.5627340754427438E-005                  4.1060279504876157E-001                  5.8936157761048402E-001                  5.6762461379284310E-121                  8.7949250248594204E-124                  0.0000000000000000E+000 
                                     447                  2.2337354391013647E-001                 -4.9278028877071894E-001                  6.3093257109382783E+000                 -3.4985443669462746E+000                  1.0887977114958245E+001                  3.5627340491674667E-005                  4.1060279910696812E-001                  5.8936157355254015E-001                  7.8969334229332655E-121                  1.2495264164928669E-123                  0.0000000000000000E+000 
                                     448                  2.2337334542678819E-001                 -4.9667297686132234E-001                  6.3145270140232483E+000                 -3.4822793819058262E+000                  1.0909119949370368E+001                  3.5626422704177746E-005                  4.1061697429924132E-001                  5.8934739927805446E-001                  1.2170559620887965E-120                  1.9791587188176782E-123                  0.0000000000000000E+000 
                                     449                  2.2337314694040941E-001                 -5.0052427831306634E-001                  6.3183643118104280E+000                 -3.4699342944202760E+000                  1.0924867379827084E+001                  3.5625665160878090E-005                  4.1062867452610624E-001                  5.8933569980873290E-001                  1.6741719705322769E-120                  2.7778306195216502E-123                  0.0000000000000000E+000 
                                     450                  2.2337304769507496E-001                 -5.0243365888631908E-001                  6.3208962455555850E+000                 -3.4618370909861245E+000                  1.0935235939759076E+001                  3.5625549248763325E-005                  4.1063046478422055E-001                  5.8933390966653065E-001                  2.0649828255285688E-120                  3.4720276415046469E-123                  0.0000000000000000E+000 
                                     451                  2.2337294844931399E-001                 -5.0433259199747438E-001                  6.3234058343925357E+000                 -3.4537498831324358E+000                  1.0945539325503326E+001                  3.5625549123218798E-005                  4.1063046672325076E-001                  5.8933390772762606E-001                  2.5417108003542558E-120                  4.3300776927896019E-123                  0.0000000000000000E+000 
                                     452                  2.2337284920314709E-001                 -5.0622104135884816E-001                  6.3271316879676389E+000                 -3.4418058423827538E+000                  1.0960808963260870E+001                  3.5624810350731277E-005                  4.1064187703565058E-001                  5.8932249815399862E-001                  3.4570659282614660E-120                  6.0048697914848156E-123                  0.0000000000000000E+000 
                                     453                  2.2337265070963452E-001                 -5.0996764207496004E-001                  6.3308041358152991E+000                 -3.4295524024562027E+000                  1.0976068880819616E+001                  3.5624617381178952E-005                  4.1064485744289730E-001                  5.8931951793972148E-001                  4.6827453660754428E-120                  8.2907703097549583E-123                  0.0000000000000000E+000 
                                     454                  2.2337255146196952E-001                 -5.1182447249648633E-001                  6.3332284705917559E+000                 -3.4215146583081002E+000                  1.0986120785785598E+001                  3.5623780577095705E-005                  4.1065778184948876E-001                  5.8930659436993416E-001                  5.7183992885848784E-120                  1.0252142675501370E-122                  0.0000000000000000E+000 
                                     455                  2.2337245221387941E-001                 -5.1367072465648944E-001                  6.3368292069345626E+000                 -3.4096389327440315E+000                  1.1001022589568889E+001                  3.5622909364899875E-005                  4.1067123768804292E-001                  5.8929313940259220E-001                  7.6879600958080640E-120                  1.4042096030095084E-122                  0.0000000000000000E+000 
                                     456                  2.2337225371637803E-001                 -5.1733258443429353E-001                  6.3415572201531898E+000                 -3.3936349924488232E+000                  1.1020769011045926E+001                  3.5622889555743234E-005                  4.1067154363969854E-001                  5.8929283347074568E-001                  1.1336593369096423E-119                  2.1218424015111269E-122                  0.0000000000000000E+000 
                                     457                  2.2337205521611120E-001                 -5.2095189493670679E-001                  6.3462094093613111E+000                 -3.3776991589077605E+000                  1.1040282801019048E+001                  3.5622796678813887E-005                  4.1067297812026798E-001                  5.8929139908305328E-001                  1.6599240714491106E-119                  3.1821482463144707E-122                  0.0000000000000000E+000 
                                     458                  2.2337185671349319E-001                 -5.2452865263274639E-001                  6.3496487152588212E+000                 -3.3656544584047334E+000                  1.1054827349543327E+001                  3.5621781125537872E-005                  4.1068866330120252E-001                  5.8927571491767194E-001                  2.2001274043187850E-119                  4.2926021751499234E-122                  0.0000000000000000E+000 
                                     459                  2.2337175746145027E-001                 -5.2630059429704512E-001                  6.3530523611019127E+000                 -3.3539441395606664E+000                  1.1069128451861197E+001                  3.5621780124355648E-005                  4.1068867876442300E-001                  5.8927569945545266E-001                  2.9041574890781871E-119                  5.7658470090438717E-122                  0.0000000000000000E+000 
                                     460                  2.2337155895619476E-001                 -5.2981370052407029E-001                  6.3575266536159685E+000                 -3.3382072134587282E+000                  1.1088083287725022E+001                  3.5620187154112786E-005                  4.1071328212799957E-001                  5.8925109768484629E-001                  4.1826198851344931E-119                  8.4951229049175740E-122                  0.0000000000000000E+000 
                                     461                  2.2337136044938280E-001                 -5.3328453519734775E-001                  6.3608368438623399E+000                 -3.3263272525052092E+000                  1.1102213204636920E+001                  3.5619621236681549E-005                  4.1072202270075953E-001                  5.8924235767800381E-001                  5.4772672394259099E-119                  1.1313313719039125E-121                  0.0000000000000000E+000 
                                     462                  2.2337126119548123E-001                 -5.3500370588239110E-001                  6.3630246583758225E+000                 -3.3185288235894390E+000                  1.1111528903882601E+001                  3.5619617883383549E-005                  4.1072207449231685E-001                  5.8924230588979976E-001                  6.5427480078871827E-119                  1.3665152801857399E-121                  0.0000000000000000E+000 
                                     463                  2.2337116194105228E-001                 -5.3671240150232868E-001                  6.3662780158041246E+000                 -3.3070043664079400E+000                  1.1125350777054090E+001                  3.5619561458286722E-005                  4.1072294597574716E-001                  5.8924143446279453E-001                  8.5165279400924055E-119                  1.8083436208773122E-121                  0.0000000000000000E+000 
                                     464                  2.2337096342997897E-001                 -5.4009937036473044E-001                  6.3705578745402027E+000                 -3.2915406472429609E+000                  1.1143672732257036E+001                  3.5618660702400068E-005                  4.1073685811545357E-001                  5.8922752322384397E-001                  1.2045110390461972E-118                  2.6133931918512609E-121                  0.0000000000000000E+000 
                                     465                  2.2337076491628802E-001                 -5.4344480117682281E-001                  6.3737261576602000E+000                 -3.2798850279195002E+000                  1.1157332434544786E+001                  3.5617478518124405E-005                  4.1075511690570049E-001                  5.8920926561578146E-001                  1.5566244890941836E-118                  3.4315088093479028E-121                  0.0000000000000000E+000 
                                     466                  2.2337066565911567E-001                 -5.4510163348945539E-001                  6.3768643340980304E+000                 -3.2685335782244440E+000                  1.1170776189229978E+001                  3.5617476777913368E-005                  4.1075514378319222E-001                  5.8920923874002984E-001                  2.0046654021385003E-118                  4.4895353774966804E-121                  0.0000000000000000E+000 
                                     467                  2.2337046714311015E-001                 -5.4838534205964584E-001                  6.3809943397474846E+000                 -3.2533157963557473E+000                  1.1188597978085507E+001                  3.5617396090771328E-005                  4.1075638999296804E-001                  5.8920799261094126E-001                  2.7959713652002686E-118                  6.3928141760160858E-121                  0.0000000000000000E+000 
                                     468                  2.2337026862507245E-001                 -5.5162830138715124E-001                  6.3840527269868659E+000                 -3.2418560920479056E+000                  1.1201885565031443E+001                  3.5616447949552938E-005                  4.1077103399727261E-001                  5.8919334955477787E-001                  3.5765837672194237E-118                  8.3032890352836605E-121                  0.0000000000000000E+000 
                                     469                  2.2337016936533866E-001                 -5.5323426301965617E-001                  6.3865793319274413E+000                 -3.2324988383382109E+000                  1.1212814780087255E+001                  3.5615663957338020E-005                  4.1078314272658861E-001                  5.8918124160945406E-001                  4.3805423706947918E-118                  1.0298385202369223E-120                  0.0000000000000000E+000 
                                     470                  2.2337002047500590E-001                 -5.5562462173754334E-001                  6.3895815196754153E+000                 -3.2212613235485046E+000                  1.1225856755160743E+001                  3.5615640643571115E-005                  4.1078350280681286E-001                  5.8918088155254356E-001                  5.5726887410380891E-118                  1.3298588614682634E-120                  0.0000000000000000E+000 
                                     471                  2.2336987158357433E-001                 -5.5799253764074064E-001                  6.3940303790952182E+000                 -3.2047567228296296E+000                  1.1245120361212203E+001                  3.5615533848603030E-005                  4.1078515225094703E-001                  5.8917923221520430E-001                  7.9510560899505839E-118                  1.9398516038950227E-120                  0.0000000000000000E+000 
                                     472                  2.2336957379859226E-001                 -5.6266385757819892E-001                  6.3988865044828565E+000                 -3.1861117656085378E+000                  1.1266444944160190E+001                  3.5613887720917933E-005                  4.1081057662909948E-001                  5.8915380948317964E-001                  1.1722590373100717E-117                  2.9293514106548240E-120                  0.0000000000000000E+000 
                                     473                  2.2336937527314926E-001                 -5.6572809283313663E-001                  6.4027151024994859E+000                 -3.1714599449597585E+000                  1.1283240305008425E+001                  3.5613851569825932E-005                  4.1081113498131067E-001                  5.8915325116711958E-001                  1.5902938085699589E-117                  4.0498325996968697E-120                  0.0000000000000000E+000 
                                     474                  2.2336917674507878E-001                 -5.6875368914937596E-001                  6.4055512876207974E+000                 -3.1604395487285468E+000                  1.1295763327258671E+001                  3.5613424341250580E-005                  4.1081773351005585E-001                  5.8914665306560288E-001                  1.9931656657015870E-117                  5.1470747180800197E-120                  0.0000000000000000E+000 
                                     475                  2.2336907748046012E-001                 -5.7025183717564432E-001                  6.4083622645146372E+000                 -3.1496826827351905E+000                  1.1308102175357204E+001                  3.5612223028229007E-005                  4.1083628774298886E-001                  5.8912810003398297E-001                  2.4911147774018921E-117                  6.5219865704477804E-120                  0.0000000000000000E+000 
                                     476                  2.2336887894994698E-001                 -5.7322025358056261E-001                  6.4120636795561072E+000                 -3.1352895598823496E+000                  1.1324460176855279E+001                  3.5611537267379276E-005                  4.1084687929265284E-001                  5.8911750917007977E-001                  3.3407901327343331E-117                  8.9063930239610209E-120                  0.0000000000000000E+000 
                                     477                  2.2336868041745031E-001                 -5.7615104589557775E-001                  6.4148059721116848E+000                 -3.1244676374847975E+000                  1.1336657143157051E+001                  3.5611462605487691E-005                  4.1084803244266377E-001                  5.8911635609473079E-001                  4.1516266969501009E-117                  1.1217540495596415E-119                  0.0000000000000000E+000 
                                     478                  2.2336858115020861E-001                 -5.7760220824614206E-001                  6.4175243430203031E+000                 -3.1138960153655382E+000                  1.1348678440722466E+001                  3.5611055134697468E-005                  4.1085432581317055E-001                  5.8911006313169478E-001                  5.1456023222962190E-117                  1.4088681492709933E-119                  0.0000000000000000E+000 
                                     479                  2.2336838261511244E-001                 -5.8047735395415179E-001                  6.4211043813582007E+000                 -3.0997636052930573E+000                  1.1364615324368327E+001                  3.5609506940481466E-005                  4.1087823761260145E-001                  5.8908615288045807E-001                  6.8259112148864844E-117                  1.9016392999009460E-119                  0.0000000000000000E+000 
                                     480                  2.2336818407794309E-001                 -5.8331594461040359E-001                  6.4246374826056085E+000                 -3.0857323210568515E+000                  1.1380387999782382E+001                  3.5609477156797171E-005                  4.1087869762044549E-001                  5.8908569290239776E-001                  9.0164891959438525E-117                  2.5554198022589378E-119                  0.0000000000000000E+000 
                                     481                  2.2336798554077369E-001                 -5.8611836430453879E-001                  6.4281245679340087E+000                 -3.0718088526872958E+000                  1.1395998838879198E+001                  3.5608087889379919E-005                  4.1090015480160386E-001                  5.8906423711050682E-001                  1.1861710780147970E-116                  3.4188134708748484E-119                  0.0000000000000000E+000 
                                     482                  2.2336778700099078E-001                 -5.8888511065474136E-001                  6.4315665448679935E+000                 -3.0579878692825537E+000                  1.1411450165265881E+001                  3.5608028220773410E-005                  4.1090107638090523E-001                  5.8906331559087399E-001                  1.5541433746348371E-116                  4.5545608810839561E-119                  0.0000000000000000E+000 
                                     483                  2.2336758846059662E-001                 -5.9161658545672746E-001                  6.4341175647668223E+000                 -3.0476113993006404E+000                  1.1422970871405187E+001                  3.5607348657794069E-005                  4.1091157220462970E-001                  5.8905282044671248E-001                  1.8985583444716162E-116                  5.6325699180932192E-119                  0.0000000000000000E+000 
                                     484                  2.2336748918921137E-001                 -5.9296905254812682E-001                  6.4366473027744391E+000                 -3.0374604216825536E+000                  1.1434332831864884E+001                  3.5606597365996435E-005                  4.1092317587715504E-001                  5.8904121752547889E-001                  2.3138885959751796E-116                  6.9485740545477024E-119                  0.0000000000000000E+000 
                                     485                  2.2336729064505670E-001                 -5.9564854209656870E-001                  6.4399803678855152E+000                 -3.0239063702022153E+000                  1.1449395117786148E+001                  3.5605805184866747E-005                  4.1093541108380943E-001                  5.8902898311100571E-001                  3.0025634432129145E-116                  9.1617961052816360E-119                  0.0000000000000000E+000 
                                     486                  2.2336709209925645E-001                 -5.9829392830996797E-001                  6.4424511661137593E+000                 -3.0137340910556270E+000                  1.1460625619812335E+001                  3.5605472509955346E-005                  4.1094054923482137E-001                  5.8902384529266860E-001                  3.6418573369473101E-116                  1.1244724086798129E-118                  0.0000000000000000E+000 
                                     487                  2.2336699282581496E-001                 -5.9960379355063187E-001                  6.4449017994282762E+000                 -3.0037777308545115E+000                  1.1471704293937171E+001                  3.5604953012275507E-005                  4.1094857285619296E-001                  5.8901582219079474E-001                  4.4075622834907182E-116                  1.3769089288582416E-118                  0.0000000000000000E+000 
                                     488                  2.2336679427753736E-001                 -6.0219890754037275E-001                  6.4481313563999301E+000                 -2.9904934060269617E+000                  1.1486390774467111E+001                  3.5603526717928053E-005                  4.1097060191664536E-001                  5.8899379455663670E-001                  5.6673187646684791E-116                  1.7978182215330452E-118                  0.0000000000000000E+000 
                                     489                  2.2336659572778031E-001                 -6.0476109825939606E-001                  6.4513209929865036E+000                 -2.9773142359105713E+000                  1.1500930487713401E+001                  3.5603488983590304E-005                  4.1097118472201527E-001                  5.8899321178900110E-001                  7.2611584775437623E-116                  2.3387087359148410E-118                  0.0000000000000000E+000 
                                     490                  2.2336639717729356E-001                 -6.0729081493517123E-001                  6.4544715450678973E+000                 -2.9642458448169915E+000                  1.1515325451148476E+001                  3.5602384896023604E-005                  4.1098823731128109E-001                  5.8897616030382283E-001                  9.2715388500630794E-116                  3.0310868319231710E-118                  0.0000000000000000E+000 
                                     491                  2.2336619862462842E-001                 -6.0978856858137243E-001                  6.4575838205110241E+000                 -2.9512839609050467E+000                  1.1529577618466963E+001                  3.5602334934140402E-005                  4.1098900897060991E-001                  5.8897538869445598E-001                  1.1798258829544427E-115                  3.9145039452889635E-118                  0.0000000000000000E+000 
                                     492                  2.2336600007149859E-001                 -6.1225480584528369E-001                  6.4606586238114749E+000                 -2.9384326893472257E+000                  1.1543688908577234E+001                  3.5601565639839295E-005                  4.1100089069095863E-001                  5.8896350774340145E-001                  1.4964473696710211E-115                  5.0375686090607725E-118                  0.0000000000000000E+000 
                                     493                  2.2336580151646471E-001                 -6.1469003638606612E-001                  6.4636967144093616E+000                 -2.9256919271128181E+000                  1.1557661251086035E+001                  3.5600123440212477E-005                  4.1102316540769857E-001                  5.8894123446886115E-001                  1.8919622907985971E-115                  6.4604768470607236E-118                  0.0000000000000000E+000 
                                     494                  2.2336560296021826E-001                 -6.1709474248040275E-001                  6.4666988718327589E+000                 -2.9130575397346012E+000                  1.1571496470624309E+001                  3.5600055387207581E-005                  4.1102421648369003E-001                  5.8894018346092269E-001                  2.3843648471844996E-115                  8.2578831238407814E-118                  0.0000000000000000E+000 
                                     495                  2.2336540440353048E-001                 -6.1946938218389114E-001                  6.4696658634526427E+000                 -2.9005355809378730E+000                  1.1585196458824479E+001                  3.5598552969079570E-005                  4.1104742127272464E-001                  5.8891698017430627E-001                  2.9957956476992832E-115                  1.0520269267530976E-117                  0.0000000000000000E+000 
                                     496                  2.2336520584434705E-001                 -6.2181447994062522E-001                  6.4725984251190036E+000                 -2.8881211012564840E+000                  1.1598763065027835E+001                  3.5597881651669326E-005                  4.1105778974371421E-001                  5.8890661237463404E-001                  3.7525623592084846E-115                  1.3359845688220299E-117                  0.0000000000000000E+000 
                                     497                  2.2336500728402986E-001                 -6.2413049155214495E-001                  6.4754972991272499E+000                 -2.8758160293745259E+000                  1.1612198066138552E+001                  3.5597168052294836E-005                  4.1106881125791850E-001                  5.8889559157402926E-001                  4.6866349382199679E-115                  1.6912632733039910E-117                  0.0000000000000000E+000 
                                     498                  2.2336480872183795E-001                 -6.2641790681646325E-001                  6.4783631928169809E+000                 -2.8636206386886593E+000                  1.1625503241927532E+001                  3.5596210804071677E-005                  4.1108359591898319E-001                  5.8888080787021280E-001                  5.8363644100249173E-115                  2.1344354596461959E-117                  0.0000000000000000E+000 
                                     499                  2.2336461015842035E-001                 -6.2867719940270717E-001                  6.4811968030718035E+000                 -2.8515327473404786E+000                  1.1638680295089683E+001                  3.5595985477345216E-005                  4.1108707608136985E-001                  5.8887732793315273E-001                  7.2474462318957116E-115                  2.6857112770499807E-117                  0.0000000000000000E+000 
                                     500                  2.2336441159468681E-001                 -6.3090882721217556E-001                  6.4839987986984964E+000                 -2.8395572854768760E+000                  1.1651730994688933E+001                  3.5594013063605670E-005                  4.1111753993362582E-001                  5.8884686605331060E-001                  8.9753281707460795E-115                  3.3692545472773731E-117                  0.0000000000000000E+000 
                                     501                  2.2336421302859144E-001                 -6.3311330501933605E-001                  6.4867698491635561E+000                 -2.8276860640313628E+000                  1.1664657044852410E+001                  3.5593980430708763E-005                  4.1111804394742546E-001                  5.8884636207214380E-001                  1.1084397927586527E-114                  4.2148809121179298E-117                  0.0000000000000000E+000 
                                     502                  2.2336401446249607E-001                 -6.3529105466597435E-001                  6.4895106122371713E+000                 -2.8159259302334294E+000                  1.1677460108601663E+001                  3.5592560038339970E-005                  4.1113998185127226E-001                  5.8882442558868942E-001                  1.3653462618476979E-114                  5.2576872390604658E-117                  0.0000000000000000E+000 
                                     503                  2.2336381589483534E-001                 -6.3744257395094295E-001                  6.4922217393599047E+000                 -2.8042704863256858E+000                  1.1690141933495530E+001                  3.5592501027944062E-005                  4.1114089326449521E-001                  5.8882351423447687E-001                  1.6773689909441575E-114                  6.5407424919660835E-117                  0.0000000000000000E+000 
                                     504                  2.2336361732480675E-001                 -6.3956831798182412E-001                  6.4949038415901725E+000                 -2.7927254085397686E+000                  1.1702704137156005E+001                  3.5590936901129930E-005                  4.1116505114106106E-001                  5.8879935792203786E-001                  2.0555773785468565E-114                  8.1146128052356574E-117                  0.0000000000000000E+000 
                                     505                  2.2336341875420865E-001                 -6.4166873958751125E-001                  6.4975575284222087E+000                 -2.7812835866176675E+000                  1.1715148359271707E+001                  3.5590935953048168E-005                  4.1116506578414574E-001                  5.8879934327990124E-001                  2.5126875657398706E-114                  1.0041176071471110E-116                  0.0000000000000000E+000 
                                     506                  2.2336322018093041E-001                 -6.4374429615271833E-001                  6.5014901472025768E+000                 -2.7645010981876696E+000                  1.1733511426279616E+001                  3.5590742910731566E-005                  4.1116804731505424E-001                  5.8879636194203511E-001                  3.3799483524378970E-114                  1.3753211415675236E-116                  0.0000000000000000E+000 
                                     507                  2.2336282303084434E-001                 -6.4782380508642923E-001                  6.5053535725173921E+000                 -2.7475908562013083E+000                  1.1751790102848313E+001                  3.5589705870380620E-005                  4.1118406436206095E-001                  5.8878034593206863E-001                  4.5239483970476599E-114                  1.8735995760028764E-116                  0.0000000000000000E+000 
                                     508                  2.2336262445366917E-001                 -6.4982739049064786E-001                  6.5078993993277319E+000                 -2.7365718314214202E+000                  1.1763778373374162E+001                  3.5588491094923000E-005                  4.1120282652068840E-001                  5.8876158498821662E-001                  5.4783404266624357E-114                  2.2952623755482151E-116                  0.0000000000000000E+000 
                                     509                  2.2336242587540689E-001                 -6.5180785638798788E-001                  6.5104195226176227E+000                 -2.7256549418493607E+000                  1.1775656496987898E+001                  3.5587610163722543E-005                  4.1121643246783335E-001                  5.8874797992200301E-001                  6.6191637274029896E-114                  2.8051739535225927E-116                  0.0000000000000000E+000 
                                     510                  2.2336222729569555E-001                 -6.5376562370954738E-001                  6.5141562640176076E+000                 -2.7096298396881990E+000                  1.1793193289521303E+001                  3.5586721424574452E-005                  4.1123015900837673E-001                  5.8873425427019876E-001                  8.7536584893400360E-114                  3.7732480127482386E-116                  0.0000000000000000E+000 
                                     511                  2.2336183013322236E-001                 -6.5761572016736114E-001                  6.5178298812699431E+000                 -2.6935065442599275E+000                  1.1810645831824049E+001                  3.5585565733819409E-005                  4.1124800860573923E-001                  5.8871640582852702E-001                  1.1523887818898067E-113                  5.0505962432811500E-116                  0.0000000000000000E+000 
                                     512                  2.2336163154897570E-001                 -6.5950783691520920E-001                  6.5202517407855352E+000                 -2.6829911860141635E+000                  1.1822098448340252E+001                  3.5584332563022365E-005                  4.1126705487919546E-001                  5.8869736078824153E-001                  1.3805466633998915E-113                  6.1168710160615310E-116                  0.0000000000000000E+000 
                                     513                  2.2336143296404326E-001                 -6.6137885871562174E-001                  6.5226500159767928E+000                 -2.6725721879838535E+000                  1.1833448247768500E+001                  3.5583504456787331E-005                  4.1127984494670172E-001                  5.8868457154884157E-001                  1.6504851162231464E-113                  7.3923273014246505E-116                  0.0000000000000000E+000 
                                     514                  2.2336123437911085E-001                 -6.6322915764446921E-001                  6.5262075898063854E+000                 -2.6572643790262931E+000                  1.1850213583523271E+001                  3.5583220869736889E-005                  4.1128422493727546E-001                  5.8868019184185483E-001                  2.1491557348065165E-113                  9.7815538400864315E-116                  0.0000000000000000E+000 
                                     515                  2.2336083720351865E-001                 -6.6686997193371678E-001                  6.5297067776919278E+000                 -2.6418829482437669E+000                  1.1866895844205947E+001                  3.5581105830815815E-005                  4.1131689162815954E-001                  5.8864752726600966E-001                  2.7869401343663924E-113                  1.2884135119837154E-115                  0.0000000000000000E+000 
                                     516                  2.2336063861351782E-001                 -6.6866036095049042E-001                  6.5320144443113950E+000                 -2.6318399510283474E+000                  1.1877848688135526E+001                  3.5580363938355677E-005                  4.1132835012726071E-001                  5.8863606950880087E-001                  3.3059698214669453E-113                  1.5442287518079064E-115                  0.0000000000000000E+000 
                                     517                  2.2336044002238964E-001                 -6.7043148590925117E-001                  6.5343002819682674E+000                 -2.6218878398823033E+000                  1.1888705631014021E+001                  3.5579605914780033E-005                  4.1134005777065447E-001                  5.8862436262343076E-001                  3.9143396544498430E-113                  1.8471661439569907E-115                  0.0000000000000000E+000 
                                     518                  2.2336024143126151E-001                 -6.7218367966254722E-001                  6.5376921752256747E+000                 -2.6072555865048823E+000                  1.1904750846026920E+001                  3.5578446334369038E-005                  4.1135796744307002E-001                  5.8860645411059553E-001                  5.0253932608467837E-113                  2.4075949404943646E-115                  0.0000000000000000E+000 
                                     519                  2.2335984424515024E-001                 -6.7563336336463853E-001                  6.5410296096171976E+000                 -2.5925625303476152E+000                  1.1920714856884896E+001                  3.5576646754076611E-005                  4.1138576188752091E-001                  5.8857866146572502E-001                  6.4269188332359776E-113                  3.1249498107672863E-115                  0.0000000000000000E+000 
                                     520                  2.2335964565007899E-001                 -6.7733078242520961E-001                  6.5432312476850578E+000                 -2.5829614684261388E+000                  1.1931201464633821E+001                  3.5575506113429694E-005                  4.1140337903580904E-001                  5.8856104545807753E-001                  7.5553300704475074E-113                  3.7095911196006494E-115                  0.0000000000000000E+000 
                                     521                  2.2335944705185340E-001                 -6.7901059492814630E-001                  6.5454125780497936E+000                 -2.5734428170913448E+000                  1.1941598694542694E+001                  3.5575268040513427E-005                  4.1140705606226591E-001                  5.8855736866969366E-001                  8.8663390011516622E-113                  4.3957060449212729E-115                  0.0000000000000000E+000 
                                     522                  2.2335924845175223E-001                 -6.8067308770669488E-001                  6.5486503469103221E+000                 -2.5594383041201678E+000                  1.1956971983702292E+001                  3.5573822793655081E-005                  4.1142937784089023E-001                  5.8853504833631609E-001                  1.1235548967293729E-112                  5.6505039517667264E-115                  0.0000000000000000E+000 
                                     523                  2.2335885124631447E-001                 -6.8394792780987390E-001                  6.5518370888593616E+000                 -2.5453845230745831E+000                  1.1972266481940334E+001                  3.5571761169788592E-005                  4.1146121953699327E-001                  5.8850320870183692E-001                  1.4186787978605907E-112                  7.2352925812753759E-115                  0.0000000000000000E+000 
                                     524                  2.2335865264139576E-001                 -6.8556023903057628E-001                  6.5539398491738332E+000                 -2.5361928964652298E+000                  1.1982318133969860E+001                  3.5570585417289880E-005                  4.1147937898606668E-001                  5.8848505042851595E-001                  1.6539231365669732E-112                  8.5132627530311951E-115                  0.0000000000000000E+000 
                                     525                  2.2335845403489352E-001                 -6.8715638809535484E-001                  6.5570616478584007E+000                 -2.5226555535006030E+000                  1.1997185906546479E+001                  3.5570288372479989E-005                  4.1148396683094685E-001                  5.8848046288068068E-001                  2.0755339644889256E-112                  1.0831564007145400E-114                  0.0000000000000000E+000 
                                     526                  2.2335805681847343E-001                 -6.9030178760615668E-001                  6.5601350750412299E+000                 -2.5090785215286031E+000                  1.2011977012092480E+001                  3.5568705224063041E-005                  4.1150841849317515E-001                  5.8845601280160076E-001                  2.5958755529008909E-112                  1.3730436709682796E-114                  0.0000000000000000E+000 
                                     527                  2.2335785820768797E-001                 -6.9185104247818996E-001                  6.5621635140285983E+000                 -2.5001944387261474E+000                  1.2021701461947792E+001                  3.5567177557417445E-005                  4.1153201324168615E-001                  5.8843241958075643E-001                  3.0076362209728762E-112                  1.6049403141252280E-114                  0.0000000000000000E+000 
                                     528                  2.2335765959586229E-001                 -6.9338518674510041E-001                  6.5651756946775288E+000                 -2.4871016002025370E+000                  1.2036090465357494E+001                  3.5566658669579963E-005                  4.1154002744286761E-001                  5.8842440589846279E-001                  3.7401270692183119E-112                  2.0223229546614024E-114                  0.0000000000000000E+000 
                                     529                  2.2335726236589329E-001                 -6.9640960776452965E-001                  6.5681421511390914E+000                 -2.4739768108239830E+000                  1.2050405114802054E+001                  3.5564716711672399E-005                  4.1157002090230249E-001                  5.8839441438098583E-001                  4.6363542946977958E-112                  2.5394086869773759E-114                  0.0000000000000000E+000 
                                     530                  2.2335706374760364E-001                 -6.9789990448848616E-001                  6.5701004879015157E+000                 -2.4653819936395984E+000                  1.2059819746845211E+001                  3.5563757010065566E-005                  4.1158484345380708E-001                  5.8837959278918284E-001                  5.3405465552033208E-112                  2.9500921582513903E-114                  0.0000000000000000E+000 
                                     531                  2.2335686512770433E-001                 -6.9937605675920289E-001                  6.5730093373712206E+000                 -2.4527128054947078E+000                  1.2073755205840863E+001                  3.5562091192649734E-005                  4.1161057193466966E-001                  5.8835386597413764E-001                  6.5850214983157054E-112                  3.6836419788342431E-114                  0.0000000000000000E+000 
                                     532                  2.2335646787986818E-001                 -7.0228728589592426E-001                  6.5768258767612657E+000                 -2.4359355140242323E+000                  1.2092143301684018E+001                  3.5559437525513259E-005                  4.1165155771330181E-001                  5.8831288284917260E-001                  8.6657762902723527E-112                  4.9280472519741541E-114                  0.0000000000000000E+000 
                                     533                  2.2335607062241555E-001                 -7.0514463129163008E-001                  6.5805785601689184E+000                 -2.4194234171820668E+000                  1.2110245720388173E+001                  3.5558788995143573E-005                  4.1166157423786276E-001                  5.8830286697314205E-001                  1.1343493654684016E-111                  6.5565848314730904E-114                  0.0000000000000000E+000 
                                     534                  2.2335567334623196E-001                 -7.0794984018700213E-001                  6.5833497265989962E+000                 -2.4071348909208150E+000                  1.2123681920995358E+001                  3.5556284917965113E-005                  4.1170024960500773E-001                  5.8826419411007436E-001                  1.3836909208097871E-111                  8.0931443204008201E-114                  0.0000000000000000E+000 
                                     535                  2.2335547470333833E-001                 -7.0933323208345345E-001                  6.5851801344353129E+000                 -2.3990776669664173E+000                  1.2132524884477734E+001                  3.5555776964191465E-005                  4.1170809492962207E-001                  5.8825634929341375E-001                  1.5771391063479375E-111                  9.2976777473691904E-114                  0.0000000000000000E+000 
                                     536                  2.2335527605843664E-001                 -7.1070418944267599E-001                  6.5879004614132537E+000                 -2.3871906484059866E+000                  1.2145622659041958E+001                  3.5554440174876663E-005                  4.1172874158421069E-001                  5.8823570397561442E-001                  1.9148000736027349E-111                  1.1420769122396512E-113                  0.0000000000000000E+000 
                                     537                  2.2335487876574114E-001                 -7.1340989404407329E-001                  6.5914728419826618E+000                 -2.3714520426118635E+000                  1.2162911029436454E+001                  3.5552668540754021E-005                  4.1175610439830651E-001                  5.8820834293315272E-001                  2.4697939060780436E-111                  1.4957950332152980E-113                  0.0000000000000000E+000 
                                     538                  2.2335448147304562E-001                 -7.1606809526518778E-001                  6.5949887136541792E+000                 -2.3559617483640070E+000                  1.2179941573326211E+001                  3.5549551407131267E-005                  4.1180424839487489E-001                  5.8816020205371800E-001                  3.1711212241909406E-111                  1.9494121754120771E-113                  0.0000000000000000E+000 
                                     539                  2.2335408417845609E-001                 -7.1868028928941297E-001                  6.5984498290464542E+000                 -2.3407084529269957E+000                  1.2196720858573924E+001                  3.5547771003378285E-005                  4.1183174665518474E-001                  5.8813270557381192E-001                  4.0532811511633516E-111                  2.5286938195918831E-113                  0.0000000000000000E+000 
                                     540                  2.2335368688386656E-001                 -7.2124785743514985E-001                  6.6018579250702301E+000                 -2.3256878860908210E+000                  1.2213255200947129E+001                  3.5546889442122935E-005                  4.1184536233099256E-001                  5.8811909077956526E-001                  5.1583625711616380E-111                  3.2652095286975565E-113                  0.0000000000000000E+000 
                                     541                  2.2335328958927700E-001                 -7.2377214827269687E-001                  6.6043779670557248E+000                 -2.3145127059740687E+000                  1.2225533829431688E+001                  3.5543877320952318E-005                  4.1189188441312402E-001                  5.8807257170955496E-001                  6.1643393562790551E-111                  3.9434423281165535E-113                  0.0000000000000000E+000 
                                     542                  2.2335309094198225E-001                 -7.2501836661753438E-001                  6.6060438272995352E+000                 -2.3071774036127013E+000                  1.2233622324277890E+001                  3.5542307231143798E-005                  4.1191613438254604E-001                  5.8804832331022283E-001                  6.9327204621541964E-111                  4.4661553261344428E-113                  0.0000000000000000E+000 
                                     543                  2.2335289229468744E-001                 -7.2625426291646633E-001                  6.6085216283066925E+000                 -2.2963395222003773E+000                  1.2245613310737765E+001                  3.5540785334815145E-005                  4.1193964000512651E-001                  5.8802481920953875E-001                  8.2526746439188409E-111                  5.3723495092019261E-113                  0.0000000000000000E+000 
                                     544                  2.2335249500009791E-001                 -7.2869593121155207E-001                  6.6117799706224991E+000                 -2.2819905311601465E+000                  1.2261448963360348E+001                  3.5540007673442355E-005                  4.1195165094725988E-001                  5.8801280904506670E-001                  1.0375635696233700E-110                  6.8481911188930303E-113                  0.0000000000000000E+000 
                                     545                  2.2335209770550837E-001                 -7.3109810041211243E-001                  6.6149912851089194E+000                 -2.2678605692600824E+000                  1.2277063158931952E+001                  3.5536669132143323E-005                  4.1200321452226674E-001                  5.8796124880860112E-001                  1.2996205308442645E-110                  8.6935532323939398E-113                  0.0000000000000000E+000 
                                     546                  2.2335170041091881E-001                 -7.3346196635035410E-001                  6.6181568399923005E+000                 -2.2539379485995008E+000                  1.2292461316943673E+001                  3.5533782476638564E-005                  4.1204779859606649E-001                  5.8791666762145689E-001                  1.6218310847987530E-110                  1.0993127813465652E-112                  0.0000000000000000E+000 
                                     547                  2.2335130311632928E-001                 -7.3578864383883158E-001                  6.6212779191530089E+000                 -2.2402151332108682E+000                  1.2307648686612914E+001                  3.5532586922585394E-005                  4.1206626316695083E-001                  5.8789820424612660E-001                  2.0165633109024962E-110                  1.3848903271455527E-112                  0.0000000000000000E+000 
                                     548                  2.2335090582173975E-001                 -7.3807919161360547E-001                  6.6243557013359355E+000                 -2.2266944697789919E+000                  1.2322630350899349E+001                  3.5529657086645896E-005                  4.1211149523855156E-001                  5.8785297510436174E-001                  2.4987801940271271E-110                  1.7381179073522759E-112                  0.0000000000000000E+000 
                                     549                  2.2335050852715019E-001                 -7.4033466580318230E-001                  6.6273913259549095E+000                 -2.2133617669570764E+000                  1.2337411237434775E+001                  3.5529395771952447E-005                  4.1211551392212992E-001                  5.8784895668209813E-001                  3.0855650631588124E-110                  2.1737981995712017E-112                  0.0000000000000000E+000 
                                     550                  2.2335011123256066E-001                 -7.4255603402278070E-001                  6.6303859083091394E+000                 -2.2002181157946317E+000                  1.2351996117178770E+001                  3.5529133260014993E-005                  4.1211955101777320E-001                  5.8784491984896681E-001                  3.7976159945115808E-110                  2.7092081632862233E-112                  0.0000000000000000E+000 
                                     551                  2.2334971393797115E-001                 -7.4474425619842022E-001                  6.6333404671399645E+000                 -2.1872586220834638E+000                  1.2366389613881250E+001                  3.5528979266714210E-005                  4.1212191923628727E-001                  5.8784255178444600E-001                  4.6590158341216408E-110                  3.3650476048486666E-112                  0.0000000000000000E+000 
                                     552                  2.2334931664338156E-001                 -7.4690025429186324E-001                  6.6362559722002405E+000                 -2.1744795523361033E+000                  1.2380596208870038E+001                  3.5528542779640850E-005                  4.1212863183560816E-001                  5.8783583962161212E-001                  5.6980539904720677E-110                  4.1658105171928588E-112                  0.0000000000000000E+000 
                                     553                  2.2334891934879206E-001                 -7.4902491904264856E-001                  6.6391333569786815E+000                 -2.1618750388469095E+000                  1.2394620246362797E+001                  3.5528499904052482E-005                  4.1212929117345681E-001                  5.8783518032663906E-001                  6.9475898594628743E-110                  5.1406055352705460E-112                  0.0000000000000000E+000 
                                     554                  2.2334852205420253E-001                 -7.5111910035331009E-001                  6.6419735185925388E+000                 -2.1494419013514969E+000                  1.2408465937188243E+001                  3.5528319250262663E-005                  4.1213206925500889E-001                  5.8783240242574086E-001                  8.4461470510343248E-110                  6.3235998530931501E-112                  0.0000000000000000E+000 
                                     555                  2.2334812475961296E-001                 -7.5318362133949734E-001                  6.6447773082434090E+000                 -2.1371760776221702E+000                  1.2422137364011352E+001                  3.5527924137766549E-005                  4.1213814526779124E-001                  5.8782632680807101E-001                  1.0238435596724203E-109                  7.7550264941532829E-112                  0.0000000000000000E+000 
                                     556                  2.2334772746502343E-001                 -7.5521927477271455E-001                  6.6475455502306877E+000                 -2.1250724488406818E+000                  1.2435638485744906E+001                  3.5527800711113164E-005                  4.1214004331437437E-001                  5.8782442888491460E-001                  1.2376096091127682E-109                  9.4822423174039869E-112                  0.0000000000000000E+000 
                                     557                  2.2334733017043390E-001                 -7.5722681893507626E-001                  6.6502790373342853E+000                 -2.1131280317591035E+000                  1.2448973141154474E+001                  3.5527483481076721E-005                  4.1214492165604816E-001                  5.8781955086047077E-001                  1.4919203775358135E-109                  1.1560412010341302E-111                  0.0000000000000000E+000 
                                     558                  2.2334693287584437E-001                 -7.5920698838234602E-001                  6.6529785333666371E+000                 -2.1013379999974648E+000                  1.2462145053515613E+001                  3.5527429489587416E-005                  4.1214575193345571E-001                  5.8781872063705465E-001                  1.7936686753826711E-109                  1.4054236860967853E-111                  0.0000000000000000E+000 
                                     559                  2.2334653558125481E-001                 -7.6116048613063769E-001                  6.6556447788489592E+000                 -2.0896996882632521E+000                  1.2475157834019257E+001                  3.5527137510485922E-005                  4.1215024196798722E-001                  5.8781423089450224E-001                  2.1508425429192343E-109                  1.7038676184252020E-111                  0.0000000000000000E+000 
                                     560                  2.2334613828666527E-001                 -7.6308799417403861E-001                  6.6582784954773420E+000                 -2.0782085939825423E+000                  1.2488014986184631E+001                  3.5527034352499632E-005                  4.1215182832440145E-001                  5.8781264464124605E-001                  2.5725636575513582E-109                  2.0601265391601654E-111                  0.0000000000000000E+000 
                                     561                  2.2334574099207574E-001                 -7.6499016583905188E-001                  6.6608803903608971E+000                 -2.0668618430028380E+000                  1.2500719909081479E+001                  3.5526845338271779E-005                  4.1215473497219074E-001                  5.8780973818247095E-001                  3.0693413614734435E-109                  2.4843100055741926E-111                  0.0000000000000000E+000 
                                     562                  2.2334534369748618E-001                 -7.6686763363758559E-001                  6.6634511500319062E+000                 -2.0556561060736183E+000                  1.2513275901240819E+001                  3.5526563313635990E-005                  4.1215907192763196E-001                  5.8780540150905436E-001                  3.6531845642511090E-109                  2.9881244832355699E-111                  0.0000000000000000E+000 
                                     563                  2.2334494640289665E-001                 -7.6872100778389785E-001                  6.6672558661844246E+000                 -2.0392393805846374E+000                  1.2531760793362173E+001                  3.5526155667219700E-005                  4.1216534068589761E-001                  5.8779913315843513E-001                  4.7227063031053538E-109                  3.9233886558084306E-111                  0.0000000000000000E+000 
                                     564                  2.2334415181371756E-001                 -7.7235851814084011E-001                  6.6709830429783450E+000                 -2.0228503482977973E+000                  1.2550082366507828E+001                  3.5525881359066034E-005                  4.1216955897577795E-001                  5.8779491514286297E-001                  6.0738975730926212E-109                  5.1230723565829898E-111                  0.0000000000000000E+000 
                                     565                  2.2334375451912802E-001                 -7.7414306092857821E-001                  6.6734358552218982E+000                 -2.0121764416882781E+000                  1.2562073791918127E+001                  3.5525768492204378E-005                  4.1217129461640806E-001                  5.8779317961509969E-001                  7.1634040497070703E-109                  6.1025784277255831E-111                  0.0000000000000000E+000 
                                     566                  2.2334335722453849E-001                 -7.7590574290131031E-001                  6.6758607376094377E+000                 -2.0016290796725009E+000                  1.2573931385542769E+001                  3.5525310432213622E-005                  4.1217833855496194E-001                  5.8778613613460584E-001                  8.4302492130806273E-109                  7.2526880345491155E-111                  0.0000000000000000E+000 
                                     567                  2.2334295992994893E-001                 -7.7764707936047639E-001                  6.6782582839608899E+000                 -1.9912044761522563E+000                  1.2585657911586658E+001                  3.5525015091481304E-005                  4.1218288012786697E-001                  5.8778159485704151E-001                  9.9002189213013158E-109                  8.6003728698663876E-111                  0.0000000000000000E+000 
                                     568                  2.2334256263535940E-001                 -7.7936756433476495E-001                  6.6818095074209882E+000                 -1.9759077828939438E+000                  1.2602941006834882E+001                  3.5524826100022584E-005                  4.1218578631039376E-001                  5.8777868886350615E-001                  1.2551160368108677E-108                  1.1060931787356214E-110                  0.0000000000000000E+000 
                                     569                  2.2334176804618031E-001                 -7.8274843774905956E-001                  6.6852925291384411E+000                 -1.9606418318323686E+000                  1.2620077972400617E+001                  3.5524493447165236E-005                  4.1219090153690818E-001                  5.8777357396964458E-001                  1.5840622756683873E-108                  1.4157193887135495E-110                  0.0000000000000000E+000 
                                     570                  2.2334137075159077E-001                 -7.8440918246373148E-001                  6.6875864416573858E+000                 -1.9506838800991588E+000                  1.2631306382413612E+001                  3.5524441590073123E-005                  4.1219169893805563E-001                  5.8777277662035432E-001                  1.8455301625837650E-108                  1.6647079572630297E-110                  0.0000000000000000E+000 
                                     571                  2.2334097345700127E-001                 -7.8605090090357366E-001                  6.6898557937579843E+000                 -1.9408370357527283E+000                  1.2642416416607933E+001                  3.5524282653543035E-005                  4.1219414288534995E-001                  5.8777033283199653E-001                  2.1461332064506919E-108                  1.9535896005316515E-110                  0.0000000000000000E+000 
                                     572                  2.2334057616241174E-001                 -7.8767401531420567E-001                  6.6932193046926258E+000                 -1.9263719777745993E+000                  1.2658804766314280E+001                  3.5524114885885169E-005                  4.1219672259774093E-001                  5.8776775328737318E-001                  2.6821059564573820E-108                  2.4746383220005354E-110                  0.0000000000000000E+000 
                                     573                  2.2333978157323264E-001                 -7.9086651576969269E-001                  6.6965214518565865E+000                 -1.9119389224319889E+000                  1.2675059599100933E+001                  3.5523868434329052E-005                  4.1220051216208664E-001                  5.8776396396947905E-001                  3.3384952738488813E-108                  3.1212154339418134E-110                  0.0000000000000000E+000 
                                     574                  2.2333938427864311E-001                 -7.9243622024772808E-001                  6.6986975869381666E+000                 -1.9025137040510598E+000                  1.2685718850348733E+001                  3.5523855013132647E-005                  4.1220071853163442E-001                  5.8776375761335242E-001                  3.8548018784559596E-108                  3.6354042613345133E-110                  0.0000000000000000E+000 
                                     575                  2.2333898698405355E-001                 -7.9398887991260392E-001                  6.7008516090695318E+000                 -1.8931892931782723E+000                  1.2696270763339621E+001                  3.5523659666387668E-005                  4.1220372225835317E-001                  5.8776075408198047E-001                  4.4435201123370880E-108                  4.2267486174761571E-110                  0.0000000000000000E+000 
                                     576                  2.2333858968946402E-001                 -7.9552485743558499E-001                  6.7040461503140802E+000                 -1.8794774531261589E+000                  1.2711847929802152E+001                  3.5523544941634323E-005                  4.1220548623664716E-001                  5.8775899021841127E-001                  5.4825849125161842E-108                  5.2818838592123284E-110                  0.0000000000000000E+000 
                                     577                  2.2333779510028492E-001                 -7.9854854318890556E-001                  6.7071853822176735E+000                 -1.8657981246515405E+000                  1.2727302822469868E+001                  3.5523507488569206E-005                  4.1220606210048372E-001                  5.8775841439202769E-001                  6.7402804071864545E-108                  6.5750744514814803E-110                  0.0000000000000000E+000 
                                     578                  2.2333739780569539E-001                 -8.0003653598939706E-001                  6.7092553602144154E+000                 -1.8568565309832747E+000                  1.2737445213201893E+001                  3.5523404467615289E-005                  4.1220764608600424E-001                  5.8775683050952821E-001                  7.7204052721746286E-108                  7.5932457986478920E-110                  0.0000000000000000E+000 
                                     579                  2.2333700051110586E-001                 -8.0150918836814788E-001                  6.7113052891355114E+000                 -1.8480202212769412E+000                  1.2747489909725248E+001                  3.5516628390437616E-005                  4.1231182584750636E-001                  5.8765265752410323E-001                  8.8316145556176523E-108                  8.7531947301645177E-110                  0.0000000000000000E+000 
                                     580                  2.2333660321651630E-001                 -8.0296685917525734E-001                  6.7143470741162963E+000                 -1.8349928970266636E+000                  1.2762328911778557E+001                  3.5516628384670561E-005                  4.1231182593615634E-001                  5.8765265743545902E-001                  1.0772144191048232E-107                  1.0805733100140095E-109                  0.0000000000000000E+000 
                                     581                  2.2333580862733723E-001                 -8.0583863817895540E-001                  6.7173387605444885E+000                 -1.8219982051343964E+000                  1.2777055688246074E+001                  3.5516628378903406E-005                  4.1231182602480648E-001                  5.8765265734681460E-001                  1.3096490201278018E-107                  1.3293405506417135E-109                  0.0000000000000000E+000 
                                     582                  2.2333541133274767E-001                 -8.0725300133802214E-001                  6.7202959191002911E+000                 -1.8093527050909470E+000                  1.2791483089921599E+001                  3.5516628373136317E-005                  4.1231182611345635E-001                  5.8765265725817051E-001                  1.5873109326663744E-107                  1.6300565082125745E-109                  0.0000000000000000E+000 
                                     583                  2.2333461674356861E-001                 -8.1004068518571803E-001                  6.7241711622851996E+000                 -1.7926739404349814E+000                  1.2810474277498196E+001                  3.5516628292131650E-005                  4.1231182735862787E-001                  5.8765265601307992E-001                  2.0415157277876370E-107                  2.1286689996699168E-109                  0.0000000000000000E+000 
                                     584                  2.2333382215438952E-001                 -8.1277499676538223E-001                  6.7279770461018646E+000                 -1.7763135307920104E+000                  1.2829123841468627E+001                  3.5516628235565353E-005                  4.1231182822814222E-001                  5.8765265514362219E-001                  2.6121153391762104E-107                  2.7645663391729044E-109                  0.0000000000000000E+000 
                                     585                  2.2333302756521048E-001                 -8.1545795390800702E-001                  6.7307843780516157E+000                 -1.7641776483718079E+000                  1.2842935464063023E+001                  3.5516383870781221E-005                  4.1231558450407901E-001                  5.8764889911205020E-001                  3.1321738490957207E-107                  3.3515241462857871E-109                  0.0000000000000000E+000 
                                     586                  2.2333263027062089E-001                 -8.1678065297241587E-001                  6.7335612656521731E+000                 -1.7523464487364289E+000                  1.2856482862668832E+001                  3.5516383414596727E-005                  4.1231559151636071E-001                  5.8764889210022475E-001                  3.7456001600429789E-107                  4.0515898464039393E-109                  0.0000000000000000E+000 
                                     587                  2.2333183568144185E-001                 -8.1939013157399399E-001                  6.7372040168726084E+000                 -1.7367336083516280E+000                  1.2874328076844888E+001                  3.5516382807749634E-005                  4.1231560084456581E-001                  5.8764888277262650E-001                  4.7346895980679636E-107                  5.1946665557358179E-109                  0.0000000000000000E+000 
                                     588                  2.2333104109226276E-001                 -8.2195284114352429E-001                  6.7398928454262910E+000                 -1.7251470199117056E+000                  1.2887550536868211E+001                  3.5516382347368369E-005                  4.1231560792135802E-001                  5.8764887569629454E-001                  5.6274941969930555E-107                  6.2390716948304895E-109                  0.0000000000000000E+000 
                                     589                  2.2333064379767323E-001                 -8.2321707527989274E-001                  6.7425536915600315E+000                 -1.7138388404310707E+000                  1.2900530334098590E+001                  3.5516381871599301E-005                  4.1231561523468579E-001                  5.8764886838344266E-001                  6.6721692517063191E-107                  7.4740326912117408E-109                  0.0000000000000000E+000 
                                     590                  2.2332984920849414E-001                 -8.2571273385422139E-001                  6.7451759819712338E+000                 -1.7025596398016416E+000                  1.2913422129932261E+001                  3.5516381380267553E-005                  4.1231562278723727E-001                  5.8764886083138246E-001                  7.8914051175170187E-107                  8.9300249816544301E-109                  0.0000000000000000E+000 
                                     591                  2.2332945191390460E-001                 -8.2694433741338080E-001                  6.7477716140328079E+000                 -1.6915443374485579E+000                  1.2926082992585981E+001                  3.5516380891543895E-005                  4.1231563029969670E-001                  5.8764885331941175E-001                  9.3116238178454202E-107                  1.0643421611168553E-108                  0.0000000000000000E+000 
                                     592                  2.2332865732472551E-001                 -8.2937641458908962E-001                  6.7520277436273828E+000                 -1.6734928020521498E+000                  1.2946846496532528E+001                  3.5516380081988286E-005                  4.1231564274385452E-001                  5.8764884087606351E-001                  1.2206592174683663E-106                  1.4183348149596220E-108                  0.0000000000000000E+000 
                                     593                  2.2332746544095688E-001                 -8.3294929597381817E-001                  6.7561913153216944E+000                 -1.6556385156607039E+000                  1.2967309887049872E+001                  3.5516379274011317E-005                  4.1231565516374585E-001                  5.8764882845698008E-001                  1.5903028549450479E-106                  1.8776650903004518E-108                  0.0000000000000000E+000 
                                     594                  2.2332667085177782E-001                 -8.3528242301849831E-001                  6.7594673563224026E+000                 -1.6416915768022948E+000                  1.2983348363270999E+001                  3.5516371554308801E-005                  4.1231577382783385E-001                  5.8764870980061179E-001                  1.9568163544599651E-106                  2.3396224879926447E-108                  0.0000000000000000E+000 
                                     595                  2.2332587626259873E-001                 -8.3757822801243353E-001                  6.7626931840706712E+000                 -1.6279704174060505E+000                  1.2999140118971566E+001                  3.5516371554308808E-005                  4.1231577382783391E-001                  5.8764870980061179E-001                  2.3990288774214282E-106                  2.9039780887393276E-108                  0.0000000000000000E+000 
                                     596                  2.2332508167341963E-001                 -8.3983790940033576E-001                  6.7658702585849388E+000                 -1.6144679725342514E+000                  1.3014692477515791E+001                  3.5516371554308801E-005                  4.1231577382783385E-001                  5.8764870980061179E-001                  2.9308009511800486E-106                  3.5909870042029551E-108                  0.0000000000000000E+000 
                                     597                  2.2332428708424060E-001                 -8.4206260948482381E-001                  6.7682197265126600E+000                 -1.6044346096995352E+000                  1.3026232824158066E+001                  3.5516371554308794E-005                  4.1231577382783408E-001                  5.8764870980061157E-001                  3.3979509163711620E-106                  4.2008229934869153E-108                  0.0000000000000000E+000 
                                     598                  2.2332388978965104E-001                 -8.4316211560675158E-001                  6.7705476198206300E+000                 -1.5946100576274747E+000                  1.3037587351931220E+001                  3.5516371554308801E-005                  4.1231577382783385E-001                  5.8764870980061179E-001                  3.9322566926430882E-106                  4.9046369151429619E-108                  0.0000000000000000E+000 
                                     599                  2.2332309520047197E-001                 -8.4533637172418452E-001                  6.7728456017652654E+000                 -1.5848091977148462E+000                  1.3048873464678438E+001                  3.5516371554308788E-005                  4.1231577382783408E-001                  5.8764870980061157E-001                  4.5421145759154689E-106                  5.7149924805904304E-108                  0.0000000000000000E+000 
                                     600                  2.2332269790588241E-001                 -8.4641124340565599E-001                  6.7751229203334233E+000                 -1.5752075742949863E+000                  1.3059981731195739E+001                  3.5516371554308801E-005                  4.1231577382783385E-001                  5.8764870980061179E-001                  5.2372735267491959E-106                  6.6468407731205982E-108                  0.0000000000000000E+000 
                                     601                  2.2332190331670335E-001                 -8.4853734270481573E-001                  6.7781184703187014E+000                 -1.5625154343781318E+000                  1.3074643755928420E+001                  3.5516371554308781E-005                  4.1231577382783402E-001                  5.8764870980061168E-001                  6.3150635804716162E-106                  8.1061572152018657E-108                  0.0000000000000000E+000 
                                     602                  2.2332110872752425E-001                 -8.5063253289147067E-001                  6.7810717662343762E+000                 -1.5500111538402588E+000                  1.3089098662081330E+001                  3.5516371554308801E-005                  4.1231577382783385E-001                  5.8764870980061179E-001                  7.5916523099291856E-106                  9.8542061140610403E-108                  0.0000000000000000E+000 
                                     603                  2.2332031413834519E-001                 -8.5269772210293249E-001                  6.7847088889780620E+000                 -1.5347025470345388E+000                  1.3106843597240120E+001                  3.5515761625522566E-005                  4.1232514943108389E-001                  5.8763933480729058E-001                  9.5172541701113516E-106                  1.2523830500590370E-107                  0.0000000000000000E+000 
                                     604                  2.2331912225457656E-001                 -8.5574141978585194E-001                  6.7889876108580403E+000                 -1.5166133284124934E+000                  1.3127788169977467E+001                  3.5515167888363552E-005                  4.1233427573595149E-001                  5.8763020909616015E-001                  1.2410225901099245E-105                  1.6595038522657219E-107                  0.0000000000000000E+000 
                                     605                  2.2331793037080794E-001                 -8.5872233442707413E-001                  6.7924846453249401E+000                 -1.5017698760634741E+000                  1.3144958085496857E+001                  3.5515044958474987E-005                  4.1233616525591782E-001                  5.8762831969912366E-001                  1.5409871764680285E-105                  2.0878153635714403E-107                  0.0000000000000000E+000 
                                     606                  2.2331713578162884E-001                 -8.6067586799615825E-001                  6.7959300536677070E+000                 -1.4873004936926661E+000                  1.3161769006198737E+001                  3.5515044815967236E-005                  4.1233616744577217E-001                  5.8762831750941191E-001                  1.9057206141487015E-105                  2.6154878364463821E-107                  0.0000000000000000E+000 
                                     607                  2.2331594389786025E-001                 -8.6355785594744772E-001                  6.7989767896708129E+000                 -1.4743603525680051E+000                  1.3176747580693119E+001                  3.5515044687710334E-005                  4.1233616941664081E-001                  5.8762831553867145E-001                  2.2993937568713301E-105                  3.1918963111313958E-107                  0.0000000000000000E+000 
                                     608                  2.2331534795597591E-001                 -8.6497750143322050E-001                  6.8019872694845844E+000                 -1.4617645211159576E+000                  1.3191414073069369E+001                  3.5515016028464073E-005                  4.1233660981096193E-001                  5.8762787517300963E-001                  2.7659497440673246E-105                  3.8828602854273227E-107                  0.0000000000000000E+000 
                                     609                  2.2331415607220728E-001                 -8.6777607271183954E-001                  6.8049478222489421E+000                 -1.4492111027513146E+000                  1.3205965632068768E+001                  3.5514985909567357E-005                  4.1233707263510466E-001                  5.8762741237898575E-001                  3.3170738072839339E-105                  4.7080887416179083E-107                  0.0000000000000000E+000 
                                     610                  2.2331356013032300E-001                 -8.6915526469410953E-001                  6.8078741510738610E+000                 -1.4369817282488304E+000                  1.3220222422749604E+001                  3.5514983591834614E-005                  4.1233710825070685E-001                  5.8762737676570131E-001                  3.9666262450998075E-105                  5.6915246797685097E-107                  0.0000000000000000E+000 
                                     611                  2.2331236824655437E-001                 -8.7187526774821256E-001                  6.8110720210322233E+000                 -1.4234740658425198E+000                  1.3235914427703827E+001                  3.5514981016576282E-005                  4.1233714782359632E-001                  5.8762733719538707E-001                  4.8224256014329531E-105                  7.0019387708736294E-107                  0.0000000000000000E+000 
                                     612                  2.2331157365737528E-001                 -8.7366065401596360E-001                  6.8135976651769781E+000                 -1.4128619560756923E+000                  1.3248270862430456E+001                  3.5514978956369425E-005                  4.1233717948190907E-001                  5.8762730553913456E-001                  5.6245919468847440E-105                  8.2432740681916425E-107                  0.0000000000000000E+000 
                                     613                  2.2331077906819619E-001                 -8.7542443190030372E-001                  6.8160932427451639E+000                 -1.4023824885507929E+000                  1.3260479426721016E+001                  3.5514976896162528E-005                  4.1233721114022259E-001                  5.8762727388288116E-001                  6.5464301912636539E-105                  9.6830956474094708E-107                  0.0000000000000000E+000 
                                     614                  2.2330998447901712E-001                 -8.7716713825729586E-001                  6.8185594670613447E+000                 -1.3920324351767435E+000                  1.3272543607554050E+001                  3.5514974835955678E-005                  4.1233724279853518E-001                  5.8762724222662888E-001                  7.6037755025088423E-105                  1.1349751241869699E-106                  0.0000000000000000E+000 
                                     615                  2.2330918988983803E-001                 -8.7888929037975227E-001                  6.8209968288171572E+000                 -1.3818512990027996E+000                  1.3284466772528900E+001                  3.5494694092977195E-005                  4.1264877556649038E-001                  5.8731572973941670E-001                  8.8199961785398084E-105                  1.3266481761491056E-106                  0.0000000000000000E+000 
                                     616                  2.2330839530065894E-001                 -8.8059155494517904E-001                  6.8234058748112556E+000                 -1.3717786162363168E+000                  1.3296252193135855E+001                  3.5481026142575742E-005                  4.1285851303152887E-001                  5.8710600594232853E-001                  1.0208530960786173E-104                  1.5477971849963512E-106                  0.0000000000000000E+000 
                                     617                  2.2330760071147987E-001                 -8.8227435309990543E-001                  6.8269730850851396E+000                 -1.3569934920594215E+000                  1.3313613289324461E+001                  3.5460304064453740E-005                  4.1317617682952945E-001                  5.8678836286640612E-001                  1.2667019127598755E-104                  1.9432534938450891E-106                  0.0000000000000000E+000 
                                     618                  2.2330601153312174E-001                 -8.8558382186831763E-001                  6.8304702589505526E+000                 -1.3422275246644617E+000                  1.3330813423943297E+001                  3.5459321403285280E-005                  4.1319122390492125E-001                  5.8677331677367550E-001                  1.5641972361078996E-104                  2.4303843804747863E-106                  0.0000000000000000E+000 
                                     619                  2.2330521694394265E-001                 -8.8721077155728589E-001                  6.8327730954993680E+000                 -1.3325911201046095E+000                  1.3342078405644783E+001                  3.5458678717368479E-005                  4.1320106528509604E-001                  5.8676347603618662E-001                  1.7964573035591489E-104                  2.8147099522742015E-106                  0.0000000000000000E+000 
                                     620                  2.2330442235476355E-001                 -8.8881990437497882E-001                  6.8350509407449644E+000                 -1.3230643858208890E+000                  1.3353220382745304E+001                  3.5458050005671450E-005                  4.1321069291142498E-001                  5.8675384903856931E-001                  2.0596537350210288E-104                  3.2538651867333658E-106                  0.0000000000000000E+000 
                                     621                  2.2330362776558449E-001                 -8.9041162368231663E-001                  6.8384265743561530E+000                 -1.3090632845099455E+000                  1.3369649688986222E+001                  3.5456962537853960E-005                  4.1322734314066728E-001                  5.8673719989679485E-001                  2.5206239173117997E-104                  4.0310384203038597E-106                  0.0000000000000000E+000 
                                     622                  2.2330203858722630E-001                 -8.9354473872433238E-001                  6.8417397032535954E+000                 -1.2951183196697085E+000                  1.3385934841029387E+001                  3.5455753960130587E-005                  4.1324584590325059E-001                  5.8671869834278922E-001                  3.0733567633139608E-104                  4.9740740130660634E-106                  0.0000000000000000E+000 
                                     623                  2.2330124399804724E-001                 -8.9508651065687794E-001                  6.8439227261450322E+000                 -1.2860069462650665E+000                  1.3396610633866553E+001                  3.5454855080182262E-005                  4.1325960610395279E-001                  5.8670493904096710E-001                  3.5008113347347801E-104                  5.7105597314965730E-106                  0.0000000000000000E+000 
                                     624                  2.2330044940886815E-001                 -8.9661235498757297E-001                  6.8460832431162579E+000                 -1.2769936003150515E+000                  1.3407175929423980E+001                  3.5453979490600527E-005                  4.1327301004824285E-001                  5.8669153597226653E-001                  3.9815894423064992E-104                  6.5454199960385125E-106                  0.0000000000000000E+000 
                                     625                  2.2329965481968911E-001                 -8.9812261274948213E-001                  6.8492869356695074E+000                 -1.2637319686367388E+000                  1.3422768610297384E+001                  3.5452666106228117E-005                  4.1329311596467688E-001                  5.8667143136921696E-001                  4.8159029961570134E-104                  8.0084412719069960E-106                  0.0000000000000000E+000 
                                     626                  2.2329806564133090E-001                 -9.0109799124701939E-001                  6.8524339040142612E+000                 -1.2505529829948350E+000                  1.3438231540472456E+001                  3.5435866974973335E-005                  4.1355010483261706E-001                  5.8641445930040792E-001                  5.8085441734805101E-104                  9.7588587522198080E-106                  0.0000000000000000E+000 
                                     627                  2.2329727105215186E-001                 -9.0256354050538312E-001                  6.8545085349238786E+000                 -1.2419095209095936E+000                  1.3448376961533407E+001                  3.5435648314756008E-005                  4.1355344971064317E-001                  5.8641111464104201E-001                  6.5676701596894949E-104                  1.1116787137149440E-105                  0.0000000000000000E+000 
                                     628                  2.2329647646297276E-001                 -9.0401475678744525E-001                  6.8565627968090128E+000                 -1.2333542368811796E+000                  1.3458422611777561E+001                  3.5435429654538702E-005                  4.1355679458866845E-001                  5.8640776998167699E-001                  7.4157676138664249E-104                  1.2645153666725429E-105                  0.0000000000000000E+000 
                                     629                  2.2329568187379367E-001                 -9.0545193120984957E-001                  6.8596105987124503E+000                 -1.2207539392490330E+000                  1.3473260203074204E+001                  3.5435077580058170E-005                  4.1356218037398274E-001                  5.8640238454843718E-001                  8.8753590201346954E-104                  1.5300046401711180E-105                  0.0000000000000000E+000 
                                     630                  2.2329409269543551E-001                 -9.0828554205297019E-001                  6.8636012730292242E+000                 -1.2041472483213094E+000                  1.3492778420933030E+001                  3.5434643840910524E-005                  4.1356881533921214E-001                  5.8639575001694699E-001                  1.1226008873892597E-103                  1.9630156475031500E-105                  0.0000000000000000E+000 
                                     631                  2.2329250351707736E-001                 -9.1106624916854084E-001                  6.8665415522514746E+000                 -1.1918377538053704E+000                  1.3507221410401801E+001                  3.5434425527496262E-005                  4.1357215468733960E-001                  5.8639241088713290E-001                  1.3344644665899149E-103                  2.3580875259585536E-105                  0.0000000000000000E+000 
                                     632                  2.2329170892789826E-001                 -9.1243728379755651E-001                  6.8691260082731329E+000                 -1.1811428911626072E+000                  1.3519824267635569E+001                  3.5434312686756953E-005                  4.1357388046270871E-001                  5.8639068522460458E-001                  1.5525843920418300E-103                  2.7688928663306884E-105                  0.0000000000000000E+000 
                                     633                  2.2329038461259981E-001                 -9.1469486016358903E-001                  6.8723095772442679E+000                 -1.1679150077757221E+000                  1.3535395102219866E+001                  3.5434067204274379E-005                  4.1357763515796941E-001                  5.8638693077482629E-001                  1.8704492631045665E-103                  3.3737246686759547E-105                  0.0000000000000000E+000 
                                     634                  2.2328906029730133E-001                 -9.1691887191974097E-001                  6.8754452466525731E+000                 -1.1548919598621352E+000                  1.3550732508918832E+001                  3.5433800241743812E-005                  4.1358171833725083E-001                  5.8638284786250749E-001                  2.2461962865988999E-103                  4.0967513685565201E-105                  0.0000000000000000E+000 
                                     635                  2.2328773598200288E-001                 -9.1911035131381202E-001                  6.8785346342378508E+000                 -1.1420679501990014E+000                  1.3565843458584810E+001                  3.5433478331721913E-005                  4.1358664184809557E-001                  5.8637792467357275E-001                  2.6891126156449475E-103                  4.9584571344899525E-105                  0.0000000000000000E+000 
                                     636                  2.2328641166670438E-001                 -9.2127028601311922E-001                  6.8815788364398935E+000                 -1.1294363841315420E+000                  1.3580734617566034E+001                  3.5433106119934554E-005                  4.1359233473899587E-001                  5.8637223215488421E-001                  3.2097187465608135E-103                  5.9823245452614414E-105                  0.0000000000000000E+000 
                                     637                  2.2328508735140593E-001                 -9.2339961647192681E-001                  6.8845791386651767E+000                 -1.1169913690711439E+000                  1.3595412364606283E+001                  3.5432738286799502E-005                  4.1359796037390273E-001                  5.8636660688781039E-001                  3.8199788672599348E-103                  7.1953685401869047E-105                  0.0000000000000000E+000 
                                     638                  2.2328376303610745E-001                 -9.2549924077963686E-001                  6.8875367748401732E+000                 -1.1047273872559780E+000                  1.3609882806882775E+001                  3.5432375176690749E-005                  4.1360351355817671E-001                  5.8636105406664663E-001                  4.5334544322612355E-103                  8.6285221609509052E-105                  0.0000000000000000E+000 
                                     639                  2.2328243872080894E-001                 -9.2757001769991598E-001                  6.8904529295716106E+000                 -1.0926391797419830E+000                  1.3624151795031068E+001                  3.5432009573908522E-005                  4.1360910474503770E-001                  5.8635546324538845E-001                  5.3654808239160921E-103                  1.0317129750718088E-104                  0.0000000000000000E+000 
                                     640                  2.2328111440551049E-001                 -9.2961276902236600E-001                  6.8933287407956785E+000                 -1.0807217012936294E+000                  1.3638224937169403E+001                  3.5431641478452835E-005                  4.1361473393448572E-001                  5.8634983442403588E-001                  6.3333614340204206E-103                  1.2301489981014302E-104                  0.0000000000000000E+000 
                                     641                  2.2327979009021201E-001                 -9.3162828160235323E-001                  6.8961653022814033E+000                 -1.0689701252511836E+000                  1.3652107611981636E+001                  3.5431269795513519E-005                  4.1362041786477155E-001                  5.8634415086543301E-001                  7.4565824239526776E-103                  1.4627448691605854E-104                  0.0000000000000000E+000 
                                     642                  2.2327846577491356E-001                 -9.3361730933837850E-001                  6.8989636658788065E+000                 -1.0573798248262383E+000                  1.3665804980942733E+001                  3.5430895462686909E-005                  4.1362614223465882E-001                  5.8633842686987847E-001                  8.7570448357919803E-103                  1.7347054455379420E-104                  0.0000000000000000E+000 
                                     643                  2.2327714145961505E-001                 -9.3558057498239711E-001                  6.9027481501199262E+000                 -1.0418164275473507E+000                  1.3684248185049706E+001                  3.5430372251605122E-005                  4.1363414292050987E-001                  5.8633042670723845E-001                  1.0875821527351725E-102                  2.1829846707182902E-104                  0.0000000000000000E+000 
                                     644                  2.2327483118812469E-001                 -9.3894626623874855E-001                  6.9061117860571128E+000                 -1.0277634188891496E+000                  1.3700819457306652E+001                  3.5429893729246997E-005                  4.1364146008049396E-001                  5.8632311002577686E-001                  1.3186395018349523E-102                  2.6778578199140869E-104                  0.0000000000000000E+000 
                                     645                  2.2327384523193275E-001                 -9.4036008318662856E-001                  6.9090931909295339E+000                 -1.0155078034075378E+000                  1.3715354746241783E+001                  3.5429467268157898E-005                  4.1364798105823697E-001                  5.8631658947449483E-001                  1.5628834561138714E-102                  3.2068205653736873E-104                  0.0000000000000000E+000 
                                     646                  2.2327187331954892E-001                 -9.4314920174702033E-001                  6.9120251947573532E+000                 -1.0032957815449033E+000                  1.3729779114038070E+001                  3.5429041109064689E-005                  4.1365449730223947E-001                  5.8631007365665144E-001                  1.8472387262693165E-102                  3.8289107204351512E-104                  0.0000000000000000E+000 
                                     647                  2.2327088736335704E-001                 -9.4452475385723567E-001                  6.9139595082961094E+000                 -9.9529465434199893E-001                  1.3739253860792431E+001                  3.5428758575577245E-005                  4.1365881733518695E-001                  5.8630575390623751E-001                  2.0619790252584998E-102                  4.3026624275133340E-104                  0.0000000000000000E+000 
                                     648                  2.2326990140716510E-001                 -9.4588803112601194E-001                  6.9168310051653128E+000                 -9.8349436807721169E-001                  1.3753261300323050E+001                  3.5428337134208239E-005                  4.1366526119002534E-001                  5.8629931047284045E-001                  2.4265875889751690E-102                  5.1138549066328437E-104                  0.0000000000000000E+000 
                                     649                  2.2326792949478128E-001                 -9.4857888711370275E-001                  6.9196566327003826E+000                 -9.7173453582119851E-001                  1.3767166029523924E+001                  3.5427915702723417E-005                  4.1367170478318049E-001                  5.8629286730111674E-001                  2.8483696207156943E-102                  6.0613867072383063E-104                  0.0000000000000000E+000 
                                     650                  2.2326694353858939E-001                 -9.4990668919256427E-001                  6.9215214651645454E+000                 -9.6402452235094860E-001                  1.3776304416519611E+001                  3.5427637777122318E-005                  4.1367595410978614E-001                  5.8628861825243672E-001                  3.1652522296882327E-102                  6.7790193458762411E-104                  0.0000000000000000E+000 
                                     651                  2.2326595758239745E-001                 -9.5122309463182142E-001                  6.9242908379463666E+000                 -9.5264635023385646E-001                  1.3789821630551714E+001                  3.5427225431803804E-005                  4.1368225849644907E-001                  5.8628231427811905E-001                  3.7005454805548483E-102                  8.0011197405924864E-104                  0.0000000000000000E+000 
                                     652                  2.2326398567001365E-001                 -9.5382272261216039E-001                  6.9279225183048316E+000                 -9.3763266937553758E-001                  1.3807626816667259E+001                  3.5426680967347360E-005                  4.1369058270316444E-001                  5.8627399061586827E-001                  4.5410649194755318E-102                  9.9413003059161993E-104                  0.0000000000000000E+000 
                                     653                  2.2326201375762986E-001                 -9.5637914011574388E-001                  6.9306022456883101E+000                 -9.2649050144164358E-001                  1.3820819836897543E+001                  3.5426274982120756E-005                  4.1369678964114459E-001                  5.8626778408387326E-001                  5.2805245443663081E-102                  1.1666470023064647E-103                  0.0000000000000000E+000 
                                     654                  2.2326102780143792E-001                 -9.5764152588673224E-001                  6.9323716941649680E+000                 -9.1917876887963024E-001                  1.3829496944953313E+001                  3.5426005421240513E-005                  4.1370091080348415E-001                  5.8626366319109469E-001                  5.8321824403726553E-102                  1.2963301784516791E-103                  0.0000000000000000E+000 
                                     655                  2.2326004184524603E-001                 -9.5889366380078878E-001                  6.9350007420469657E+000                 -9.0837898701836206E-001                  1.3842341045318967E+001                  3.5425596416574582E-005                  4.1370716388930223E-001                  5.8625741051428126E-001                  6.7576000410396325E-102                  1.5155390528177489E-103                  0.0000000000000000E+000 
                                     656                  2.2325806993286221E-001                 -9.6136805430015571E-001                  6.9384512391955298E+000                 -8.9412072182019309E-001                  1.3859270298788683E+001                  3.5425071553225354E-005                  4.1371518794594248E-001                  5.8624938698250428E-001                  8.1970029121150141E-102                  1.8600561134357741E-103                  0.0000000000000000E+000 
                                     657                  2.2325609802047838E-001                 -9.6380347988213011E-001                  6.9409992852534241E+000                 -8.8353323546840379E-001                  1.3871822178015238E+001                  3.5424690620136449E-005                  4.1372101138698880E-001                  5.8624356392239108E-001                  9.4519313620781560E-102                  2.1634562737491577E-103                  0.0000000000000000E+000 
                                     658                  2.2325511206428644E-001                 -9.6500690627099872E-001                  6.9426825553849207E+000                 -8.7657977393843567E-001                  1.3880083155152331E+001                  3.5424440603129236E-005                  4.1372483339748573E-001                  5.8623974216191121E-001                  1.0382259525113956E-101                  2.3899990113885072E-103                  0.0000000000000000E+000 
                                     659                  2.2325412610809456E-001                 -9.6620106612727408E-001                  6.9451846889780882E+000                 -8.6630107849610860E-001                  1.3892319200353533E+001                  3.5424071485196551E-005                  4.1373047598793000E-001                  5.8623409994058484E-001                  1.1933180712831680E-101                  2.7703905495164791E-103                  0.0000000000000000E+000 
                                     660                  2.2325215419571073E-001                 -9.6856232341049175E-001                  6.9484710305588600E+000                 -8.5272407946305551E-001                  1.3908456239092525E+001                  3.5423576312219602E-005                  4.1373804546145621E-001                  5.8622653096223165E-001                  1.4325088449216078E-101                  3.3628319771954776E-103                  0.0000000000000000E+000 
                                     661                  2.2325018228332691E-001                 -9.7088825662329592E-001                  6.9517060118089553E+000                 -8.3935948885676204E-001                  1.3924345774957676E+001                  3.5423101166213884E-005                  4.1374530855827490E-001                  5.8621926834055893E-001                  1.7140791166130913E-101                  4.0679631772707474E-103                  0.0000000000000000E+000 
                                     662                  2.2324821037094308E-001                 -9.7317996444800625E-001                  6.9548911776434581E+000                 -8.2620056514793416E-001                  1.3939995450111001E+001                  3.5422637907093021E-005                  4.1375238981536616E-001                  5.8621218754672677E-001                  2.0445736613081710E-101                  4.9046153479020076E-103                  0.0000000000000000E+000 
                                     663                  2.2324623845855926E-001                 -9.7543849417184991E-001                  6.9580280025069809E+000                 -8.1324085133319968E-001                  1.3955412558000658E+001                  3.5422192392574102E-005                  4.1375919958708474E-001                  5.8620537822052277E-001                  2.4314005948831732E-101                  5.8943414257349291E-103                  0.0000000000000000E+000 
                                     664                  2.2324426654617543E-001                 -9.7766484469370762E-001                  6.9611178956537660E+000                 -8.0047420725253560E-001                  1.3970604064126864E+001                  3.5421761285386644E-005                  4.1376578892286475E-001                  5.8619878931584979E-001                  2.8829276708963224E-101                  7.0617452159243005E-103                  0.0000000000000000E+000 
                                     665                  2.2324229463379161E-001                 -9.7985996956248334E-001                  6.9641622049180461E+000                 -7.8789478699447435E-001                  1.3985576625308683E+001                  3.5421334275143798E-005                  4.1377231560546135E-001                  5.8619226306026351E-001                  3.4085859571889179E-101                  8.4348454573810275E-103                  0.0000000000000000E+000 
                                     666                  2.2324032272140779E-001                 -9.8202477976688918E-001                  6.9671622203845116E+000                 -7.7549698597770733E-001                  1.4000336607575605E+001                  3.5420911361845477E-005                  4.1377877963487525E-001                  5.8618579945376292E-001                  4.0189805220411979E-101                  1.0045480130603916E-102                  0.0000000000000000E+000 
                                     667                  2.2323835080902396E-001                 -9.8416014614123615E-001                  6.9701191779537925E+000                 -7.6327542792164982E-001                  1.4014890102775599E+001                  3.5420502031432271E-005                  4.1378503590610372E-001                  5.8617954359186486E-001                  4.7260113410272732E-101                  1.1929747631583457E-102                  0.0000000000000000E+000 
                                     668                  2.2323637889664014E-001                 -9.8626690160589525E-001                  6.9730342622993495E+000                 -7.5122502830147153E-001                  1.4029242944009191E+001                  3.5420088560674544E-005                  4.1379135546937607E-001                  5.8617322444206321E-001                  5.5430102321688582E-101                  1.4128473921987748E-102                  0.0000000000000000E+000 
                                     669                  2.2323440698425631E-001                 -9.8834584362034894E-001                  6.9759086099246383E+000                 -7.3934083417789287E-001                  1.4043400720035384E+001                  3.5419695390714671E-005                  4.1379736456683952E-001                  5.8616721573776975E-001                  6.4848725319326949E-101                  1.6687763918746117E-102                  0.0000000000000000E+000 
                                     670                  2.2323243507187249E-001                 -9.9039773576961687E-001                  6.9787433119541022E+000                 -7.2761816900072185E-001                  1.4057368788641291E+001                  3.5419315245780321E-005                  4.1380317447424331E-001                  5.8616140621051094E-001                  7.5682221388266857E-101                  1.9659545256822955E-102                  0.0000000000000000E+000 
                                     671                  2.2323046315948869E-001                 -9.9242330997020278E-001                  6.9815394164415565E+000                 -7.1605253363526089E-001                  1.4071152289155137E+001                  3.5418950161231038E-005                  4.1380875404299750E-001                  5.8615582700684121E-001                  8.8115706143978057E-101                  2.3102207103997569E-102                  0.0000000000000000E+000 
                                     672                  2.2322849124710487E-001                 -9.9442326812519410E-001                  6.9842979307875082E+000                 -7.0463961948109544E-001                  1.4084756154117141E+001                  3.5418600137066539E-005                  4.1381410327310347E-001                  5.8615047812675947E-001                  1.0235497376912930E-100                  2.7081272239514317E-102                  0.0000000000000000E+000 
                                     673                  2.2322651933472104E-001                 -9.9639828377465667E-001                  6.9870198238425933E+000                 -6.9337531027493626E-001                  1.4098185120188282E+001                  3.5418257623077675E-005                  4.1381933771095153E-001                  5.8614524403142543E-001                  1.1862843821941598E-100                  3.1670125490086997E-102                  0.0000000000000000E+000 
                                     674                  2.2322454742233722E-001                 -9.9834900368952761E-001                  6.9897060279411640E+000                 -6.8225564369794467E-001                  1.4111443738361837E+001                  3.5417921413308056E-005                  4.1382447577681070E-001                  5.8614010630177593E-001                  1.3718915035538767E-100                  3.6950819990247859E-102                  0.0000000000000000E+000 
                                     675                  2.2322257550995339E-001                 -1.0002760492319218E+000                  6.9923574409727962E+000                 -6.7127678760256715E-001                  1.4124536383515039E+001                  3.5417603881792726E-005                  4.1382932824321256E-001                  5.8613525415290568E-001                  1.5831695349503409E-100                  4.3014954200596550E-102                  0.0000000000000000E+000 
                                     676                  2.2322060359756957E-001                 -1.0021800175594318E+000                  6.9949749281459921E+000                 -6.6043508912233251E-001                  1.4137467263343078E+001                  3.5417303990850765E-005                  4.1383391097679478E-001                  5.8613067171921429E-001                  9.3239094407798390E-201                  4.9964575708383732E-102                  0.0000000000000000E+000 
                                     677                  2.2321863168518574E-001                 -1.0040614829995529E+000                  6.9975593233694653E+000                 -6.4972707984973332E-001                  1.4150240426751592E+001                  3.5417000986866564E-005                  4.1383854131028541E-001                  5.8612604168872773E-001                  9.8228838842757464E-201                  5.7913162445129957E-102                  0.0000000000000000E+000 
                                     678                  2.2321665977280192E-001                 -1.0059209983944739E+000                  7.0001114308285839E+000                 -6.3914938268590871E-001                  1.4162859771752572E+001                  3.5416694869840149E-005                  4.1384321924368445E-001                  5.8612136406144577E-001                  1.0341291183845025E-200                  6.6986849645576271E-102                  4.4082309120642086E-057 
                                     679                  2.2321468786041809E-001                 -1.0077590959985145E+000                  7.0026320263093540E+000                 -6.2869873979414204E-001                  1.4175329052856970E+001                  3.5416389790494222E-005                  4.1384788131044925E-001                  5.8611670229976021E-001                  1.0879605902906274E-200                  7.7325261771862275E-102                  6.3372969289932359E-057 
                                     680                  2.2321271594803427E-001                 -1.0095762884626751E+000                  7.0063613515871817E+000                 -6.1336074581673972E-001                  1.4193684618699807E+001                  3.5413523926967201E-005                  4.1389166974334818E-001                  5.8607291673272488E-001                  1.1723300676836860E-200                  9.5544011226738460E-102                  1.1077057699489954E-056 
                                     681                  2.2320877212326662E-001                 -1.0131504300342369E+000                  7.0100119965482559E+000                 -5.9808176661109291E-001                  1.4211872640391043E+001                  3.5413482914504563E-005                  4.1389229637456820E-001                  5.8607229014251727E-001                  1.2618695967518538E-200                  1.1755201987957081E-101                  1.9126019522602306E-056 
                                     682                  2.2320680021088279E-001                 -1.0149078211991156E+000                  7.0124137111944007E+000                 -5.8810843841216809E-001                  1.4223776617280876E+001                  3.5413455989331453E-005                  4.1389270776585940E-001                  5.8607187877815126E-001                  1.3241483193671621E-200                  1.3466730637772312E-101                  2.7364766770496156E-056 
                                     683                  2.2320482829849897E-001                 -1.0166461774721103E+000                  7.0147873823252764E+000                 -5.7824757895887080E-001                  1.4235547379761796E+001                  3.5413429975183701E-005                  4.1389310523840245E-001                  5.8607148133162235E-001                  1.3886616238764901E-200                  1.5399925154512567E-101                  3.8967011268870049E-056 
                                     684                  2.2320285638611514E-001                 -1.0183659267809786E+000                  7.0171336263798434E+000                 -5.6849656715442576E-001                  1.4247187953361173E+001                  3.5413402477366147E-005                  4.1389352537862062E-001                  5.8607106121890196E-001                  1.4554594617020305E-200                  1.7579960035460721E-101                  5.5231896845189017E-056 
                                     685                  2.2320088447373132E-001                 -1.0200674823740121E+000                  7.0206080561588786E+000                 -5.5415882235442271E-001                  1.4264345443242416E+001                  3.5413359252413870E-005                  4.1389418581251186E-001                  5.8607040082823580E-001                  1.5598166861925425E-200                  2.1374798363900121E-101                  9.2442454887865397E-056 
                                     686                  2.2319694064896373E-001                 -1.0234179797338399E+000                  7.0251427424340847E+000                 -5.3528087526767731E-001                  1.4286883604752287E+001                  3.5413298530335124E-005                  4.1389511358221276E-001                  5.8606947311925683E-001                  1.7077297376395390E-200                  2.7578332742331693E-101                  1.8085778894703621E-055 
                                     687                  2.2319299682419608E-001                 -1.0267002999665351E+000                  7.0284733524993710E+000                 -5.2130178462813148E-001                  1.4303537937348681E+001                  3.5413236509294484E-005                  4.1389606117754218E-001                  5.8606852558594857E-001                  1.8254959019545715E-200                  3.3247344338377819E-101                  2.9584260660647051E-055 
                                     688                  2.2319102491181225E-001                 -1.0283166181846324E+000                  7.0306667895332318E+000                 -5.1215938920994952E-001                  1.4314455523458307E+001                  3.5413152562322463E-005                  4.1389734375596476E-001                  5.8606724309147284E-001                  1.9070717326179135E-200                  3.7589385908986185E-101                  4.0871216705899727E-055 
                                     689                  2.2318905299942843E-001                 -1.0299169479723371E+000                  7.0339173115777029E+000                 -4.9869890192702304E-001                  1.4330565252885247E+001                  3.5412853080989156E-005                  4.1390191934783083E-001                  5.8606266779908811E-001                  2.0341422659914912E-200                  4.5064510485304630E-101                  6.5895659750498657E-055 
                                     690                  2.2318510917466078E-001                 -1.0330712594740230E+000                  7.0381646334218626E+000                 -4.8095972182310209E-001                  1.4351747518473534E+001                  3.5412840610543541E-005                  4.1390210987312248E-001                  5.8606247728626704E-001                  2.2134855402895093E-200                  5.7103986633363255E-101                  1.2288344361277112E-054 
                                     691                  2.2318116534989313E-001                 -1.0361653882479316E+000                  7.0412875436010003E+000                 -4.6781205575348195E-001                  1.4367414927175760E+001                  3.5412831257709455E-005                  4.1390225276709058E-001                  5.8606233440165179E-001                  2.3556917831922308E-200                  6.7951772249081318E-101                  1.9417268681556314E-054 
                                     692                  2.2317919343750930E-001                 -1.0376904794331154E+000                  7.0433454967195379E+000                 -4.5920256769754486E-001                  1.4377696074259404E+001                  3.5412825022486376E-005                  4.1390234802973858E-001                  5.8606223914523892E-001                  2.4539384693153143E-200                  7.6179587856533231E-101                  2.6228943730752400E-054 
                                     693                  2.2317722152512548E-001                 -1.0392013956099828E+000                  7.0463971171805966E+000                 -4.4651129688356106E-001                  1.4392881514350048E+001                  3.5412815669652100E-005                  4.1390249092370773E-001                  5.8606209626062267E-001                  2.6065864847419947E-200                  9.0208301286599689E-101                  4.0919990852412312E-054 
                                     694                  2.2317327770035783E-001                 -1.0421820439643703E+000                  7.0503883423412850E+000                 -4.2977346647005332E-001                  1.4412865411197375E+001                  3.5412797019920812E-005                  4.1390277585703222E-001                  5.8606181134594793E-001                  2.8212149562577873E-200                  1.1250680889173177E-100                  7.3152472852005898E-054 
                                     695                  2.2316933387559018E-001                 -1.0451091252288101E+000                  7.0533255721076920E+000                 -4.1735791280092127E-001                  1.4427658903703415E+001                  3.5412796937833520E-005                  4.1390277711117068E-001                  5.8606181009189151E-001                  0.0000000000000000E+000                  0.0000000000000000E+000                  1.1211142242118084E-053 
                                     696                  2.2316736196320636E-001                 -1.0465530726227341E+000                  7.0552621930707442E+000                 -4.0921877665167966E-001                  1.4437375370435772E+001                  3.5412796878259762E-005                  4.1390277802134556E-001                  5.8606180918177619E-001                  0.0000000000000000E+000                  0.0000000000000000E+000                  1.4845818703926333E-053 
                                     697                  2.2316539005082256E-001                 -1.0479843542950789E+000                  7.0581353805750515E+000                 -3.9720813847494740E-001                  1.4451739193112068E+001                  3.5412796781625730E-005                  4.1390277949773202E-001                  5.8606180770548633E-001                  0.0000000000000000E+000                  0.0000000000000000E+000                  2.2496004670195022E-053 
                                     698                  2.2316144622605491E-001                 -1.0508100461674479E+000                  7.0618961957473756E+000                 -3.8135664832437965E-001                  1.4470656050369897E+001                  3.5412796698845465E-005                  4.1390278076245907E-001                  5.8606180644084205E-001                  0.0000000000000000E+000                  0.0000000000000000E+000                  3.8733884855169533E-053 
                                     699                  2.2315750240128726E-001                 -1.0535877028594853E+000                  7.0655851474627278E+000                 -3.6577829835932651E-001                  1.4489242710923893E+001                  3.5412796657281429E-005                  4.1390278139747949E-001                  5.8606180580586320E-001                  0.0000000000000000E+000                  0.0000000000000000E+000                  6.5922228226515996E-053 
                                     700                  2.2315355857651961E-001                 -1.0563189677410492E+000                  7.0683025341346992E+000                 -3.5421179418271154E-001                  1.4503015292064182E+001                  3.5412796621461517E-005                  4.1390278194474089E-001                  5.8606180525863771E-001                  0.0000000000000000E+000                  0.0000000000000000E+000                  9.7489261511566893E-053 
                                     701                  2.2315158666413579E-001                 -1.0576675953003234E+000                  7.0700952524863352E+000                 -3.4661935710650393E-001                  1.4512070763353949E+001                  3.5412796595426367E-005                  4.1390278234250860E-001                  5.8606180486089599E-001                  0.0000000000000000E+000                  0.0000000000000000E+000                  1.2612701704987999E-052 
                                     702                  2.2314961475175196E-001                 -1.0590052036547377E+000                  7.0727564622621157E+000                 -3.3540150285433706E-001                  1.4525470976616612E+001                  3.5412796553141297E-005                  4.1390278298854632E-001                  5.8606180421490062E-001                  0.0000000000000000E+000                  0.0000000000000000E+000                  1.8470738095734463E-052 
                                     703                  2.2314567092698431E-001                 -1.0616482673849326E+000                  7.0762428046034920E+000                 -3.2058380050648050E-001                  1.4543134225579383E+001                  3.5412796497838353E-005                  4.1390278383347029E-001                  5.8606180337003189E-001                  0.0000000000000000E+000                  0.0000000000000000E+000                  3.0430850844572804E-052 
                                     704                  2.2314172710221666E-001                 -1.0642493632709071E+000                  7.0796655755689404E+000                 -3.0600175557616277E-001                  1.4560510179748121E+001                  3.5412792032656643E-005                  4.1390285205305916E-001                  5.8606173515490823E-001                  0.0000000000000000E+000                  0.0000000000000000E+000                  4.9630889571859879E-052 
                                     705                  2.2313778327744901E-001                 -1.0668098163508644E+000                  7.0830265963596668E+000                 -2.9164717819604158E-001                  1.4577608234890025E+001                  3.5412789037434307E-005                  4.1390289781442813E-001                  5.8606168939653447E-001                  0.0000000000000000E+000                  0.0000000000000000E+000                  8.0156811246024027E-052 
                                     706                  2.2313383945268139E-001                 -1.0693308851646119E+000                  7.0870953461922435E+000                 -2.7826315752624975E-001                  1.4598371456247484E+001                  3.3423995852389336E-005                  4.4309822647566760E-001                  5.5686834952848008E-001                  0.0000000000000000E+000                  0.0000000000000000E+000                  1.7221115219314123E-051 
                                     707                  2.2312800723725570E-001                 -1.0730243342140640E+000                  7.0906264346833536E+000                 -2.6285868750106245E-001                  1.4616747762306638E+001                  3.3341550734652799E-005                  4.4413489008408980E-001                  5.5583176836517556E-001                  0.0000000000000000E+000                  0.0000000000000000E+000                  2.8664707918289985E-051 
                                     708                  2.2312509112954290E-001                 -1.0748409861564774E+000                  7.0929472929387485E+000                 -2.5279635977686077E-001                  1.4628777150928762E+001                  3.3286587322828344E-005                  4.4482599915637161E-001                  5.5514071425630562E-001                  0.0000000000000000E+000                  0.0000000000000000E+000                  4.0031347990588875E-051 
                                     709                  2.2312217502183007E-001                 -1.0766383270239441E+000                  7.0963797556224097E+000                 -2.3799932817920208E-001                  1.4646503702874995E+001                  3.3203965391440624E-005                  4.4587470406667068E-001                  5.5409209196793796E-001                  0.0000000000000000E+000                  0.0000000000000000E+000                  6.5525212467422661E-051 
                                     710                  2.2311634280640438E-001                 -1.0801771565727347E+000                  7.1008476226812478E+000                 -2.1849640848277180E-001                  1.4669794084747577E+001                  3.3094392195094433E-005                  4.4723283960747917E-001                  5.5273406600032571E-001                  0.0000000000000000E+000                  0.0000000000000000E+000                  1.2436034131060939E-050 
                                     711                  2.2311051059097872E-001                 -1.0836434461612814E+000                  7.1041200069095458E+000                 -2.0404021053700255E-001                  1.4687007358098613E+001                  3.3012570903369611E-005                  4.4822717588656624E-001                  5.5173981154253038E-001                  0.0000000000000000E+000                  0.0000000000000000E+000                  1.9874609279907379E-050 
                                     712                  2.2310759448326589E-001                 -1.0853501019052798E+000                  7.1062720826881858E+000                 -1.9458228303098202E-001                  1.4698288733343698E+001                  3.2958127976034858E-005                  4.4888252659874356E-001                  5.5108451527328040E-001                  0.0000000000000000E+000                  0.0000000000000000E+000                  2.7030946837062198E-050 
                                     713                  2.2310467837555309E-001                 -1.0870396961607922E+000                  7.1094567600382774E+000                 -1.8065152454584776E-001                  1.4714931652131222E+001                  3.2876620485755334E-005                  4.4985424245618855E-001                  5.5011288092332578E-001                  0.0000000000000000E+000                  0.0000000000000000E+000                  4.2561760046674153E-050 
                                     714                  2.2309884616012743E-001                 -1.0903693836627457E+000                  7.1125721914162341E+000                 -1.6675743915303051E-001                  1.4731449628511642E+001                  3.2795249530643178E-005                  4.5081645836974732E-001                  5.4915074638072203E-001                  0.0000000000000000E+000                  0.0000000000000000E+000                  6.6380906728458673E-050 
                                     715                  2.2309593005241460E-001                 -1.0920097533313855E+000                  7.1146217664983427E+000                 -1.5765862390582980E-001                  1.4742282925863785E+001                  3.2741164623440196E-005                  4.5144563145451927E-001                  5.4852162738085730E-001                  0.0000000000000000E+000                  0.0000000000000000E+000                  8.8860309913438358E-050 
                                     716                  2.2309301394470177E-001                 -1.0936343306293701E+000                  7.1176558165221575E+000                 -1.4424469823359887E-001                  1.4758275498869027E+001                  3.2660280856943383E-005                  4.5237093479527607E-001                  5.4759640492386696E-001                  0.0000000000000000E+000                  0.0000000000000000E+000                  1.3669595055556664E-049 
                                     717                  2.2308718172927611E-001                 -1.0968375864110440E+000                  7.1216104059325041E+000                 -1.2654253386572864E-001                  1.4779319225451388E+001                  3.2552635824652961E-005                  4.5359015349848769E-001                  5.4637729386568767E-001                  0.0000000000000000E+000                  0.0000000000000000E+000                  2.3957753869380332E-049 
                                     718                  2.2308134951385045E-001                 -1.0999810604403539E+000                  7.1245105472871204E+000                 -1.1340198509597609E-001                  1.4794895220643374E+001                  3.2472193132184829E-005                  4.5448129920043595E-001                  5.4548622860643192E-001                  0.0000000000000000E+000                  0.0000000000000000E+000                  3.6145066765828614E-049 
                                     719                  2.2307843340613762E-001                 -1.1015308964795281E+000                  7.1264194035577004E+000                 -1.0478666425065807E-001                  1.4805120398505236E+001                  3.2418699664974165E-005                  4.5506460522760778E-001                  5.4490297607272731E-001                  0.0000000000000000E+000                  0.0000000000000000E+000                  4.7351376475162036E-049 
                                     720                  2.2307551729842479E-001                 -1.1030665694346544E+000                  7.1292464694054614E+000                 -9.2072865123412825E-002                  1.4820228867323308E+001                  3.2338563077523086E-005                  4.5593239162035365E-001                  5.4403526981656880E-001                  0.0000000000000000E+000                  0.0000000000000000E+000                  7.0577823849437903E-049 
                                     721                  2.2306968508299915E-001                 -1.1060966746442062E+000                  7.1329337533829031E+000                 -7.5281555367594385E-002                  1.4840124158530699E+001                  3.2231976391327785E-005                  4.5706478898715114E-001                  5.4290297903645746E-001                  0.0000000000000000E+000                  0.0000000000000000E+000                  1.1875808967194442E-048 
                                     722                  2.2306385286757346E-001                 -1.1090729717419003E+000                  7.1365376979486790E+000                 -5.8770954942822501E-002                  1.4859664302527825E+001                  3.2125686339993622E-005                  4.5817014431441427E-001                  5.4179772999924580E-001                  0.0000000000000000E+000                  0.0000000000000000E+000                  1.9732955286496007E-048 
                                     723                  2.2305802065214780E-001                 -1.1119972371661988E+000                  7.1400609588621453E+000                 -4.2528303084759432E-002                  1.4878861856211456E+001                  3.2020060262987961E-005                  4.5923180221329929E-001                  5.4073617772643767E-001                  0.0000000000000000E+000                  0.0000000000000000E+000                  3.2389760437720856E-048 
                                     724                  2.2305218843672217E-001                 -1.1148711370683491E+000                  7.1435060256266478E+000                 -2.6552342614234569E-002                  1.4897728695330096E+001                  3.1913325351733833E-005                  4.6031182857791947E-001                  5.3965625809672879E-001                  0.0000000000000000E+000                  0.0000000000000000E+000                  5.2559561439732313E-048 
                                     725                  2.2304635622129651E-001                 -1.1176963066470913E+000                  7.1468752914961504E+000                 -1.0820615383829481E-002                  1.4916276072649776E+001                  3.1808662057713310E-005                  4.6131592175430663E-001                  5.3865226958363566E-001                  0.0000000000000000E+000                  0.0000000000000000E+000                  8.4305955363468299E-048 
                                     726                  2.2304052400587082E-001                 -1.1204742132292640E+000                  7.1501710799381959E+000                  4.6714442136899159E-003                  1.4934514647141828E+001                  3.1705290895450356E-005                  4.6227404522797555E-001                  5.3769424948112898E-001                  0.0000000000000000E+000                  0.0000000000000000E+000                  1.3374332356558973E-047 
                                     727                  2.2303469179044513E-001                 -1.1232062764830675E+000                  7.1533955916027550E+000                  1.9934721479528569E-002                  1.4952454529720692E+001                  3.1603567650537837E-005                  4.6316758930784330E-001                  5.3680080712450617E-001                  0.0000000000000000E+000                  0.0000000000000000E+000                  2.0989651555518341E-047 
                                     728                  2.2302885957501950E-001                 -1.1258938299075509E+000                  7.1565509119220048E+000                  3.4974492140276703E-002                  1.4970105317969407E+001                  3.1502977173472487E-005                  4.6401519602524999E-001                  5.3595330099757654E-001                  0.0000000000000000E+000                  0.0000000000000000E+000                  3.2602840110422702E-047 
                                     729                  2.2302302735959381E-001                 -1.1285381581101119E+000                  7.1596389910205307E+000                  4.9796675504756527E-002                  1.4987476133154551E+001                  3.1403382839132849E-005                  4.6482840311323786E-001                  5.3514019350392306E-001                  0.0000000000000000E+000                  0.0000000000000000E+000                  5.0140992961640418E-047 
                                     730                  2.2301719514416812E-001                 -1.1311404940521257E+000                  7.1626616668586305E+000                  6.4408455312888274E-002                  1.5004575653010802E+001                  3.1304784647518946E-005                  4.6560721057180743E-001                  5.3436148464354505E-001                  0.0000000000000000E+000                  0.0000000000000000E+000                  7.6374911427210112E-047 
                                     731                  2.2301136292874249E-001                 -1.1337020128319917E+000                  7.1656206907940660E+000                  7.8818396657375445E-002                  1.5021412140277198E+001                  3.1207431037539254E-005                  4.6633920627063546E-001                  5.3362958629832702E-001                  0.0000000000000000E+000                  0.0000000000000000E+000                  1.1524551615349817E-046 
                                     732                  2.2300553071331680E-001                 -1.1362238252209456E+000                  7.1682289070379301E+000                  9.1639163647301819E-002                  1.5036363534598156E+001                  3.1120345611535078E-005                  4.6697866682266809E-001                  5.3299021283172032E-001                  0.0000000000000000E+000                  0.0000000000000000E+000                  1.6559261439796788E-046 
                                     733                  2.2300086494097629E-001                 -1.1382133579367242E+000                  7.1705077968704201E+000                  1.0288610434649195E-001                  1.5049469068610568E+001                  3.1043771616027326E-005                  4.6751581857143398E-001                  5.3245313765695002E-001                  0.0000000000000000E+000                  0.0000000000000000E+000                  2.2718715840087068E-046 
                                     734                  2.2299619916863578E-001                 -1.1401786926639825E+000                  7.1738647388970307E+000                  1.1942405545714720E-001                  1.5068752510274059E+001                  3.0930067153298917E-005                  4.6827826639806391E-001                  5.3169080353478271E-001                  0.0000000000000000E+000                  0.0000000000000000E+000                  3.6155174008468500E-046 
                                     735                  2.2298686762395467E-001                 -1.1440393209014719E+000                  7.1776552629793882E+000                  1.3856601271391430E-001                  1.5090951351041705E+001                  3.0799114688915335E-005                  4.6910898611850016E-001                  5.3086021476681089E-001                  0.0000000000000000E+000                  0.0000000000000000E+000                  6.1140458957380836E-046 
                                     736                  2.2297988672773553E-001                 -1.1468675390166851E+000                  7.1808177527011754E+000                  1.5462462052113474E-001                  1.5109557788288425E+001                  3.0688200683570776E-005                  4.6977562418403623E-001                  5.3019368761528018E-001                  0.0000000000000000E+000                  0.0000000000000000E+000                  9.4698058766212955E-046 
                                     737                  2.2297290583151638E-001                 -1.1496463892007842E+000                  7.1839025931145821E+000                  1.7044258679948768E-001                  1.5127852086897860E+001                  3.0578086873303396E-005                  4.7041196582525646E-001                  5.2955745608787019E-001                  0.0000000000000000E+000                  0.0000000000000000E+000                  1.4506687363568227E-045 
                                     738                  2.2296592493529724E-001                 -1.1523773287035137E+000                  7.1869118628261379E+000                  1.8602866060489717E-001                  1.5145844264850588E+001                  3.0468844309524547E-005                  4.7101489642787492E-001                  5.2895463472781556E-001                  0.0000000000000000E+000                  0.0000000000000000E+000                  2.1986244436776768E-045 
                                     739                  2.2295894403907809E-001                 -1.1550617411961950E+000                  7.1894742022143561E+000                  1.9947347617080405E-001                  1.5161325797005517E+001                  3.0374151185732533E-005                  4.7151772367163602E-001                  5.2845190217717830E-001                  0.0000000000000000E+000                  0.0000000000000000E+000                  3.1329022602534723E-045 
                                     740                  2.2295374412671129E-001                 -1.1570317756433564E+000                  7.1916210605646533E+000                  2.1079300607219220E-001                  1.5174351079764982E+001                  3.0293577176674337E-005                  4.7193548774789151E-001                  5.2803421867493183E-001                  0.0000000000000000E+000                  0.0000000000000000E+000                  4.2140666797468663E-045 
                                     741                  2.2294854421434449E-001                 -1.1589772595867256E+000                  7.1947786836764100E+000                  2.2744381692168680E-001                  1.5193517258305038E+001                  3.0173447499819241E-005                  4.7253262600215717E-001                  5.2743720055034293E-001                  0.0000000000000000E+000                  0.0000000000000000E+000                  6.5116778367702263E-045 
                                     742                  2.2293814438961093E-001                 -1.1627971024256252E+000                  7.1978294200078077E+000                  2.4405494659136814E-001                  1.5212515484515064E+001                  3.0054098536893536E-005                  4.7310006425797091E-001                  5.2686988164349224E-001                  0.0000000000000000E+000                  0.0000000000000000E+000                  9.9297804426672242E-045 
                                     743                  2.2293294447724415E-001                 -1.1646719065664992E+000                  7.1998238747049301E+000                  2.5491653580009699E-001                  1.5224943945312591E+001                  2.9974587252328005E-005                  4.7347454966476760E-001                  5.2649547574798006E-001                  0.0000000000000000E+000                  0.0000000000000000E+000                  1.3078272423331001E-044 
                                     744                  2.2292774456487735E-001                 -1.1665240937496926E+000                  7.2027575769796286E+000                  2.7090698696261795E-001                  1.5243247023485669E+001                  2.9855402361557082E-005                  4.7403056762934398E-001                  5.2593957696829441E-001                  0.0000000000000000E+000                  0.0000000000000000E+000                  1.9599322887425545E-044 
                                     745                  2.2291734474014380E-001                 -1.1701628449033530E+000                  7.2065315834381316E+000                  2.9200031482292121E-001                  1.5267279932872402E+001                  2.9697263273278484E-005                  4.7473991769366680E-001                  5.2523038504305997E-001                  0.0000000000000000E+000                  0.0000000000000000E+000                  3.3020933613531054E-044 
                                     746                  2.2290694491541024E-001                 -1.1737162754441877E+000                  7.2092624216882486E+000                  3.0764333997764359E-001                  1.5285029790546975E+001                  2.9578250537483907E-005                  4.7528342543626578E-001                  5.2468699631319671E-001                  0.0000000000000000E+000                  0.0000000000000000E+000                  4.8218605040831144E-044 
                                     747                  2.2290174500304347E-001                 -1.1754618224487363E+000                  7.2110477847391845E+000                  3.1788593386944053E-001                  1.5296655121855609E+001                  2.9498797749145207E-005                  4.7564737328783535E-001                  5.2432312791441549E-001                  0.0000000000000000E+000                  0.0000000000000000E+000                  6.1745626021628390E-044 
                                     748                  2.2289654509067666E-001                 -1.1771872449955814E+000                  7.2136739718457932E+000                  3.3298568729104056E-001                  1.5313794326799961E+001                  2.9379768001036299E-005                  4.7618616421587473E-001                  5.2378445601612422E-001                  0.0000000000000000E+000                  0.0000000000000000E+000                  8.8801404447014145E-044 
                                     749                  2.2288614526594311E-001                 -1.1805795503434859E+000                  7.2170511401989446E+000                  3.5290999189043837E-001                  1.5336317354149159E+001                  2.9220064215420194E-005                  4.7693556372190976E-001                  5.2303521621387483E-001                  0.0000000000000000E+000                  0.0000000000000000E+000                  1.4195086437298299E-043 
                                     750                  2.2287574544120956E-001                 -1.1838956971746466E+000                  7.2203047626851076E+000                  3.7247380977834904E-001                  1.5358376167802005E+001                  2.9059412786466227E-005                  4.7771359788015577E-001                  5.2225734270705781E-001                  0.0000000000000000E+000                  0.0000000000000000E+000                  2.2329196314188017E-043 
                                     751                  2.2286534561647600E-001                 -1.1871384111330876E+000                  7.2234388483986010E+000                  3.9168647171580989E-001                  1.5379988374049510E+001                  2.8896890698734626E-005                  4.7855359179897294E-001                  5.2141751131032832E-001                  0.0000000000000000E+000                  0.0000000000000000E+000                  3.4591799460108773E-043 
                                     752                  2.2285494579174245E-001                 -1.1903103023112827E+000                  7.2264572132172153E+000                  4.1056404276492486E-001                  1.5401170569273573E+001                  2.8733073145594546E-005                  4.7943470483789297E-001                  5.2053656208896149E-001                  0.0000000000000000E+000                  0.0000000000000000E+000                  5.2800627806518093E-043 
                                     753                  2.2284454596700889E-001                 -1.1934138197599475E+000                  7.2286388270619559E+000                  4.2457654058344224E-001                  1.5416838812571445E+001                  2.8608593193811509E-005                  4.8015079917892178E-001                  5.1982059222788446E-001                  0.0000000000000000E+000                  0.0000000000000000E+000                  7.1800030503960616E-043 
                                     754                  2.2283934605464209E-001                 -1.1949405537665281E+000                  7.2300646755266236E+000                  4.3376795830953840E-001                  1.5427120497611421E+001                  2.8524571544206775E-005                  4.8066314972193547E-001                  5.1930832570652030E-001                  0.0000000000000000E+000                  0.0000000000000000E+000                  8.7791493285860886E-043 
                                     755                  2.2283414614227534E-001                 -1.1964510786792013E+000                  7.2321612888422981E+000                  4.4734471219853905E-001                  1.5442306439170277E+001                  2.8397948182253080E-005                  4.8144444018087285E-001                  5.1852716187094483E-001                  0.0000000000000000E+000                  0.0000000000000000E+000                  1.1800886212847062E-042 
                                     756                  2.2282374631754179E-001                 -1.1994248108708581E+000                  7.2348534974868235E+000                  4.6526713390910496E-001                  1.5462289159261553E+001                  2.8226429090264578E-005                  4.8260090639854158E-001                  5.1737086717236813E-001                  0.0000000000000000E+000                  0.0000000000000000E+000                  1.7298847262939155E-042 
                                     757                  2.2281334649280823E-001                 -1.2023369258378904E+000                  7.2374433609247291E+000                  4.8288910664303031E-001                  1.5481899612093546E+001                  2.8052025093043662E-005                  4.8387637310343540E-001                  5.1609557487147151E-001                  0.0000000000000000E+000                  0.0000000000000000E+000                  2.5046222079593793E-042 
                                     758                  2.2280294666807465E-001                 -1.2051894796328269E+000                  7.2399338279611918E+000                  5.0022473317676885E-001                  1.5501150390354276E+001                  2.7875761105746356E-005                  4.8524088537942506E-001                  5.1473123885946914E-001                  0.0000000000000000E+000                  0.0000000000000000E+000                  3.5826563944340736E-042 
                                     759                  2.2279254684334110E-001                 -1.2079844017582702E+000                  7.2423277151569696E+000                  5.1727998369941197E-001                  1.5520053448174966E+001                  2.7697049780649874E-005                  4.8671862720079229E-001                  5.1325367574942704E-001                  0.0000000000000000E+000                  0.0000000000000000E+000                  5.0657286775318757E-042 
                                     760                  2.2278214701860755E-001                 -1.2107235518877919E+000                  7.2446277333639273E+000                  5.3407312241446026E-001                  1.5538620148185693E+001                  2.7517215593489388E-005                  4.8824281758654015E-001                  5.1172966519786645E-001                  0.0000000000000000E+000                  0.0000000000000000E+000                  7.0804784227683630E-042 
                                     761                  2.2277174719387399E-001                 -1.2134086447807724E+000                  7.2479366550154163E+000                  5.5857294559484627E-001                  1.5565702371960509E+001                  2.7244556350753094E-005                  4.9065539078442161E-001                  5.0931736465922761E-001                  0.0000000000000000E+000                  0.0000000000000000E+000                  1.1485904409667036E-041 
                                     762                  2.2275094754440689E-001                 -1.2186244769692784E+000                  7.2509910802959450E+000                  5.8295709666140605E-001                  1.5592408734870242E+001                  2.6970299134205654E-005                  4.9312758608544832E-001                  5.0684544361541750E-001                  0.0000000000000000E+000                  0.0000000000000000E+000                  1.8111008841839173E-041 
                                     763                  2.2274054771967333E-001                 -1.2211569796761945E+000                  7.2524545792636088E+000                  5.9490137371064433E-001                  1.5605466370725482E+001                  2.6833037647797456E-005                  4.9436088201087258E-001                  5.0561228495147970E-001                  0.0000000000000000E+000                  0.0000000000000000E+000                  2.2554090701761220E-041 
                                     764                  2.2273534780730653E-001                 -1.2224050835993199E+000                  7.2534091684054038E+000                  6.0276231091447463E-001                  1.5614055349783774E+001                  2.6741459121853593E-005                  4.9518158504110771E-001                  5.0479167349977039E-001                  0.0000000000000000E+000                  0.0000000000000000E+000                  2.6032233980053644E-041 
                                     765                  2.2273014789493972E-001                 -1.2236413623667828E+000                  7.2548098634983340E+000                  6.1440554950520787E-001                  1.5626770089870668E+001                  2.6603940081993837E-005                  4.9641634516550165E-001                  5.0355705089441638E-001                  1.3709344153578412E-094                  0.0000000000000000E+000                  3.2146728385349197E-041 
                                     766                  2.2271974807020617E-001                 -1.2260792325684360E+000                  7.2565988201697298E+000                  6.2981219994903459E-001                  1.5643528371363159E+001                  2.6420766624471300E-005                  4.9804361592767576E-001                  5.0192996330569972E-001                  1.5202423228716570E-094                  0.0000000000000000E+000                  4.2194819591400108E-041 
                                     767                  2.2270934824547262E-001                 -1.2284717199404400E+000                  7.2591631825738938E+000                  6.5237424155933321E-001                  1.5668030814652839E+001                  2.6146186231933022E-005                  5.0046073661303714E-001                  4.9951311720073088E-001                  1.7650136654716516E-094                  0.0000000000000000E+000                  6.2450221896937422E-041 
                                     768                  2.2268854859600548E-001                 -1.2331262339988613E+000                  7.2615075702009957E+000                  6.7488929967744093E-001                  1.5692210320463905E+001                  2.5876595438990510E-005                  5.0257724119495262E-001                  4.9739688220960843E-001                  2.0312767738674936E-094                  0.0000000000000000E+000                  9.0064221979293627E-041 
                                     769                  2.2267814877127193E-001                 -1.2353894193609436E+000                  7.2626251893282197E+000                  6.8595874988072092E-001                  1.5704053845999926E+001                  2.5743588376611220E-005                  5.0350868966702655E-001                  4.9646556674459685E-001                  2.1732297112953172E-094                  0.0000000000000000E+000                  1.0733989214554957E-040 
                                     770                  2.2267294885890512E-001                 -1.2365054931671209E+000                  7.2633522400224182E+000                  6.9324634395171392E-001                  1.5711852691770179E+001                  2.5654817836490718E-005                  5.0418345103576767E-001                  4.9579089414639588E-001                  2.2715794747322289E-094                  9.8982773404050221E-096                  1.2041038851540786E-040 
                                     771                  2.2266774894653835E-001                 -1.2376114505385658E+000                  7.2644160317167872E+000                  7.0401916147310473E-001                  1.5723409829988917E+001                  2.5520013983400375E-005                  5.0545712646393648E-001                  4.9451735352208015E-001                  2.4254795861442527E-094                  1.0549160590321794E-095                  1.4275846234130472E-040 
                                     772                  2.2265734912180479E-001                 -1.2397938034126446E+000                  7.2657659330918030E+000                  7.1836696435625558E-001                  1.5738653456853742E+001                  2.5345322745574033E-005                  5.0652566319442405E-001                  4.9344899148283039E-001                  2.6370359688062935E-094                  1.1469063318905632E-095                  1.7714233409590917E-040 
                                     773                  2.2264694929707124E-001                 -1.2419370180637668E+000                  7.2676883761853297E+000                  7.3952487457424232E-001                  1.5760985013587343E+001                  2.5089283069266713E-005                  5.0740510911408943E-001                  4.9256980160284136E-001                  0.0000000000000000E+000                  0.0000000000000000E+000                  2.4070901785838631E-040 
                                     774                  2.2262614964760413E-001                 -1.2461095562255267E+000                  7.2694175323741312E+000                  7.6053541986834783E-001                  1.5783033548518992E+001                  2.4839066869138259E-005                  5.0870872935272926E-001                  4.9126643158040162E-001                  3.3268337402737384E-094                  1.4515429372763598E-095                  3.2099199978224805E-040 
                                     775                  2.2261574982287058E-001                 -1.2481403990822346E+000                  7.2705062936284808E+000                  7.7434099017857416E-001                  1.5797395490668766E+001                  2.4676419905080276E-005                  5.0890885816988696E-001                  4.9106646541020793E-001                  3.5723135243178002E-094                  1.5630039755373000E-095                  3.8434939035627782E-040 
                                     776                  2.2260534999813703E-001                 -1.2501352452374970E+000                  7.2715330751763210E+000                  7.8797830100735244E-001                  1.5811550634649423E+001                  2.4517567729420576E-005                  5.0920905139562500E-001                  4.9076643103664563E-001                  3.8266167144112029E-094                  0.0000000000000000E+000                  4.5709663176313575E-040 
                                     777                  2.2259495017340347E-001                 -1.2520950108577640E+000                  7.2724989811954055E+000                  8.0150654536965049E-001                  1.5825504012242867E+001                  2.4359822696648821E-005                  5.0920905139562445E-001                  4.9076658878167889E-001                  4.0866265782793033E-094                  1.7979883486115666E-095                  5.3888133343587645E-040 
                                     778                  2.2258455034866992E-001                 -1.2540203340354574E+000                  7.2738575911750090E+000                  8.2152436238526050E-001                  1.5845978642332856E+001                  2.4126763256021993E-005                  5.0836036030428933E-001                  4.9161551293245465E-001                  4.4851927936952029E-094                  1.9905974249233725E-095                  6.7893562659455608E-040 
                                     779                  2.2256375069920276E-001                 -1.2577702342542463E+000                  7.2750432471527784E+000                  8.4153261627771103E-001                  1.5866200808179867E+001                  2.3895434207987979E-005                  5.0698960695355622E-001                  4.9298649761223579E-001                  4.8872291448553496E-094                  2.1913016964193049E-095                  8.3731353990282806E-040 
                                     780                  2.2255335087446920E-001                 -1.2595956157744697E+000                  7.2757767594340130E+000                  8.5466593081364006E-001                  1.5879393479938622E+001                  2.3742459455024130E-005                  5.0576448095820403E-001                  4.9421177658234094E-001                  5.1589161569828913E-094                  2.3316294097855818E-095                  9.5447022775214707E-040 
                                     781                  2.2254295104973565E-001                 -1.2613888971149378E+000                  7.2766217559511706E+000                  8.7085313931094099E-001                  1.5895559919375208E+001                  2.3552809952696815E-005                  5.0394824710765052E-001                  4.9602820008239679E-001                  5.4996729944917304E-094                  2.5130394607686976E-095                  1.1126526617768806E-039 
                                     782                  2.2252741668139323E-001                 -1.2640091666908035E+000                  7.2775122895156743E+000                  8.9007090321206439E-001                  1.5914610050434975E+001                  2.3326788572353934E-005                  5.0153120788948635E-001                  4.9844546532194134E-001                  5.9067321456389733E-094                  2.7365688492680401E-095                  1.3170348794210872E-039 
                                     783                  2.2251188231305077E-001                 -1.2665612037403542E+000                  7.2782834994595857E+000                  9.0906940290907456E-001                  1.5933283113543583E+001                  2.3102394534462995E-005                  4.9875669380529597E-001                  5.0122020380016963E-001                  6.3092861108674151E-094                  2.9671793968189765E-095                  1.5346326290472387E-039 
                                     784                  2.2249634794470838E-001                 -1.2690468844422831E+000                  7.2789378378377876E+000                  9.2780319024603752E-001                  1.5951591023840837E+001                  2.2878228969862032E-005                  4.9603687793688295E-001                  5.0394024383414715E-001                  6.7078989253043603E-094                  3.2004119594598438E-095                  1.7647272271279510E-039 
                                     785                  2.2248081357636595E-001                 -1.2714683176628543E+000                  7.2794777674305564E+000                  9.4630496632954608E-001                  1.5969545155098746E+001                  2.2655007418872414E-005                  4.9315680807291840E-001                  5.0682053691966278E-001                  7.0966154707202572E-094                  3.4361856864582488E-095                  2.0009589236322048E-039 
                                     786                  2.2246527920802350E-001                 -1.2738273926177892E+000                  7.2799056756072060E+000                  9.6451931197703955E-001                  1.5987156352160357E+001                  2.2431266589370153E-005                  4.9056411997691168E-001                  5.0941344875649897E-001                  7.4774098875508846E-094                  3.6687119580803046E-095                  2.2432109579938791E-039 
                                     787                  2.2244974483968111E-001                 -1.2761262633704344E+000                  7.2802238827436456E+000                  9.8247003726839854E-001                  1.6004435018332440E+001                  2.2206963670937689E-005                  4.8815237542490053E-001                  5.1182541761142852E-001                  7.8461557509169687E-094                  3.8965561089425465E-095                  2.4857663257426427E-039 
                                     788                  2.2243421047133866E-001                 -1.2783669098142754E+000                  7.2804348857537802E+000                  1.0001588258566207E+000                  1.6021391125139456E+001                  2.1982962276595562E-005                  4.8596415162212225E-001                  5.1401386541560112E-001                  8.2006846039774318E-094                  4.1173053436349670E-095                  2.7242712235953414E-039 
                                     789                  2.2241867610299623E-001                 -1.2805512599560613E+000                  7.2805277326039679E+000                  1.0154944814366287E+000                  1.6035927170510742E+001                  2.1789974638057199E-005                  4.8350486626584027E-001                  5.1647334375952170E-001                  8.4840627077138399E-094                  4.3097059917217997E-095                  2.9117417367368542E-039 
                                     790                  2.2240714127165798E-001                 -1.2821374749272703E+000                  7.2805507242191903E+000                  1.0281080595037650E+000                  1.6048116443203153E+001                  2.1619990773612188E-005                  4.8350486626584038E-001                  5.1647351374338601E-001                  8.7445498336777386E-094                  4.4453239771944750E-095                  3.0971278546955083E-039 
                                     791                  2.2239560644031967E-001                 -1.2836951049577103E+000                  7.2805030907237445E+000                  1.0467213663340744E+000                  1.6066031102203322E+001                  2.1357407027354413E-005                  4.8350486626584022E-001                  5.1647377632713243E-001                  9.1174929424770128E-094                  4.6390251734827003E-095                  3.3639247346242404E-039 
                                     792                  2.2237253677764310E-001                 -1.2867273194788695E+000                  7.2802299824561709E+000                  1.0712364361208833E+000                  1.6089448741782139E+001                  2.1007190436273136E-005                  4.8366755090914820E-001                  5.1631144190041556E-001                  9.5653820180659820E-094                  4.8705940024995850E-095                  3.6734643410061977E-039 
                                     793                  2.2234946711496650E-001                 -1.2896526961234973E+000                  7.2797624473655462E+000                  1.0953055761598225E+000                  1.6112256856696376E+001                  2.0622218945207833E-005                  4.8383023555245630E-001                  5.1614914222859842E-001                  9.9566180285189963E-094                  5.0636582430928299E-095                  3.9231645609943266E-039 
                                     794                  2.2232639745228994E-001                 -1.2924758592087329E+000                  7.2791189532564218E+000                  1.1188204026410278E+000                  1.6134480917569586E+001                  2.0207942665935523E-005                  4.8478196771664395E-001                  5.1519782434069006E-001                  1.0303428063363232E-093                  5.2215011733343765E-095                  4.1234071304346228E-039 
                                     795                  2.2230332778961337E-001                 -1.2952019827627899E+000                  7.2783216964297672E+000                  1.1419129356579290E+000                  1.6156145040485011E+001                  1.9788901017994086E-005                  4.8562852098523823E-001                  5.1435169011374371E-001                  1.0592011979266865E-093                  5.3477062337711706E-095                  4.2538905239880526E-039 
                                     796                  2.2228025812693680E-001                 -1.2978352352065641E+000                  7.2773969026180891E+000                  1.1645539489726588E+000                  1.6177271938900589E+001                  1.9365094001383759E-005                  4.8654213709666028E-001                  5.1343849780933826E-001                  1.0829893198189829E-093                  5.4427872595123581E-095                  4.3231804287709583E-039 
                                     797                  2.2225718846426024E-001                 -1.3003798300922034E+000                  7.2766304523785932E+000                  1.1812921723980399E+000                  1.6192821273878874E+001                  1.9052343720022266E-005                  4.8722829532507017E-001                  5.1275265233120981E-001                  1.0977296693403440E-093                  5.4970645233204109E-095                  4.3378024100235543E-039 
                                     798                  2.2224565363292192E-001                 -1.3016201452709268E+000                  7.2761010459856834E+000                  1.1922746067131116E+000                  1.6203000349295369E+001                  1.8852852225219609E-005                  4.8765736183575137E-001                  5.1232378531202349E-001                  1.1064231283792224E-093                  5.5275453067320819E-095                  4.3348194093562329E-039 
                                     799                  2.2223411880158364E-001                 -1.3028398076679855E+000                  7.2752856654932794E+000                  1.2084780165099871E+000                  1.6217999101958601E+001                  1.8555506625626722E-005                  4.8833076158458477E-001                  5.1165068290878968E-001                  1.1181073394633304E-093                  5.5648799931416020E-095                  4.3159583124949772E-039 
                                     800                  2.2221104913890707E-001                 -1.3052191731572516E+000                  7.2741693807672441E+000                  1.2297587511018513E+000                  1.6237638658612827E+001                  1.8193279468272204E-005                  4.8900161925316071E-001                  5.1098018746737095E-001                  1.1313168175823607E-093                  5.6074972471072525E-095                  4.2652820145724351E-039 
                                     801                  2.2218797947623048E-001                 -1.3075216939657541E+000                  7.2730574478767975E+000                  1.2505412031760739E+000                  1.6256820386925600E+001                  1.7865916500557344E-005                  4.8968347449723443E-001                  5.1029865958626508E-001                  1.1435352317839253E-093                  5.6447302346337291E-095                  4.2073099299588423E-039 
                                     802                  2.2216490981355391E-001                 -1.3097512557980830E+000                  7.2719796150175195E+000                  1.2708928376713293E+000                  1.6275561740286502E+001                  1.7599849118970075E-005                  4.8984225367744860E-001                  5.1014014647343242E-001                  1.1548666109110543E-093                  5.6843949855026562E-095                  4.1430167298554226E-039 
                                     803                  2.2214184015087732E-001                 -1.3119112494938030E+000                  7.2709576512022647E+000                  1.2907198663702197E+000                  1.6293879310680971E+001                  1.7392099390511685E-005                  4.9008042244777006E-001                  5.0990218545283938E-001                  1.1673649129277683E-093                  5.7326715418251773E-095                  4.0953361970265480E-039 
                                     804                  2.2211877048820075E-001                 -1.3140053952495474E+000                  7.2700018690019643E+000                  1.3100772533608693E+000                  1.6311788962975616E+001                  1.7228147650689481E-005                  4.9008042244777000E-001                  5.0990234940457935E-001                  1.1808872855017805E-093                  5.7886711064883221E-095                  4.0612968100742847E-039 
                                     805                  2.2209570082552418E-001                 -1.3160369959856577E+000                  7.2691080695433161E+000                  1.3289546354841417E+000                  1.6329305833579035E+001                  1.7121606528781888E-005                  4.9006108253182989E-001                  5.0992179586164132E-001                  1.1957979728513906E-093                  5.8530104532787475E-095                  4.0440577610344239E-039 
                                     806                  2.2207263116284762E-001                 -1.3180092688290186E+000                  7.2682559370835973E+000                  1.3473879818668506E+000                  1.6346444382468000E+001                  1.7032545172168720E-005                  4.9004174261588973E-001                  5.0994122483893811E-001                  1.2114252014541010E-093                  5.9202099966415627E-095                  4.0360021637750839E-039 
                                     807                  2.2204956150017105E-001                 -1.3199251388961375E+000                  7.2669853871602861E+000                  1.3742282956829828E+000                  1.6371368562870973E+001                  1.6922259490975052E-005                  4.8988962010783310E-001                  5.1009345763267588E-001                  0.0000000000000000E+000                  0.0000000000000000E+000                  4.0086930151246811E-039 
                                     808                  2.2200342217481789E-001                 -1.3235973649165038E+000                  7.2654953968607554E+000                  1.4006956603165890E+000                  1.6395723263261001E+001                  1.6798503183101046E-005                  4.8979465893597712E-001                  5.1018854256083979E-001                  1.2441113596352390E-093                  6.0529742557029545E-095                  3.8852098990039606E-039 
                                     809                  2.2198035251214132E-001                 -1.3253576776062939E+000                  7.2643369675086547E+000                  1.4180094966825814E+000                  1.6411479955092940E+001                  1.6666567682900843E-005                  4.8979465893597696E-001                  5.1018867449634020E-001                  1.2434685783731937E-093                  6.0356854790478091E-095                  3.7349213920814133E-039 
                                     810                  2.2195728284946475E-001                 -1.3270696016181900E+000                  7.2622556432818923E+000                  1.4436220997293110E+000                  1.6434440051575510E+001                  1.6394517490173447E-005                  4.8996591880786761E-001                  5.1001768667464220E-001                  1.2267298328060831E-093                  5.9257289361034702E-095                  3.3925195679311961E-039 
                                     811                  2.2191114352411159E-001                 -1.3303534932620511E+000                  7.2592178166575492E+000                  1.4695890625386516E+000                  1.6456895080806145E+001                  1.5964623285519085E-005                  4.9107469489895145E-001                  5.0890934047776304E-001                  1.1726884672091601E-093                  5.6037017507863524E-095                  2.8055067598839628E-039 
                                     812                  2.2188807386143503E-001                 -1.3319263317603702E+000                  7.2568369172608680E+000                  1.4868320932646624E+000                  1.6471449401690201E+001                  1.5606629597343359E-005                  4.9192053564782784E-001                  5.0806385772257490E-001                  1.1235270657540909E-093                  5.3238907930112645E-095                  2.3803434624622993E-039 
                                     813                  2.2186500419875846E-001                 -1.3334542225552017E+000                  7.2527336370104569E+000                  1.5123516515646371E+000                  1.6492692980812482E+001                  1.4962542737470756E-005                  4.9512799906688254E-001                  5.0485703839037999E-001                  1.0366482123281006E-093                  4.8064899222974535E-095                  1.7746217003647608E-039 
                                     814                  2.2181886487340532E-001                 -1.3363802490257670E+000                  7.2461173526462748E+000                  1.5466237105151568E+000                  1.6520195831966777E+001                  1.4101070039917555E-005                  5.0011166078559566E-001                  4.9987423814436438E-001                  8.9463908074619149E-094                  4.0051562739798946E-095                  1.0651038126768485E-039 
                                     815                  2.2177272554805216E-001                 -1.3391378566389651E+000                  7.2393681954625562E+000                  1.5799223055642926E+000                  1.6546700313349636E+001                  1.3376965896767278E-005                  5.0569835676359831E-001                  4.9428826627050493E-001                  7.6660721180422549E-094                  3.3026547435662720E-095                  6.2719308636652313E-040 
                                     816                  2.2172658622269903E-001                 -1.3417396554145065E+000                  7.2353852529400173E+000                  1.6031711672785336E+000                  1.6566012031807759E+001                  1.3034829903460656E-005                  5.0971603599539883E-001                  4.9027092917469772E-001                  7.0639509495581577E-094                  2.9655597796114143E-095                  4.6799078031987796E-040 
                                     817                  2.2170351656002246E-001                 -1.3429892710945439E+000                  7.2332906559144359E+000                  1.6177089156107944E+000                  1.6578565707337720E+001                  1.2892777761996149E-005                  5.1258281035615183E-001                  4.8740429686608622E-001                  6.8124999663950520E-094                  2.8123232174111143E-095                  4.0726371835977252E-040 
                                     818                  2.2168044689734587E-001                 -1.3442080963500598E+000                  7.2310969846130906E+000                  1.6380146678013545E+000                  1.6596940015806865E+001                  1.2763501863577359E-005                  5.1698601899585195E-001                  4.8300121750228453E-001                  6.6553676566229342E-094                  2.6839770187927018E-095                  3.6361795483726857E-040 
                                     819                  2.2163430757199273E-001                 -1.3465632713451992E+000                  7.2305219228698929E+000                  1.6618240194076701E+000                  1.6620782392729541E+001                  1.2698966296421752E-005                  5.2336434075369453E-001                  4.7662296028000906E-001                  6.9809399412135182E-094                  2.7394559099067253E-095                  3.9766397024454698E-040 
                                     820                  2.2158816824663963E-001                 -1.3488286721583536E+000                  7.2310987225853900E+000                  1.6834842857633341E+000                  1.6643843104399785E+001                  1.2634430729266090E-005                  5.3049543119446119E-001                  4.6949193437480952E-001                  7.6081083437192402E-094                  2.9048738411408842E-095                  4.8939083763234552E-040 
                                     821                  2.2154202892128652E-001                 -1.3510172705710910E+000                  7.2317272564463906E+000                  1.7044259236669703E+000                  1.6666170887513065E+001                  1.2513276124530190E-005                  5.3704363329073901E-001                  4.6294385343313649E-001                  8.2827894349536015E-094                  3.0853585263422478E-095                  6.0129719843103040E-040 
                                     822                  2.2149588959593339E-001                 -1.3531340852012637E+000                  7.2318191093705764E+000                  1.7252722647570420E+000                  1.6687810117546832E+001                  1.2357920397893483E-005                  5.4331923331869558E-001                  4.5666840876090653E-001                  8.8349369707020463E-094                  3.2099437607941350E-095                  6.9556986876502430E-040 
                                     823                  2.2144975027058025E-001                 -1.3551809172526119E+000                  7.2311918203210732E+000                  1.7462420294193903E+000                  1.6708800790233514E+001                  1.2135310924218624E-005                  5.4941745612911519E-001                  4.5057040855996056E-001                  0.0000000000000000E+000                  0.0000000000000000E+000                  7.4401780215501575E-040 
                                     824                  2.2140361094522712E-001                 -1.3571585671342428E+000                  7.2299178899391938E+000                  1.7672563186917596E+000                  1.6729178927668755E+001                  1.1848469768991601E-005                  5.5557542577778640E-001                  4.4441272575244462E-001                  9.3145103733657446E-094                  3.2069962677579549E-095                  7.4232092596688411E-040 
                                     825                  2.2135747161987401E-001                 -1.3590682725483803E+000                  7.2282386405859933E+000                  1.7882022602814476E+000                  1.6748977179092694E+001                  1.1574980332985864E-005                  5.6108940938860274E-001                  4.3889901563106426E-001                  9.2999884728756453E-094                  3.1189592804397443E-095                  7.0592017139244584E-040 
                                     826                  2.2131133229452088E-001                 -1.3609118038129620E+000                  7.2252124738847456E+000                  1.8191229499245773E+000                  1.6777538688131809E+001                  1.1182548471272274E-005                  5.6850173675435456E-001                  4.3148708069717412E-001                  9.0807903905254400E-094                  2.9339627376172818E-095                  6.1486966566045493E-040 
                                     827                  2.2121905364381461E-001                 -1.3644093527967776E+000                  7.2227303868185491E+000                  1.8488024488147232E+000                  1.6805175999748958E+001                  1.0858855088467223E-005                  5.7407640624155198E-001                  4.2591273490335957E-001                  8.9873546992049499E-094                  2.8228124124921827E-095                  5.5884775560924753E-040 
                                     828                  2.2117291431846148E-001                 -1.3660720102993940E+000                  7.2214169100891130E+000                  1.8676664805880197E+000                  1.6822930630399121E+001                  1.0659661285922894E-005                  5.7700297758713182E-001                  4.2298636275158230E-001                  9.0051911720582501E-094                  2.7873602351778085E-095                  5.3938709363746483E-040 
                                     829                  2.2112677499310837E-001                 -1.3676820924024229E+000                  7.2206896371626623E+000                  1.8855101637202110E+000                  1.6840234124803654E+001                  1.0471408244036390E-005                  5.7954285806621375E-001                  4.2044667052554219E-001                  9.1907101572918396E-094                  2.8124610652525834E-095                  5.5098557099853639E-040 
                                     830                  2.2108063566775521E-001                 -1.3692443873777782E+000                  7.2207285676067059E+000                  1.9021471810060393E+000                  1.6857107628851345E+001                  1.0307718346159193E-005                  5.8181345040090660E-001                  4.1817624188074720E-001                  9.6156928361878398E-094                  2.9181351993097433E-095                  6.0733510525338685E-040 
                                     831                  2.2103449634240210E-001                 -1.3707640566373636E+000                  7.2209698488700313E+000                  1.9261064134308836E+000                  1.6881574819444893E+001                  1.0094934358022502E-005                  5.8486181109065827E-001                  4.1512809397498374E-001                  1.0328826921489297E-093                  3.1014598725136879E-095                  7.1220890798718963E-040 
                                     832                  2.2094221769169581E-001                 -1.3736846756146484E+000                  7.2227809061898780E+000                  1.9554178276894445E+000                  1.6912983439355482E+001                  9.8765664725886158E-006                  5.8782438272320181E-001                  4.1216574071032563E-001                  0.0000000000000000E+000                  0.0000000000000000E+000                  1.0164878689887293E-039 
                                     833                  2.2084993904098957E-001                 -1.3764690112890985E+000                  7.2249478401052967E+000                  1.9756599059941211E+000                  1.6935685021851992E+001                  9.7262656271583065E-006                  5.9014312392337287E-001                  4.0984714981100001E-001                  1.3582269473753923E-093                  4.0446587059154419E-095                  1.4370720085704767E-039 
                                     834                  2.2080379971563641E-001                 -1.3778168967066773E+000                  7.2261331610058734E+000                  1.9889354226614493E+000                  1.6950360954025498E+001                  9.6345814961519211E-006                  5.9184679506884452E-001                  4.0814357034965931E-001                  1.4686326721287999E-093                  4.3595046204899672E-095                  1.7592172757564073E-039 
                                     835                  2.2075766039028330E-001                 -1.3791363027254979E+000                  7.2277159012914067E+000                  2.0084820486398223E+000                  1.6971732547302988E+001                  9.5279990836334056E-006                  5.9390575068144125E-001                  4.0608472131947515E-001                  1.6366280120504785E-093                  4.8421811404126633E-095                  2.3224310276459737E-039 
                                     836                  2.2066538173957709E-001                 -1.3816929556692759E+000                  7.2254407430826664E+000                  2.0378160511812444E+000                  1.6999295413506001E+001                  9.3210672004010015E-006                  5.9901947014748735E-001                  4.0097120878531223E-001                  1.6301729254199876E-093                  4.6978787602872139E-095                  2.1526894692087190E-039 
                                     837                  2.2057310308887090E-001                 -1.3841241523287118E+000                  7.2254989775878169E+000                  2.0570820406385302E+000                  1.7019302249234759E+001                  9.1337340160616285E-006                  6.0420009648820949E-001                  3.9579076977777450E-001                  1.7260944843432880E-093                  4.8714620871977129E-095                  2.4447008217527855E-039 
                                     838                  2.2052696376351780E-001                 -1.3853015982665442E+000                  7.2257901068788577E+000                  2.0691670207216912E+000                  1.7032281077469310E+001                  8.9855218078540258E-006                  6.0847213930028654E-001                  3.9151887517790562E-001                  1.8088595936804344E-093                  5.0197078821250611E-095                  2.7353421018062332E-039 
                                     839                  2.2048082443816469E-001                 -1.3864559915756955E+000                  7.2244068844003699E+000                  2.0884871197203800E+000                  1.7051242246638406E+001                  8.7282183675706164E-006                  6.1610764139579710E-001                  3.8388363038583528E-001                  1.8243481506118162E-093                  4.8854326787301616E-095                  2.6898056555152893E-039 
                                     840                  2.2038854578745851E-001                 -1.3886903024228989E+000                  7.2251523882964221E+000                  2.1118756830572849E+000                  1.7075777350021173E+001                  8.5504296445948711E-006                  6.1930721365635866E-001                  3.8068423591399669E-001                  1.9940683936124496E-093                  5.2852774059433336E-095                  3.3252261764792782E-039 
                                     841                  2.2029626713675229E-001                 -1.3908397706026652E+000                  7.2288804546210592E+000                  2.1318087184820116E+000                  1.7099442421452764E+001                  8.5069501361669210E-006                  6.1903742156103581E-001                  3.8095407148882798E-001                  2.3964784862358822E-093                  6.4321826886213451E-095                  5.4838944807804451E-039 
                                     842                  2.2020398848604611E-001                 -1.3929230491749902E+000                  7.2321940836881344E+000                  2.1513597615022011E+000                  1.7122298514993631E+001                  8.4553802803231676E-006                  6.1874340521182603E-001                  3.8124813940789370E-001                  2.8331859534779066E-093                  7.6926807572313244E-095                  8.6216207143003122E-039 
                                     843                  2.2011170983533990E-001                 -1.3949430495333526E+000                  7.2328288418473115E+000                  2.1728800005785445E+000                  1.7144400148010725E+001                  8.2714989029609944E-006                  6.1887915198716137E-001                  3.8111257651393571E-001                  3.0549870270595087E-093                  8.3206747715254306E-095                  1.0278225685788605E-038 
                                     844                  2.2001943118463371E-001                 -1.3968919280556547E+000                  7.2305951954355239E+000                  2.1966375859130971E+000                  1.7165794191875626E+001                  7.9329206699832505E-006                  6.1927284228941071E-001                  3.8071922478991926E-001                  0.0000000000000000E+000                  0.0000000000000000E+000                  9.1143314835574216E-039 
                                     845                  2.1992715253392750E-001                 -1.3987615560629796E+000                  7.2342848377862721E+000                  2.2135832045365995E+000                  1.7186520955771353E+001                  7.8609081130627640E-006                  6.1927284228941060E-001                  3.8071929680247629E-001                  3.5569847728661541E-093                  9.7486732491744678E-095                  1.4743274002533115E-038 
                                     846                  2.1983487388322137E-001                 -1.4005827068645280E+000                  7.2374014288268427E+000                  2.2319344457264236E+000                  1.7206622170445229E+001                  7.7888955561422893E-006                  6.1044084796702314E-001                  3.8955136313742067E-001                  4.1039018509793749E-093                  1.1815640597386752E-094                  2.1608858283986269E-038 
                                     847                  2.1974259523251519E-001                 -1.4023502821611185E+000                  7.2381988633699432E+000                  2.2506733354770279E+000                  1.7226134350937759E+001                  7.7168829992218248E-006                  6.1044084796702380E-001                  3.8955143514997692E-001                  4.4205762082151693E-093                  1.2768242261647027E-094                  2.5838269540043118E-038 
                                     848                  2.1965031658180900E-001                 -1.4040636896887559E+000                  7.2397555490417398E+000                  2.2631008791664406E+000                  1.7240428297143996E+001                  7.5778049552593979E-006                  6.1213785167381174E-001                  3.8785457052123296E-001                  4.8329475798509029E-093                  1.3933271663016558E-094                  3.2738416839781227E-038 
                                     849                  2.1960417725645590E-001                 -1.4049036041135716E+000                  7.2398575949505819E+000                  2.2721433479271687E+000                  1.7249772057217495E+001                  7.4855984161750480E-006                  6.1345528485879552E-001                  3.8653722954278835E-001                  4.9692606766135429E-093                  1.4259838483225397E-094                  3.4850171484456810E-038 
                                     850                  2.1955803793110279E-001                 -1.4057309621657705E+000                  7.2408304193413002E+000                  2.2841002582734600E+000                  1.7263521177560101E+001                  7.3208645513939681E-006                  6.1834545581565181E-001                  3.8164722331979684E-001                  5.3408052325634313E-093                  1.5064335390669919E-094                  4.2032651588910957E-038 
                                     851                  2.1946575928039663E-001                 -1.4073544204104109E+000                  7.2353638529451256E+000                  2.3076995071154109E+000                  1.7281454913299729E+001                  7.0784355349582588E-006                  6.1834545581565203E-001                  3.8164746574881303E-001                  4.6431816145612078E-093                  1.2924846010040696E-094                  2.6372725410468464E-038 
                                     852                  2.1937348062969045E-001                 -1.4089089861751483E+000                  7.2340099547543240E+000                  2.3255564781042963E+000                  1.7298913608405780E+001                  6.8044146364101373E-006                  6.1626488569121374E-001                  3.8372830989414985E-001                  4.6023749247159085E-093                  1.2920730928512191E-094                  2.4699111054579896E-038 
                                     853                  2.1928120197898426E-001                 -1.4104167933701537E+000                  7.2275593538342848E+000                  2.3515007259813130E+000                  1.7323903147210206E+001                  6.3574563259664625E-006                  6.1647699786943322E-001                  3.8351664467424085E-001                  0.0000000000000000E+000                  0.0000000000000000E+000                  1.4084872861081126E-038 
                                     854                  2.1909977484824142E-001                 -1.4132515213304000E+000                  7.2190084124775016E+000                  2.3778201667455652E+000                  1.7347986396113438E+001                  5.8657643542943820E-006                  6.2127824359044093E-001                  3.7871589064520483E-001                  3.0532737752463103E-093                  8.1136773425291323E-095                  6.5339574638881461E-039 
                                     855                  2.1900906128286998E-001                 -1.4146049943697443E+000                  7.2148714172655897E+000                  2.3957115839805723E+000                  1.7363513315229508E+001                  5.5879495120309738E-006                  6.2452320457186061E-001                  3.7547120747862739E-001                  2.7556386400140192E-093                  7.1553841580172064E-095                  4.6364644199241847E-039 
                                     856                  2.1891834771749855E-001                 -1.4159158497552615E+000                  7.2095595308493516E+000                  2.4224092817304732E+000                  1.7386064802259209E+001                  5.2090904163044412E-006                  6.2958925334919968E-001                  3.7040553756038397E-001                  2.4399796287543756E-093                  6.1277283283504862E-095                  3.0492222511242633E-039 
                                     857                  2.1873692058675567E-001                 -1.4184138731093070E+000                  7.1993748323728877E+000                  2.4531450383533455E+000                  1.7407971694375412E+001                  4.6896162370935974E-006                  6.3438213278778810E-001                  3.6561317759597478E-001                  1.8195657546038806E-093                  4.3744105254723877E-095                  1.1946405151796092E-039 
                                     858                  2.1864620702138426E-001                 -1.4195924279556875E+000                  7.1999114351216500E+000                  2.4664922736624422E+000                  1.7422130208888831E+001                  4.3915826898438615E-006                  6.3438213278778821E-001                  3.6561347562952196E-001                  1.9185772305892805E-093                  4.6237498250313971E-095                  1.3570286401016441E-039 
                                     859                  2.1855549345601283E-001                 -1.4207445503860863E+000                  7.1921195904868487E+000                  2.4942637884798802E+000                  1.7442742686304982E+001                  4.0169562273055497E-006                  6.3309743728196310E-001                  3.6689854576180958E-001                  1.5348168533773520E-093                  3.6600849153436284E-095                  6.5850186934523799E-040 
                                     860                  2.1837406632526996E-001                 -1.4229311142172461E+000                  7.1870907462554703E+000                  2.5250333407339771E+000                  1.7469279754885807E+001                  3.5900464670846411E-006                  6.3200773499242635E-001                  3.6798867496110654E-001                  1.3706190207291098E-093                  3.2550095862591472E-095                  4.3973537624745855E-040 
                                     861                  2.1819263919452714E-001                 -1.4249982720088641E+000                  7.1807964424415394E+000                  2.5555214575545100E+000                  1.7494734576920198E+001                  3.1533148029912095E-006                  6.3340125823455962E-001                  3.6659558845063744E-001                  1.1704155529259178E-093                  2.7283002932873896E-095                  2.5731233816247933E-040 
                                     862                  2.1801121206378429E-001                 -1.4269522406728377E+000                  7.1771488739301272E+000                  2.5837821911667964E+000                  1.7519184478929951E+001                  2.7507380904752571E-006                  6.2388390038409225E-001                  3.7611334887781722E-001                  1.0786279708822507E-093                  2.6091356458941026E-095                  1.8955459691412542E-040 
                                     863                  2.1782978493304148E-001                 -1.4288073555635914E+000                  7.1706350245473036E+000                  2.6091593741872909E+000                  1.7539829394971186E+001                  2.4767947930186642E-006                  6.2861994889019379E-001                  3.7137757431501317E-001                  9.0562977165583327E-094                  2.1163419628515512E-095                  1.0668527892285925E-040 
                                     864                  2.1769371458498446E-001                 -1.4301342284657887E+000                  7.1763942994183800E+000                  2.6202871250594604E+000                  1.7556969854705383E+001                  2.2439599338735589E-006                  6.2861994889019379E-001                  3.7137780714987234E-001                  1.1579190945635812E-093                  2.7508036848723488E-095                  2.1571957484865442E-040 
                                     865                  2.1755764423692750E-001                 -1.4314393459537209E+000                  7.1687402101423743E+000                  2.6524366550250282E+000                  1.7581748212937338E+001                  1.8974707993005062E-006                  6.1814339611456948E-001                  3.8185470641463126E-001                  9.2455777793225210E-094                  2.2654515874576941E-095                  1.0293510967091231E-040 
                                     866                  2.1728550354081344E-001                 -1.4338950017834207E+000                  7.1641485886227363E+000                  2.6867384249446036E+000                  1.7613374690078967E+001                  1.4859989660540482E-006                  6.1872738373116254E-001                  3.8127113026987136E-001                  8.4801904146029997E-094                  2.0577820731511755E-095                  7.3781294517963841E-041 
                                     867                  2.1701336284469944E-001                 -1.4362018022213012E+000                  7.1639672544364013E+000                  2.7081682821007735E+000                  1.7636107939793803E+001                  1.2570172235854244E-006                  6.2144631016142782E-001                  3.7855243282134865E-001                  8.9328462956710047E-094                  2.1475046438085064E-095                  8.2072357277073854E-041 
                                     868                  2.1687729249664242E-001                 -1.4373127157932237E+000                  7.1649164395873006E+000                  2.7213137218608368E+000                  1.7650765944751491E+001                  1.1335085330380029E-006                  6.2064784448291532E-001                  3.7935102200855164E-001                  9.5639757692437510E-094                  2.3174944987314276E-095                  9.7582526401437869E-041 
                                     869                  2.1674122214858541E-001                 -1.4383987168603263E+000                  7.1661076835424513E+000                  2.7404906753495180E+000                  1.7672059055825123E+001                  9.5283290243965482E-007                  6.1990835722151882E-001                  3.8009068994557871E-001                  1.0495369709549703E-093                  2.5665756095302313E-095                  1.2315724044191492E-040 
                                     870                  2.1646908145247143E-001                 -1.4404998871799259E+000                  7.1635903537119638E+000                  2.7610254876531632E+000                  1.7692718769308563E+001                  8.0415650454449961E-007                  6.2969514472264043E-001                  3.7030405112085507E-001                  1.0211411573328480E-093                  2.3820842773960313E-095                  1.0848232011300107E-040 
                                     871                  2.1633301110441439E-001                 -1.4415127963314465E+000                  7.1639632563449709E+000                  2.7731943225015865E+000                  1.7706079348019724E+001                  7.3149546812452017E-007                  6.3037565145629160E-001                  3.6962361704824032E-001                  1.0696319139157768E-093                  2.4941120002048881E-095                  1.2114794486172312E-040 
                                     872                  2.1619694075635737E-001                 -1.4425045611715634E+000                  7.1677495648745557E+000                  2.7883462524025195E+000                  1.7725541013506071E+001                  6.4357653362249824E-007                  6.2884612449823285E-001                  3.7115323192523353E-001                  1.2804951410766163E-093                  3.0425167381264771E-095                  1.9971175382134975E-040 
                                     873                  2.1592480006024339E-001                 -1.4444395323200261E+000                  7.1734987320826464E+000                  2.8057713044513912E+000                  1.7750603581347637E+001                  5.5486008331758750E-007                  6.3755129511476316E-001                  3.6244815002515351E-001                  1.6866613860503675E-093                  3.9226697356550640E-095                  4.3515084368358952E-040 
                                     874                  2.1565265936412942E-001                 -1.4463230833665435E+000                  7.1783006152541393E+000                  2.8223085765565616E+000                  1.7774672199324002E+001                  4.7056819215629274E-007                  6.5267353215120305E-001                  3.4732599728060476E-001                  2.1578745612701379E-093                  4.7556634919996751E-095                  8.7159289493774394E-040 
                                     875                  2.1538051866801528E-001                 -1.4481597085610565E+000                  7.1823730900219012E+000                  2.8398285724896426E+000                  1.7797827033163717E+001                  3.9760960857623411E-007                  6.5780198942257162E-001                  3.4219761296781981E-001                  2.6496391576953286E-093                  5.7772432093937855E-095                  1.5412248077229844E-039 
                                     876                  2.1510837797190108E-001                 -1.4499459286411689E+000                  7.1833062889620845E+000                  2.8588163734248622E+000                  1.7820137491535917E+001                  3.5399126354153922E-007                  6.6656024899732513E-001                  3.3343939701141134E-001                  2.9190238509665486E-093                  6.1391185185787087E-095                  1.9693355405938544E-039 
                                     877                  2.1483623727578696E-001                 -1.4516766323349215E+000                  7.1875426362925046E+000                  2.8751758675217625E+000                  1.7841663648873133E+001                  2.8441757785002398E-007                  6.6711583647534745E-001                  3.3288387910707473E-001                  3.5682681830096456E-093                  7.5842932056974050E-095                  3.4444052619584810E-039 
                                     878                  2.1456409657967279E-001                 -1.4533631433378948E+000                  7.1931817723955023E+000                  2.8892672857595647E+000                  1.7862460777900775E+001                  2.3448503060988495E-007                  6.7086768740066238E-001                  3.2913207811430700E-001                  4.5874718575985453E-093                  9.7388930504255233E-095                  7.0322744359449894E-039 
                                     879                  2.1429195588355868E-001                 -1.4550147439253978E+000                  7.1997457996533392E+000                  2.9028313942976238E+000                  1.7882579633571126E+001                  1.9518435621468498E-007                  6.6708760418962187E-001                  3.3291220062602189E-001                  6.0201478129315509E-093                  1.3255068555088461E-094                  1.5269222136025217E-038 
                                     880                  2.1401981518744453E-001                 -1.4566337441666144E+000                  7.2057353569683196E+000                  2.9158702789912838E+000                  1.7902065838499105E+001                  1.6263262252924379E-007                  6.6689215187564510E-001                  3.3310768549173242E-001                  7.7566074067902370E-093                  1.7387923520641251E-094                  3.1437495637614845E-038 
                                     881                  2.1374767449133042E-001                 -1.4582223623917725E+000                  7.2104497870915374E+000                  2.9305267451475836E+000                  1.7920960575833000E+001                  1.3864657114328726E-007                  6.5748837230297597E-001                  3.4251148905045292E-001                  9.4363512092359081E-093                  2.2406834167174517E-094                  5.4368124854476227E-038 
                                     882                  2.1347553379521633E-001                 -1.4597750178074360E+000                  7.2149120231807498E+000                  2.9418055956567666E+000                  1.7937425279978388E+001                  1.1781143592320420E-007                  6.5933595888743413E-001                  3.4066392330112993E-001                  1.1462617780703814E-092                  2.7333859449156509E-094                  9.4366719468850581E-038 
                                     883                  2.1326008907745936E-001                 -1.4609841732265452E+000                  7.2186561504928992E+000                  2.9528660624511716E+000                  1.7951614126458551E+001                  1.0428496771231883E-007                  6.5025165517281580E-001                  3.4974824054221654E-001                  1.3326016112055015E-092                  3.3493365066844457E-094                  1.4378771426238344E-037 
                                     884                  2.1304464435970236E-001                 -1.4621727254365497E+000                  7.2244830556099071E+000                  2.9670634023276157E+000                  1.7972263779012959E+001                  9.0206813320486594E-008                  6.5040072233247481E-001                  3.4959918746071184E-001                  1.7071253770101659E-092                  4.3589966346843594E-094                  2.9017629050595742E-037 
                                     885                  2.1261375492418846E-001                 -1.4645014783676440E+000                  7.2336170583982389E+000                  2.9827865326275798E+000                  1.7995846618155635E+001                  7.7296594703380014E-008                  6.3701582191006545E-001                  3.6298410079333987E-001                  2.4185275637563439E-092                  6.7267882035275794E-094                  7.8560538401207033E-037 
                                     886                  2.1228285765269569E-001                 -1.4662507072411775E+000                  7.2360824166577791E+000                  2.9991121335168702E+000                  1.8015622810727987E+001                  6.7811731142822449E-008                  6.3598815106541917E-001                  3.6401178112284971E-001                  2.7503193828133725E-092                  7.7468351620117959E-094                  1.1084767232918919E-036 
                                     887                  2.1195196038120293E-001                 -1.4679556208698405E+000                  7.2435124523694245E+000                  3.0107302594201357E+000                  1.8034801099052977E+001                  6.0136818049128486E-008                  6.3495761057529232E-001                  3.6504232928788960E-001                  3.6878154927046661E-092                  1.0647063999186840E-093                  2.5741242678832352E-036 
                                     888                  2.1162106310971018E-001                 -1.4696350467454551E+000                  7.2491514442230569E+000                  3.0229235907530256E+000                  1.8053419932575100E+001                  5.5214145415661888E-008                  6.3741693867552540E-001                  3.6258300611032923E-001                  4.6661140322395369E-092                  1.3532727485855926E-093                  5.0279502194727249E-036 
                                     889                  2.1129016583821744E-001                 -1.4712868733897555E+000                  7.2573537187623298E+000                  3.0380594599996820E+000                  1.8075921595495291E+001                  4.8970207359665400E-008                  6.2706682377528322E-001                  3.7293312725450944E-001                  5.9721968260350334E-196                  1.9794082579534724E-093                  1.2229663199689793E-035 
                                     890                  2.1079381993097823E-001                 -1.4737136794830541E+000                  7.2592268455983930E+000                  3.0543017344398913E+000                  1.8095603298220379E+001                  4.5811699285959978E-008                  6.2978946077444564E-001                  3.7021049341385504E-001                  6.3030826357225455E-196                  2.2009821525196386E-093                  1.6422166745838094E-035 
                                     891                  2.1054564697735861E-001                 -1.4748972174614199E+000                  7.2638496844446960E+000                  3.0630335968376277E+000                  1.8108367467364115E+001                  4.2292037703430629E-008                  6.2281645920715922E-001                  3.7718349850080313E-001                  6.6859625893572907E-196                  2.7333487676727966E-093                  2.6883018659782979E-035 
                                     892                  2.1029747402373902E-001                 -1.4760666625636607E+000                  7.2710163571252000E+000                  3.0751763435202824E+000                  1.8127010983419758E+001                  3.7781587710907604E-008                  6.1495971709234187E-001                  3.8504024512607038E-001                  0.0000000000000000E+000                  0.0000000000000000E+000                  5.7861988833080676E-035 
                                     893                  2.0980112811649984E-001                 -1.4783684784641620E+000                  7.2765089198059183E+000                  3.0969841713050594E+000                  1.8145219902525433E+001                  2.1390967460861249E-008                  5.3285330815216725E-001                  4.6714667045686531E-001                  1.2315458969257840E-091                  6.0102747057283050E-093                  7.4333890268946663E-035 
                                     894                  2.0955295516288025E-001                 -1.4794759951474483E+000                  7.2807194032217648E+000                  3.1112466048710732E+000                  1.8157053211564104E+001                  1.4138808665073632E-008                  4.7512685949141120E-001                  5.2487312636978012E-001                  1.3222639440401481E-091                  8.2453953903516811E-093                  8.7465173903907647E-035 
                                     895                  2.0930478220926058E-001                 -1.4805558589068570E+000                  7.2883212016510379E+000                  3.1228389141045052E+000                  1.8176516500924667E+001                  1.4138808665073632E-008                  4.7512685949141120E-001                  5.2487312636978012E-001                  1.7679563002183462E-091                  1.1252595187706078E-092                  2.0160557938510947E-034 
                                     896                  2.0871395727040415E-001                 -1.4830903926805346E+000                  7.2986404436397665E+000                  3.1386836511981766E+000                  1.8203051810117813E+001                  1.4138808665073632E-008                  4.7512685949141120E-001                  5.2487312636978012E-001                  2.6154037767469382E-091                  1.7117928474412424E-092                  6.2168380660218071E-034 
                                     897                  2.0812313233154778E-001                 -1.4855768732829198E+000                  7.3079708653691169E+000                  3.1530292979821035E+000                  1.8227061090004518E+001                  1.4138808665073632E-008                  4.7512685949141120E-001                  5.2487312636978012E-001                  3.7151033321316981E-091                  2.4943531374157301E-092                  1.7075444067578541E-033 
                                     898                  2.0760327699682049E-001                 -1.4877277748306079E+000                  7.3153673038145373E+000                  3.1644129653329598E+000                  1.8246103536233658E+001                  1.4138808665073632E-008                  4.7512685949141120E-001                  5.2487312636978012E-001                  0.0000000000000000E+000                  0.0000000000000000E+000                  3.7839150080560064E-033 
                                     899                  2.0721338549577500E-001                 -1.4893196687648897E+000                  7.3222476762942827E+000                  3.1749591207608154E+000                  1.8263767625738573E+001                  1.4138808665073622E-008                  4.7512685949141109E-001                  5.2487312636978023E-001                  0.0000000000000000E+000                  0.0000000000000000E+000                  7.8974611469246169E-033 
                                     900                  2.0673414385904779E-001                 -1.4912528175110158E+000                  7.3301385188697274E+000                  3.1870604234405624E+000                  1.8284030129707173E+001                  1.4138808665070312E-008                  4.7512685949138167E-001                  5.2487312636980965E-001                  0.0000000000000000E+000                  0.0000000000000000E+000                  1.8275033146546136E-032 
                                     901                  2.0618788962060139E-001                 -1.4934263362828029E+000                  7.3363376464170429E+000                  3.1966227712885029E+000                  1.8300007376375355E+001                  1.4138808665063264E-008                  4.7512685949131894E-001                  5.2487312636987238E-001                  0.0000000000000000E+000                  0.0000000000000000E+000                  3.5211379689130513E-032 
                                     902                  2.0590562441932286E-001                 -1.4945375399459619E+000                  7.3426474023095478E+000                  3.2062611476147782E+000                  1.8316164156008881E+001                  1.4138808665054794E-008                  4.7512685949124461E-001                  5.2487312636994665E-001                  0.0000000000000000E+000                  0.0000000000000000E+000                  6.8392528358303430E-032 
                                     903                  2.0532615555821399E-001                 -1.4967947780909965E+000                  7.3508957833697579E+000                  3.2189274105102048E+000                  1.8337355312200582E+001                  1.4138808665052943E-008                  4.7512685949122846E-001                  5.2487312636996286E-001                  0.0000000000000000E+000                  0.0000000000000000E+000                  1.6221679045362395E-031 
                                     904                  2.0474668669710516E-001                 -1.4990213511682098E+000                  7.3589215512736086E+000                  3.2312516575592847E+000                  1.8357971453374947E+001                  1.4138808665047118E-008                  4.7512685949117750E-001                  5.2487312637001382E-001                  0.0000000000000000E+000                  0.0000000000000000E+000                  3.7418499995331672E-031 
                                     905                  2.0416380997652209E-001                 -1.5012319766537119E+000                  7.3654708709110759E+000                  3.2413398835887826E+000                  1.8374827109026622E+001                  1.4138808665045968E-008                  4.7512685949116740E-001                  5.2487312637002392E-001                  0.0000000000000000E+000                  0.0000000000000000E+000                  7.3812391279772989E-031 
                                     906                  2.0377171605518107E-001                 -1.5027034957836660E+000                  7.3706526491252875E+000                  3.2492967000994191E+000                  1.8388134515251284E+001                  1.4138808665045538E-008                  4.7512685949116340E-001                  5.2487312637002792E-001                  0.0000000000000000E+000                  0.0000000000000000E+000                  1.2614776840641292E-030 
                                     907                  2.0337611269288766E-001                 -1.5041761310247024E+000                  7.3757607078742833E+000                  3.2571410260555242E+000                  1.8401252240538778E+001                  1.4138808665045500E-008                  4.7512685949116307E-001                  5.2487312637002825E-001                  0.0000000000000000E+000                  0.0000000000000000E+000                  2.1376864101567065E-030 
                                     908                  2.0298050933059419E-001                 -1.5056371348441246E+000                  7.3826614441054099E+000                  3.2676910158342851E+000                  1.8418919921562541E+001                  1.4138808665045493E-008                  4.7512685949116301E-001                  5.2487312637002836E-001                  0.0000000000000000E+000                  0.0000000000000000E+000                  4.3557697649686697E-030 
                                     909                  2.0228462531387345E-001                 -1.5081803366055986E+000                  7.3913425989192483E+000                  3.2810215999030956E+000                  1.8441207444947143E+001                  1.4138808665045493E-008                  4.7512685949116301E-001                  5.2487312637002836E-001                  0.0000000000000000E+000                  0.0000000000000000E+000                  1.0683251056290244E-029 
                                     910                  2.0156727250090939E-001                 -1.5107682073835467E+000                  7.3992847962035819E+000                  3.2932399415415761E+000                  1.8461619719121284E+001                  1.4138808665045493E-008                  4.7512685949116301E-001                  5.2487312637002836E-001                  0.0000000000000000E+000                  0.0000000000000000E+000                  2.4399136347808406E-029 
                                     911                  2.0095239866122594E-001                 -1.5129607584632490E+000                  7.4064252755030342E+000                  3.3042088874425501E+000                  1.8479951653535927E+001                  1.4138808665045493E-008                  4.7512685949116301E-001                  5.2487312637002836E-001                  0.0000000000000000E+000                  0.0000000000000000E+000                  5.1672829576324667E-029 
                                     912                  2.0033752482154257E-001                 -1.5151310854709517E+000                  7.4133742604336330E+000                  3.3149248299169676E+000                  1.8497835154903729E+001                  1.4138808665045493E-008                  4.7512685949116301E-001                  5.2487312637002836E-001                  0.0000000000000000E+000                  0.0000000000000000E+000                  1.0850949354898601E-028 
                                     913                  1.9972265098185912E-001                 -1.5172803441515355E+000                  7.4169178884761573E+000                  3.3384303719176036E+000                  1.8513866669770323E+001                  5.4860168691306790E-009                  3.7431527926777602E-001                  6.2568471524620706E-001                  0.0000000000000000E+000                  0.0000000000000000E+000                  8.5624722807325010E-029 
                                     914                  1.9921025611545623E-001                 -1.5189998612578564E+000                  7.4055719137802072E+000                  3.3600005563366784E+000                  1.8527195463194175E+001                  5.1106638446105467E-009                  3.6856410020486691E-001                  6.3143589468446926E-001                  0.0000000000000000E+000                  0.0000000000000000E+000                  2.9754316896535225E-029 
                                     915                  1.9876599932809955E-001                 -1.5204340189520786E+000                  7.4033992041302197E+000                  3.3760408201233667E+000                  1.8542565881533324E+001                  4.6874955344942447E-009                  3.6340068482237337E-001                  6.3659931049013108E-001                  0.0000000000000000E+000                  0.0000000000000000E+000                  2.5130789722040568E-029 
                                     916                  1.9808244369994735E-001                 -1.5225871733651861E+000                  7.4052231572274403E+000                  3.3926362474070211E+000                  1.8561162784499764E+001                  4.1535938939529564E-009                  3.5146173587802587E-001                  6.4853825996838022E-001                  0.0000000000000000E+000                  0.0000000000000000E+000                  2.9632481021377507E-029 
                                     917                  1.9737005056873264E-001                 -1.5247796954467130E+000                  7.4059908576797691E+000                  3.4057338552936280E+000                  1.8575290120065262E+001                  3.9513894418779733E-009                  3.4187348386472571E-001                  6.5812651218388485E-001                  0.0000000000000000E+000                  0.0000000000000000E+000                  3.1501683893069708E-029 
                                     918                  1.9699943525159397E-001                 -1.5258991877166885E+000                  7.4096644001337841E+000                  3.4160973830614165E+000                  1.8589447801712062E+001                  3.7697716875872806E-009                  3.3714588098746850E-001                  6.6285411524275983E-001                  0.0000000000000000E+000                  0.0000000000000000E+000                  4.5739053480407934E-029 
                                     919                  1.9625820461731661E-001                 -1.5281106567800653E+000                  7.4165398069579291E+000                  3.4282006227325246E+000                  1.8607932187009560E+001                  3.1392519894600949E-009                  3.2986395198598212E-001                  6.7013604487476597E-001                  0.0000000000000000E+000                  0.0000000000000000E+000                  9.0509106543417089E-029 
                                     920                  1.9551697398303927E-001                 -1.5302942428605697E+000                  7.4235279414156743E+000                  3.4404333182579334E+000                  1.8625947743151222E+001                  2.8408854191836546E-009                  3.1714353477755924E-001                  6.8285646238155540E-001                  0.0000000000000000E+000                  0.0000000000000000E+000                  1.7509729277597414E-028 
                                     921                  1.9477574334876177E-001                 -1.5324492345288183E+000                  7.4307523456603350E+000                  3.4528843216699876E+000                  1.8644585650172100E+001                  2.4378311774090577E-009                  3.0578658750003312E-001                  6.9421341006213577E-001                  0.0000000000000000E+000                  0.0000000000000000E+000                  3.5880324281400656E-028 
                                     922                  1.9394265992695184E-001                 -1.5348400580584260E+000                  7.4370478106251383E+000                  3.4662216075017214E+000                  1.8663807450106628E+001                  2.0600137894746224E-009                  2.9716780353401773E-001                  7.0283219440596856E-001                  0.0000000000000000E+000                  0.0000000000000000E+000                  7.0144071457021099E-028 
                                     923                  1.9310957650514191E-001                 -1.5371969077412928E+000                  7.4447348983580879E+000                  3.4779707323626963E+000                  1.8683938061345408E+001                  1.8046978072883573E-009                  3.0033230391053017E-001                  6.9966769428477205E-001                  0.0000000000000000E+000                  0.0000000000000000E+000                  1.8339223307170124E-027 
                                     924                  1.9214832640305357E-001                 -1.5398903310131959E+000                  7.4528733305630048E+000                  3.4927700601623881E+000                  1.8704921010626183E+001                  1.6887329909040545E-009                  2.8072797100578895E-001                  7.1927202730547801E-001                  0.0000000000000000E+000                  0.0000000000000000E+000                  4.1986083401763931E-027 
                                     925                  1.9118707630096518E-001                 -1.5425420234294656E+000                  7.4610996844615132E+000                  3.5062188788419681E+000                  1.8726371113382804E+001                  1.1529817713513785E-009                  2.7582751110693438E-001                  7.2417248774008391E-001                  0.0000000000000000E+000                  0.0000000000000000E+000                  1.1550770423625556E-026 
                                     926                  1.9012428695239755E-001                 -1.5454394175511941E+000                  7.4691252355800053E+000                  3.5207571784818890E+000                  1.8748258095193357E+001                  1.0508969182618089E-009                  2.6610631912951788E-001                  7.3389367981958520E-001                  0.0000000000000000E+000                  0.0000000000000000E+000                  3.0200456983780436E-026 
                                     927                  1.8906149760382993E-001                 -1.5482976856543786E+000                  7.4756443494807474E+000                  3.5329289771789862E+000                  1.8766690250624844E+001                  9.0815352439547428E-010                  2.6005056254246617E-001                  7.3994943654938039E-001                  0.0000000000000000E+000                  0.0000000000000000E+000                  6.8012142243835879E-026 
                                     928                  1.8828768486769676E-001                 -1.5503559351472109E+000                  7.4811834922782996E+000                  3.5433402658766999E+000                  1.8781856907442315E+001                  7.9373973679433988E-010                  2.5051737876077035E-001                  7.4948262044548986E-001                  0.0000000000000000E+000                  0.0000000000000000E+000                  1.2914751939813297E-025 
                                     929                  1.8751387213156356E-001                 -1.5523940627236434E+000                  7.4869925933627934E+000                  3.5545685016195874E+000                  1.8799298150482162E+001                  7.0775330765378866E-010                  2.4954685381309644E-001                  7.5045314547915032E-001                  0.0000000000000000E+000                  0.0000000000000000E+000                  2.8230443151381229E-025 
                                     930                  1.8646672442327011E-001                 -1.5551263601985414E+000                  7.4939516960680388E+000                  3.5680387606668851E+000                  1.8818899369739398E+001                  5.4309778386657290E-010                  2.3832202475543160E-001                  7.6167797470147058E-001                  0.0000000000000000E+000                  0.0000000000000000E+000                  6.3639620137140830E-025 
                                     931                  1.8541957671497669E-001                 -1.5578253723651656E+000                  7.5015402719714324E+000                  3.5826194186251130E+000                  1.8840338683238308E+001                  4.6536651592779721E-010                  2.2749681560827353E-001                  7.7250318392635997E-001                  0.0000000000000000E+000                  0.0000000000000000E+000                  1.5558640528461099E-024 
                                     932                  1.8411089988086599E-001                 -1.5611557187282881E+000                  7.5084351940127734E+000                  3.5953516702873092E+000                  1.8860557942285887E+001                  3.7839372098876414E-010                  2.2777980284692970E-001                  7.7222019677467657E-001                  0.0000000000000000E+000                  0.0000000000000000E+000                  3.9640921935121222E-024 
                                     933                  1.8314303080582892E-001                 -1.5635957837743164E+000                  7.5129072966401997E+000                  3.6082070096262080E+000                  1.8877320032760551E+001                  2.9544718948993054E-010                  2.1573147144977198E-001                  7.8426852825478077E-001                  0.0000000000000000E+000                  0.0000000000000000E+000                  6.2925147881705295E-024 
                                     934                  1.8217516173079187E-001                 -1.5660046886447228E+000                  7.5213496460082547E+000                  3.6241133813603157E+000                  1.8902125820706150E+001                  2.3403346112678127E-010                  2.1362435459367729E-001                  7.8637564517228919E-001                  0.0000000000000000E+000                  0.0000000000000000E+000                  1.8886722622722192E-023 
                                     935                  1.8018806073764157E-001                 -1.5708940069144459E+000                  7.5307918566034102E+000                  3.6436967739403681E+000                  1.8929845981865583E+001                  1.7491196547664984E-010                  1.9535672636682930E-001                  8.0464327345825870E-001                  0.0000000000000000E+000                  0.0000000000000000E+000                  5.0828534290247393E-023 
                                     936                  1.7878453993090007E-001                 -1.5742910737024638E+000                  7.5374733439292809E+000                  3.6582672456282666E+000                  1.8952029585314840E+001                  1.0422992659640881E-010                  1.9577774139022769E-001                  8.0422225850554241E-001                  0.0000000000000000E+000                  0.0000000000000000E+000                  1.2393726243830678E-022 
                                     937                  1.7738101912415871E-001                 -1.5776536588695746E+000                  7.5442388971820344E+000                  3.6726961960526645E+000                  1.8971988676398503E+001                  8.1157857959639401E-011                  1.7984631247222843E-001                  8.2015368744661377E-001                  0.0000000000000000E+000                  0.0000000000000000E+000                  2.3308420327122634E-022 
                                     938                  1.7619398774140860E-001                 -1.5804639410721564E+000                  7.5496889965924714E+000                  3.6847426971041859E+000                  1.8989839907150628E+001                  6.7540388010878728E-011                  1.7682341399289495E-001                  8.2317658593956466E-001                  0.0000000000000000E+000                  0.0000000000000000E+000                  4.5065472809539623E-022 
                                     939                  1.7500695635865851E-001                 -1.5832506980966128E+000                  7.5558584423378106E+000                  3.6981540981967114E+000                  1.9008566918395598E+001                  4.7456188603514200E-011                  1.6401409385599999E-001                  8.3598590609654377E-001                  0.0000000000000000E+000                  0.0000000000000000E+000                  7.9735954513735750E-022 
                                     940                  1.7364496656552400E-001                 -1.5864153395400047E+000                  7.5616639173723250E+000                  3.7112641172591685E+000                  1.9028129072638421E+001                  3.5755091673467873E-011                  1.6243665621251846E-001                  8.3756334375172647E-001                  0.0000000000000000E+000                  0.0000000000000000E+000                  1.6323139603422606E-021 
                                     941                  1.7228297677238935E-001                 -1.5895534539291845E+000                  7.5674342597739583E+000                  3.7242096545209336E+000                  1.9046768435515670E+001                  2.7065969434603740E-011                  1.5541433443009903E-001                  8.4458566554283498E-001                  2.9329926114441743E-120                  9.0195379934450546E-051                  2.9796586562008387E-021 
                                     942                  1.7098924228624546E-001                 -1.5925083005370964E+000                  7.5729165092932433E+000                  3.7366168165042439E+000                  1.9064529616193319E+001                  1.6668235996979099E-011                  1.4815611964159889E-001                  8.5184388034173286E-001                  0.0000000000000000E+000                  0.0000000000000000E+000                  5.1602950950649407E-021 
                                     943                  1.6969550780010167E-001                 -1.5954388973098397E+000                  7.5777873376572185E+000                  3.7479464978359380E+000                  1.9081113086567349E+001                  1.2654876800540729E-011                  1.4508825921801902E-001                  8.5491174076932608E-001                  0.0000000000000000E+000                  0.0000000000000000E+000                  8.9410838706363639E-021 
                                     944                  1.6852420644845290E-001                 -1.5980740140835707E+000                  7.5823966597471575E+000                  3.7586899635854496E+000                  1.9096568032654240E+001                  1.0502272245290479E-011                  1.4012128549082567E-001                  8.5987871449867204E-001                  0.0000000000000000E+000                  0.0000000000000000E+000                  1.4323180236989204E-020 
                                     945                  1.6735290509680392E-001                 -1.6006918103736965E+000                  7.5874695170428659E+000                  3.7705479268366915E+000                  1.9113748508912206E+001                  8.2943319744390522E-012                  1.3564570897645986E-001                  8.6435429101524575E-001                  0.0000000000000000E+000                  0.0000000000000000E+000                  2.4382871884085569E-020 
                                     946                  1.6586625338125000E-001                 -1.6039916393321667E+000                  7.5930881593688060E+000                  3.7836394158314497E+000                  1.9132586570853302E+001                  5.0208860867798211E-012                  1.2951914599563880E-001                  8.7048085399934028E-001                  0.0000000000000000E+000                  0.0000000000000000E+000                  4.2383166502984791E-020 
                                     947                  1.6437960166569607E-001                 -1.6072670284848152E+000                  7.5983116881224602E+000                  3.7960050607717459E+000                  1.9150780310390505E+001                  3.2193686613305329E-012                  1.2726697181361593E-001                  8.7273302818316467E-001                  0.0000000000000000E+000                  0.0000000000000000E+000                  7.6173719989487081E-020 
                                     948                  1.6293234092730913E-001                 -1.6104358790401747E+000                  7.6043103272755017E+000                  3.8101819478186743E+000                  1.9171410253615313E+001                  2.2335741696781980E-012                  1.2279237747908929E-001                  8.7720762251867712E-001                  0.0000000000000000E+000                  0.0000000000000000E+000                  1.4164146671206267E-019 
                                     949                  1.6097074021652810E-001                 -1.6147010126446411E+000                  7.6098563047819328E+000                  3.8235881191389414E+000                  1.9191194743679674E+001                  1.5667674348144722E-012                  1.2138041239314663E-001                  8.7861958760528658E-001                  0.0000000000000000E+000                  0.0000000000000000E+000                  2.6702178283339850E-019 
                                     950                  1.5959930543329062E-001                 -1.6176654583943602E+000                  7.6148663601716784E+000                  3.8355896565851726E+000                  1.9208579708348193E+001                  1.3843412465153490E-012                  1.1725790244898356E-001                  8.8274209754963207E-001                  0.0000000000000000E+000                  0.0000000000000000E+000                  4.3818694785297463E-019 
                                     951                  1.5797072662819678E-001                 -1.6211671002106718E+000                  7.6200545709056549E+000                  3.8482011151152231E+000                  1.9227093204227849E+001                  7.2714701185684817E-013                  1.1524977963959544E-001                  8.8475022035967743E-001                  0.0000000000000000E+000                  0.0000000000000000E+000                  7.7087354139834690E-019 
                                     952                  1.5634214782310291E-001                 -1.6246515929725907E+000                  7.6248591596945126E+000                  3.8599193280205721E+000                  1.9244205060423987E+001                  5.0945330697078936E-013                  1.1269590383852074E-001                  8.8730409616096984E-001                  7.1755039177480893E-109                  2.4899561507865984E-044                  1.2709647151618941E-018 
                                     953                  1.5490157801327165E-001                 -1.6277204686047575E+000                  7.6299042083090773E+000                  3.8723495185659234E+000                  1.9262655057435644E+001                  3.2989923704951918E-013                  1.1256399237249969E-001                  8.8743600762717045E-001                  0.0000000000000000E+000                  0.0000000000000000E+000                  2.2895561104998015E-018 
                                     954                  1.5295957373132776E-001                 -1.6318418597916333E+000                  7.6346016313814022E+000                  3.8839514740969849E+000                  1.9279607839259487E+001                  2.0963801002616428E-013                  1.1038052276716945E-001                  8.8961947723262091E-001                  0.0000000000000000E+000                  0.0000000000000000E+000                  3.7330376731820707E-018 
                                     955                  1.5174525161488209E-001                 -1.6344097025625608E+000                  7.6394458731976949E+000                  3.8959442055207125E+000                  1.9297364754794046E+001                  1.4034474980036059E-013                  1.0995051615875612E-001                  8.9004948384110349E-001                  0.0000000000000000E+000                  0.0000000000000000E+000                  6.4661669406165281E-018 
                                     956                  1.4957225414334671E-001                 -1.6389912551413082E+000                  7.6448327327316976E+000                  3.9093904346867343E+000                  1.9317139112224812E+001                  7.8175297764057928E-014                  1.0861490264415039E-001                  8.9138509735577143E-001                  0.0000000000000000E+000                  0.0000000000000000E+000                  1.1587101852123499E-017 
                                     957                  1.4791434305172058E-001                 -1.6424760370427325E+000                  7.6494157071135627E+000                  3.9208981004058194E+000                  1.9334204933800038E+001                  5.6639354561535731E-014                  1.0868129068676491E-001                  8.9131870931317847E-001                  0.0000000000000000E+000                  0.0000000000000000E+000                  1.9605760253288343E-017 
                                     958                  1.4619441669835170E-001                 -1.6460839398007383E+000                  7.6547154302470268E+000                  3.9341318933124412E+000                  1.9353597026244035E+001                  2.9243958849326719E-014                  1.0672209347645387E-001                  8.9327790652351691E-001                  0.0000000000000000E+000                  0.0000000000000000E+000                  3.3876359741818285E-017 
                                     959                  1.4399673302460228E-001                 -1.6506841911320187E+000                  7.6603598388105514E+000                  3.9483991585496971E+000                  1.9374703663380807E+001                  2.1780310825865812E-014                  1.0649037596528799E-001                  8.9350962403469025E-001                  0.0000000000000000E+000                  0.0000000000000000E+000                  6.3608985154045329E-017 
                                     960                  1.4184682508289068E-001                 -1.6551779611746120E+000                  7.6656763394315481E+000                  3.9618949118969060E+000                  1.9394691219661809E+001                  9.9880014537052390E-015                  1.0652879599624217E-001                  8.9347120400374780E-001                  0.0000000000000000E+000                  0.0000000000000000E+000                  1.1548168688760846E-016 
                                     961                  1.3979246860525515E-001                 -1.6594688730447065E+000                  7.6697465944957939E+000                  3.9722432537707193E+000                  1.9409907637205862E+001                  7.2954513387819290E-015                  1.0568556788618359E-001                  8.9431443211380912E-001                  0.0000000000000000E+000                  0.0000000000000000E+000                  1.7734594823917766E-016 
                                     962                  1.3859594604316097E-001                 -1.6619671502868070E+000                  7.6727078106914535E+000                  3.9797363500161294E+000                  1.9420933479519611E+001                  4.3120191706415304E-015                  1.0503233501907255E-001                  8.9496766498092317E-001                  0.0000000000000000E+000                  0.0000000000000000E+000                  2.4156728432484402E-016 
                                     963                  1.3739942348106682E-001                 -1.6644654375989147E+000                  7.6760627567635700E+000                  3.9880821096756627E+000                  1.9433351802021374E+001                  3.8998588348591422E-015                  1.0502030878484146E-001                  8.9497969121515464E-001                  0.0000000000000000E+000                  0.0000000000000000E+000                  3.4919738908045902E-016 
                                     964                  1.3586634153356400E-001                 -1.6676679351852264E+000                  7.6797103323281721E+000                  3.9959217686764013E+000                  1.9445300182606580E+001                  2.2299389290846538E-015                  1.0434846283502019E-001                  8.9565153716497758E-001                  0.0000000000000000E+000                  0.0000000000000000E+000                  5.0727176951790919E-016 
                                     965                  1.3474731593039102E-001                 -1.6700080754517388E+000                  7.6812637883472616E+000                  4.0033199051136812E+000                  1.9455263524852480E+001                  1.8814579371830132E-015                  1.0435475819116630E-001                  8.9564524180883187E-001                  0.0000000000000000E+000                  0.0000000000000000E+000                  6.1206415876061794E-016 
                                     966                  1.3362829032721812E-001                 -1.6723461648131628E+000                  7.6856700851135038E+000                  4.0129636778220874E+000                  1.9469934816941588E+001                  1.4017813810174342E-015                  1.0371209094626718E-001                  8.9628790905373146E-001                  0.0000000000000000E+000                  0.0000000000000000E+000                  9.6275582273874289E-016 
                                     967                  1.3140127590716946E-001                 -1.6770083192644425E+000                  7.6899484000215530E+000                  4.0238566552773740E+000                  1.9486058236415865E+001                  9.0968188465339392E-016                  1.0348383796526271E-001                  8.9651616203473639E-001                  0.0000000000000000E+000                  0.0000000000000000E+000                  1.5194450047335648E-015 
                                     968                  1.2991659962713759E-001                 -1.6801220180473915E+000                  7.6930598058951327E+000                  4.0318098993801224E+000                  1.9497710293770041E+001                  6.4467994622044253E-016                  1.0245297767222146E-001                  8.9754702232777794E-001                  0.0000000000000000E+000                  0.0000000000000000E+000                  2.0614373883367975E-015 
                                     969                  1.2867936939377694E-001                 -1.6827204590328828E+000                  7.6958249546753148E+000                  4.0389147936352723E+000                  1.9508186078072487E+001                  3.8821407017511406E-016                  1.0208730756303756E-001                  8.9791269243696203E-001                  0.0000000000000000E+000                  0.0000000000000000E+000                  2.7441179529760690E-015 
                                     970                  1.2744213916041630E-001                 -1.6853230716158125E+000                  7.6985391859566370E+000                  4.0459184999048690E+000                  1.9518560790807221E+001                  3.6617061895859753E-016                  1.0212688011696262E-001                  8.9787311988303697E-001                  0.0000000000000000E+000                  0.0000000000000000E+000                  3.6729415901459730E-015 
                                     971                  1.2620490892705524E-001                 -1.6879305513122416E+000                  7.7012411925743107E+000                  4.0528813344971466E+000                  1.9528837257038155E+001                  2.8883125256953565E-016                  1.0189623608493625E-001                  8.9810376391506341E-001                  0.0000000000000000E+000                  0.0000000000000000E+000                  4.8653894389418007E-015 
                                     972                  1.2496767869369420E-001                 -1.6905432440370074E+000                  7.7040470598231954E+000                  4.0601035936999530E+000                  1.9539471995756045E+001                  2.7749619324774544E-016                  1.0138593370090897E-001                  8.9861406629909080E-001                  0.0000000000000000E+000                  0.0000000000000000E+000                  6.4553846635939268E-015 
                                     973                  1.2361879507878157E-001                 -1.6933981399009463E+000                  7.7069613083019011E+000                  4.0675960372520192E+000                  1.9550461477203577E+001                  2.0998262505162763E-016                  1.0049880224996985E-001                  8.9950119775002990E-001                  0.0000000000000000E+000                  0.0000000000000000E+000                  8.5559098645699089E-015 
                                     974                  1.2226991146386912E-001                 -1.6962601632432195E+000                  7.7096917158205720E+000                  4.0746337357678497E+000                  1.9560802577727063E+001                  1.9448373093787690E-016                  9.9839978688934988E-002                  9.0016002131106476E-001                  0.0000000000000000E+000                  0.0000000000000000E+000                  1.1184227727116895E-014 
                                     975                  1.2105682051407539E-001                 -1.6988407567745152E+000                  7.7122407746258768E+000                  4.0812177931680278E+000                  1.9570505146667188E+001                  1.7046566698536909E-016                  9.9448599785350769E-002                  9.0055140021464908E-001                  0.0000000000000000E+000                  0.0000000000000000E+000                  1.4444766020821696E-014 
                                     976                  1.1984372956428167E-001                 -1.7014283006463407E+000                  7.7145951659094809E+000                  4.0873214233353075E+000                  1.9579530649820562E+001                  1.4890682663838797E-016                  9.9300379912586237E-002                  9.0069962008741355E-001                  0.0000000000000000E+000                  0.0000000000000000E+000                  1.8399394243126121E-014 
                                     977                  1.1878227498321242E-001                 -1.7036985847990771E+000                  7.7176556136994234E+000                  4.0951799167735610E+000                  1.9591037333505163E+001                  7.8941579281093585E-017                  9.8137093939718090E-002                  9.0186290606028185E-001                  0.0000000000000000E+000                  0.0000000000000000E+000                  2.4428777579801395E-014 
                                     978                  1.1690995385424641E-001                 -1.7077176511456842E+000                  7.7215482659154002E+000                  4.1052519207885574E+000                  1.9605872506204864E+001                  8.9658865817636881E-017                  9.7416785569255912E-002                  9.0258321443074396E-001                  0.0000000000000000E+000                  0.0000000000000000E+000                  3.5788149251307744E-014 
                                     979                  1.1496483195136632E-001                 -1.7119146857145497E+000                  7.7255652867196325E+000                  4.1156824035227508E+000                  1.9621312185311826E+001                  5.9293046611453976E-017                  9.7229752836061500E-002                  9.0277024716393850E-001                  0.0000000000000000E+000                  0.0000000000000000E+000                  5.3874617273052114E-014 
                                     980                  1.1288504776290198E-001                 -1.7164295950772321E+000                  7.7290794608946749E+000                  4.1248035508048222E+000                  1.9634668682251728E+001                  4.5881119114574743E-017                  9.6013694272125014E-002                  9.0398630572787497E-001                  0.0000000000000000E+000                  0.0000000000000000E+000                  7.4433796623403341E-014 
                                     981                  1.1144865005000511E-001                 -1.7195648195180504E+000                  7.7319349824469512E+000                  4.1322494288333314E+000                  1.9645676053743415E+001                  4.2891059484358745E-017                  9.5777455084608984E-002                  9.0422254491539100E-001                  0.0000000000000000E+000                  0.0000000000000000E+000                  9.8965903985393312E-014 
                                     982                  1.0995240243240556E-001                 -1.7228471097634324E+000                  7.7343258127716226E+000                  4.1384578600089696E+000                  1.9654826768541035E+001                  2.1105760146863793E-017                  9.5329391182142384E-002                  9.0467060881785755E-001                  0.0000000000000000E+000                  0.0000000000000000E+000                  1.2451200736438075E-013 
                                     983                  1.0899480395714223E-001                 -1.7249569138311227E+000                  7.7371701142954823E+000                  4.1458256997285385E+000                  1.9665629354194277E+001                  1.7879867950594572E-017                  9.4339165874678471E-002                  9.0566083412532150E-001                  0.0000000000000000E+000                  0.0000000000000000E+000                  1.6107555657992969E-013 
                                     984                  1.0701975710191003E-001                 -1.7293319619814935E+000                  7.7409879068488410E+000                  4.1557949192317905E+000                  1.9680340947843682E+001                  9.7811973932153217E-018                  9.3792464444276649E-002                  9.0620753555572331E-001                  0.0000000000000000E+000                  0.0000000000000000E+000                  2.3293225384014024E-013 
                                     985                  1.0497134250594727E-001                 -1.7339057474570603E+000                  7.7444410878148551E+000                  4.1648168260078151E+000                  1.9693607156140743E+001                  6.5615974202436845E-018                  9.2931699420625069E-002                  9.0706830057937493E-001                  0.0000000000000000E+000                  0.0000000000000000E+000                  3.2080138648759000E-013 
                                     986                  1.0335732126580557E-001                 -1.7375370258149256E+000                  7.7475942933495858E+000                  4.1730585522661725E+000                  1.9705787374054918E+001                  4.4568619769957781E-018                  9.2559372307274401E-002                  9.0744062769272560E-001                  0.0000000000000000E+000                  0.0000000000000000E+000                  4.3481373524969637E-013 
                                     987                  1.0157036917850668E-001                 -1.7415878353780814E+000                  7.7501183986324440E+000                  4.1796588131596364E+000                  1.9715439413663319E+001                  1.4269373803235396E-018                  9.1516496191436258E-002                  9.0848350380856369E-001                  0.0000000000000000E+000                  0.0000000000000000E+000                  5.4079748703791153E-013 
                                     988                  1.0064807132699909E-001                 -1.7436913312337026E+000                  7.7526070277873504E+000                  4.1862177737142341E+000                  1.9725178520925848E+001                  2.2105435651704050E-018                  9.1617431091408963E-002                  9.0838256890859104E-001                  0.0000000000000000E+000                  0.0000000000000000E+000                  6.9531413688605605E-013 
                                     989                  9.8803475623982173E-002                 -1.7479268790747369E+000                  7.7559357073128421E+000                  4.1949547856008076E+000                  1.9738091718369613E+001                  8.5152849463921878E-019                  9.1218669568744457E-002                  9.0878133043125553E-001                  0.0000000000000000E+000                  0.0000000000000000E+000                  9.5483879160267418E-013 
                                     990                  9.6958879920965704E-002                 -1.7522018989796437E+000                  7.7592495402808019E+000                  4.2036554773996109E+000                  1.9750888319323632E+001                  4.8535512402577882E-019                  9.0351513410411144E-002                  9.0964848658958886E-001                  0.0000000000000000E+000                  0.0000000000000000E+000                  1.2872329130055296E-012 
                                     991                  9.5114284217949180E-002                 -1.7565183250929610E+000                  7.7620890209822351E+000                  4.2111421478614721E+000                  1.9761941397793123E+001                  2.9669339857128941E-019                  8.9941644622238914E-002                  9.1005835537776103E-001                  6.0360042780825811E-033                  0.0000000000000000E+000                  1.6793158644528531E-012 
                                     992                  9.3750270857072646E-002                 -1.7597384073772124E+000                  7.7644795295885389E+000                  4.2174387598197187E+000                  1.9771261888665883E+001                  2.1500714189040749E-019                  8.9739901855199047E-002                  9.1026009814480091E-001                  0.0000000000000000E+000                  0.0000000000000000E+000                  2.1088585100278422E-012 
                                     993                  9.2386257496196278E-002                 -1.7629838089481011E+000                  7.7669225343143884E+000                  4.2237997261700864E+000                  1.9780525140389049E+001                  1.2003878813492388E-019                  8.8296426244373255E-002                  9.1170357375562672E-001                  0.0000000000000000E+000                  0.0000000000000000E+000                  2.5497956275802043E-012 
                                     994                  9.1022244135319591E-002                 -1.7662548195355703E+000                  7.7692704315774899E+000                  4.2299938413385787E+000                  1.9789732864181900E+001                  8.5586490159225668E-020                  8.8355481944271355E-002                  9.1164451805572866E-001                  0.0000000000000000E+000                  0.0000000000000000E+000                  3.2121975080676672E-012 
                                     995                  8.9658230774443098E-002                 -1.7695535151026882E+000                  7.7715792091342761E+000                  4.2360760743408878E+000                  1.9798757749900098E+001                  6.6902744791830935E-020                  8.8269038002995862E-002                  9.1173096199700410E-001                  0.0000000000000000E+000                  0.0000000000000000E+000                  4.0085347311258952E-012 
                                     996                  8.8333084246342397E-002                 -1.7727857435133476E+000                  7.7738645038027032E+000                  4.2420699329438643E+000                  1.9807601714864525E+001                  6.1191565622161312E-020                  8.7757382954985683E-002                  9.1224261704501430E-001                  0.0000000000000000E+000                  0.0000000000000000E+000                  4.9151728441275601E-012 
                                     997                  8.7007937718241973E-002                 -1.7760459619425977E+000                  7.7761382910121490E+000                  4.2480281877571411E+000                  1.9816398080693499E+001                  2.8424862356344599E-020                  8.7262352682688976E-002                  9.1273764731731100E-001                  0.0000000000000000E+000                  0.0000000000000000E+000                  6.0190249124645196E-012 
                                     998                  8.5682791190141314E-002                 -1.7793353314355438E+000                  7.7783731986958573E+000                  4.2539123673777040E+000                  1.9825148366592472E+001                  3.4474488683388528E-020                  8.7260737417629700E-002                  9.1273926258237026E-001                  1.2761760317046619E-031                  0.0000000000000000E+000                  7.4649911169063050E-012 
                                     999                  8.4357644662040696E-002                 -1.7826553645045617E+000                  7.7811881168818076E+000                  4.2612515410951426E+000                  1.9836003534413429E+001                  2.3159994213607914E-020                  8.6686606485782275E-002                  9.1331339351421770E-001                  0.0000000000000000E+000                  0.0000000000000000E+000                  9.5874733787921825E-012 
                                    1000                  8.2369924869888284E-002                 -1.7876952652163025E+000                  7.7836974618331611E+000                  4.2678546730516560E+000                  1.9845761926591077E+001                  9.6748602854786147E-021                  8.6195930615914462E-002                  9.1380406938408554E-001                  0.0000000000000000E+000                  0.0000000000000000E+000                  1.1985469075614572E-011 
                                    1001                  8.1376064973812959E-002                 -1.7902431918644353E+000                  7.7853712143785732E+000                  4.2722239479091337E+000                  1.9852220009673399E+001                  1.4496876870762409E-020                  8.5812177640265941E-002                  9.1418782235973406E-001                  2.6087099559677777E-031                  7.6468230223093608E-032                  1.3873693347229256E-011 
                                    1002                  8.0382205077737703E-002                 -1.7928105740503082E+000                  7.7873265596831649E+000                  4.2772728889308862E+000                  1.9859650054421738E+001                  1.3372433728026288E-020                  8.5015444200818344E-002                  9.1498455579918170E-001                  0.0000000000000000E+000                  0.0000000000000000E+000                  1.6246644742012439E-011 
                                    1003                  7.9078564744828481E-002                 -1.7962085314967935E+000                  7.7894658852073029E+000                  4.2828877005498942E+000                  1.9868054242180605E+001                  1.0531451833881781E-020                  8.5305988239785996E-002                  9.1469401176021403E-001                  0.0000000000000000E+000                  0.0000000000000000E+000                  2.0115389682130862E-011 
                                    1004                  7.7774924411919424E-002                 -1.7996429360572124E+000                  7.7916169582035444E+000                  4.2884851772680186E+000                  1.9876353996547163E+001                  7.0933554603454261E-021                  8.4920084289938608E-002                  9.1507991571006142E-001                  0.0000000000000000E+000                  0.0000000000000000E+000                  2.4328192721371606E-011 
                                    1005                  7.6492790274203734E-002                 -1.8030572451924642E+000                  7.7937426261649332E+000                  4.2940120648444555E+000                  1.9884550492633167E+001                  4.9975554139900111E-021                  8.4540906653410103E-002                  9.1545909334658992E-001                  0.0000000000000000E+000                  0.0000000000000000E+000                  2.9343720223475684E-011 
                                    1006                  7.5210656136488391E-002                 -1.8065092806321135E+000                  7.7958857665925914E+000                  4.2995505752278040E+000                  1.9892714717202882E+001                  5.9822565627131445E-021                  8.3712003469850138E-002                  9.1628799653014981E-001                  0.0000000000000000E+000                  0.0000000000000000E+000                  3.4862968480761441E-011 
                                    1007                  7.3928521998773034E-002                 -1.8100002904444525E+000                  7.7979646888727885E+000                  4.3049566120749834E+000                  1.9900780362388932E+001                  5.1132343699249068E-021                  8.3659809544215785E-002                  9.1634019045578419E-001                  1.0995838378637743E-033                  0.0000000000000000E+000                  4.2316703212660431E-011 
                                    1008                  7.2667894056244534E-002                 -1.8134728035526011E+000                  7.8000304416842852E+000                  4.3103110366758273E+000                  1.9908748451780500E+001                  3.4449503043475095E-021                  8.3419099484056999E-002                  9.1658090051594299E-001                  0.0000000000000000E+000                  0.0000000000000000E+000                  5.0930805964764606E-011 
                                    1009                  7.1407266113719489E-002                 -1.8169865351789776E+000                  7.8020991697217230E+000                  4.3156562011230486E+000                  1.9916689075944785E+001                  1.9243415498593244E-021                  8.3032249044656434E-002                  9.1696775095534355E-001                  0.0000000000000000E+000                  0.0000000000000000E+000                  6.0965094019786117E-011 
                                    1010                  7.0146638171194486E-002                 -1.8205430824066633E+000                  7.8041598907295278E+000                  4.3209788717443587E+000                  1.9924603472650674E+001                  1.2826340574894478E-021                  8.2685088331174134E-002                  9.1731491166882584E-001                  0.0000000000000000E+000                  0.0000000000000000E+000                  7.2998263657115709E-011 
                                    1011                  6.8886010228669484E-002                 -1.8241442405347026E+000                  7.8060363793915757E+000                  4.3258105181444781E+000                  1.9931782745864144E+001                  1.2251647263895341E-021                  8.2289508083362495E-002                  9.1771049191663745E-001                  0.0000000000000000E+000                  0.0000000000000000E+000                  8.5729562042458538E-011 
                                    1012                  6.7854205660835831E-002                 -1.8271261828141911E+000                  7.8077040502350989E+000                  4.3301191390911482E+000                  1.9938224075651519E+001                  1.4233820059735466E-021                  8.2247125842077148E-002                  9.1775287415792284E-001                  0.0000000000000000E+000                  0.0000000000000000E+000                  1.0000378027955735E-010 
                                    1013                  6.6822401093001749E-002                 -1.8301404711304490E+000                  7.8094114965997763E+000                  4.3344821035457404E+000                  1.9944650128925851E+001                  8.6335840713081753E-022                  8.1405574380766746E-002                  9.1859442561923321E-001                  0.0000000000000000E+000                  0.0000000000000000E+000                  1.1366075732771692E-010 
                                    1014                  6.5790596525167819E-002                 -1.8331877627895827E+000                  7.8110613013721624E+000                  4.3387466025063723E+000                  1.9951061582475901E+001                  7.9926012180705720E-022                  8.1602277206852675E-002                  9.1839772279314735E-001                  0.0000000000000000E+000                  0.0000000000000000E+000                  1.3349786899951905E-010 
                                    1015                  6.4758791957333889E-002                 -1.8362698391318824E+000                  7.8128067978984745E+000                  4.3432020497618371E+000                  1.9957638397383462E+001                  3.7522105738197074E-022                  8.0830149770727625E-002                  9.1916985022927233E-001                  9.2815022055305480E-031                  0.0000000000000000E+000                  1.5258202018262396E-010 
                                    1016                  6.3668731854961164E-002                 -1.8395644551909238E+000                  7.8145574398773991E+000                  4.3477048905257778E+000                  1.9964382491691016E+001                  1.4284730633523228E-022                  8.0798609866673213E-002                  9.1920139013332680E-001                  0.0000000000000000E+000                  0.0000000000000000E+000                  1.7933209228574012E-010 
                                    1017                  6.2578671752588563E-002                 -1.8429006231602592E+000                  7.8163220307523087E+000                  4.3522217906950855E+000                  1.9971112743179564E+001                  2.8322938727529025E-022                  8.0467822574074865E-002                  9.1953217742592508E-001                  1.2928711236225970E-033                  0.0000000000000000E+000                  2.0867341778767409E-010 
                                    1018                  6.1488611650215991E-002                 -1.8462797437608875E+000                  7.8176471735346791E+000                  4.3556121537042989E+000                  1.9976160405911202E+001                  3.3517078026539035E-022                  8.0178995293758673E-002                  9.1982100470624129E-001                  5.1683834875665128E-032                  0.0000000000000000E+000                  2.3345663663097770E-010 
                                    1019                  6.0943581599029746E-002                 -1.8479858991933291E+000                  7.8191078795280111E+000                  4.3593380809146476E+000                  1.9981711096103556E+001                  1.9672931984711138E-022                  7.9869699947325012E-002                  9.2013030005267504E-001                  0.0000000000000000E+000                  0.0000000000000000E+000                  2.6426373058192099E-010 
                                    1020                  5.9680854274772897E-002                 -1.8519828161383380E+000                  7.8206884393734244E+000                  4.3633996702767917E+000                  1.9987806970242278E+001                  2.3868671641101021E-022                  7.9896717262497793E-002                  9.2010328273750219E-001                  0.0000000000000000E+000                  0.0000000000000000E+000                  3.0637743331741788E-010 
                                    1021                  5.8963157001702057E-002                 -1.8542829336790185E+000                  7.8224265544254932E+000                  4.3678197888843160E+000                  1.9994397835393830E+001                  1.8957836619228965E-022                  7.9539077492261939E-002                  9.2046092250773803E-001                  0.0000000000000000E+000                  0.0000000000000000E+000                  3.5520358574768997E-010 
                                    1022                  5.7527762455561175E-002                 -1.8589472974279442E+000                  7.8247485297662331E+000                  4.3737183706348519E+000                  2.0003190897843801E+001                  1.1319983583204557E-022                  7.9005263026574388E-002                  9.2099473697342560E-001                  0.0000000000000000E+000                  0.0000000000000000E+000                  4.3189497378422868E-010 
                                    1023                  5.6092367909420793E-002                 -1.8637008686655594E+000                  7.8270499094657229E+000                  4.3795861049803202E+000                  2.0011968890873991E+001                  8.2946659552509667E-023                  7.8724199458003991E-002                  9.2127580054199598E-001                  0.0000000000000000E+000                  0.0000000000000000E+000                  5.2938193554920628E-010 
                                    1024                  5.4656973363279952E-002                 -1.8685487691687330E+000                  7.8289941003574173E+000                  4.3845092334471101E+000                  2.0019285374601075E+001                  9.2574913706196286E-023                  7.8053542698323486E-002                  9.2194645730167646E-001                  0.0000000000000000E+000                  0.0000000000000000E+000                  6.1843095728874384E-010 
                                    1025                  5.3700043665852668E-002                 -1.8718354087911093E+000                  7.8305342439115133E+000                  4.3884157844973455E+000                  2.0025123755826172E+001                  6.4434902088277499E-023                  7.7786054632841314E-002                  9.2221394536715873E-001                  0.0000000000000000E+000                  0.0000000000000000E+000                  7.0676449451314146E-010 
                                    1026                  5.2743113968425404E-002                 -1.8751679384808155E+000                  7.8320502426406531E+000                  4.3922809234700990E+000                  2.0030957903752814E+001                  9.2785830341322112E-023                  7.7959452227263873E-002                  9.2204054777273614E-001                  0.0000000000000000E+000                  0.0000000000000000E+000                  8.2001428513777397E-010 
                                    1027                  5.1786184270997598E-002                 -1.8785484165436577E+000                  7.8335926278972394E+000                  4.3961837497211969E+000                  2.0036788528768419E+001                  4.9528443380296284E-023                  7.7632539450166321E-002                  9.2236746054983365E-001                  0.0000000000000000E+000                  0.0000000000000000E+000                  9.3571695475634044E-010 
                                    1028                  5.0829254573569842E-002                 -1.8819783893829038E+000                  7.8354372002913451E+000                  4.4008488315743053E+000                  2.0043772578478812E+001                  8.1431564204651652E-023                  7.7342322856878934E-002                  9.2265767714312108E-001                  0.0000000000000000E+000                  0.0000000000000000E+000                  1.1004794162382260E-009 
                                    1029                  4.9489552997174682E-002                 -1.8868674074337348E+000                  7.8375977018388872E+000                  4.4063032090099368E+000                  2.0051927853486514E+001                  8.3520941919410964E-023                  7.6889716175373435E-002                  9.2311028382462657E-001                  0.0000000000000000E+000                  0.0000000000000000E+000                  1.3258148243182159E-009 
                                    1030                  4.8149851420779800E-002                 -1.8918630732523893E+000                  7.8397703816335298E+000                  4.4117706391573979E+000                  2.0060081432232074E+001                  6.0918247919016016E-023                  7.6241735055761956E-002                  9.2375826494423807E-001                  7.3756104760662427E-031                  0.0000000000000000E+000                  1.5882032827770820E-009 
                                    1031                  4.6810149844384669E-002                 -1.8969714273701559E+000                  7.8419166300970105E+000                  4.4171919374429640E+000                  2.0068235474440041E+001                  7.4503175491855655E-023                  7.6133949970725784E-002                  9.2386605002927424E-001                  0.0000000000000000E+000                  0.0000000000000000E+000                  1.9407459616969144E-009 
                                    1032                  4.5470448267989488E-002                 -1.9021997654749532E+000                  7.8442302728230580E+000                  4.4230141196200412E+000                  2.0076969087936497E+001                  5.7017912628705841E-023                  7.5796348857261900E-002                  9.2420365114273806E-001                  0.0000000000000000E+000                  0.0000000000000000E+000                  2.3911094995409233E-009 
                                    1033                  4.3939360752106034E-002                 -1.9083312307947731E+000                  7.8460789830741335E+000                  4.4276760881214914E+000                  2.0083984647636825E+001                  5.6512938438081606E-023                  7.5696619195489825E-002                  9.2430338080451013E-001                  0.0000000000000000E+000                  0.0000000000000000E+000                  2.8475732267023039E-009 
                                    1034                  4.3173816994163970E-002                 -1.9114630102575800E+000                  7.8473108574490249E+000                  4.4307735529977714E+000                  2.0088651524153388E+001                  3.9707885234413009E-023                  7.5649518206989522E-002                  9.2435048179301049E-001                  0.0000000000000000E+000                  0.0000000000000000E+000                  3.2035203189386200E-009 
                                    1035                  4.2408273236221941E-002                 -1.9146410415642134E+000                  7.8488757662396651E+000                  4.4346774094993693E+000                  2.0094480996492717E+001                  3.5857519672300559E-023                  7.5143299183070972E-002                  9.2485670081692906E-001                  0.0000000000000000E+000                  0.0000000000000000E+000                  3.6573790096348667E-009 
                                    1036                  4.1259957599310171E-002                 -1.9194982504820401E+000                  7.8507349040193564E+000                  4.4393389581165179E+000                  2.0101493852045312E+001                  3.1516445956273669E-023                  7.4959949866161668E-002                  9.2504005013383828E-001                  0.0000000000000000E+000                  0.0000000000000000E+000                  4.3584540110174634E-009 
                                    1037                  4.0111641962398178E-002                 -1.9244695162230552E+000                  7.8525057573346748E+000                  4.4437673902971060E+000                  2.0108140142137600E+001                  2.2463714287454706E-023                  7.4641993244605589E-002                  9.2535800675539437E-001                  0.0000000000000000E+000                  0.0000000000000000E+000                  5.1277400568620475E-009 
                                    1038                  3.9087366276513165E-002                 -1.9290053629943602E+000                  7.8541672052486664E+000                  4.4479274315648265E+000                  2.0114413471934281E+001                  1.7482722892737419E-023                  7.4559510294785969E-002                  9.2544048970521398E-001                  0.0000000000000000E+000                  0.0000000000000000E+000                  6.0321470283471979E-009 
                                    1039                  3.8063090590627832E-002                 -1.9336425768161261E+000                  7.8560611103786959E+000                  4.4526485543441296E+000                  2.0121484708611455E+001                  1.3583281505842315E-023                  7.4068750471834505E-002                  9.2593124952816552E-001                  0.0000000000000000E+000                  0.0000000000000000E+000                  7.1541931075332499E-009 
                                    1040                  3.6780082976797218E-002                 -1.9396023782469647E+000                  7.8581800320953601E+000                  4.4579108432328809E+000                  2.0129375478206125E+001                  8.5109475359839042E-024                  7.3547525003370265E-002                  9.2645247499662975E-001                  0.0000000000000000E+000                  0.0000000000000000E+000                  8.6843710273293702E-009 
                                    1041                  3.5497075362967839E-002                 -1.9457416410237078E+000                  7.8597588926440229E+000                  4.4618525994536187E+000                  2.0135323883294806E+001                  8.1044411281500536E-024                  7.3462177670446868E-002                  9.2653782232955317E-001                  0.0000000000000000E+000                  0.0000000000000000E+000                  1.0174174284827392E-008 
                                    1042                  3.4855571556052803E-002                 -1.9488827942310021E+000                  7.8608165750763543E+000                  4.4644829752767485E+000                  2.0139286662017557E+001                  5.1626342588048701E-024                  7.3332046489169661E-002                  9.2666795351083031E-001                  0.0000000000000000E+000                  0.0000000000000000E+000                  1.1286586471919079E-008 
                                    1043                  3.4214067749137766E-002                 -1.9520740163440282E+000                  7.8624062001660793E+000                  4.4684248438977283E+000                  2.0145227324415426E+001                  4.7016072791084053E-024                  7.3128095141797342E-002                  9.2687190485820270E-001                  0.0000000000000000E+000                  0.0000000000000000E+000                  1.3200840101406960E-008 
                                    1044                  3.2931060135308242E-002                 -1.9586145725642810E+000                  7.8640091084235868E+000                  4.4724033280380704E+000                  2.0151217405073215E+001                  2.4990897982069080E-024                  7.2891450148495462E-002                  9.2710854985150459E-001                  0.0000000000000000E+000                  0.0000000000000000E+000                  1.5462001159788398E-008 
                                    1045                  3.2289556328394017E-002                 -1.9619678866788490E+000                  7.8650893414438521E+000                  4.4750694053922278E+000                  2.0155209692149306E+001                  1.6598855730362245E-024                  7.2534839065190496E-002                  9.2746516093480946E-001                  0.0000000000000000E+000                  0.0000000000000000E+000                  1.7073192443608117E-008 
                                    1046                  3.1648052521479182E-002                 -1.9653794635047328E+000                  7.8666886147673942E+000                  4.4790280816360815E+000                  2.0161197286788163E+001                  8.4295061033744376E-025                  7.2465226847872585E-002                  9.2753477315212740E-001                  0.0000000000000000E+000                  0.0000000000000000E+000                  2.0174845918655387E-008 
                                    1047                  3.0365044907649835E-002                 -1.9723879494572392E+000                  7.8683047946984059E+000                  4.4830302897209089E+000                  2.0167240913007621E+001                  4.5971217687387753E-025                  7.2315644590964040E-002                  9.2768435540903593E-001                  0.0000000000000000E+000                  0.0000000000000000E+000                  2.3839190182270946E-008 
                                    1048                  2.9723541100733875E-002                 -1.9759899094224729E+000                  7.8694083310934495E+000                  4.4857347696108096E+000                  2.0171270921174802E+001                  1.9219521173311383E-025                  7.1765873336363556E-002                  9.2823412666363647E-001                  0.0000000000000000E+000                  0.0000000000000000E+000                  2.6241422353561649E-008 
                                    1049                  2.9082037293817843E-002                 -1.9796605586441842E+000                  7.8710367552990634E+000                  4.4897404729821426E+000                  2.0177318248044365E+001                  1.2651238012776973E-025                  7.1555674135378250E-002                  9.2844432586462178E-001                  0.0000000000000000E+000                  0.0000000000000000E+000                  3.1042094532846263E-008 
                                    1050                  2.7799029679988149E-002                 -1.9872215172475640E+000                  7.8726700760298307E+000                  4.4937727571299373E+000                  2.0183429535422714E+001                  6.0002894192029270E-026                  7.1534932535553611E-002                  9.2846506746444635E-001                  0.0000000000000000E+000                  0.0000000000000000E+000                  3.7091886865457438E-008 
                                    1051                  2.7157525873073907E-002                 -1.9911185841992178E+000                  7.8737757331531171E+000                  4.4964834372349651E+000                  2.0187507071911856E+001                  2.6344166244299839E-026                  7.1260924739152298E-002                  9.2873907526084776E-001                  0.0000000000000000E+000                  0.0000000000000000E+000                  4.1419816857169864E-008 
                                    1052                  2.6516022066159765E-002                 -1.9950982046740768E+000                  7.8754301567370968E+000                  4.5005362520015133E+000                  2.0193629501270262E+001                  1.6002793704805315E-026                  7.1032563394447940E-002                  9.2896743660555203E-001                  9.3672349132436410E-086                  6.4467189274058136E-030                  4.9291024524815211E-008 
                                    1053                  2.5233014452328208E-002                 -2.0033221353694781E+000                  7.8776270607254260E+000                  4.5059191561989387E+000                  2.0201775086388473E+001                  5.4926767947395119E-027                  7.0820842141380055E-002                  9.2917915785861993E-001                  0.0000000000000000E+000                  0.0000000000000000E+000                  6.2483376832394608E-008 
                                    1054                  2.3980313806299218E-002                 -2.0117215118521492E+000                  7.8792699276458569E+000                  4.5099433467263310E+000                  2.0207872227255194E+001                  2.3240971264824294E-027                  7.0710544693329144E-002                  9.2928945530667084E-001                  0.0000000000000000E+000                  0.0000000000000000E+000                  7.4882398739843915E-008 
                                    1055                  2.3353963483284439E-002                 -2.0160702130171928E+000                  7.8803697878901486E+000                  4.5126301314834256E+000                  2.0211944648587870E+001                  1.6377896485193520E-027                  7.0634264039735120E-002                  9.2936573596026484E-001                  0.0000000000000000E+000                  0.0000000000000000E+000                  8.4582307294031140E-008 
                                    1056                  2.2727613160269531E-002                 -2.0205255236290163E+000                  7.8820277243043559E+000                  4.5166680460651065E+000                  2.0218066171244256E+001                  1.2891264750233635E-027                  7.0502768810576447E-002                  9.2949723118942351E-001                  0.0000000000000000E+000                  0.0000000000000000E+000                  1.0166487868937781E-007 
                                    1057                  2.1474912514240191E-002                 -2.0297805740835617E+000                  7.8842591811804645E+000                  4.5221102845133334E+000                  2.0226326589773944E+001                  5.9387833781250427E-028                  7.0403652754078005E-002                  9.2959634724592199E-001                  0.0000000000000000E+000                  0.0000000000000000E+000                  1.3092665709649679E-007 
                                    1058                  2.0222211868210480E-002                 -2.0395405977995003E+000                  7.8869645987775687E+000                  4.5286753766682359E+000                  2.0236289766679487E+001                  4.7981312470570249E-028                  7.0199302968219954E-002                  9.2980069703178003E-001                  0.0000000000000000E+000                  0.0000000000000000E+000                  1.7776117501769550E-007 
                                    1059                  1.8479542254268112E-002                 -2.0540819673214967E+000                  7.8901843685895185E+000                  4.5364561614259449E+000                  2.0248101914915882E+001                  3.6364229881028104E-028                  6.9914027647415028E-002                  9.3008597235258494E-001                  0.0000000000000000E+000                  0.0000000000000000E+000                  2.5623537558084631E-007 
                                    1060                  1.6736872640325494E-002                 -2.0699453944759063E+000                  7.8925785095518188E+000                  4.5422100653329576E+000                  2.0256855290124900E+001                  2.5980272498783978E-028                  6.9768025442239048E-002                  9.3023197455776097E-001                  0.0000000000000000E+000                  0.0000000000000000E+000                  3.3796500886078230E-007 
                                    1061                  1.5956458736750615E-002                 -2.0775508225175958E+000                  7.8940689022659862E+000                  4.5457899751429087E+000                  2.0262302661159634E+001                  1.5688739603825724E-028                  6.9677866098774993E-002                  9.3032213390122498E-001                  4.4120763585169375E-032                  0.0000000000000000E+000                  4.0188729653395040E-007 
                                    1062                  1.5176044833176505E-002                 -2.0855103337913294E+000                  7.8955764629483074E+000                  4.5494043092072101E+000                  2.0267807831460829E+001                  1.4596729883089407E-028                  6.9611613079534312E-002                  9.3038838692046566E-001                  0.0000000000000000E+000                  0.0000000000000000E+000                  4.7964337527131750E-007 
                                    1063                  1.4395630929601650E-002                 -2.0938612118211046E+000                  7.8971024601112756E+000                  4.5530559129825949E+000                  2.0273375965156241E+001                  9.8432456545696929E-029                  6.9571955954892198E-002                  9.3042804404510782E-001                  0.0000000000000000E+000                  0.0000000000000000E+000                  5.7466449818960996E-007 
                                    1064                  1.3615217026026949E-002                 -2.1026469660601386E+000                  7.8985011938850160E+000                  4.5563951451152294E+000                  2.0278463988372948E+001                  7.8889697755441092E-029                  6.9492261288497989E-002                  9.3050773871150205E-001                  0.0000000000000000E+000                  0.0000000000000000E+000                  6.7721786274372875E-007 
                                    1065                  1.2987687745726572E-002                 -2.1100612297162948E+000                  7.8997621224246277E+000                  4.5593985777591532E+000                  2.0283044966724994E+001                  4.5333513747000174E-029                  6.9440285639835814E-002                  9.3055971436016416E-001                  0.0000000000000000E+000                  0.0000000000000000E+000                  7.8616760907404298E-007 
                                    1066                  1.2360158465426320E-002                 -2.1178204907095068E+000                  7.9016781870799058E+000                  4.5639417903127448E+000                  2.0289976350818154E+001                  2.8844353530495271E-029                  6.9332851238713897E-002                  9.3066714876128609E-001                  0.0000000000000000E+000                  0.0000000000000000E+000                  9.8538601793962351E-007 
                                    1067                  1.1105099904824774E-002                 -2.1345241905179293E+000                  7.9035722017367354E+000                  4.5684360682868688E+000                  2.0296834955769075E+001                  1.7467326644200172E-029                  6.9241547706925283E-002                  9.3075845229307475E-001                  0.0000000000000000E+000                  0.0000000000000000E+000                  1.2333281137512724E-006 
                                    1068                  1.0554012936161055E-002                 -2.1424305500058018E+000                  7.9047432424105128E+000                  4.5712018571779947E+000                  2.0301058872190762E+001                  1.4284664142647335E-029                  6.9182641080352353E-002                  9.3081735891964767E-001                  0.0000000000000000E+000                  0.0000000000000000E+000                  1.4169680946535863E-006 
                                    1069                  1.0002925967497160E-002                 -2.1507391445824617E+000                  7.9065262035969495E+000                  4.5753938820758471E+000                  2.0307462621624545E+001                  1.1537615268966878E-029                  6.9068704694075458E-002                  9.3093129530592456E-001                  0.0000000000000000E+000                  0.0000000000000000E+000                  1.7488296851419105E-006 
                                    1070                  8.9007520301714067E-003                 -2.1687539712324124E+000                  7.9085510877247662E+000                  4.5801540708215223E+000                  2.0314742583355251E+001                  1.2085141935285280E-029                  6.8991871280682154E-002                  9.3100812871931782E-001                  0.0000000000000000E+000                  0.0000000000000000E+000                  2.2265921329961529E-006 
                                    1071                  8.1852343100602114E-003                 -2.1816278775302833E+000                  7.9101826609616408E+000                  4.5839722301597643E+000                  2.0320587772140858E+001                  1.3807089759398637E-029                  6.8937608211682183E-002                  9.3106239178831784E-001                  4.2829468288546879E-028                  0.0000000000000000E+000                  2.7059773105982450E-006 
                                    1072                  7.4697165899491168E-003                 -2.1956295320881543E+000                  7.9118567939101032E+000                  4.5878781459482472E+000                  2.0326574123983491E+001                  1.7323638264029727E-029                  6.8906238777658071E-002                  9.3109376122234189E-001                  1.0403279114102215E-027                  0.0000000000000000E+000                  3.3088548792106026E-006 
                                    1073                  6.7541988698380708E-003                 -2.2109854386599817E+000                  7.9135821240255844E+000                  4.5918890481341599E+000                  2.0332722888162522E+001                  1.6371405164495869E-029                  6.8855902156045160E-002                  9.3114409784395480E-001                  0.0000000000000000E+000                  0.0000000000000000E+000                  4.0675626008224416E-006 
                                    1074                  6.0386811497270257E-003                 -2.2279980525512051E+000                  7.9150878804661948E+000                  4.5953815577971113E+000                  2.0338082837778675E+001                  1.5786568643274650E-029                  6.8836460460693152E-002                  9.3116353953930686E-001                  0.0000000000000000E+000                  0.0000000000000000E+000                  4.8754018033768465E-006 
                                    1075                  5.5453888953832841E-003                 -2.2409026467504209E+000                  7.9163477805766806E+000                  4.5982930832100868E+000                  2.0342556152507697E+001                  1.4788428842354367E-029                  6.8834604197718821E-002                  9.3116539580228119E-001                  6.2833540227223391E-028                  0.0000000000000000E+000                  5.6763104705507885E-006 
                                    1076                  5.0520966410395182E-003                 -2.2549717444714696E+000                  7.9176462544909976E+000                  4.6012837080127023E+000                  2.0347147214911690E+001                  1.5841964239825381E-029                  6.8786802321748192E-002                  9.3121319767825184E-001                  0.0000000000000000E+000                  0.0000000000000000E+000                  6.6255371612740685E-006 
                                    1077                  4.5588043866957514E-003                 -2.2704439336872495E+000                  7.9189843537249729E+000                  4.6043574945058632E+000                  2.0351873527617048E+001                  1.2576882305406673E-029                  6.8774483030902167E-002                  9.3122551696909783E-001                  0.0000000000000000E+000                  0.0000000000000000E+000                  7.7814999837126169E-006 
                                    1078                  4.0655121323519856E-003                 -2.2876401108544884E+000                  7.9206375075121480E+000                  4.6081377524698093E+000                  2.0357688238059868E+001                  1.2229936440711073E-029                  6.8741514145564939E-002                  9.3125848585443505E-001                  0.0000000000000000E+000                  0.0000000000000000E+000                  9.4820098795425339E-006 
                                    1079                  3.3829256634637312E-003                 -2.3151414432636845E+000                  7.9221622475396112E+000                  4.6116200281400141E+000                  2.0363046341579739E+001                  6.8970374606636241E-030                  6.8713330438554598E-002                  9.3128666956144546E-001                  0.0000000000000000E+000                  0.0000000000000000E+000                  1.1376680016440418E-005 
                                    1080                  3.0416324290208317E-003                 -2.3310020596476595E+000                  7.9232127756263280E+000                  4.6140078347953892E+000                  2.0366724748599065E+001                  6.5112066618142209E-030                  6.8702832837688771E-002                  9.3129716716231126E-001                  0.0000000000000000E+000                  0.0000000000000000E+000                  1.2900711811464628E-005 
                                    1081                  2.7003391945779071E-003                 -2.3487127546402018E+000                  7.9247254535140161E+000                  4.6174290574399510E+000                  2.0372000308596121E+001                  4.0934466124448628E-030                  6.8691960835120525E-002                  9.3130803916487948E-001                  0.0000000000000000E+000                  0.0000000000000000E+000                  1.5459165765808664E-005 
                                    1082                  2.0951981884646327E-003                 -2.3863495749097599E+000                  7.9268242879507262E+000                  4.6221592156864926E+000                  2.0379297070463078E+001                  2.3946901202600570E-030                  6.8663776380487165E-002                  9.3133622361951285E-001                  0.0000000000000000E+000                  0.0000000000000000E+000                  1.9848640693328293E-005 
                                    1083                  1.4900571823513085E-003                 -2.4366855964033989E+000                  7.9287003308413722E+000                  4.6263735903343930E+000                  2.0385803430574963E+001                  1.7101332969002545E-030                  6.8648118424209967E-002                  9.3135188157579007E-001                  0.0000000000000000E+000                  0.0000000000000000E+000                  2.4814160922726784E-005 
                                    1084                  1.1254184517976973E-003                 -2.4779733254848559E+000                  7.9302466292513838E+000                  4.6298223701798573E+000                  2.0391135574667693E+001                  1.3986633660901676E-030                  6.8642905928101544E-002                  9.3135709407189848E-001                  0.0000000000000000E+000                  0.0000000000000000E+000                  2.9823453793512017E-005 
                                    1085                  7.6077972124408621E-004                 -2.5353930621735450E+000                  7.9320066438819925E+000                  4.6337248652012768E+000                  2.0397172839769770E+001                  1.1160024522900019E-030                  6.8619154215644129E-002                  9.3138084578435587E-001                  0.0000000000000000E+000                  0.0000000000000000E+000                  3.6718038593604695E-005 
                                    1086                  3.9614099069186395E-004                 -2.6307472932911184E+000                  7.9336404981332587E+000                  4.6373440155729666E+000                  2.0402771598690371E+001                  1.0998641851047371E-030                  6.8587615832508914E-002                  9.3141238416749106E-001                  0.0000000000000000E+000                  0.0000000000000000E+000                  4.4499201144699457E-005 
                                    1087                  2.1382162541695569E-004                 -2.7205552631774141E+000                  7.9346422898761038E+000                  4.6395528310752319E+000                  2.0406191299805194E+001                  1.0933534425375078E-030                  6.8568090640193285E-002                  9.3143190935980669E-001                  0.0000000000000000E+000                  0.0000000000000000E+000                  5.0051180600441454E-005 
                                    1088                  1.2266194277935796E-004                 -2.8013293655501248E+000                  7.9352444880424411E+000                  4.6408766711966116E+000                  2.0408242358622118E+001                  1.0908541051941775E-030                  6.8559323321276969E-002                  9.3144067667872299E-001                  0.0000000000000000E+000                  0.0000000000000000E+000                  5.3718233086072819E-005 
                                    1089                  7.7082101460291657E-005                 -2.8687735009722166E+000                  7.9355957115088325E+000                  4.6416471777269379E+000                  2.0409437297346592E+001                  1.0908541051941833E-030                  6.8559323321107174E-002                  9.3144067667889285E-001                  0.0000000000000000E+000                  0.0000000000000000E+000                  5.5990291416105959E-005 
                                    1090                  5.4292180800843543E-005                 -2.9196212743668006E+000                  7.9358592342941732E+000                  4.6422233723914221E+000                  2.0410331394583935E+001                  1.0908541051941775E-030                  6.8559323320976515E-002                  9.3144067667902353E-001                  0.0000000000000000E+000                  0.0000000000000000E+000                  5.7756534185167719E-005 
                                    1091                  3.1502260141395422E-005                 -2.9985475058127049E+000                  7.9361261708185031E+000                  4.6428069793272675E+000                  2.0411237012462895E+001                  1.0908541051941777E-030                  6.8559323320843080E-002                  9.3144067667915698E-001                  0.0000000000000000E+000                  0.0000000000000000E+000                  5.9601731774606047E-005 
                                    1092                  1.5751130045839811E-005                 -3.0990004350471123E+000                  7.9363319861333617E+000                  4.6432574388060104E+000                  2.0411935894562646E+001                  1.0908541051941775E-030                  6.8559323320738344E-002                  9.3144067667926167E-001                  0.0000000000000000E+000                  0.0000000000000000E+000                  6.1064218817870219E-005 
                                    1093                  7.8755649979215138E-006                 -3.1994127584247014E+000                  7.9364615840963548E+000                  4.6435410042426861E+000                  2.0412375865327849E+001                  1.0908541051941773E-030                  6.8559323320671939E-002                  9.3144067667932806E-001                  0.0000000000000000E+000                  0.0000000000000000E+000                  6.2003218992656172E-005 
                                    1094                  3.9377824739102606E-006                 -3.2997995316495854E+000                  7.9365432138023611E+000                  4.6437195526721782E+000                  2.0412652911670520E+001                  1.0908541051941775E-030                  6.8559323320629653E-002                  9.3144067667937036E-001                  0.0000000000000000E+000                  0.0000000000000000E+000                  6.2601950136390727E-005 
                                    1095                  1.9688912117501424E-006                 -3.4001702222169579E+000                  7.9365946336495927E+000                  4.6438319963170791E+000                  2.0412827393186987E+001                  1.0908541051941775E-030                  6.8559323320603410E-002                  9.3144067667939656E-001                  2.6496722264626041E-027                  0.0000000000000000E+000                  6.2982018388454809E-005 
                                    1096                  9.8444558084788910E-007                 -3.5005307871043314E+000                  7.9366270249269126E+000                  4.6439028174530739E+000                  2.0412937291112968E+001                  1.0908541051941777E-030                  6.8559323320586285E-002                  9.3144067667941366E-001                  0.0000000000000000E+000                  0.0000000000000000E+000                  6.3222602604724758E-005 
                                    1097                  4.9222276538271809E-007                 -3.6008849767129845E+000                  7.9366474300288266E+000                  4.6439474262939768E+000                  2.0413006515111512E+001                  1.0908541051941773E-030                  6.8559323320575780E-002                  9.3144067667942421E-001                  0.0000000000000000E+000                  0.0000000000000000E+000                  6.3374624139132352E-005 
                                    1098                  2.4611135680029279E-007                 -3.7012351544379687E+000                  7.9366602848817793E+000                  4.6439755256302790E+000                  2.0413050120578898E+001                  1.0908541051941775E-030                  6.8559323320569188E-002                  9.3144067667943076E-001                  0.0000000000000000E+000                  0.0000000000000000E+000                  6.3470579162256809E-005 
                                    1099                  1.2305564919240376E-007                 -3.8015828152620306E+000                  7.9366683835334104E+000                  4.6439932259324861E+000                  2.0413077589143199E+001                  1.0908541051941775E-030                  6.8559323320564969E-002                  9.3144067667943498E-001                  0.0000000000000000E+000                  0.0000000000000000E+000                  6.3531104370311220E-005 
                                    1100                  6.1527797639354959E-008                 -3.9019288995483241E+000                  7.9366734859030839E+000                  4.6440043758254914E+000                  2.0413094892793247E+001                  1.0908541051941775E-030                  6.8559323320562027E-002                  9.3144067667943797E-001                  0.0000000000000000E+000                  0.0000000000000000E+000                  6.3569265572907999E-005 
                                    1101                  3.0763871077589798E-008                 -4.0022740232668479E+000                  7.9366767024149096E+000                  4.6440113986884821E+000                  2.0413105793225434E+001                  1.0908541051941775E-030                  6.8559323320560514E-002                  9.3144067667943953E-001                  0.0000000000000000E+000                  0.0000000000000000E+000                  6.3593331916879939E-005 
                                    1102                  1.5381910147430167E-008                 -4.1026185757262361E+000                  7.9366793861928562E+000                  4.6440173053729907E+000                  2.0413114948875290E+001                  1.0908541051941775E-030                  6.8559323320559057E-002                  9.3144067667944097E-001                  2.2888440172898336E-029                  0.0000000000000000E+000                  6.3613434442838558E-005 
