                                       1                                        2                                        3                                        4                                        5                                        6                                        7                                        8                                        9                                       10                                       11                                       12                                       13                                       14                                       15                                       16                                       17                                       18                                       19                                       20                                       21                                       22                                       23                                       24                                       25                                       26                                       27                                       28                                       29                                       30                                       31                                       32                                       33                                       34                                       35                                       36                                       37                                       38                                       39                                       40                                       41                                       42                                       43                                       44                                       45                                       46                                       47                                       48                                       49 
                            model_number                                num_zones                             initial_mass                                initial_z                                 star_age                                time_step                                     Teff                            photosphere_L                            photosphere_r                               center_eta                                center_h1                               center_he3                               center_he4                               center_c12                               center_n14                               center_o16                              center_ne20                                star_mass                                star_mdot                             star_mass_h1                            star_mass_he3                            star_mass_he4                            star_mass_c12                            star_mass_n14                            star_mass_o16                           star_mass_ne20                             he_core_mass                             co_core_mass                             fe_core_mass                   neutron_rich_core_mass                             dynamic_time                             kh_timescale                            nuc_timescale                           power_nuc_burn                             power_h_burn                            power_he_burn                                power_neu                                burn_min1                                burn_min2                             time_seconds                           version_number                                 compiler                                    build                         MESA_SDK_version                             math_backend                                     date                                     msun                                     rsun                                     lsun 
                                     710                                     1077                  1.0000000000000000E+000                  2.0000000000000000E-002                  2.2354036878322550E+000                  2.0912390476633164E-003                  2.0075409722100139E+004                  2.5882327654021865E+003                  4.2055808940715966E+000                  2.2981264940504276E+000                  0.0000000000000000E+000                  0.0000000000000000E+000                  6.8559323323645713E-002                  4.4241129210970420E-001                  2.0548874098889069E-007                  4.6479312226143848E-001                  2.0158826096892377E-002                  2.2338348424836560E-001                 -8.0058089892360122E-009                  4.7022736983142430E-049                  1.3327720004095138E-047                  3.5549658836897154E-002                  9.4658568394747927E-002                  2.2130294233492194E-004                  8.7741269976124234E-002                  4.1843005399479641E-003                  2.2338348424836560E-001                  1.2230385963014723E-001                  0.0000000000000000E+000                  0.0000000000000000E+000                  1.8262932443074661E+005                  1.0795772091346899E+002                  8.6307339600367798E+005                  3.2512046246981038E+002                  1.2979381215999678E-031                  6.1489522228158743E-008                  7.3299637025840568E+001                  5.0000000000000000E+001                  1.0000000000000000E+003                  7.0543975419135168E+007                               "r23.05.1"                               "gfortran"                                 "13.1.0"                    "x86_64-linux-23.7.3"                                 "CRMATH"                               "20260529"                  1.9884098706980504E+033                  6.9570000000000000E+010                  3.8280000000000003E+033 

                                       1                                        2                                        3                                        4                                        5                                        6                                        7                                        8                                        9                                       10                                       11                                       12 
                                    zone                                     mass                                     logR                                     logT                                   logRho                                     logP                        x_mass_fraction_H                       y_mass_fraction_He                   z_mass_fraction_metals                                       pp                                      cno                                tri_alpha 
                                       1                  2.2338348424836560E-001                  6.2382599101766256E-001                  4.3026702365899654E+000                 -9.3195265510504566E+000                  2.8107199645181971E+000                  3.5739711262790599E-005                  4.0886614876403182E-001                  5.9109811152470537E-001                  2.2278362115393663E-177                  0.0000000000000000E+000                  0.0000000000000000E+000 
                                       2                  2.2338348424821761E-001                  6.2382514361894070E-001                  4.3026871055872746E+000                 -9.3194128780575127E+000                  2.8108121655363281E+000                  3.5739711262790599E-005                  4.0886614876403182E-001                  5.9109811152470537E-001                  2.2284194589390637E-177                  0.0000000000000000E+000                  0.0000000000000000E+000 
                                       3                  2.2338348424793658E-001                  6.2382353478520847E-001                  4.3027174093115423E+000                 -9.3192087973794582E+000                  2.8109777582659299E+000                  3.5739711262790599E-005                  4.0886614876403188E-001                  5.9109811152470537E-001                  2.2294669644254722E-177                  0.0000000000000000E+000                  0.0000000000000000E+000 
                                       4                  2.2338348424744689E-001                  6.2382073264916937E-001                  4.3027785042455422E+000                 -9.3187978351191845E+000                  2.8113114564523691E+000                  3.5739711262790599E-005                  4.0886614876403182E-001                  5.9109811152470537E-001                  2.2315778463203220E-177                  0.0000000000000000E+000                  0.0000000000000000E+000 
                                       5                  2.2338348424638255E-001                  6.2381464807936249E-001                  4.3028904436357420E+000                 -9.3180465190681598E+000                  2.8119223455593292E+000                  3.5739711262790599E-005                  4.0886614876403182E-001                  5.9109811152470537E-001                  2.2354421025669881E-177                  0.0000000000000000E+000                  0.0000000000000000E+000 
                                       6                  2.2338348424459906E-001                  6.2380446904211251E-001                  4.3030218764335180E+000                 -9.3171670655677286E+000                  2.8126387705594027E+000                  3.5739711262790599E-005                  4.0886614876403182E-001                  5.9109811152470537E-001                  2.2399739121051234E-177                  0.0000000000000000E+000                  0.0000000000000000E+000 
                                       7                  2.2338348424303794E-001                  6.2379557681710884E-001                  4.3032247797021661E+000                 -9.3158151643121307E+000                  2.8137429526439628E+000                  3.5739711262790599E-005                  4.0886614876403177E-001                  5.9109811152470537E-001                  2.2469581604035017E-177                  0.0000000000000000E+000                  0.0000000000000000E+000 
                                       8                  2.2338348423943383E-001                  6.2377510890257826E-001                  4.3035998362523902E+000                 -9.3133355410119147E+000                  2.8157783033002444E+000                  3.5739537912278703E-005                  4.0886883274313479E-001                  5.9109542771895285E-001                  2.2598399815055242E-177                  0.0000000000000000E+000                  0.0000000000000000E+000 
                                       9                  2.2338348423348417E-001                  6.2374150673713125E-001                  4.3042928607816711E+000                 -9.3088119502220650E+000                  2.8195200619117951E+000                  3.5739505661882576E-005                  4.0886933207473897E-001                  5.9109492841959921E-001                  2.2835063675796443E-177                  0.0000000000000000E+000                  0.0000000000000000E+000 
                                      10                  2.2338348422175852E-001                  6.2367594698237350E-001                  4.3055047388374996E+000                 -9.3010815007594747E+000                  2.8260059735115028E+000                  3.5739359890097986E-005                  4.0887158903232301E-001                  5.9109267160778689E-001                  2.3245334111419595E-177                  0.0000000000000000E+000                  0.0000000000000000E+000 
                                      11                  2.2338348420250168E-001                  6.2357011610192947E-001                  4.3078274891062929E+000                 -9.2868608586782759E+000                  2.8382433836690217E+000                  3.5739195420445028E-005                  4.0887413546689533E-001                  5.9109012533768424E-001                  2.4019307337405567E-177                  0.0000000000000000E+000                  0.0000000000000000E+000 
                                      12                  2.2338348416208470E-001                  6.2335491158103018E-001                  4.3111435294359781E+000                 -9.2677121233164605E+000                  2.8553327953334078E+000                  3.5738848883485792E-005                  4.0887950075104312E-001                  5.9108476040007341E-001                  2.5102487068516375E-177                  0.0000000000000000E+000                  0.0000000000000000E+000 
                                      13                  2.2338348411647405E-001                  6.2312216843851809E-001                  4.3162921782663002E+000                 -9.2403640831715581E+000                  2.8810433101228705E+000                  3.5738448565518059E-005                  4.0888569859736962E-001                  5.9107856295406491E-001                  2.6734623496189755E-177                  0.0000000000000000E+000                  0.0000000000000000E+000 
                                      14                  2.2338348402640157E-001                  6.2268960196903556E-001                  4.3214084765859111E+000                 -9.2150651339120468E+000                  2.9059266235866872E+000                  3.5737625670465158E-005                  4.0889843866529146E-001                  5.9106582370903804E-001                  2.8339300393548750E-177                  0.0000000000000000E+000                  0.0000000000000000E+000 
                                      15                  2.2338348397783489E-001                  6.2246906585749329E-001                  4.3249209042071879E+000                 -9.1988337688741026E+000                  2.9225813104460441E+000                  3.5737139395837775E-005                  4.0890596689748160E-001                  5.9105829596312254E-001                  2.9419153694094549E-177                  0.0000000000000000E+000                  0.0000000000000000E+000 
                                      16                  2.2338348392926824E-001                  6.2225630178179792E-001                  4.3297157791480139E+000                 -9.1779197993315051E+000                  2.9448320115790150E+000                  3.5736623533427370E-005                  4.0891395303815770E-001                  5.9105031033830890E-001                  3.0871295205394378E-177                  0.0000000000000000E+000                  0.0000000000000000E+000 
                                      17                  2.2338348384237897E-001                  6.2189282516814282E-001                  4.3356561733960284E+000                 -9.1532709753971009E+000                  2.9718913963253821E+000                  3.5735654267449465E-005                  4.0892895810726948E-001                  5.9103530623846301E-001                  3.2675504488884520E-177                  0.0000000000000000E+000                  0.0000000000000000E+000 
                                      18                  2.2338348375548969E-001                  6.2154856302407158E-001                  4.3413852766786665E+000                 -9.1307688179365947E+000                  2.9974584680921024E+000                  3.5734624540939371E-005                  4.0894489863799210E-001                  5.9101936673746702E-001                  3.4414693958211762E-177                  0.0000000000000000E+000                  0.0000000000000000E+000 
                                      19                  2.2338348366848365E-001                  6.2122048369040672E-001                  4.3469103031124909E+000                 -9.1100479828025076E+000                  3.0216905990029312E+000                  3.5733564979357709E-005                  4.0896130044849333E-001                  5.9100296598652724E-001                  3.6098116947003776E-177                  0.0000000000000000E+000                  0.0000000000000000E+000 
                                      20                  2.2338348358147761E-001                  6.2090699606830690E-001                  4.3522395415812047E+000                 -9.0908518977102766E+000                  3.0447152633761214E+000                  3.5732479496163094E-005                  4.0897810290843811E-001                  5.9098616461206577E-001                  3.7731210097209570E-177                  0.0000000000000000E+000                  0.0000000000000000E+000 
                                      21                  2.2338348349440321E-001                  6.2060618968856895E-001                  4.3572221512049696E+000                 -9.0735121128326028E+000                  3.0659711554607396E+000                  3.5731351137960865E-005                  4.0899556845767243E-001                  5.9096870019118963E-001                  3.9270022331643844E-177                  0.0000000000000000E+000                  0.0000000000000000E+000 
                                      22                  2.2338348341283568E-001                  6.2033490080904796E-001                  4.3618865626837122E+000                 -9.0578039038803535E+000                  3.0856360650478178E+000                  3.5730240815414408E-005                  4.0901275434006951E-001                  5.9095151541911506E-001                  4.0718289802593285E-177                  0.0000000000000000E+000                  0.0000000000000000E+000 
                                      23                  2.2338348333126817E-001                  6.2007276646661880E-001                  4.3662535070886213E+000                 -9.0434924176055151E+000                  3.1038700952755214E+000                  3.5729091596216759E-005                  4.0903054185266707E-001                  5.9093372905573671E-001                  4.2084452795061283E-177                  0.0000000000000000E+000                  0.0000000000000000E+000 
                                      24                  2.2338348325520757E-001                  6.1983584548249226E-001                  4.3708292825062154E+000                 -9.0289698453730907E+000                  3.1227665966877285E+000                  3.5727995197354821E-005                  4.0904751144683976E-001                  5.9091676055796283E-001                  4.3517517578950426E-177                  0.0000000000000000E+000                  0.0000000000000000E+000 
                                      25                  2.2338348316114937E-001                  6.1955198880265117E-001                  4.3755036090981232E+000                 -9.0141601006878904E+000                  3.1420501731483332E+000                  3.5726623587631879E-005                  4.0906874025622914E-001                  5.9089553312018328E-001                  4.5029622284682993E-177                  0.0000000000000000E+000                  0.0000000000000000E+000 
                                      26                  2.2338348307427588E-001                  6.1929813351190333E-001                  4.3798252345692141E+000                 -9.0005548048086794E+000                  3.1598360809323496E+000                  3.5725337425185985E-005                  4.0908864622857238E-001                  5.9087562843400243E-001                  4.6465061257927588E-177                  0.0000000000000000E+000                  0.0000000000000000E+000 
                                      27                  2.2338348298740246E-001                  6.1905168205680261E-001                  4.3864291924564283E+000                 -8.9803714594204376E+000                  3.1867521108590671E+000                  3.5723919405649585E-005                  4.0911059263672750E-001                  5.9085368344386691E-001                  4.8678350284149718E-177                  0.0000000000000000E+000                  0.0000000000000000E+000 
                                      28                  2.2338348279805514E-001                  6.1853756639376201E-001                  4.3930831812084241E+000                 -8.9591397691255743E+000                  3.2142508049197387E+000                  3.5721481469200438E-005                  4.0914832354616909E-001                  5.9081595497236172E-001                  5.1122313081314781E-177                  0.0000000000000000E+000                  0.0000000000000000E+000 
                                      29                  2.2338348268837485E-001                  6.1825318800688001E-001                  4.3977519112067691E+000                 -8.9445472831469210E+000                  3.2334198454953773E+000                  3.5719921738927007E-005                  4.0917246248808259E-001                  5.9079181759017851E-001                  5.2872596620523441E-177                  0.0000000000000000E+000                  0.0000000000000000E+000 
                                      30                  2.2338348257869456E-001                  6.1797767383465063E-001                  4.4023106854165661E+000                 -8.9302975410088230E+000                  3.2521430139353535E+000                  3.5718474127353791E-005                  4.0919486600584287E-001                  5.9076941552002982E-001                  5.4639432687826934E-177                  0.0000000000000000E+000                  0.0000000000000000E+000 
                                      31                  2.2338348246513073E-001                  6.1770108560126713E-001                  4.4067604075828948E+000                 -8.9163472959216108E+000                  3.2704436113043256E+000                  3.5717112118667239E-005                  4.0921594454795290E-001                  5.9074833833992835E-001                  5.6426200632862420E-177                  0.0000000000000000E+000                  0.0000000000000000E+000 
                                      32                  2.2338348235156691E-001                  6.1743273605465199E-001                  4.4111077683568256E+000                 -8.9026886222858295E+000                  3.2883461274098322E+000                  3.5715854351888537E-005                  4.0923540971585232E-001                  5.9072887442979582E-001                  5.8232058227211862E-177                  0.0000000000000000E+000                  0.0000000000000000E+000 
                                      33                  2.2338348223405965E-001                  6.1716316470373866E-001                  4.4153534826756378E+000                 -8.8892854685818730E+000                  3.3058699779701324E+000                  3.5714712682932523E-005                  4.0925307806891348E-001                  5.9071120721840353E-001                  6.0060098228921289E-177                  0.0000000000000000E+000                  0.0000000000000000E+000 
                                      34                  2.2338348211655240E-001                  6.1690130556773493E-001                  4.4223684265259040E+000                 -8.8677572622727929E+000                  3.3345957796600336E+000                  3.5713169599814886E-005                  4.0927695856857976E-001                  5.9068732826182035E-001                  6.3116492024949676E-177                  0.0000000000000000E+000                  0.0000000000000000E+000 
                                      35                  2.2338348182867773E-001                  6.1628897021721896E-001                  4.4287755392580062E+000                 -8.8464726669519891E+000                  3.3615698901438686E+000                  3.5711784057784143E-005                  4.0929840084552527E-001                  5.9066588737041692E-001                  6.6290838407170895E-177                  0.0000000000000000E+000                  0.0000000000000000E+000 
                                      36                  2.2338348171297148E-001                  6.1605393693502697E-001                  4.4336899621106998E+000                 -8.8308100131280387E+000                  3.3820126604277667E+000                  3.5710850295591921E-005                  4.0931285147197677E-001                  5.9065143767772765E-001                  6.8728044477941395E-177                  0.0000000000000000E+000                  0.0000000000000000E+000 
                                      37                  2.2338348150637660E-001                  6.1564825046607774E-001                  4.4387401189207649E+000                 -8.8140895663460270E+000                  3.4033236023986806E+000                  3.5710031074093001E-005                  4.0932552946560258E-001                  5.9063876050332331E-001                  7.1428345719742865E-177                  0.0000000000000000E+000                  0.0000000000000000E+000 
                                      38                  2.2338348136174899E-001                  6.1537433211423154E-001                  4.4435178123658785E+000                 -8.7984570696829394E+000                  3.4234431550454847E+000                  3.5709358912474841E-005                  4.0933593159459747E-001                  5.9062835904649003E-001                  7.4048574607857234E-177                  0.0000000000000000E+000                  0.0000000000000000E+000 
                                      39                  2.2338348115946974E-001                  6.1500394561436145E-001                  4.4484111094864360E+000                 -8.7820518230956619E+000                  3.4442609656811820E+000                  3.5708784815362835E-005                  4.0934481609750184E-001                  5.9061947511768276E-001                  7.6901379626302860E-177                  0.0000000000000000E+000                  0.0000000000000000E+000 
                                      40                  2.2338348098675920E-001                  6.1469871294700418E-001                  4.4535013795681655E+000                 -8.7650717766143966E+000                  3.4659292018237564E+000                  3.5708279304273778E-005                  4.0935263918071330E-001                  5.9061165253998249E-001                  7.9969684880245972E-177                  0.0000000000000000E+000                  0.0000000000000000E+000 
                                      41                  2.2338348075074257E-001                  6.1429661158482973E-001                  4.4577621033376289E+000                 -8.7503331128594404E+000                  3.4843349475176240E+000                  3.5707936445864180E-005                  4.0935794511074325E-001                  5.9060634695281089E-001                  8.2731756945922309E-177                  0.0000000000000000E+000                  0.0000000000000000E+000 
                                      42                  2.2338348062453336E-001                  6.1408832509363331E-001                  4.4606369038782434E+000                 -8.7404771263976571E+000                  3.4967383661155362E+000                  3.5707730410065210E-005                  4.0936113363086141E-001                  5.9060315863872859E-001                  8.4631757445853627E-177                  0.0000000000000000E+000                  0.0000000000000000E+000 
                                      43                  2.2338348049832413E-001                  6.1388442219338857E-001                  4.4642862339887284E+000                 -8.7280095260278028E+000                  3.5124930062575190E+000                  3.5707498565413362E-005                  4.0936472155582621E-001                  5.9059957094560844E-001                  8.7097762702090785E-177                  0.0000000000000000E+000                  0.0000000000000000E+000 
                                      44                  2.2338348029396546E-001                  6.1356302236451365E-001                  4.4685927976699631E+000                 -8.7129826404688249E+000                  3.5312680779642687E+000                  3.5707271739787168E-005                  4.0936823180630738E-001                  5.9059606092195283E-001                  9.0165489170955262E-177                  0.0000000000000000E+000                  0.0000000000000000E+000 
                                      45                  2.2338348008960682E-001                  6.1325187395626790E-001                  4.4734578269981888E+000                 -8.6959800391618067E+000                  3.5525590534768416E+000                  3.5707058644083474E-005                  4.0937152957701084E-001                  5.9059276336434507E-001                  9.3766907785283720E-177                  0.0000000000000000E+000                  0.0000000000000000E+000 
                                      46                  2.2338347980997694E-001                  6.1284144513326722E-001                  4.4774329425998056E+000                 -8.6815150761271926E+000                  3.5702677025599732E+000                  3.5706921831898873E-005                  4.0937364681799648E-001                  5.9059064626017155E-001                  9.6943687024252393E-177                  0.0000000000000000E+000                  0.0000000000000000E+000 
                                      47                  2.2338347967016703E-001                  6.1264254211056657E-001                  4.4800010137352793E+000                 -8.6722510989694719E+000                  3.5817050134914270E+000                  3.5706843182151731E-005                  4.0937486396418743E-001                  5.9058942919263036E-001                  9.9034513757060865E-177                  0.0000000000000000E+000                  0.0000000000000000E+000 
                                      48                  2.2338347953035709E-001                  6.1244757191959143E-001                  4.4839341261188457E+000                 -8.6581987077714562E+000                  3.5992146931009028E+000                  3.5706736084411421E-005                  4.0937652135769248E-001                  5.9058777190622314E-001                  1.0229241866052519E-176                  0.0000000000000000E+000                  0.0000000000000000E+000 
                                      49                  2.2338347922835988E-001                  6.1203898353653219E-001                  4.4892228893003532E+000                 -8.6386574028414227E+000                  3.6231568494435380E+000                  3.5706623399327175E-005                  4.0937826521762610E-001                  5.9058602815897454E-001                  1.0700164751371178E-176                  0.0000000000000000E+000                  0.0000000000000000E+000 
                                      50                  2.2338347889905835E-001                  6.1161182495531252E-001                  4.4941494227231624E+000                 -8.6200015368202791E+000                  3.6457923972093269E+000                  3.5706541961024114E-005                  4.0937952551707790E-001                  5.9058476794096104E-001                  1.1169955335337330E-176                  0.0000000000000000E+000                  0.0000000000000000E+000 
                                      51                  2.2338347860111507E-001                  6.1124057132221410E-001                  4.4986269522828648E+000                 -8.6028565453760617E+000                  3.6665741478024225E+000                  3.5706482486171038E-005                  4.0938044592068878E-001                  5.9058384759682503E-001                  1.1619861186475716E-176                  0.0000000000000000E+000                  0.0000000000000000E+000 
                                      52                  2.2338347829574337E-001                  6.1087385694888130E-001                  4.5035262651381984E+000                 -8.5839833526841431E+000                  3.6895142570109893E+000                  3.5706429959558930E-005                  4.0938125879658760E-001                  5.9058303477345286E-001                  1.2136095018648900E-176                  0.0000000000000000E+000                  0.0000000000000000E+000 
                                      53                  2.2338347790310681E-001                  6.1042112015166783E-001                  4.5094806898350859E+000                 -8.5607683738790357E+000                  3.7177413832832280E+000                  3.5706380807922230E-005                  4.0938201944289310E-001                  5.9058227417629894E-001                  1.2802646684296921E-176                  0.0000000000000000E+000                  0.0000000000000000E+000 
                                      54                  2.2338347738848627E-001                  6.0985663446927418E-001                  4.5140803303652186E+000                 -8.5419778986289803E+000                  3.7401091310061583E+000                  3.5706353278888206E-005                  4.0938244546846531E-001                  5.9058184817825587E-001                  1.3368874264791503E-176                  0.0000000000000000E+000                  0.0000000000000000E+000 
                                      55                  2.2338347714505827E-001                  6.0960019936084497E-001                  4.5170944622962841E+000                 -8.5299249185973522E+000                  3.7547346484137014E+000                  3.5706337603170436E-005                  4.0938268805802169E-001                  5.9058160560437511E-001                  1.3745191228977143E-176                  0.0000000000000000E+000                  0.0000000000000000E+000 
                                      56                  2.2338347687251039E-001                  6.0932042939786957E-001                  4.5211598180578125E+000                 -8.5138270248532368E+000                  3.7745000798292256E+000                  3.5706319452317768E-005                  4.0938296895150633E-001                  5.9058132472904135E-001                  1.4264372013694520E-176                  0.0000000000000000E+000                  0.0000000000000000E+000 
                                      57                  2.2338347642142620E-001                  6.0887311949799050E-001                  4.5257857280659666E+000                 -8.4952367504321273E+000                  3.7972726663429186E+000                  3.5706303226394189E-005                  4.0938322005573013E-001                  5.9058107364104351E-001                  1.4888382953514426E-176                  0.0000000000000000E+000                  0.0000000000000000E+000 
                                      58                  2.2338347600051148E-001                  6.0847204293257340E-001                  4.5301895292401513E+000                 -8.4777108453304919E+000                  3.8190177693216669E+000                  3.5706290693454442E-005                  4.0938341400918055E-001                  5.9058087970012596E-001                  1.5501645921040077E-176                  0.0000000000000000E+000                  0.0000000000000000E+000 
                                      59                  2.2338347554822319E-001                  6.0805694852337500E-001                  4.5338113081682989E+000                 -8.4632572939978470E+000                  3.8370193913720683E+000                  3.5706282351107128E-005                  4.0938354311112846E-001                  5.9058075060652038E-001                  1.6026364072129208E-176                  0.0000000000000000E+000                  0.0000000000000000E+000 
                                      60                  2.2338347524669769E-001                  6.0778864445505709E-001                  4.5375512948098473E+000                 -8.4488006400354401E+000                  3.8554772885816471E+000                  3.5706274792513044E-005                  4.0938366008410310E-001                  5.9058063364110436E-001                  1.6568963648570518E-176                  0.0000000000000000E+000                  0.0000000000000000E+000 
                                      61                  2.2338347474415518E-001                  6.0735506161695108E-001                  4.5426003536401982E+000                 -8.4295469664275515E+000                  3.8804033402380216E+000                  3.5706266507101272E-005                  4.0938378830493249E-001                  5.9058050542856044E-001                  1.7320243454414873E-176                  0.0000000000000000E+000                  0.0000000000000000E+000 
                                      62                  2.2338347410972864E-001                  6.0682969162786826E-001                  4.5471080396454395E+000                 -8.4125123360141831E+000                  3.9026950390185409E+000                  3.5706260706432937E-005                  4.0938387807312726E-001                  5.9058041566616626E-001                  1.8013291941283250E-176                  0.0000000000000000E+000                  0.0000000000000000E+000 
                                      63                  2.2338347367575542E-001                  6.0648309818634305E-001                  4.5497665022001250E+000                 -8.4026843477000064E+000                  3.9157776393985428E+000                  3.5706257769558899E-005                  4.0938392352269543E-001                  5.9058037021953502E-001                  1.8425686787289373E-176                  0.0000000000000000E+000                  0.0000000000000000E+000 
                                      64                  2.2338347345876877E-001                  6.0631337666823126E-001                  4.5515102365429332E+000                 -8.3963906124353436E+000                  3.9242986159162365E+000                  3.5706255976081572E-005                  4.0938395127763738E-001                  5.9058034246638647E-001                  1.8694725984308718E-176                  0.0000000000000000E+000                  0.0000000000000000E+000 
                                      65                  2.2338347324178218E-001                  6.0614590206123187E-001                  4.5544874662904329E+000                 -8.3859533879803472E+000                  3.9387174381565075E+000                  3.5706253116718896E-005                  4.0938399552767746E-001                  5.9058029821920588E-001                  1.9149575270451212E-176                  0.0000000000000000E+000                  0.0000000000000000E+000 
                                      66                  2.2338347270590511E-001                  6.0574132437840766E-001                  4.5589816769593332E+000                 -8.3705141952370248E+000                  3.9603604349017845E+000                  3.5706249453956162E-005                  4.0938405221072549E-001                  5.9058024153982047E-001                  1.9842781882009617E-176                  0.0000000000000000E+000                  0.0000000000000000E+000 
                                      67                  2.2338347206812423E-001                  6.0527522875169826E-001                  4.5637008366239940E+000                 -8.3548671079041377E+000                  3.9828269974064585E+000                  3.5706246238136679E-005                  4.0938410197710540E-001                  5.9058019177665644E-001                  2.0570933020694240E-176                  0.0000000000000000E+000                  0.0000000000000000E+000 
                                      68                  2.2338347142959952E-001                  6.0482367379700308E-001                  4.5683969074348809E+000                 -8.3399727110732496E+000                  4.0048412326372196E+000                  3.5706243518436576E-005                  4.0938414406579360E-001                  5.9058014969068795E-001                  2.1288868960332139E-176                  0.0000000000000000E+000                  0.0000000000000000E+000 
                                      69                  2.2338347075727152E-001                  6.0436279324839270E-001                  4.5719673335111350E+000                 -8.3290051367199354E+000                  4.0213787648640222E+000                  3.5706241751536026E-005                  4.0938417140944217E-001                  5.9058012234880630E-001                  2.1833496906697360E-176                  0.0000000000000000E+000                  0.0000000000000000E+000 
                                      70                  2.2338347040457773E-001                  6.0412648258489487E-001                  4.5757803021363550E+000                 -8.3179146907939607E+000                  4.0386921970082863E+000                  3.5706239997004027E-005                  4.0938419856168085E-001                  5.9058009519832222E-001                  2.2398397890361183E-176                  0.0000000000000000E+000                  0.0000000000000000E+000 
                                      71                  2.2338346964393022E-001                  6.0362842458253507E-001                  4.5804439382165629E+000                 -8.3047866366908973E+000                  4.0595724561457942E+000                  3.5706238154230623E-005                  4.0938422707949718E-001                  5.9058006668234864E-001                  2.3086008882712826E-176                  0.0000000000000000E+000                  0.0000000000000000E+000 
                                      72                  2.2338346900789188E-001                  6.0322309638285754E-001                  4.5836569430504923E+000                 -8.2960876835817690E+000                  4.0737219030674279E+000                  3.5706237022421567E-005                  4.0938424459479333E-001                  5.9058004916818430E-001                  2.3553225624593801E-176                  0.0000000000000000E+000                  0.0000000000000000E+000 
                                      73                  2.2338346866224279E-001                  6.0300672853761927E-001                  4.5872579272349334E+000                 -8.2868033325254711E+000                  4.0892779168247317E+000                  3.5706235822181993E-005                  4.0938426316908466E-001                  5.9058003059509323E-001                  2.4062321552448331E-176                  0.0000000000000000E+000                  0.0000000000000000E+000 
                                      74                  2.2338346789328087E-001                  6.0253443655158656E-001                  4.5929406960392054E+000                 -8.2728348767289859E+000                  4.1133228085213496E+000                  3.5706234142937203E-005                  4.0938428915621417E-001                  5.9058000460964288E-001                  2.4849074733399972E-176                  0.0000000000000000E+000                  0.0000000000000000E+000 
                                      75                  2.2338346686671809E-001                  6.0192159192882089E-001                  4.5982866887638654E+000                 -8.2603593493067891E+000                  4.1354113533293191E+000                  3.5706232777874985E-005                  4.0938431028121453E-001                  5.9057998348600760E-001                  2.5573465972924109E-176                  0.0000000000000000E+000                  0.0000000000000000E+000 
                                      76                  2.2338346616369414E-001                  6.0151233806578230E-001                  4.6037805391094260E+000                 -8.2483538769952798E+000                  4.1574819797502478E+000                  3.5706231492324570E-005                  4.0938433017573078E-001                  5.9057996359277687E-001                  2.6290498036464364E-176                  0.0000000000000000E+000                  0.0000000000000000E+000 
                                      77                  2.2338346505524287E-001                  6.0088240795150505E-001                  4.6095846852488327E+000                 -8.2362686020497780E+000                  4.1802584218782206E+000                  3.5706230303318029E-005                  4.0938434857618305E-001                  5.9057994519351364E-001                  2.7032605872811561E-176                  0.0000000000000000E+000                  0.0000000000000000E+000 
                                      78                  2.2338346420660557E-001                  6.0041157820741065E-001                  4.6153411139314304E+000                 -8.2250101949878118E+000                  4.2022475559987535E+000                  3.5706229226531318E-005                  4.0938436523997868E-001                  5.9057992853079477E-001                  2.7742776907268159E-176                  0.0000000000000000E+000                  0.0000000000000000E+000 
                                      79                  2.2338346307449675E-001                  5.9979725185160893E-001                  4.6201702965042237E+000                 -8.2159139549612625E+000                  4.2203519597724268E+000                  3.5706228423334935E-005                  4.0938437766983099E-001                  5.9057991610174565E-001                  2.8330165988950341E-176                  0.0000000000000000E+000                  0.0000000000000000E+000 
                                      80                  2.2338346250844232E-001                  5.9949550185409284E-001                  4.6233442142019152E+000                 -8.2101818218330660E+000                  4.2320474476901735E+000                  3.5706227922074308E-005                  4.0938438542708128E-001                  5.9057990834499663E-001                  2.8706690475218992E-176                  0.0000000000000000E+000                  0.0000000000000000E+000 
                                      81                  2.2338346194238790E-001                  5.9919709047078695E-001                  4.6264783313374664E+000                 -8.2046643810830435E+000                  4.2434671557732786E+000                  3.5706227451715563E-005                  4.0938439270611005E-001                  5.9057990106643832E-001                  2.9073839122566317E-176                  0.0000000000000000E+000                  0.0000000000000000E+000 
                                      82                  2.2338346137633347E-001                  5.9890184146944858E-001                  4.6307074590157935E+000                 -8.1974710413132215E+000                  4.2586658552189238E+000                  3.5706226846256853E-005                  4.0938440207587595E-001                  5.9057989169727776E-001                  2.9559569646268266E-176                  0.0000000000000000E+000                  0.0000000000000000E+000 
                                      83                  2.2338346039293830E-001                  5.9839593924794110E-001                  4.6355664264053642E+000                 -8.1893985339408228E+000                  4.2759253969565805E+000                  3.5706226204367818E-005                  4.0938441200941827E-001                  5.9057988176437737E-001                  3.0114337452417453E-176                  0.0000000000000000E+000                  0.0000000000000000E+000 
                                      84                  2.2338345955825670E-001                  5.9797309540349619E-001                  4.6421066389445880E+000                 -8.1790998486478088E+000                  4.2987133600001002E+000                  3.5706225389309857E-005                  4.0938442462283314E-001                  5.9057986915177763E-001                  3.0837238285499123E-176                  0.0000000000000000E+000                  0.0000000000000000E+000 
                                      85                  2.2338345788889352E-001                  5.9714364710297851E-001                  4.6494539038036740E+000                 -8.1676931672379443E+000                  4.3240583317245482E+000                  3.5706224572016765E-005                  4.0938443727083701E-001                  5.9057985650459099E-001                  3.1658188281919247E-176                  0.0000000000000000E+000                  0.0000000000000000E+000 
                                      86                  2.2338345663687112E-001                  5.9653466880317119E-001                  4.6545362020044250E+000                 -8.1600174918432664E+000                  4.3413921051411393E+000                  3.5706224046808233E-005                  4.0938444539869162E-001                  5.9057984837726152E-001                  3.2222882335291769E-176                  0.0000000000000000E+000                  0.0000000000000000E+000 
                                      87                  2.2338345580218952E-001                  5.9613440259083494E-001                  4.6585114653368995E+000                 -8.1541610813436662E+000                  4.3548336976212605E+000                  3.5706223653708902E-005                  4.0938445148209268E-001                  5.9057984229425364E-001                  3.2660500463123127E-176                  0.0000000000000000E+000                  0.0000000000000000E+000 
                                      88                  2.2338345496657458E-001                  5.9573796672272017E-001                  4.6640398125721214E+000                 -8.1462474296367624E+000                  4.3733605785118934E+000                  3.5706223128775385E-005                  4.0938445960569103E-001                  5.9057983417118021E-001                  3.3261303435085778E-176                  0.0000000000000000E+000                  0.0000000000000000E+000 
                                      89                  2.2338345342228649E-001                  5.9501576412532309E-001                  4.6703720468559835E+000                 -8.1370734067099377E+000                  4.3945809941898242E+000                  3.5706222571319820E-005                  4.0938446823258334E-001                  5.9057982554484534E-001                  3.3971641902563818E-176                  0.0000000000000000E+000                  0.0000000000000000E+000 
                                      90                  2.2338345213188210E-001                  5.9442221548470686E-001                  4.6769087527155380E+000                 -8.1278284303648363E+000                  4.4163270754640562E+000                  3.5706222026619902E-005                  4.0938447666207572E-001                  5.9057981711589758E-001                  3.4702824481542702E-176                  0.0000000000000000E+000                  0.0000000000000000E+000 
                                      91                  2.2338345038668828E-001                  5.9363262181930676E-001                  4.6829003138936960E+000                 -8.1191483521219556E+000                  4.4363348774103484E+000                  3.5706221563012335E-005                  4.0938448383662501E-001                  5.9057980994181203E-001                  3.5403650166781913E-176                  0.0000000000000000E+000                  0.0000000000000000E+000 
                                      92                  2.2338344922267747E-001                  5.9311406129437294E-001                  4.6863866657076594E+000                 -8.1140936953787683E+000                  4.4479712897578567E+000                  3.5706221305189763E-005                  4.0938448782655251E-001                  5.9057980595214232E-001                  3.5818264522125839E-176                  0.0000000000000000E+000                  0.0000000000000000E+000 
                                      93                  2.2338344864039797E-001                  5.9285697261629600E-001                  4.6898112904216021E+000                 -8.1092605866387544E+000                  4.4593340746401555E+000                  3.5706221056758110E-005                  4.0938449167115126E-001                  5.9057980210779193E-001                  3.6219247198947176E-176                  0.0000000000000000E+000                  0.0000000000000000E+000 
                                      94                  2.2338344747583891E-001                  5.9234713713422571E-001                  4.6953001840702937E+000                 -8.1014609941185665E+000                  4.4775721049714834E+000                  3.5706220675109730E-005                  4.0938449757734247E-001                  5.9057979620198242E-001                  3.6875837354661214E-176                  0.0000000000000000E+000                  0.0000000000000000E+000 
                                      95                  2.2338344575286792E-001                  5.9160304354624982E-001                  4.7015695209540942E+000                 -8.0923288790694219E+000                  4.4985196335672741E+000                  3.5706220264981588E-005                  4.0938450392427145E-001                  5.9057978985546355E-001                  3.7659747918519777E-176                  0.0000000000000000E+000                  0.0000000000000000E+000 
                                      96                  2.2338344402989690E-001                  5.9087070801477815E-001                  4.7060778215394894E+000                 -8.0855452149498710E+000                  4.5136971249114710E+000                  3.5706219986801528E-005                  4.0938450822924066E-001                  5.9057978555077262E-001                  3.8252834647635683E-176                  0.0000000000000000E+000                  0.0000000000000000E+000 
                                      97                  2.2338344316770248E-001                  5.9050855194250162E-001                  4.7109646096502145E+000                 -8.0784682229996800E+000                  4.5300308284287691E+000                  3.5706219692151163E-005                  4.0938451278909571E-001                  5.9057978099121211E-001                  3.8881525597274481E-176                  0.0000000000000000E+000                  0.0000000000000000E+000 
                                      98                  2.2338344115459480E-001                  5.8967318676223079E-001                  4.7161004382950464E+000                 -8.0705329999004540E+000                  4.5474529309199712E+000                  3.5706219401638133E-005                  4.0938451728492337E-001                  5.9057977649567506E-001                  3.9598756893665447E-176                  0.0000000000000000E+000                  0.0000000000000000E+000 
                                      99                  2.2338344000368154E-001                  5.8920212616001866E-001                  4.7206013158975813E+000                 -8.0637114246258061E+000                  4.5626781836794761E+000                  3.5706219154525792E-005                  4.0938452110910467E-001                  5.9057977267174078E-001                  4.0225898797821639E-176                  0.0000000000000000E+000                  0.0000000000000000E+000 
                                     100                  2.2338343829611024E-001                  5.8851135532767740E-001                  4.7244856076717570E+000                 -8.0575385912863684E+000                  4.5759679025719171E+000                  3.5706218951265945E-005                  4.0938452425464750E-001                  5.9057976952640123E-001                  4.0801956286877165E-176                  0.0000000000000000E+000                  0.0000000000000000E+000 
                                     101                  2.2338343744169850E-001                  5.8816937672575098E-001                  4.7282846185362022E+000                 -8.0516559543570292E+000                  4.5889093014332625E+000                  3.5706218756152698E-005                  4.0938452727411800E-001                  5.9057976650712585E-001                  4.1358608877381768E-176                  0.0000000000000000E+000                  0.0000000000000000E+000 
                                     102                  2.2338343573287506E-001                  5.8749224265662181E-001                  4.7343768202038854E+000                 -8.0420337706627585E+000                  4.6097831984957311E+000                  3.5706218455805996E-005                  4.0938453192212604E-001                  5.9057976185941818E-001                  4.2285541900295597E-176                  0.0000000000000000E+000                  0.0000000000000000E+000 
                                     103                  2.2338343316965550E-001                  5.8649303640433370E-001                  4.7395657493891088E+000                 -8.0332686298500295E+000                  4.6278546736423785E+000                  3.5706218215043813E-005                  4.0938453564803517E-001                  5.9057975813374974E-001                  4.3147986451836270E-176                  0.0000000000000000E+000                  0.0000000000000000E+000 
                                     104                  2.2338343190029641E-001                  5.8600559847623290E-001                  4.7450490794445903E+000                 -8.0243842073237648E+000                  4.6468113849965755E+000                  3.5706217966157046E-005                  4.0938453949967624E-001                  5.9057975428235765E-001                  4.4040123892575107E-176                  0.0000000000000000E+000                  0.0000000000000000E+000 
                                     105                  2.2338342899300676E-001                  5.8490578575067320E-001                  4.7527281321501036E+000                 -8.0112940863808912E+000                  4.6737011560990194E+000                  3.5706217637321495E-005                  4.0938454458856249E-001                  5.9057974919380019E-001                  4.5388307401108872E-176                  0.0000000000000000E+000                  0.0000000000000000E+000 
                                     106                  2.2338342571712977E-001                  5.8369369390542802E-001                  4.7584888266963272E+000                 -8.0008874796642573E+000                  4.6941653503055125E+000                  3.5706217405391460E-005                  4.0938454817778969E-001                  5.9057974560480497E-001                  4.6489501793041886E-176                  0.0000000000000000E+000                  0.0000000000000000E+000 
                                     107                  2.2338342407920161E-001                  5.8309829452808726E-001                  4.7622128247705451E+000                 -7.9942577836907480E+000                  4.7073623744103816E+000                  3.5706217259276880E-005                  4.0938455043898209E-001                  5.9057974334375862E-001                  4.7204929439175869E-176                  0.0000000000000000E+000                  0.0000000000000000E+000 
                                     108                  2.2338342244127352E-001                  5.8250951193778699E-001                  4.7658355146540385E+000                 -7.9877385960764924E+000                  4.7202387266667936E+000                  3.5706217120938734E-005                  4.0938455257983047E-001                  5.9057974120304857E-001                  4.7919169161614641E-176                  0.0000000000000000E+000                  0.0000000000000000E+000 
                                     109                  2.2338342080336351E-001                  5.8192715710904164E-001                  4.7711178447074269E+000                 -7.9783623637514705E+000                  4.7389691881923346E+000                  3.5706216924100285E-005                  4.0938455562599874E-001                  5.9057973815707721E-001                  4.8965420368483408E-176                  0.0000000000000000E+000                  0.0000000000000000E+000 
                                     110                  2.2338341752574969E-001                  5.8077986814315719E-001                  4.7765758388343480E+000                 -7.9680849492302768E+000                  4.7585905083789051E+000                  3.5706216731690524E-005                  4.0938455860363077E-001                  5.9057973517963758E-001                  5.0138496678908332E-176                  0.0000000000000000E+000                  0.0000000000000000E+000 
                                     111                  2.2338341547811882E-001                  5.8007538978719519E-001                  4.7806422441928742E+000                 -7.9604796709592565E+000                  4.7731918010709862E+000                  3.5706216592686813E-005                  4.0938456075477897E-001                  5.9057973302862832E-001                  5.1024631938904711E-176                  0.0000000000000000E+000                  0.0000000000000000E+000 
                                     112                  2.2338341343050774E-001                  5.7937979183554011E-001                  4.7845915520685738E+000                 -7.9530207448909795E+000                  4.7874073693919801E+000                  3.5706216461975243E-005                  4.0938456277760227E-001                  5.9057973100593575E-001                  5.1908928628485596E-176                  0.0000000000000000E+000                  0.0000000000000000E+000 
                                     113                  2.2338341138289669E-001                  5.7869276561097527E-001                  4.7884316460310412E+000                 -7.9457015145158358E+000                  4.8012616264893122E+000                  3.5706216338947577E-005                  4.0938456468151357E-001                  5.9057972910214751E-001                  5.2791563007562863E-176                  0.0000000000000000E+000                  0.0000000000000000E+000 
                                     114                  2.2338340933429682E-001                  5.7801369815403403E-001                  4.7921686414306262E+000                 -7.9385165823563888E+000                  4.8147737021931194E+000                  3.5706216223095255E-005                  4.0938456647438298E-001                  5.9057972730939390E-001                  5.3672601300174458E-176                  0.0000000000000000E+000                  0.0000000000000000E+000 
                                     115                  2.2338340728569689E-001                  5.7734265080100855E-001                  4.7958071874842947E+000                 -7.9314619631656287E+000                  4.8279580569231397E+000                  3.5706216113972285E-005                  4.0938456816311242E-001                  5.9057972562077365E-001                  5.4551968035381739E-176                  0.0000000000000000E+000                  0.0000000000000000E+000 
                                     116                  2.2338340523709699E-001                  5.7667936598481551E-001                  4.8011138901697645E+000                 -7.9213294445225815E+000                  4.8471273233964833E+000                  3.5706215959725316E-005                  4.0938457055015703E-001                  5.9057972323388319E-001                  5.5840271894217919E-176                  0.0000000000000000E+000                  0.0000000000000000E+000 
                                     117                  2.2338340113993102E-001                  5.7537456286326172E-001                  4.8075395121041655E+000                 -7.9084932455624246E+000                  4.8705886710506432E+000                  3.5706215785458099E-005                  4.0938457324702432E-001                  5.9057972053719021E-001                  5.7516123171866525E-176                  0.0000000000000000E+000                  0.0000000000000000E+000 
                                     118                  2.2338339743094274E-001                  5.7421798980482042E-001                  4.8133833287286327E+000                 -7.8967032597760474E+000                  4.8919882860509176E+000                  3.5706215636223328E-005                  4.0938457555650276E-001                  5.9057971822786104E-001                  5.9099671889095701E-176                  0.0000000000000000E+000                  0.0000000000000000E+000 
                                     119                  2.2338339372195445E-001                  5.7308344983961468E-001                  4.8180583633799410E+000                 -7.8870180964660781E+000                  4.9092251612184032E+000                  3.5706215523901304E-005                  4.0938457729473904E-001                  5.9057971648973706E-001                  6.0433088407691564E-176                  0.0000000000000000E+000                  0.0000000000000000E+000 
                                     120                  2.2338339124931714E-001                  5.7233896001564666E-001                  4.8216944518122116E+000                 -7.8795131885239558E+000                  4.9226285720925382E+000                  3.5706215439820362E-005                  4.0938457859593119E-001                  5.9057971518862895E-001                  6.1486994131444002E-176                  0.0000000000000000E+000                  0.0000000000000000E+000 
                                     121                  2.2338338877667985E-001                  5.7160347499536601E-001                  4.8273042706735199E+000                 -7.8681537409368048E+000                  4.9432346788072268E+000                  3.5706215314703479E-005                  4.0938458053217386E-001                  5.9057971325251146E-001                  6.3117264039283940E-176                  0.0000000000000000E+000                  0.0000000000000000E+000 
                                     122                  2.2338338339592378E-001                  5.7003182328325408E-001                  4.8329297212087878E+000                 -7.8559175187439214E+000                  4.9642652575995783E+000                  3.5706215199551545E-005                  4.0938458231420410E-001                  5.9057971147059640E-001                  6.4921768673174830E-176                  0.0000000000000000E+000                  0.0000000000000000E+000 
                                     123                  2.2338338048874987E-001                  5.6919937841808776E-001                  4.8367575146656163E+000                 -7.8477049210775212E+000                  4.9785411869706779E+000                  3.5706215124327030E-005                  4.0938458347833884E-001                  5.9057971030653689E-001                  6.6161750112322193E-176                  0.0000000000000000E+000                  0.0000000000000000E+000 
                                     124                  2.2338337758159166E-001                  5.6837785204221258E-001                  4.8423311637732080E+000                 -7.8359461582788832E+000                  4.9992667397738586E+000                  3.5706215018995447E-005                  4.0938458510839465E-001                  5.9057970867658638E-001                  6.7978504228467031E-176                  0.0000000000000000E+000                  0.0000000000000000E+000 
                                     125                  2.2338337176631229E-001                  5.6676492518416466E-001                  4.8496490544401736E+000                 -7.8199110822304103E+000                  5.0267495927149959E+000                  3.5706214891391519E-005                  4.0938458708312525E-001                  5.9057970670198334E-001                  7.0536644317469413E-176                  0.0000000000000000E+000                  0.0000000000000000E+000 
                                     126                  2.2338336553463578E-001                  5.6508007854738074E-001                  4.8570748721975114E+000                 -7.8034346273568493E+000                  5.0547431277607853E+000                  3.5706214771730355E-005                  4.0938458893493795E-001                  5.9057970485029032E-001                  7.3265538131809604E-176                  0.0000000000000000E+000                  0.0000000000000000E+000 
                                     127                  2.2338335888753047E-001                  5.6332916370012653E-001                  4.8625498834458396E+000                 -7.7908453742166337E+000                  5.0755657681267641E+000                  3.5706214690394497E-005                  4.0938459019364848E-001                  5.9057970359166112E-001                  7.5421574694371538E-176                  0.0000000000000000E+000                  0.0000000000000000E+000 
                                     128                  2.2338335556398056E-001                  5.6247101802921207E-001                  4.8661064424208771E+000                 -7.7828529746154738E+000                  5.0890188836337886E+000                  3.5706214639408359E-005                  4.0938459098268293E-001                  5.9057970280267769E-001                  7.6823171805787749E-176                  0.0000000000000000E+000                  0.0000000000000000E+000 
                                     129                  2.2338335223951777E-001                  5.6162330923541826E-001                  4.8695827718712268E+000                 -7.7750333873614803E+000                  5.1021702725109348E+000                  3.5706214591363301E-005                  4.0938459172620267E-001                  5.9057970205920596E-001                  7.8219674780915023E-176                  0.0000000000000000E+000                  0.0000000000000000E+000 
                                     130                  2.2338334891505854E-001                  5.6078586792880569E-001                  4.8731740890666906E+000                 -7.7669746783671743E+000                  5.1157461514341138E+000                  3.5706214543459502E-005                  4.0938459246753639E-001                  5.9057970131792015E-001                  7.9685456854575645E-176                  0.0000000000000000E+000                  0.0000000000000000E+000 
                                     131                  2.2338334521587297E-001                  5.5986559378520462E-001                  4.8787060652069174E+000                 -7.7548377436178075E+000                  5.1365403596474053E+000                  3.5706214472343443E-005                  4.0938459356809070E-001                  5.9057970021743689E-001                  8.1945032551578083E-176                  0.0000000000000000E+000                  0.0000000000000000E+000 
                                     132                  2.2338333781654718E-001                  5.5805860640293514E-001                  4.8840187503080683E+000                 -7.7426321571141985E+000                  5.1567112674382170E+000                  3.5706214409290405E-005                  4.0938459454386605E-001                  5.9057969924172471E-001                  8.4282028529312388E-176                  0.0000000000000000E+000                  0.0000000000000000E+000 
                                     133                  2.2338333411646130E-001                  5.5717183440633933E-001                  4.8895121036975704E+000                 -7.7306634323856267E+000                  5.1772966039915218E+000                  3.5706214346197868E-005                  4.0938459552025253E-001                  5.9057969826540124E-001                  8.6638400691741845E-176                  0.0000000000000000E+000                  0.0000000000000000E+000 
                                     134                  2.2338332604143241E-001                  5.5527095502618484E-001                  4.8950770021229175E+000                 -7.7179754306997967E+000                  5.1983530353313023E+000                  3.5706214287444248E-005                  4.0938459642949221E-001                  5.9057969735622029E-001                  8.9208380603951762E-176                  0.0000000000000000E+000                  0.0000000000000000E+000 
                                     135                  2.2338332169961772E-001                  5.5426830051885834E-001                  4.8988735942157202E+000                 -7.7095347031931105E+000                  5.2126253238061366E+000                  3.5706214248948193E-005                  4.0938459702523672E-001                  5.9057969676051436E-001                  9.0960167100859063E-176                  0.0000000000000000E+000                  0.0000000000000000E+000 
                                     136                  2.2338331735681261E-001                  5.5327792657071218E-001                  4.9046531954248245E+000                 -7.6970596424921327E+000                  5.2341943032696374E+000                  3.5706214192607308E-005                  4.0938459789713816E-001                  5.9057969588866921E-001                  9.3612445099156234E-176                  0.0000000000000000E+000                  0.0000000000000000E+000 
                                     137                  2.2338330814550694E-001                  5.5121515141883315E-001                  4.9103039597408014E+000                 -7.6842053406808901E+000                  5.2555234540760276E+000                  3.5706214142335666E-005                  4.0938459867511529E-001                  5.9057969511074238E-001                  9.6426299379881324E-176                  0.0000000000000000E+000                  0.0000000000000000E+000 
                                     138                  2.2338330353986866E-001                  5.5020314986933305E-001                  4.9139793394365521E+000                 -7.6760629496549564E+000                  5.2693081633855767E+000                  3.5706214110934074E-005                  4.0938459916106962E-001                  5.9057969462481941E-001                  9.8252309798537674E-176                  0.0000000000000000E+000                  0.0000000000000000E+000 
                                     139                  2.2338329893423595E-001                  5.4920301981063857E-001                  4.9176934504919165E+000                 -7.6678442814058103E+000                  5.2832327778823478E+000                  3.5706214080497660E-005                  4.0938459963208729E-001                  5.9057969415383216E-001                  1.0013050514770850E-175                  0.0000000000000000E+000                  0.0000000000000000E+000 
                                     140                  2.2338329402156296E-001                  5.4814875949692654E-001                  4.9214397240130401E+000                 -7.6595304788285530E+000                  5.2972866895992716E+000                  3.5706214051114852E-005                  4.0938460008680005E-001                  5.9057969369914876E-001                  1.0206698470349279E-175                  0.0000000000000000E+000                  0.0000000000000000E+000 
                                     141                  2.2338328910892583E-001                  5.4710698201638386E-001                  4.9270838266267871E+000                 -7.6473266564957338E+000                  5.3183406735771221E+000                  3.5706214008592565E-005                  4.0938460074485217E-001                  5.9057969304113922E-001                  1.0497760126039771E-175                  0.0000000000000000E+000                  0.0000000000000000E+000 
                                     142                  2.2338327884079431E-001                  5.4496646692106365E-001                  4.9325739940769964E+000                 -7.6347193808416574E+000                  5.3391043329146157E+000                  3.5706213970779151E-005                  4.0938460133003240E-001                  5.9057969245599684E-001                  1.0807165903642204E-175                  0.0000000000000000E+000                  0.0000000000000000E+000 
                                     143                  2.2338327370579569E-001                  5.4391510862767356E-001                  4.9361450626597785E+000                 -7.6267057998661025E+000                  5.3525441260298159E+000                  3.5706213947116723E-005                  4.0938460169621960E-001                  5.9057969208983330E-001                  1.1008559119797495E-175                  0.0000000000000000E+000                  0.0000000000000000E+000 
                                     144                  2.2338326857080618E-001                  5.4287549282420511E-001                  4.9396374874371434E+000                 -7.6188384885317593E+000                  5.3657039764443191E+000                  3.5706213924864165E-005                  4.0938460204058819E-001                  5.9057969174548697E-001                  1.1209927988100882E-175                  0.0000000000000000E+000                  0.0000000000000000E+000 
                                     145                  2.2338326343583062E-001                  5.4184722504500460E-001                  4.9447527005846483E+000                 -7.6075489750108058E+000                  5.3849020012834750E+000                  3.5706213893411704E-005                  4.0938460252732978E-001                  5.9057969125877685E-001                  1.1505344762562299E-175                  0.0000000000000000E+000                  0.0000000000000000E+000 
                                     146                  2.2338325316589547E-001                  5.3982223312787891E-001                  4.9496743184285181E+000                 -7.5960403936327943E+000                  5.4036259316956352E+000                  3.5706213865343146E-005                  4.0938460296170365E-001                  5.9057969082443096E-001                  1.1814511199034021E-175                  0.0000000000000000E+000                  0.0000000000000000E+000 
                                     147                  2.2338324803092793E-001                  5.3882586588898107E-001                  4.9528827905192347E+000                 -7.5886829513785576E+000                  5.4157850814697186E+000                  3.5706213847622919E-005                  4.0938460323593251E-001                  5.9057969055021986E-001                  1.2016502274891350E-175                  0.0000000000000000E+000                  0.0000000000000000E+000 
                                     148                  2.2338324289515446E-001                  5.3783934906629083E-001                  4.9560274515758191E+000                 -7.5814377069676500E+000                  5.4277204432831638E+000                  3.5706213830813319E-005                  4.0938460349606887E-001                  5.9057969029010038E-001                  1.2218788731938897E-175                  0.0000000000000000E+000                  0.0000000000000000E+000 
                                     149                  2.2338323775940500E-001                  5.3686255682259254E-001                  4.9606440266156211E+000                 -7.5709899895005348E+000                  5.4451833844944746E+000                  3.5706213806856741E-005                  4.0938460386680797E-001                  5.9057968991938514E-001                  1.2516500497300010E-175                  0.0000000000000000E+000                  0.0000000000000000E+000 
                                     150                  2.2338322748793651E-001                  5.3493620535752151E-001                  4.9651032880238724E+000                 -7.5603446119084374E+000                  5.4622658540342854E+000                  3.5706213785139453E-005                  4.0938460420289313E-001                  5.9057968958332174E-001                  1.2827309292803257E-175                  0.0000000000000000E+000                  0.0000000000000000E+000 
                                     151                  2.2338322235221109E-001                  5.3398696713397575E-001                  4.9694667595448392E+000                 -7.5503284637192962E+000                  5.4788448501980795E+000                  3.5706213764416548E-005                  4.0938460452358982E-001                  5.9057968926264581E-001                  1.3126792927177491E-175                  0.0000000000000000E+000                  0.0000000000000000E+000 
                                     152                  2.2338321207933270E-001                  5.3211334738702243E-001                  4.9750912538313479E+000                 -7.5370280648379442E+000                  5.5003696992235467E+000                  3.5706213739154434E-005                  4.0938460491453266E-001                  5.9057968887172818E-001                  1.3535314300550811E-175                  0.0000000000000000E+000                  0.0000000000000000E+000 
                                     153                  2.2338320180652188E-001                  5.3027278910614428E-001                  4.9791756983315416E+000                 -7.5271141380142383E+000                  5.5161006205629644E+000                  3.5706213721754731E-005                  4.0938460518380126E-001                  5.9057968860247700E-001                  1.3848071747890557E-175                  0.0000000000000000E+000                  0.0000000000000000E+000 
                                     154                  2.2338319667014578E-001                  5.2936470023445281E-001                  4.9831820233041029E+000                 -7.5177434904289564E+000                  5.5314078671688511E+000                  3.5706213705049235E-005                  4.0938460544232652E-001                  5.9057968834396846E-001                  1.4150333448747391E-175                  0.0000000000000000E+000                  0.0000000000000000E+000 
                                     155                  2.2338318639632740E-001                  5.2757044498541550E-001                  4.9883673139703681E+000                 -7.5053162995769584E+000                  5.5513326974857593E+000                  3.5706213684450058E-005                  4.0938460576110830E-001                  5.9057968802520722E-001                  1.4561391895005443E-175                  0.0000000000000000E+000                  0.0000000000000000E+000 
                                     156                  2.2338317612258293E-001                  5.2580524800507022E-001                  4.9934004603610624E+000                 -7.4932158668504680E+000                  5.5706886576256274E+000                  3.5706213665330803E-005                  4.0938460605698768E-001                  5.9057968772934699E-001                  1.4973117581985665E-175                  0.0000000000000000E+000                  0.0000000000000000E+000 
                                     157                  2.2338316584887943E-001                  5.2406766618806033E-001                  4.9970750380625919E+000                 -7.4842067040149827E+000                  5.5848819171644504E+000                  3.5706213651977715E-005                  4.0938460626363288E-001                  5.9057968752271517E-001                  1.5287205847843317E-175                  0.0000000000000000E+000                  0.0000000000000000E+000 
                                     158                  2.2338316071150560E-001                  5.2320895592925054E-001                  5.0006898073024297E+000                 -7.4756465463224204E+000                  5.5987342621844007E+000                  3.5706213639076143E-005                  4.0938460646329078E-001                  5.9057968732307020E-001                  1.5591744753473543E-175                  0.0000000000000000E+000                  0.0000000000000000E+000 
                                     159                  2.2338315043680107E-001                  5.2151012907874594E-001                  5.0042199965111305E+000                 -7.4669866084283818E+000                  5.6123667407706446E+000                  3.5706213627009345E-005                  4.0938460665003001E-001                  5.9057968713634290E-001                  1.5906009560068644E-175                  0.0000000000000000E+000                  0.0000000000000000E+000 
                                     160                  2.2338314529949577E-001                  5.2067015613936052E-001                  5.0076959971310311E+000                 -7.4587445657790434E+000                  5.6256852589116928E+000                  3.5706213615328951E-005                  4.0938460683078948E-001                  5.9057968695559526E-001                  1.6210992673962559E-175                  0.0000000000000000E+000                  0.0000000000000000E+000 
                                     161                  2.2338313502493717E-001                  5.1900749701662441E-001                  5.0122236973911898E+000                 -7.4478301877623148E+000                  5.6430911446755614E+000                  3.5706213600709691E-005                  4.0938460705702934E-001                  5.9057968672937000E-001                  1.6623882440435802E-175                  0.0000000000000000E+000                  0.0000000000000000E+000 
                                     162                  2.2338312474915534E-001                  5.1736730427217759E-001                  5.0166451504249681E+000                 -7.4371833781614587E+000                  5.6600769993916575E+000                  3.5706213586960388E-005                  4.0938460726980624E-001                  5.9057968651660686E-001                  1.7036784683275104E-175                  0.0000000000000000E+000                  0.0000000000000000E+000 
                                     163                  2.2338311447341330E-001                  5.1574872260515303E-001                  5.0209661818241420E+000                 -7.4267910901906316E+000                  5.6766642223070285E+000                  3.5706213574006909E-005                  4.0938460747026723E-001                  5.9057968631615876E-001                  1.7449708937919860E-175                  0.0000000000000000E+000                  0.0000000000000000E+000 
                                     164                  2.2338310419776278E-001                  5.1415077213026517E-001                  5.0251921725280893E+000                 -7.4166400458539270E+000                  5.6928735272598860E+000                  3.5706213561783763E-005                  4.0938460765942619E-001                  5.9057968612701206E-001                  1.7862712140645495E-175                  0.0000000000000000E+000                  0.0000000000000000E+000 
                                     165                  2.2338309392220981E-001                  5.1257253416535686E-001                  5.0293281811160888E+000                 -7.4067185912838225E+000                  5.7087250508463070E+000                  3.5706213550232537E-005                  4.0938460783818670E-001                  5.9057968594826304E-001                  1.8275822410439908E-175                  0.0000000000000000E+000                  0.0000000000000000E+000 
                                     166                  2.2338308364547091E-001                  5.1101295318218076E-001                  5.0333785013915726E+000                 -7.3970155391610604E+000                  5.7242364779158619E+000                  3.5706213539302018E-005                  4.0938460800734155E-001                  5.9057968577911912E-001                  1.8689081919154189E-175                  0.0000000000000000E+000                  0.0000000000000000E+000 
                                     167                  2.2338307336883456E-001                  5.0947142219069297E-001                  5.0393171713396816E+000                 -7.3832068109975273E+000                  5.7468219183316798E+000                  3.5706213523767806E-005                  4.0938460824774070E-001                  5.9057968553873552E-001                  1.9293375406627339E-175                  0.0000000000000000E+000                  0.0000000000000000E+000 
                                     168                  2.2338305281585277E-001                  5.0643735721330052E-001                  5.0450512836942396E+000                 -7.3691076908534408E+000                  5.7688836701618005E+000                  3.5706213509774442E-005                  4.0938460846429442E-001                  5.9057968532219585E-001                  1.9930550056268979E-175                  0.0000000000000000E+000                  0.0000000000000000E+000 
                                     169                  2.2338304253946031E-001                  5.0494564068548875E-001                  5.0487933204917921E+000                 -7.3601676554344175E+000                  5.7831843986385056E+000                  3.5706213500905628E-005                  4.0938460860154352E-001                  5.9057968518495563E-001                  2.0345435833144496E-175                  0.0000000000000000E+000                  0.0000000000000000E+000 
                                     170                  2.2338303226309073E-001                  5.0346926296923133E-001                  5.0524659231810389E+000                 -7.3513931354112394E+000                  5.7972162726502505E+000                  3.5706213492463135E-005                  4.0938460873219484E-001                  5.9057968505431269E-001                  2.0761041154553327E-175                  0.0000000000000000E+000                  0.0000000000000000E+000 
                                     171                  2.2338302198586557E-001                  5.0200753582761981E-001                  5.0574053895158544E+000                 -7.3398192360560524E+000                  5.8160056068878321E+000                  3.5706213481423193E-005                  4.0938460890304318E-001                  5.9057968488347545E-001                  2.1322257606884989E-175                  0.0000000000000000E+000                  0.0000000000000000E+000 
                                     172                  2.2338300406224054E-001                  4.9949098221333871E-001                  5.0617617975949303E+000                 -7.3291190928162582E+000                  5.8327430895522996E+000                  3.5706213472193664E-005                  4.0938460904587437E-001                  5.9057968474065348E-001                  2.1854598874339148E-175                  0.0000000000000000E+000                  0.0000000000000000E+000 
                                     173                  2.2338299641583867E-001                  4.9843049025356634E-001                  5.0656059815409522E+000                 -7.3200918030092028E+000                  5.8473683489437898E+000                  3.5706213464187251E-005                  4.0938460916977731E-001                  5.9057968461675847E-001                  2.2314041881691526E-175                  0.0000000000000000E+000                  0.0000000000000000E+000 
                                     174                  2.2338298112307137E-001                  4.9633035553873972E-001                  5.0693643848830607E+000                 -7.3109056465856312E+000                  5.8617892598621557E+000                  3.5706213456686978E-005                  4.0938460928584741E-001                  5.9057968450069587E-001                  2.2791491331559330E-175                  0.0000000000000000E+000                  0.0000000000000000E+000 
                                     175                  2.2338297347608199E-001                  4.9529096785870441E-001                  5.0736794721680649E+000                 -7.3008319782301356E+000                  5.8781839386564574E+000                  3.5706213448210251E-005                  4.0938460941702887E-001                  5.9057968436952291E-001                  2.3326826669592784E-175                  0.0000000000000000E+000                  0.0000000000000000E+000 
                                     176                  2.2338295435881875E-001                  4.9272027927841605E-001                  5.0796713431976412E+000                 -7.2863903846574267E+000                  5.9011033462003342E+000                  3.5706213436999242E-005                  4.0938460959052425E-001                  5.9057968419603868E-001                  2.4116301452758316E-175                  0.0000000000000000E+000                  0.0000000000000000E+000 
                                     177                  2.2338293524165986E-001                  4.9018947876119884E-001                  5.0837523199578145E+000                 -7.2762628695087876E+000                  5.9168121356357952E+000                  3.5706213429713586E-005                  4.0938460970327317E-001                  5.9057968408329709E-001                  2.4685832772689787E-175                  0.0000000000000000E+000                  0.0000000000000000E+000 
                                     178                  2.2338292759438416E-001                  4.8918828888892119E-001                  5.0871989014637160E+000                 -7.2680688988656064E+000                  5.9299581271968282E+000                  3.5706213423646459E-005                  4.0938460979716479E-001                  5.9057968398941152E-001                  2.5156462593899605E-175                  0.0000000000000000E+000                  0.0000000000000000E+000 
                                     179                  2.2338291230003071E-001                  4.8720299852456278E-001                  5.0928152184255744E+000                 -7.2546634421306813E+000                  5.9513996663250168E+000                  3.5706213414088125E-005                  4.0938460994508435E-001                  5.9057968384150161E-001                  2.5945854559979849E-175                  0.0000000000000000E+000                  0.0000000000000000E+000 
                                     180                  2.2338288935886216E-001                  4.8426614584948580E-001                  5.0977123439632104E+000                 -7.2424132635424670E+000                  5.9702852299437241E+000                  3.5706213406175035E-005                  4.0938461006754306E-001                  5.9057968371905079E-001                  2.6688868779974883E-175                  0.0000000000000000E+000                  0.0000000000000000E+000 
                                     181                  2.2338287796421938E-001                  4.8282639373149611E-001                  5.1017005659447054E+000                 -7.2327837699069049E+000                  5.9855509995254090E+000                  3.5706213399860547E-005                  4.0938461016526273E-001                  5.9057968362133739E-001                  2.7287843642357891E-175                  0.0000000000000000E+000                  0.0000000000000000E+000 
                                     182                  2.2338286087224452E-001                  4.8068786531367896E-001                  5.1063818245724306E+000                 -7.2212971877762806E+000                  6.0035326419951156E+000                  3.5706213392698423E-005                  4.0938461027609990E-001                  5.9057968351050738E-001                  2.8019948917650293E-175                  0.0000000000000000E+000                  0.0000000000000000E+000 
                                     183                  2.2338284377967230E-001                  4.7857426970186245E-001                  5.1102000414752711E+000                 -7.2117851632440022E+000                  6.0182480192036545E+000                  3.5706213387045609E-005                  4.0938461036357976E-001                  5.9057968342303324E-001                  2.8641056514214920E-175                  0.0000000000000000E+000                  0.0000000000000000E+000 
                                     184                  2.2338283238464957E-001                  4.7717891942721352E-001                  5.1132078357359658E+000                 -7.2043633146861286E+000                  6.0298173076483597E+000                  3.5706213382679202E-005                  4.0938461043115187E-001                  5.9057968335546551E-001                  2.9135233390382481E-175                  0.0000000000000000E+000                  0.0000000000000000E+000 
                                     185                  2.2338282098968645E-001                  4.7579398383956595E-001                  5.1169111357898913E+000                 -7.1953073562452081E+000                  6.0440359318478825E+000                  3.5706213377404043E-005                  4.0938461051278741E-001                  5.9057968327383525E-001                  2.9749785827187385E-175                  0.0000000000000000E+000                  0.0000000000000000E+000 
                                     186                  2.2338280389705542E-001                  4.7373509288224691E-001                  5.1212669419204051E+000                 -7.1844928308621370E+000                  6.0608152197934588E+000                  3.5706213371379660E-005                  4.0938461060601750E-001                  5.9057968318061116E-001                  3.0500692675245287E-175                  0.0000000000000000E+000                  0.0000000000000000E+000 
                                     187                  2.2338278680412121E-001                  4.7169819014107084E-001                  5.1255352421055589E+000                 -7.1738600898192981E+000                  6.0772706542533825E+000                  3.5706213365636513E-005                  4.0938461069489540E-001                  5.9057968309173892E-001                  3.1257462817421186E-175                  0.0000000000000000E+000                  0.0000000000000000E+000 
                                     188                  2.2338276971112989E-001                  4.6968252713521952E-001                  5.1297202090717411E+000                 -7.1634009492773050E+000                  6.0934171374768846E+000                  3.5706213360152395E-005                  4.0938461077976462E-001                  5.9057968300687524E-001                  3.2020203927474573E-175                  0.0000000000000000E+000                  0.0000000000000000E+000 
                                     189                  2.2338275261772605E-001                  4.6768733085571457E-001                  5.1331441836576719E+000                 -7.1547264823144410E+000                  6.1066664094916536E+000                  3.5706213355781996E-005                  4.0938461084739863E-001                  5.9057968293924556E-001                  3.2666903981150180E-175                  0.0000000000000000E+000                  0.0000000000000000E+000 
                                     190                  2.2338274122218704E-001                  4.6636849586849338E-001                  5.1365203711757355E+000                 -7.1463356849753632E+000                  6.1196781519727619E+000                  3.5706213351536335E-005                  4.0938461091310213E-001                  5.9057968287354634E-001                  3.3304887413804180E-175                  0.0000000000000000E+000                  0.0000000000000000E+000 
                                     191                  2.2338272412891214E-001                  4.6440599322526127E-001                  5.1405014795237864E+000                 -7.1363067973593042E+000                  6.1350653797917669E+000                  3.5706213346652234E-005                  4.0938461098868589E-001                  5.9057968279796746E-001                  3.4083796629013860E-175                  0.0000000000000000E+000                  0.0000000000000000E+000 
                                     192                  2.2338270703563720E-001                  4.6246224142930470E-001                  5.1450609828020317E+000                 -7.1249062259216451E+000                  6.1526605905766809E+000                  3.5706213341182550E-005                  4.0938461107333174E-001                  5.9057968271332706E-001                  3.4991399990684674E-175                  0.0000000000000000E+000                  0.0000000000000000E+000 
                                     193                  2.2338268424363675E-001                  4.5989801151826637E-001                  5.1495237989957037E+000                 -7.1134855575705211E+000                  6.1699670698845352E+000                  3.5706213335993829E-005                  4.0938461115362956E-001                  5.9057968263303451E-001                  3.5924849635830656E-175                  0.0000000000000000E+000                  0.0000000000000000E+000 
                                     194                  2.2338266714969546E-001                  4.5799562599271537E-001                  5.1532831090386715E+000                 -7.1039415861445878E+000                  6.1845201831285372E+000                  3.5706213331713290E-005                  4.0938461121987291E-001                  5.9057968256679538E-001                  3.6723993419779505E-175                  0.0000000000000000E+000                  0.0000000000000000E+000 
                                     195                  2.2338265005522670E-001                  4.5611002413985502E-001                  5.1575952689125977E+000                 -7.0930760017609709E+000                  6.2011863584443860E+000                  3.5706213326900924E-005                  4.0938461129434650E-001                  5.9057968249232662E-001                  3.7655474170067305E-175                  0.0000000000000000E+000                  0.0000000000000000E+000 
                                     196                  2.2338262726258826E-001                  4.5362068806778816E-001                  5.1624241828218853E+000                 -7.0807570047244672E+000                  6.2198969718610213E+000                  3.5706213321657729E-005                  4.0938461137548726E-001                  5.9057968241119108E-001                  3.8740179945156246E-175                  0.0000000000000000E+000                  0.0000000000000000E+000 
                                     197                  2.2338260447015387E-001                  4.5115926135150403E-001                  5.1671555497414756E+000                 -7.0686579671045848E+000                  6.2382372723147181E+000                  3.5706213316650883E-005                  4.0938461145297050E-001                  5.9057968233371283E-001                  3.9835945301588094E-175                  0.0000000000000000E+000                  0.0000000000000000E+000 
                                     198                  2.2338258167784095E-001                  4.4872464951555896E-001                  5.1706391727284498E+000                 -7.0595690634576975E+000                  6.2517975718982388E+000                  3.5706213313059640E-005                  4.0938461150854666E-001                  5.9057968227814028E-001                  4.0679445290973593E-175                  0.0000000000000000E+000                  0.0000000000000000E+000 
                                     199                  2.2338257028168451E-001                  4.4751745459460812E-001                  5.1740801351074754E+000                 -7.0509011710214642E+000                  6.2650924321927626E+000                  3.5706213309545246E-005                  4.0938461156293360E-001                  5.9057968222375679E-001                  4.1500516623465956E-175                  0.0000000000000000E+000                  0.0000000000000000E+000 
                                     200                  2.2338254748837713E-001                  4.4512104996521762E-001                  5.1802659269277136E+000                 -7.0354044687564539E+000                  6.2889644851574023E+000                  3.5706213303366269E-005                  4.0938461165855616E-001                  5.9057968212814049E-001                  4.3009995572762684E-175                  0.0000000000000000E+000                  0.0000000000000000E+000 
                                     201                  2.2338250760097855E-001                  4.4098214992533413E-001                  5.1868219957696375E+000                 -7.0181682743965972E+000                  6.3145211633487914E+000                  3.5706213297083656E-005                  4.0938461175578233E-001                  5.9057968203092059E-001                  4.4753534487101015E-175                  0.0000000000000000E+000                  0.0000000000000000E+000 
                                     202                  2.2338247911054221E-001                  4.3807079613150701E-001                  5.1916285575727681E+000                 -7.0056105239909456E+000                  6.3332322701707211E+000                  3.5706213292593589E-005                  4.0938461182526825E-001                  5.9057968196143917E-001                  4.6068196012319404E-175                  0.0000000000000000E+000                  0.0000000000000000E+000 
                                     203                  2.2338245631839701E-001                  4.3576697458550245E-001                  5.1958255752533278E+000                 -6.9947113234970972E+000                  6.3495497760161577E+000                  3.5706213288747944E-005                  4.0938461188478137E-001                  5.9057968190192989E-001                  4.7240510407857919E-175                  0.0000000000000000E+000                  0.0000000000000000E+000 
                                     204                  2.2338243352625181E-001                  4.3348437703007825E-001                  5.2004658048146570E+000                 -6.9827266426291930E+000                  6.3675704709541892E+000                  3.5706213284574294E-005                  4.0938461194937054E-001                  5.9057968183734488E-001                  4.8564067348750727E-175                  0.0000000000000000E+000                  0.0000000000000000E+000 
                                     205                  2.2338240503493659E-001                  4.3065929483280158E-001                  5.2045139685413186E+000                 -6.9719808195483255E+000                  6.3833835147718023E+000                  3.5706213281023065E-005                  4.0938461200432746E-001                  5.9057968178239151E-001                  4.9782329864998787E-175                  0.0000000000000000E+000                  0.0000000000000000E+000 
                                     206                  2.2338238794033521E-001                  4.2897974400390310E-001                  5.2080076553475116E+000                 -6.9629089502176749E+000                  6.3969680939765885E+000                  3.5706213277994197E-005                  4.0938461205120052E-001                  5.9057968173552156E-001                  5.0834590894905804E-175                  0.0000000000000000E+000                  0.0000000000000000E+000 
                                     207                  2.2338236514753337E-001                  4.2675688558463393E-001                  5.2119403635763994E+000                 -6.9525858116504153E+000                  6.4122954466954880E+000                  3.5706213274645835E-005                  4.0938461210301802E-001                  5.9057968168370734E-001                  5.2059088534159325E-175                  0.0000000000000000E+000                  0.0000000000000000E+000 
                                     208                  2.2338234235489679E-001                  4.2455281254317784E-001                  5.2167191257596901E+000                 -6.9401864003239311E+000                  6.4308768719072482E+000                  3.5706213270641625E-005                  4.0938461216498501E-001                  5.9057968162174435E-001                  5.3568947510623240E-175                  0.0000000000000000E+000                  0.0000000000000000E+000 
                                     209                  2.2338230883737703E-001                  4.2134344585203659E-001                  5.2229813614985838E+000                 -6.9238090087539899E+000                  6.4552699485527310E+000                  3.5706213265521033E-005                  4.0938461224422851E-001                  5.9057968154250595E-001                  5.5630571372895892E-175                  0.0000000000000000E+000                  0.0000000000000000E+000 
                                     210                  2.2338226694156968E-001                  4.1738349340282838E-001                  5.2284151040339477E+000                 -6.9090609046880109E+000                  6.4766050016438790E+000                  3.5706213261217442E-005                  4.0938461231082851E-001                  5.9057968147591033E-001                  5.7554955154276215E-175                  0.0000000000000000E+000                  0.0000000000000000E+000 
                                     211                  2.2338224180476077E-001                  4.1503628870433806E-001                  5.2317566739566308E+000                 -6.9000707022295167E+000                  6.4897018406471547E+000                  3.5706213258614218E-005                  4.0938461235111456E-001                  5.9057968143562678E-001                  5.8760564066196273E-175                  0.0000000000000000E+000                  0.0000000000000000E+000 
                                     212                  2.2338222504688815E-001                  4.1348274563021153E-001                  5.2357174511807951E+000                 -6.8897299999093891E+000                  6.5051294598200133E+000                  3.5706213255555596E-005                  4.0938461239844814E-001                  5.9057968138829631E-001                  6.0178563361954559E-175                  0.0000000000000000E+000                  0.0000000000000000E+000 
                                     213                  2.2338219153048969E-001                  4.1039977272727901E-001                  5.2409039574673244E+000                 -6.8758479834473016E+000                  6.5254383246397270E+000                  3.5706213251641613E-005                  4.0938461245901886E-001                  5.9057968132772953E-001                  6.2136167382476876E-175                  0.0000000000000000E+000                  0.0000000000000000E+000 
                                     214                  2.2338215801434871E-001                  4.0734988522213184E-001                  5.2447264421902293E+000                 -6.8653805017723739E+000                  6.5404796732804558E+000                  3.5706213248821847E-005                  4.0938461250265590E-001                  5.9057968128409533E-001                  6.3654295490119147E-175                  0.0000000000000000E+000                  0.0000000000000000E+000 
                                     215                  2.2338214125636027E-001                  4.0583760061429625E-001                  5.2485027089320093E+000                 -6.8554373418995933E+000                  6.5552178815600701E+000                  3.5706213246056738E-005                  4.0938461254544722E-001                  5.9057968124130666E-001                  6.5130742977068415E-175                  0.0000000000000000E+000                  0.0000000000000000E+000 
                                     216                  2.2338210774048342E-001                  4.0283508368509097E-001                  5.2534548768436524E+000                 -6.8420921736240414E+000                  6.5746399637437518E+000                  3.5706213242507785E-005                  4.0938461260036907E-001                  5.9057968118638837E-001                  6.7166360168668034E-175                  0.0000000000000000E+000                  0.0000000000000000E+000 
                                     217                  2.2338207422487114E-001                  3.9986273798733590E-001                  5.2571097702582819E+000                 -6.8320298531955244E+000                  6.5890395533859092E+000                  3.5706213239943918E-005                  4.0938461264004594E-001                  5.9057968114671411E-001                  6.8743222160757455E-175                  0.0000000000000000E+000                  0.0000000000000000E+000 
                                     218                  2.2338205746706497E-001                  3.9838810746882553E-001                  5.2607234780589573E+000                 -6.8224494944759773E+000                  6.6031644928863233E+000                  3.5706213237426516E-005                  4.0938461267900395E-001                  5.9057968110775860E-001                  7.0278973162276722E-175                  0.0000000000000000E+000                  0.0000000000000000E+000 
                                     219                  2.2338202395151005E-001                  3.9545902125182342E-001                  5.2654686183282049E+000                 -6.8095927107288450E+000                  6.6217962568270003E+000                  3.5706213234187746E-005                  4.0938461272912546E-001                  5.9057968105764036E-001                  7.2394038105465195E-175                  0.0000000000000000E+000                  0.0000000000000000E+000 
                                     220                  2.2338199043516432E-001                  3.9255746009875969E-001                  5.2701375720246411E+000                 -6.7969192122633961E+000                  6.6401357111055193E+000                  3.5706213231060481E-005                  4.0938461277752125E-001                  5.9057968100924763E-001                  7.4541291658865571E-175                  0.0000000000000000E+000                  0.0000000000000000E+000 
                                     221                  2.2338195691793813E-001                  3.8968248173555753E-001                  5.2735891296441828E+000                 -6.7873631728060104E+000                  6.6537498240271278E+000                  3.5706213228794356E-005                  4.0938461281259064E-001                  5.9057968097418057E-001                  7.6202407695761148E-175                  0.0000000000000000E+000                  0.0000000000000000E+000 
                                     222                  2.2338194015950771E-001                  3.8825522354728265E-001                  5.2770050665431265E+000                 -6.7782396406024583E+000                  6.6671219766771879E+000                  3.5706213226566076E-005                  4.0938461284707417E-001                  5.9057968093969926E-001                  7.7822900570262086E-175                  0.0000000000000000E+000                  0.0000000000000000E+000 
                                     223                  2.2338190664280436E-001                  3.8541862706494556E-001                  5.2814970231284741E+000                 -6.7659958983921342E+000                  6.6847806283401514E+000                  3.5706213223691287E-005                  4.0938461289156292E-001                  5.9057968089521340E-001                  8.0051926194126921E-175                  0.0000000000000000E+000                  0.0000000000000000E+000 
                                     224                  2.2338187312610103E-001                  3.8260655176962671E-001                  5.2870225181806481E+000                 -6.7511726066231041E+000                  6.7064300368989374E+000                  3.5706213220211622E-005                  4.0938461294541229E-001                  5.9057968084136747E-001                  8.2836252177675163E-175                  0.0000000000000000E+000                  0.0000000000000000E+000 
                                     225                  2.2338182285117578E-001                  3.7843048168040244E-001                  5.2924441285884809E+000                 -6.7360698767221772E+000                  6.7278404610558811E+000                  3.5706213216892160E-005                  4.0938461299678247E-001                  5.9057968079000056E-001                  8.5772773881534514E-175                  0.0000000000000000E+000                  0.0000000000000000E+000 
                                     226                  2.2338178933370431E-001                  3.7567632455236494E-001                  5.2977775521703281E+000                 -6.7216958609268289E+000                  6.7487571303071103E+000                  3.5706213213672670E-005                  4.0938461304660556E-001                  5.9057968074018075E-001                  8.8664324221807781E-175                  0.0000000000000000E+000                  0.0000000000000000E+000 
                                     227                  2.2338173905641814E-001                  3.7158393291350761E-001                  5.3030162910664966E+000                 -6.7070497505585625E+000                  6.7694612225502668E+000                  3.5706213210593989E-005                  4.0938461309424962E-001                  5.9057968069253985E-001                  1.2770249820628488E-174                  0.0000000000000000E+000                  0.0000000000000000E+000 
                                     228                  2.2338170553822737E-001                  3.6888347597550231E-001                  5.3071472151079631E+000                 -6.6956771482408932E+000                  6.7857344980935999E+000                  3.5706213208202063E-005                  4.0938461313126573E-001                  5.9057968065552613E-001                  2.6055654031300426E-174                  0.0000000000000000E+000                  0.0000000000000000E+000 
                                     229                  2.2338167202003661E-001                  3.6620347198663877E-001                  5.3112249071087252E+000                 -6.6844306640673476E+000                  6.8018047903451420E+000                  3.5706213205877588E-005                  4.0938461316723795E-001                  5.9057968061955624E-001                  5.2565326783924899E-174                  0.0000000000000000E+000                  0.0000000000000000E+000 
                                     230                  2.2338163850184589E-001                  3.6354336431617068E-001                  5.3152510777270709E+000                 -6.6733055904519460E+000                  6.8176790135847494E+000                  3.5706213203617582E-005                  4.0938461320221259E-001                  5.9057968058458377E-001                  1.0489579015209836E-173                  0.0000000000000000E+000                  0.0000000000000000E+000 
                                     231                  2.2338160498365511E-001                  3.6090262518661848E-001                  5.3192273520833213E+000                 -6.6622974729565909E+000                  6.8333637231856050E+000                  3.5706213201419281E-005                  4.0938461323623232E-001                  5.9057968055056631E-001                  2.0712663891775507E-173                  0.0000000000000000E+000                  0.0000000000000000E+000 
                                     232                  2.2338157146546436E-001                  3.5828075379539748E-001                  5.3251061365891150E+000                 -6.6464961039222725E+000                  6.8564139924817367E+000                  3.5706213198209724E-005                  4.0938461328590176E-001                  5.9057968050090004E-001                  5.6365455769187735E-173                  0.0000000000000000E+000                  0.0000000000000000E+000 
                                     233                  2.2338150442544699E-001                  3.5308592487028512E-001                  5.3308728502722822E+000                 -6.6299217340438439E+000                  6.8793475609419206E+000                  3.5706213195167100E-005                  4.0938461333298765E-001                  5.9057968045381726E-001                  1.5022006572489608E-172                  0.0000000000000000E+000                  0.0000000000000000E+000 
                                     234                  2.2338147090543831E-001                  3.5051772372074502E-001                  5.3346648059107782E+000                 -6.6193400787177552E+000                  6.8943347995638513E+000                  3.5706213193191697E-005                  4.0938461336355797E-001                  5.9057968042324882E-001                  2.8533083481595599E-172                  0.0000000000000000E+000                  0.0000000000000000E+000 
                                     235                  2.2338143738542962E-001                  3.4796663008981976E-001                  5.3384140863528655E+000                 -6.6088572235444403E+000                  6.9091606578490099E+000                  3.5706213191266954E-005                  4.0938461339334420E-001                  5.9057968039346453E-001                  5.3713204036131725E-172                  0.0000000000000000E+000                  0.0000000000000000E+000 
                                     236                  2.2338140386542094E-001                  3.4543224953371893E-001                  5.3430440639715613E+000                 -6.5960796006168962E+000                  6.9274211812368938E+000                  3.5706213188921899E-005                  4.0938461342963506E-001                  5.9057968035717601E-001                  1.1698278453460532E-171                  0.0000000000000000E+000                  0.0000000000000000E+000 
                                     237                  2.2338135358540789E-001                  3.4165966333879738E-001                  5.3476092892733575E+000                 -6.5830644242215088E+000                  6.9455516251946392E+000                  3.5706213186664556E-005                  4.0938461346456839E-001                  5.9057968032224495E-001                  2.5160060812825233E-171                  0.0000000000000000E+000                  0.0000000000000000E+000 
                                     238                  2.2338132006539921E-001                  3.3916541376489101E-001                  5.3530132052536255E+000                 -6.5682968946775677E+000                  6.9668257197088161E+000                  3.5706213184022715E-005                  4.0938461350545219E-001                  5.9057968028136376E-001                  6.1987549578028179E-171                  0.0000000000000000E+000                  0.0000000000000000E+000 
                                     239                  2.2338125302570139E-001                  3.3421836153656898E-001                  5.3583297130336467E+000                 -6.5528507264841016E+000                  6.9880288579854257E+000                  3.5706213181508450E-005                  4.0938461354436156E-001                  5.9057968024245699E-001                  1.5029538967969361E-170                  0.0000000000000000E+000                  0.0000000000000000E+000 
                                     240                  2.2338121950585249E-001                  3.3176940943298822E-001                  5.3618319271935606E+000                 -6.5429518877592310E+000                  7.0019152797363544E+000                  3.5706213179872985E-005                  4.0938461356967099E-001                  5.9057968021714913E-001                  2.6866996643677125E-170                  0.0000000000000000E+000                  0.0000000000000000E+000 
                                     241                  2.2338118598509743E-001                  3.2933486051548816E-001                  5.3653002950765671E+000                 -6.5331348794418069E+000                  7.0156721274879823E+000                  3.5706213178276559E-005                  4.0938461359437645E-001                  5.9057968019244522E-001                  4.7689303274221410E-170                  0.0000000000000000E+000                  0.0000000000000000E+000 
                                     242                  2.2338115246343621E-001                  3.2691441232056334E-001                  5.3704432505624338E+000                 -6.5189557295551426E+000                  7.0359608027683578E+000                  3.5706213175938172E-005                  4.0938461363056411E-001                  5.9057968015625995E-001                  1.1127078390585195E-169                  0.0000000000000000E+000                  0.0000000000000000E+000 
                                     243                  2.2338108542011376E-001                  3.2211080097952083E-001                  5.3755111767639825E+000                 -6.5041508966352115E+000                  7.0562004999537535E+000                  3.5706213173707893E-005                  4.0938461366507867E-001                  5.9057968012174755E-001                  2.5611238633547955E-169                  0.0000000000000000E+000                  0.0000000000000000E+000 
                                     244                  2.2338105189845250E-001                  3.1973109642918102E-001                  5.3788526495182456E+000                 -6.4946432561728420E+000                  7.0694713467959618E+000                  3.5706213172255760E-005                  4.0938461368755108E-001                  5.9057968009927664E-001                  4.4273524942462835E-169                  0.0000000000000000E+000                  0.0000000000000000E+000 
                                     245                  2.2338101837679131E-001                  3.1736444120788726E-001                  5.3821642171903781E+000                 -6.4852070115950964E+000                  7.0826281881422934E+000                  3.5706213170837109E-005                  4.0938461370950541E-001                  5.9057968007732375E-001                  7.6060920139051005E-169                  0.0000000000000000E+000                  0.0000000000000000E+000 
                                     246                  2.2338098485513005E-001                  3.1501058697114487E-001                  5.3870783781509486E+000                 -6.4715482970521299E+000                  7.1020526066867689E+000                  3.5706213168757629E-005                  4.0938461374168628E-001                  5.9057968004514494E-001                  1.6923998392956778E-168                  0.0000000000000000E+000                  0.0000000000000000E+000 
                                     247                  2.2338091781180763E-001                  3.1033669809186798E-001                  5.3919259317707420E+000                 -6.4572965585254849E+000                  7.1214451639841672E+000                  3.5706213166772001E-005                  4.0938461377241481E-001                  5.9057968001441841E-001                  3.7211147974367603E-168                  0.0000000000000000E+000                  0.0000000000000000E+000 
                                     248                  2.2338088429014638E-001                  3.0801985310640850E-001                  5.3967144838390588E+000                 -6.4439138521272623E+000                  7.1404004390351909E+000                  3.5706213164831550E-005                  4.0938461380244406E-001                  5.9057967998439109E-001                  8.0681542298490306E-168                  0.0000000000000000E+000                  0.0000000000000000E+000 
                                     249                  2.2338081724682393E-001                  3.0341825934127592E-001                  5.4022234663729378E+000                 -6.4278471708081417E+000                  7.1624092022810597E+000                  3.5706213162668764E-005                  4.0938461383591429E-001                  5.9057967995092309E-001                  1.9617075714911397E-167                  0.0000000000000000E+000                  0.0000000000000000E+000 
                                     250                  2.2338076696256720E-001                  2.9999879662075185E-001                  5.4061103911676751E+000                 -6.4164886905672534E+000                  7.1779476213953819E+000                  3.5706213161176244E-005                  4.0938461385901165E-001                  5.9057967992782712E-001                  3.6640060091106848E-167                  0.0000000000000000E+000                  0.0000000000000000E+000 
                                     251                  2.2338073343914103E-001                  2.9773390222001606E-001                  5.4091921916095984E+000                 -6.4075814982557713E+000                  7.1902405091521970E+000                  3.5706213160009182E-005                  4.0938461387707248E-001                  5.9057967990976756E-001                  6.0037506107173452E-167                  0.0000000000000000E+000                  0.0000000000000000E+000 
                                     252                  2.2338069991571494E-001                  2.9548008403912668E-001                  5.4137701915027359E+000                 -6.3946495505254948E+000                  7.2084169365667883E+000                  3.5706213158297633E-005                  4.0938461390355946E-001                  5.9057967988328230E-001                  1.2468270974479363E-166                  0.0000000000000000E+000                  0.0000000000000000E+000 
                                     253                  2.2338063286886267E-001                  2.9100189935502202E-001                  5.4182933961954234E+000                 -6.3811802806962765E+000                  7.2265825534430119E+000                  3.5706213156661728E-005                  4.0938461392887587E-001                  5.9057967985796744E-001                  2.5646315643388855E-166                  0.0000000000000000E+000                  0.0000000000000000E+000 
                                     254                  2.2338059934543653E-001                  2.8878030141996602E-001                  5.4212808738436404E+000                 -6.3724887423484180E+000                  7.2385227178945435E+000                  3.5706213155595578E-005                  4.0938461394537495E-001                  5.9057967984146953E-001                  4.1220999636514574E-166                  0.0000000000000000E+000                  0.0000000000000000E+000 
                                     255                  2.2338056582201041E-001                  2.8656912637624604E-001                  5.4249843458696851E+000                 -6.3618278555899153E+000                  7.2532934577883328E+000                  3.5706213154292414E-005                  4.0938461396554210E-001                  5.9057967982130366E-001                  7.4106749582767122E-166                  0.0000000000000000E+000                  0.0000000000000000E+000 
                                     256                  2.2338051553687119E-001                  2.8327065443417254E-001                  5.4293840277084371E+000                 -6.3489831372039998E+000                  7.2708962564346411E+000                  3.5706213152780115E-005                  4.0938461398894543E-001                  5.9057967979790171E-001                  1.4850997719323524E-165                  0.0000000000000000E+000                  0.0000000000000000E+000 
                                     257                  2.2338046525173200E-001                  2.7999476110343680E-001                  5.4330147328775933E+000                 -6.3382433297122551E+000                  7.2854651796344845E+000                  3.5706213151561526E-005                  4.0938461400780374E-001                  5.9057967977904469E-001                  2.6320048318294272E-165                  0.0000000000000000E+000                  0.0000000000000000E+000 
                                     258                  2.2338043172830588E-001                  2.7782368858348283E-001                  5.4373308175491957E+000                 -6.3259048519215675E+000                  7.3026602099299422E+000                  3.5706213150131341E-005                  4.0938461402993659E-001                  5.9057967975691328E-001                  5.1812516182189125E-165                  0.0000000000000000E+000                  0.0000000000000000E+000 
                                     259                  2.2338036468145361E-001                  2.7350765825464723E-001                  5.4416035440225681E+000                 -6.3130947413460916E+000                  7.3198579174455087E+000                  3.5706213148763281E-005                  4.0938461405110788E-001                  5.9057967973574343E-001                  1.0122715399658577E-164                  0.0000000000000000E+000                  0.0000000000000000E+000 
                                     260                  2.2338033115802747E-001                  2.7136504161812558E-001                  5.4444289075297814E+000                 -6.3048149526480479E+000                  7.3311743289196905E+000                  3.5706213147871355E-005                  4.0938461406491078E-001                  5.9057967972194136E-001                  1.5737461400476394E-164                  0.0000000000000000E+000                  0.0000000000000000E+000 
                                     261                  2.2338029763460132E-001                  2.6923160968764204E-001                  5.4486333118507728E+000                 -6.2927650719408650E+000                  7.3479347209966281E+000                  3.5706213146562574E-005                  4.0938461408516486E-001                  5.9057967970168856E-001                  3.0275761294201884E-164                  0.0000000000000000E+000                  0.0000000000000000E+000 
                                     262                  2.2338023058691819E-001                  2.6498916199602207E-001                  5.4527994493789436E+000                 -6.2802746803953369E+000                  7.3647031730815540E+000                  3.5706213145310334E-005                  4.0938461410454380E-001                  5.9057967968231084E-001                  5.7855762299944212E-164                  0.0000000000000000E+000                  0.0000000000000000E+000 
                                     263                  2.2338019706266121E-001                  2.6288229475044206E-001                  5.4569274337417912E+000                 -6.2684386628443951E+000                  7.3811587438960906E+000                  3.5706213144085416E-005                  4.0938461412349997E-001                  5.9057967966335601E-001                  1.0955357479919706E-163                  0.0000000000000000E+000                  0.0000000000000000E+000 
                                     264                  2.2338013001414717E-001                  2.5869179449993240E-001                  5.4623758953433592E+000                 -6.2524639163869793E+000                  7.4029788090085749E+000                  3.5706213142522207E-005                  4.0938461414769128E-001                  5.9057967963916624E-001                  2.5389764674118622E-163                  0.0000000000000000E+000                  0.0000000000000000E+000 
                                     265                  2.2338006296563317E-001                  2.5453447800147372E-001                  5.4664222665597491E+000                 -6.2403533883327453E+000                  7.4192537419691469E+000                  3.5706213141400661E-005                  4.0938461416504779E-001                  5.9057967962181079E-001                  4.7320454419299020E-163                  0.0000000000000000E+000                  0.0000000000000000E+000 
                                     266                  2.2338002944137619E-001                  2.5246901234510133E-001                  5.4697677041215398E+000                 -6.2306638460859274E+000                  7.4326132609872060E+000                  3.5706213140486482E-005                  4.0938461417919508E-001                  5.9057967960766444E-001                  7.9007032977433019E-163                  0.0000000000000000E+000                  0.0000000000000000E+000 
                                     267                  2.2337997915499067E-001                  2.4938483294016006E-001                  5.4737524010496941E+000                 -6.2190024202274765E+000                  7.4485591491267895E+000                  3.5706213139425068E-005                  4.0938461419562094E-001                  5.9057967959123969E-001                  1.4528535546811255E-162                  0.0000000000000000E+000                  0.0000000000000000E+000 
                                     268                  2.2337992886860519E-001                  2.4631789509682331E-001                  5.4783602459206984E+000                 -6.2056636575722894E+000                  7.4669535208975351E+000                  3.5706213138226943E-005                  4.0938461421416250E-001                  5.9057967957269919E-001                  2.9311037407065708E-162                  0.0000000000000000E+000                  0.0000000000000000E+000 
                                     269                  2.2337986182009120E-001                  2.4225350107263030E-001                  5.4822769961248232E+000                 -6.1939707546026588E+000                  7.4826911147445276E+000                  3.5706213137244439E-005                  4.0938461422936712E-001                  5.9057967955749557E-001                  5.3169444982062185E-162                  0.0000000000000000E+000                  0.0000000000000000E+000 
                                     270                  2.2337982829583417E-001                  2.4023322532803620E-001                  5.4861615947327245E+000                 -6.1828492345429877E+000                  7.4981585275434206E+000                  3.5706213136283389E-005                  4.0938461424423994E-001                  5.9057967954262369E-001                  9.5709253718990271E-162                  0.0000000000000000E+000                  0.0000000000000000E+000 
                                     271                  2.2337976124732017E-001                  2.3621188235916071E-001                  5.4912952785880789E+000                 -6.1678360949101112E+000                  7.5186902135792328E+000                  3.5706213135056926E-005                  4.0938461426321993E-001                  5.9057967952364510E-001                  2.0774175023605913E-161                  0.0000000000000000E+000                  0.0000000000000000E+000 
                                     272                  2.2337969419880618E-001                  2.3221813301462615E-001                  5.4951119708475717E+000                 -6.1564475621671599E+000                  7.5340204093143024E+000                  3.5706213134176994E-005                  4.0938461427683720E-001                  5.9057967951002865E-001                  3.6910419813621019E-161                  0.0000000000000000E+000                  0.0000000000000000E+000 
                                     273                  2.2337966067454920E-001                  2.3023230326923347E-001                  5.4988982997145088E+000                 -6.1455990998996839E+000                  7.5490964935393681E+000                  3.5706213133316280E-005                  4.0938461429015727E-001                  5.9057967949670942E-001                  6.5109159485527158E-161                  0.0000000000000000E+000                  0.0000000000000000E+000 
                                     274                  2.2337959362603521E-001                  2.2627842759145628E-001                  5.5032810968488475E+000                 -6.1326431115335245E+000                  7.5666644359708624E+000                  3.5706213132355399E-005                  4.0938461430502732E-001                  5.9057967948184031E-001                  1.2545907707464104E-160                  0.0000000000000000E+000                  0.0000000000000000E+000 
                                     275                  2.2337954333964968E-001                  2.2333070453319959E-001                  5.5070072060775859E+000                 -6.1217332975046723E+000                  7.5815695961941723E+000                  3.5706213131558829E-005                  4.0938461431735462E-001                  5.9057967946951384E-001                  2.1870039295367281E-160                  0.0000000000000000E+000                  0.0000000000000000E+000 
                                     276                  2.2337949305326418E-001                  2.2039711801694808E-001                  5.5113193331639163E+000                 -6.1092206362009405E+000                  7.5987863557569248E+000                  3.5706213130659951E-005                  4.0938461433126511E-001                  5.9057967945560419E-001                  4.1515582208760597E-160                  0.0000000000000000E+000                  0.0000000000000000E+000 
                                     277                  2.2337942600426078E-001                  2.1650613478873793E-001                  5.5174158556440833E+000                 -6.0916710382176777E+000                  7.6230878561333499E+000                  3.5706213129431712E-005                  4.0938461435027268E-001                  5.9057967943659784E-001                  1.0235418567628023E-159                  0.0000000000000000E+000                  0.0000000000000000E+000 
                                     278                  2.2337932543002165E-001                  2.1071026613699284E-001                  5.5234431792273151E+000                 -6.0735957763955790E+000                  7.6473286462996697E+000                  3.5706213128284342E-005                  4.0938461436802870E-001                  5.9057967941884304E-001                  2.4919616808260027E-159                  0.0000000000000000E+000                  0.0000000000000000E+000 
                                     279                  2.2337925838052888E-001                  2.0687840345084843E-001                  5.5282139228610605E+000                 -6.0595511883362967E+000                  7.6664408900117067E+000                  3.5706213127408056E-005                  4.0938461438158963E-001                  5.9057967940528289E-001                  5.0226275306709835E-159                  0.0000000000000000E+000                  0.0000000000000000E+000 
                                     280                  2.2337919133017725E-001                  2.0306921339673548E-001                  5.5329415110424192E+000                 -6.0456160668081989E+000                  7.6853871050849065E+000                  3.5706213126571804E-005                  4.0938461439453094E-001                  5.9057967939234246E-001                  1.0035209132136213E-158                  0.0000000000000000E+000                  0.0000000000000000E+000 
                                     281                  2.2337912427982559E-001                  1.9928224303182343E-001                  5.5376271447351781E+000                 -6.0317872340103476E+000                  7.7041718507033625E+000                  3.5706213125774367E-005                  4.0938461440687185E-001                  5.9057967938000244E-001                  1.9880892697597003E-158                  0.0000000000000000E+000                  0.0000000000000000E+000 
                                     282                  2.2337905722947396E-001                  1.9551701298147936E-001                  5.5422720345962153E+000                 -6.0180619806157027E+000                  7.7227996016726843E+000                  3.5706213125014544E-005                  4.0938461441863028E-001                  5.9057967936824474E-001                  3.9063050484054767E-158                  0.0000000000000000E+000                  0.0000000000000000E+000 
                                     283                  2.2337899017912230E-001                  1.9177306184054918E-001                  5.5468773877690110E+000                 -6.0044381241571321E+000                  7.7412747222215277E+000                  3.5706213124291273E-005                  4.0938461442982327E-001                  5.9057967935705247E-001                  7.6141573805111132E-158                  0.0000000000000000E+000                  0.0000000000000000E+000 
                                     284                  2.2337892312812971E-001                  1.8804990559003520E-001                  5.5514443412170067E+000                 -5.9909137748736390E+000                  7.7596013062868279E+000                  3.5706213123603516E-005                  4.0938461444046664E-001                  5.9057967934640976E-001                  1.4726569120710371E-157                  0.0000000000000000E+000                  0.0000000000000000E+000 
                                     285                  2.2337885607713709E-001                  1.8434714252344223E-001                  5.5559739708087976E+000                 -5.9774869597429268E+000                  7.7777832705035603E+000                  3.5706213122950332E-005                  4.0938461445057495E-001                  5.9057967933630207E-001                  2.8268259518867790E-157                  0.0000000000000000E+000                  0.0000000000000000E+000 
                                     286                  2.2337878902548958E-001                  1.8066431085150678E-001                  5.5604672898876544E+000                 -5.9641555366937009E+000                  7.7958243729342405E+000                  3.5706213122330832E-005                  4.0938461446016200E-001                  5.9057967932671573E-001                  5.3864575088353874E-157                  0.0000000000000000E+000                  0.0000000000000000E+000 
                                     287                  2.2337872197384201E-001                  1.7700103407245765E-001                  5.5649252569200849E+000                 -5.9509171972471204E+000                  7.8137282076095573E+000                  3.5706213121744184E-005                  4.0938461446924068E-001                  5.9057967931763755E-001                  1.0190576081745589E-156                  0.0000000000000000E+000                  0.0000000000000000E+000 
                                     288                  2.2337865492157535E-001                  1.7335688050756859E-001                  5.5693488104811069E+000                 -5.9377696124902659E+000                  7.8314982341003176E+000                  3.5706213121189608E-005                  4.0938461447782298E-001                  5.9057967930905586E-001                  1.9145554115953512E-156                  0.0000000000000000E+000                  0.0000000000000000E+000 
                                     289                  2.2337858786930867E-001                  1.6973150077168539E-001                  5.5737388746989218E+000                 -5.9247111102417280E+000                  7.8491376892545413E+000                  3.5706213120666378E-005                  4.0938461448592023E-001                  5.9057967930095912E-001                  3.5726515088531984E-156                  0.0000000000000000E+000                  0.0000000000000000E+000 
                                     290                  2.2337852081704201E-001                  1.6612452143659234E-001                  5.5780964211419590E+000                 -5.9117405278111397E+000                  7.8666498394864934E+000                  3.5706213120173785E-005                  4.0938461449354319E-001                  5.9057967929333666E-001                  6.6228955299137510E-156                  0.0000000000000000E+000                  0.0000000000000000E+000 
                                     291                  2.2337845376419041E-001                  1.6253554250240088E-001                  5.5824224068450636E+000                 -5.8988572611441876E+000                  7.8840377556089489E+000                  3.5706213119711196E-005                  4.0938461450070202E-001                  5.9057967928617827E-001                  1.2198830464573001E-155                  0.0000000000000000E+000                  0.0000000000000000E+000 
                                     292                  2.2337838671133886E-001                  1.5896422721280773E-001                  5.5867177630910732E+000                 -5.8860604504751119E+000                  7.9013043160228618E+000                  3.5706213119277983E-005                  4.0938461450740626E-001                  5.9057967927947441E-001                  2.2329439357712096E-155                  0.0000000000000000E+000                  0.0000000000000000E+000 
                                     293                  2.2337831965848728E-001                  1.5541021032516225E-001                  5.5909834348740750E+000                 -5.8733487391266825E+000                  7.9184524399058853E+000                  3.5706213118873542E-005                  4.0938461451366520E-001                  5.9057967927321586E-001                  4.0625938751656801E-155                  0.0000000000000000E+000                  0.0000000000000000E+000 
                                     294                  2.2337825260508187E-001                  1.5187310369763432E-001                  5.5952203226201949E+000                 -5.8607209666896143E+000                  7.9354848772849653E+000                  3.5706213118497296E-005                  4.0938461451948766E-001                  5.9057967926739385E-001                  7.3479764236134843E-155                  0.0000000000000000E+000                  0.0000000000000000E+000 
                                     295                  2.2337818555167643E-001                  1.4835258283849370E-001                  5.5994293069712864E+000                 -5.8481761713190679E+000                  7.9524042906258918E+000                  3.5706213118148719E-005                  4.0938461452488206E-001                  5.9057967926199972E-001                  1.3214219827032954E-154                  0.0000000000000000E+000                  0.0000000000000000E+000 
                                     296                  2.2337811849762140E-001                  1.4484826336165582E-001                  5.6036112418287258E+000                 -5.8357135683586776E+000                  7.9692132460137692E+000                  3.5706213117827287E-005                  4.0938461452985647E-001                  5.9057967925702570E-001                  2.3631576578365886E-154                  0.0000000000000000E+000                  0.0000000000000000E+000 
                                     297                  2.2337805144356640E-001                  1.4135983094757296E-001                  5.6077669097805449E+000                 -5.8233324209294697E+000                  7.9859141410307997E+000                  3.5706213117532465E-005                  4.0938461453441893E-001                  5.9057967925246357E-001                  4.2032412135708737E-154                  0.0000000000000000E+000                  0.0000000000000000E+000 
                                     298                  2.2337798438951140E-001                  1.3788693920640019E-001                  5.6118970232137535E+000                 -5.8110312816990506E+000                  8.0025093778468985E+000                  3.5706213117263664E-005                  4.0938461453857866E-001                  5.9057967924830401E-001                  7.4366168225011060E-154                  0.0000000000000000E+000                  0.0000000000000000E+000 
                                     299                  2.2337791733545637E-001                  1.3442924907824261E-001                  5.6160021772601558E+000                 -5.7988073886900144E+000                  8.0190013729884662E+000                  3.5706213117019969E-005                  4.0938461454235003E-001                  5.9057967924453303E-001                  1.3089374540549283E-153                  0.0000000000000000E+000                  0.0000000000000000E+000 
                                     300                  2.2337785028065960E-001                  1.3098640085761165E-001                  5.6200696749304289E+000                 -5.7865174508943014E+000                  8.0353923816368980E+000                  3.5706213116799415E-005                  4.0938461454576308E-001                  5.9057967924112009E-001                  2.2890541637605919E-153                  0.0000000000000000E+000                  0.0000000000000000E+000 
                                     301                  2.2337778322586280E-001                  1.2755925152340430E-001                  5.6240556026796273E+000                 -5.7736898966929600E+000                  8.0516843282886050E+000                  3.5706213116595829E-005                  4.0938461454891373E-001                  5.9057967923796961E-001                  3.9591845736637033E-153                  0.0000000000000000E+000                  0.0000000000000000E+000 
                                     302                  2.2337771617106605E-001                  1.2415237309985606E-001                  5.6279692473607490E+000                 -5.7604237988937159E+000                  8.0678784585905863E+000                  3.5706213116359758E-005                  4.0938461455256708E-001                  5.9057967923431653E-001                  6.7800932128625521E-153                  0.0000000000000000E+000                  0.0000000000000000E+000 
                                     303                  2.2337764911626926E-001                  1.2076958196687493E-001                  5.6318180075757827E+000                 -5.7468009459159015E+000                  8.0839755024399302E+000                  3.5706213032926782E-005                  4.0938461584372987E-001                  5.9057967794323718E-001                  1.1505822692175965E-152                  0.0000000000000000E+000                  0.0000000000000000E+000 
                                     304                  2.2337758206062322E-001                  1.1741401800033535E-001                  5.6356079612621350E+000                 -5.7328911233202255E+000                  8.0999756036138919E+000                  3.5706212966641060E-005                  4.0938461686953015E-001                  5.9057967691750313E-001                  1.9362264407737286E-152                  0.0000000000000000E+000                  0.0000000000000000E+000 
                                     305                  2.2337751500497718E-001                  1.1408835907647981E-001                  5.6388607093450815E+000                 -5.7205038578500282E+000                  8.1138445067285296E+000                  3.5706212548688712E-005                  4.0938462333751097E-001                  5.9057967044994042E-001                  3.0262687219859522E-152                  0.0000000000000000E+000                  0.0000000000000000E+000 
                                     306                  2.2337746537680778E-001                  1.1164809606545720E-001                  5.6415988934653516E+000                 -5.7099484566511016E+000                  8.1255600853946106E+000                  3.5706212548559042E-005                  4.0938462333951725E-001                  5.9057967044793425E-001                  4.4050388300679267E-152                  0.0000000000000000E+000                  0.0000000000000000E+000 
                                     307                  2.2337741574863834E-001                  1.0922609286995499E-001                  5.6456607399680472E+000                 -5.6943100898670940E+000                  8.1429373218165448E+000                  3.5706212548117832E-005                  4.0938462334634473E-001                  5.9057967044110715E-001                  7.6770062449518963E-152                  0.0000000000000000E+000                  0.0000000000000000E+000 
                                     308                  2.2337731649229950E-001                  1.0443571061920126E-001                  5.6509892935736659E+000                 -5.6727962471860662E+000                  8.1660482586733494E+000                  3.5706212422257457E-005                  4.0938462529407849E-001                  5.9057966849349919E-001                  1.5907052851287027E-151                  0.0000000000000000E+000                  0.0000000000000000E+000 
                                     309                  2.2337721723453144E-001                  9.9724686354361852E-002                  5.6549286596199755E+000                 -5.6562940543661142E+000                  8.1833286188544996E+000                  3.5706212322532907E-005                  4.0938462683734861E-001                  5.9057966695032893E-001                  2.7246800021205636E-151                  0.0000000000000000E+000                  0.0000000000000000E+000 
                                     310                  2.2337716760564738E-001                  9.7401149873589235E-002                  5.6575312435690455E+000                 -5.6455043337528004E+000                  8.1947163638951572E+000                  3.5706212322042719E-005                  4.0938462684493410E-001                  5.9057966694274389E-001                  3.8837557371061458E-151                  0.0000000000000000E+000                  0.0000000000000000E+000 
                                     311                  2.2337711797676335E-001                  9.5098119278680782E-002                  5.6614000417284549E+000                 -5.6296204120659166E+000                  8.2116047455436494E+000                  3.5706212217005226E-005                  4.0938462847042134E-001                  5.9057966531736161E-001                  6.5673793967826135E-151                  0.0000000000000000E+000                  0.0000000000000000E+000 
                                     312                  2.2337701871899529E-001                  9.0551304334804308E-002                  5.6664919070140884E+000                 -5.6080916352430314E+000                  8.2340450400405238E+000                  3.5706212212423361E-005                  4.0938462854132729E-001                  5.9057966524646033E-001                  1.3101158631555759E-150                  0.0000000000000000E+000                  0.0000000000000000E+000 
                                     313                  2.2337691946122723E-001                  8.6087605144201620E-002                  5.6702653259059677E+000                 -5.5917639026026205E+000                  8.2508085980532346E+000                  3.5706211355923282E-005                  4.0938464179586770E-001                  5.9057965199277640E-001                  2.1839061000341088E-150                  0.0000000000000000E+000                  0.0000000000000000E+000 
                                     314                  2.2337686983153493E-001                  8.3887961616964601E-002                  5.6740028101589042E+000                 -5.5760702109685276E+000                  8.2672733872107855E+000                  3.5706211193170855E-005                  4.0938464431448163E-001                  5.9057964947432517E-001                  3.6138670722586274E-150                  0.0000000000000000E+000                  0.0000000000000000E+000 
                                     315                  2.2337677057215025E-001                  7.9547999569021949E-002                  5.6777018954955079E+000                 -5.5599513423345872E+000                  8.2837715001558614E+000                  3.5706211050016107E-005                  4.0938464652981438E-001                  5.9057964725913559E-001                  5.9493685164387276E-150                  0.0000000000000000E+000                  0.0000000000000000E+000 
                                     316                  2.2337672094245795E-001                  7.7409708794722490E-002                  5.6813666180372842E+000                 -5.5444600601743925E+000                  8.2999760484497909E+000                  3.5706210930764324E-005                  4.0938464837524319E-001                  5.9057964541382613E-001                  9.7255156076067010E-150                  0.0000000000000000E+000                  0.0000000000000000E+000 
                                     317                  2.2337662168307332E-001                  7.3191492742416348E-002                  5.6861964187825684E+000                 -5.5236507731247455E+000                  8.3214827365241444E+000                  3.5706210827856922E-005                  4.0938464996773899E-001                  5.9057964382143313E-001                  1.8567165207281088E-149                  0.0000000000000000E+000                  0.0000000000000000E+000 
                                     318                  2.2337652242368863E-001                  6.9052874586254850E-002                  5.6897791025470541E+000                 -5.5079812115124875E+000                  8.3375311169647564E+000                  3.5706210657403000E-005                  4.0938465260551460E-001                  5.9057964118382800E-001                  2.9968736756326231E-149                  0.0000000000000000E+000                  0.0000000000000000E+000 
                                     319                  2.2337647279399633E-001                  6.7013797976250108E-002                  5.6921497264881724E+000                 -5.4977777007268926E+000                  8.3481041464020080E+000                  3.5706210653198451E-005                  4.0938465267058066E-001                  5.9057964111876615E-001                  4.1095068026779880E-149                  0.0000000000000000E+000                  0.0000000000000000E+000 
                                     320                  2.2337642316430398E-001                  6.4993950923148885E-002                  5.6956787969743923E+000                 -5.4828150982095512E+000                  8.3637801468947703E+000                  3.5706210511056334E-005                  4.0938465487022729E-001                  5.9057963891926168E-001                  6.5653466368784634E-149                  0.0000000000000000E+000                  0.0000000000000000E+000 
                                     321                  2.2337632390401352E-001                  6.1009336086510477E-002                  5.7003334908607997E+000                 -5.4628077149428167E+000                  8.3845705307382072E+000                  3.5706210507402830E-005                  4.0938465492676496E-001                  5.9057963886272757E-001                  1.2164853725126117E-148                  0.0000000000000000E+000                  0.0000000000000000E+000 
                                     322                  2.2337622464372306E-001                  5.7098928708461380E-002                  5.7037890317071973E+000                 -5.4478034785784883E+000                  8.4000742734404614E+000                  3.5706209884168097E-005                  4.0938466457126904E-001                  5.9057962921884677E-001                  1.9209885672642707E-148                  0.0000000000000000E+000                  0.0000000000000000E+000 
                                     323                  2.2337617501357782E-001                  5.5171606337982307E-002                  5.7060766520847803E+000                 -5.4380400338076029E+000                  8.4102885712724049E+000                  3.5706209884033520E-005                  4.0938466457335138E-001                  5.9057962921676466E-001                  2.5968080888429711E-148                  0.0000000000000000E+000                  0.0000000000000000E+000 
                                     324                  2.2337612538343254E-001                  5.3261988837802879E-002                  5.7094838718855696E+000                 -5.4237332243216168E+000                  8.4254327908172755E+000                  3.5706209883833180E-005                  4.0938466457645245E-001                  5.9057962921366369E-001                  4.0624930705604891E-148                  0.0000000000000000E+000                  0.0000000000000000E+000 
                                     325                  2.2337602612314209E-001                  4.9493408704971341E-002                  5.7139813876155330E+000                 -5.4046674450601273E+000                  8.4455067941994546E+000                  3.5706209878814205E-005                  4.0938466465411971E-001                  5.9057962913600148E-001                  7.3247004056416549E-148                  0.0000000000000000E+000                  0.0000000000000000E+000 
                                     326                  2.2337592686285163E-001                  4.5792428592462013E-002                  5.7184295269239538E+000                 -5.3859272115317465E+000                  8.4653441126788636E+000                  3.5706209223700783E-005                  4.0938467479184026E-001                  5.9057961899893607E-001                  1.3093236236101811E-147                  0.0000000000000000E+000                  0.0000000000000000E+000 
                                     327                  2.2337582760256117E-001                  4.2156780208475353E-002                  5.7228292607897631E+000                 -5.3675120274791279E+000                  8.4849463868549435E+000                  3.5706208912689326E-005                  4.0938467960462499E-001                  5.9057961418646232E-001                  2.3208382217300612E-147                  0.0000000000000000E+000                  0.0000000000000000E+000 
                                     328                  2.2337572834227065E-001                  3.8584221338662933E-002                  5.7271813592375826E+000                 -5.3494173386409409E+000                  8.5043155847887046E+000                  3.5706208909710677E-005                  4.0938467965071840E-001                  5.9057961414037186E-001                  4.0799678944956561E-147                  0.0000000000000000E+000                  0.0000000000000000E+000 
                                     329                  2.2337562908198019E-001                  3.5072569971877687E-002                  5.7314865039721061E+000                 -5.3316363962843791E+000                  8.5234539622041101E+000                  3.5706208625021664E-005                  4.0938468405615003E-001                  5.9057960973522494E-001                  7.1146334934991804E-147                  0.0000000000000000E+000                  0.0000000000000000E+000 
                                     330                  2.2337552982168973E-001                  3.1619721224014456E-002                  5.7357454400397598E+000                 -5.3141628613637506E+000                  8.5423640232550078E+000                  3.5706208177062496E-005                  4.0938469098806235E-001                  5.9057960280376065E-001                  1.2308468824481286E-146                  0.0000000000000000E+000                  0.0000000000000000E+000 
                                     331                  2.2337543056139925E-001                  2.8223642519856762E-002                  5.7399590401032397E+000                 -5.2969913865092009E+000                  8.5610484855769933E+000                  3.5706207994157759E-005                  4.0938469381838927E-001                  5.9057959997361653E-001                  2.1129428787544168E-146                  0.0000000000000000E+000                  0.0000000000000000E+000 
                                     332                  2.2337533130110879E-001                  2.4882364408636677E-002                  5.7441282954117607E+000                 -5.2801172218927128E+000                  8.5795102499814284E+000                  3.5706207704618851E-005                  4.0938469829878538E-001                  5.9057959549351002E-001                  3.5998520281907138E-146                  0.0000000000000000E+000                  0.0000000000000000E+000 
                                     333                  2.2337523204081833E-001                  2.1593974813790086E-002                  5.7482543079681845E+000                 -5.2635351203085001E+000                  8.5977523738017574E+000                  3.5706207352811841E-005                  4.0938470374269426E-001                  5.9057959004995286E-001                  6.0880863925985156E-146                  0.0000000000000000E+000                  0.0000000000000000E+000 
                                     334                  2.2337513278052781E-001                  1.8356621754256761E-002                  5.7523382783600043E+000                 -5.2472402399151346E+000                  8.6157780461854436E+000                  3.5706207231983662E-005                  4.0938470561239593E-001                  5.9057958818037215E-001                  1.0222705459455583E-145                  0.0000000000000000E+000                  0.0000000000000000E+000 
                                     335                  2.2337503352023735E-001                  1.5168509117974731E-002                  5.7563814440784444E+000                 -5.2312279397777850E+000                  8.6335906041975221E+000                  3.5706207048805401E-005                  4.0938470844689612E-001                  5.9057958534605515E-001                  1.7046292131695414E-145                  0.0000000000000000E+000                  0.0000000000000000E+000 
                                     336                  2.2337493425951574E-001                  1.2027880277361241E-002                  5.7603849557118654E+000                 -5.2154930660078893E+000                  8.6511934374192148E+000                  3.5706206774510539E-005                  4.0938471269131449E-001                  5.9057958110191100E-001                  2.8233074759872723E-145                  0.0000000000000000E+000                  0.0000000000000000E+000 
                                     337                  2.2337483499879415E-001                  8.9330619637344646E-003                  5.7643498354362865E+000                 -5.2000298183071036E+000                  8.6685899688052555E+000                  3.5706206771826772E-005                  4.0938471273284360E-001                  5.9057958106038455E-001                  4.6454612946974620E-145                  0.0000000000000000E+000                  0.0000000000000000E+000 
                                     338                  2.2337473573807257E-001                  5.8824264225445528E-003                  5.7682770014848828E+000                 -5.1848319094549069E+000                  8.6857837164232521E+000                  3.5706206555824806E-005                  4.0938471607522758E-001                  5.9057957771821656E-001                  7.5947678537595655E-145                  0.0000000000000000E+000                  0.0000000000000000E+000 
                                     339                  2.2337463647735095E-001                  2.8744070974896490E-003                  5.7721672687035586E+000                 -5.1698922944352610E+000                  8.7027782382970145E+000                  3.5706206555448045E-005                  4.0938471608105753E-001                  5.9057957771238700E-001                  1.2339069969396654E-144                  0.0000000000000000E+000                  0.0000000000000000E+000 
                                     340                  2.2337453721662937E-001                 -9.2497662091478098E-005                  5.7760213673627758E+000                 -5.1552032268036934E+000                  8.7195771552593655E+000                  3.5706206555068534E-005                  4.0938471608693083E-001                  5.9057957770651415E-001                  1.9924874487244131E-144                  0.0000000000000000E+000                  0.0000000000000000E+000 
                                     341                  2.2337443795545425E-001                 -3.0197350036460188E-003                  5.7798399436212931E+000                 -5.1407565342210830E+000                  8.7361840615661084E+000                  3.5706206542121486E-005                  4.0938471628726858E-001                  5.9057957750618928E-001                  3.1982505626495150E-144                  0.0000000000000000E+000                  0.0000000000000000E+000 
                                     342                  2.2337433869427920E-001                 -5.9086560582693260E-003                  5.7836235923686488E+000                 -5.1265442256214557E+000                  8.7526025112293997E+000                  3.5706205433135198E-005                  4.0938473344742476E-001                  5.9057956034714210E-001                  5.1037369800322846E-144                  0.0000000000000000E+000                  0.0000000000000000E+000 
                                     343                  2.2337423943310417E-001                 -8.7605592904080182E-003                  5.7873729040487376E+000                 -5.1125595254764802E+000                  8.7688361292334474E+000                  3.5706205067876430E-005                  4.0938473909920625E-001                  5.9057955469572587E-001                  8.0979678730763337E-144                  0.0000000000000000E+000                  0.0000000000000000E+000 
                                     344                  2.2337414017137536E-001                 -1.1576702607521389E-002                  5.7910884361807167E+000                 -5.0987959615950640E+000                  8.7848884745539344E+000                  3.5706204678448832E-005                  4.0938474512491180E-001                  5.9057954867040974E-001                  1.2776926786459533E-143                  0.0000000000000000E+000                  0.0000000000000000E+000 
                                     345                  2.2337404090964658E-001                 -1.4358259236414275E-002                  5.7947707289279569E+000                 -5.0852469700274376E+000                  8.8007630844230373E+000                  3.5706204678164730E-005                  4.0938474512930823E-001                  5.9057954866601359E-001                  2.0048810913030999E-143                  0.0000000000000000E+000                  0.0000000000000000E+000 
                                     346                  2.2337394164724728E-001                 -1.7106384538497152E-002                  5.7984203035280224E+000                 -5.0719059530614361E+000                  8.8164634539497797E+000                  3.5706204677908303E-005                  4.0938474513327561E-001                  5.9057954866204643E-001                  3.1290362981865953E-143                  0.0000000000000000E+000                  0.0000000000000000E+000 
                                     347                  2.2337384238484795E-001                 -1.9822145213974962E-002                  5.8020376694134690E+000                 -5.0587663604138795E+000                  8.8319930441831023E+000                  3.5706204672748801E-005                  4.0938474521310814E-001                  5.9057954858221917E-001                  4.8577938511129802E-143                  0.0000000000000000E+000                  0.0000000000000000E+000 
                                     348                  2.2337374312165290E-001                 -2.2506598502515851E-002                  5.8056233312643917E+000                 -5.0458225085947870E+000                  8.8473552630752863E+000                  3.5706204307247254E-005                  4.0938475086852244E-001                  5.9057954292717030E-001                  7.5027283852224917E-143                  0.0000000000000000E+000                  0.0000000000000000E+000 
                                     349                  2.2337364385845782E-001                 -2.5160715077299237E-002                  5.8091777950699388E+000                 -5.0330696418894734E+000                  8.8625534059341664E+000                  3.5706204305726911E-005                  4.0938475089204646E-001                  5.9057954290364778E-001                  1.1529085533059525E-142                  0.0000000000000000E+000                  0.0000000000000000E+000 
                                     350                  2.2337354459526274E-001                 -2.7785450542358890E-002                  5.8127016139611367E+000                 -5.0205032080381553E+000                  8.8775908253482605E+000                  3.5706204304382629E-005                  4.0938475091284598E-001                  5.9057954288284964E-001                  1.7628341747719709E-142                  0.0000000000000000E+000                  0.0000000000000000E+000 
                                     351                  2.2337344533144754E-001                 -3.0381742258481382E-002                  5.8161953484792015E+000                 -5.0081189389926832E+000                  8.8924707732855417E+000                  3.5706204302993800E-005                  4.0938475093433402E-001                  5.9057954286136294E-001                  2.6823416092897646E-142                  0.0000000000000000E+000                  0.0000000000000000E+000 
                                     352                  2.2337334606763229E-001                 -3.2950462807582737E-002                  5.8196595728182663E+000                 -4.9959128062584766E+000                  8.9071964351220778E+000                  3.5706204271747487E-005                  4.0938475141779646E-001                  5.9057954237793187E-001                  4.0620732700197363E-142                  0.0000000000000000E+000                  0.0000000000000000E+000 
                                     353                  2.2337324680331938E-001                 -3.5492483813346076E-002                  5.8230948832068883E+000                 -4.9838809865526157E+000                  8.9217709796469737E+000                  3.5706202074572516E-005                  4.0938478541384854E-001                  5.9057950838407691E-001                  6.1229103851395146E-142                  0.0000000000000000E+000                  0.0000000000000000E+000 
                                     354                  2.2337314753861018E-001                 -3.8008633173764628E-002                  5.8265018915137965E+000                 -4.9720199849461464E+000                  8.9361975395567637E+000                  3.5706201690439062E-005                  4.0938479135713013E-001                  5.9057950244117940E-001                  9.1873409418397255E-142                  0.0000000000000000E+000                  0.0000000000000000E+000 
                                     355                  2.2337304827268439E-001                 -4.0499736410359671E-002                  5.8298811980066674E+000                 -4.9603266674482276E+000                  8.9504791110599946E+000                  3.5706201346333561E-005                  4.0938479668103350E-001                  5.9057949711762014E-001                  1.3724216014282700E-141                  0.0000000000000000E+000                  0.0000000000000000E+000 
                                     356                  2.2337294900675858E-001                 -4.2966544588859602E-002                  5.8332333940422698E+000                 -4.9487981567178334E+000                  8.9646185738279289E+000                  3.5706200813158379E-005                  4.0938480493003115E-001                  5.9057948886915568E-001                  2.0412392015110203E-141                  0.0000000000000000E+000                  0.0000000000000000E+000 
                                     357                  2.2337284974083280E-001                 -4.5409818126184262E-002                  5.8382119166612334E+000                 -4.9320862210757248E+000                  8.9854532911215248E+000                  3.5706200417380615E-005                  4.0938481105317437E-001                  5.9057948274640826E-001                  3.6707934209420329E-141                  0.0000000000000000E+000                  0.0000000000000000E+000 
                                     358                  2.2337265120891392E-001                 -5.0231209408597405E-002                  5.8431327059259335E+000                 -4.9151634043526675E+000                  9.0062155550664507E+000                  3.5706199826742237E-005                  4.0938482019084599E-001                  5.9057947360932728E-001                  6.5489400748796079E-141                  0.0000000000000000E+000                  0.0000000000000000E+000 
                                     359                  2.2337255194290703E-001                 -5.2608228016493577E-002                  5.8463827164990061E+000                 -4.9042674496718464E+000                  9.0198154052095951E+000                  3.5706199505868443E-005                  4.0938482515494234E-001                  5.9057946864555178E-001                  9.5817760305560002E-141                  0.0000000000000000E+000                  0.0000000000000000E+000 
                                     360                  2.2337245267685465E-001                 -5.4964562504314640E-002                  5.8496086305084161E+000                 -4.8935224370278831E+000                  9.0332871516962268E+000                  3.5706199500625899E-005                  4.0938482523604686E-001                  5.9057946856445254E-001                  1.3964957484539899E-140                  0.0000000000000000E+000                  0.0000000000000000E+000 
                                     361                  2.2337235341080233E-001                 -5.7300875254291381E-002                  5.8528110357296654E+000                 -4.8829256245029926E+000                  9.0466334551234446E+000                  3.5706199248303627E-005                  4.0938482913957530E-001                  5.9057946466117639E-001                  2.0276447161953289E-140                  0.0000000000000000E+000                  0.0000000000000000E+000 
                                     362                  2.2337225414441317E-001                 -5.9617819609788021E-002                  5.8559904835579699E+000                 -4.8724742674321408E+000                  9.0598569043615562E+000                  3.5706199247008310E-005                  4.0938482915961444E-001                  5.9057946464113853E-001                  2.9331934236504157E-140                  0.0000000000000000E+000                  0.0000000000000000E+000 
                                     363                  2.2337215487802400E-001                 -6.1916015436456029E-002                  5.8591474811173434E+000                 -4.8621654494895976E+000                  9.0729600641187620E+000                  3.5706199203737957E-005                  4.0938482982899532E-001                  5.9057946397180094E-001                  4.2278717268224642E-140                  0.0000000000000000E+000                  0.0000000000000000E+000 
                                     364                  2.2337205561086038E-001                 -6.4196090155639318E-002                  5.8622824775660085E+000                 -4.8519960696777531E+000                  9.0859454204856291E+000                  3.5706197007224167E-005                  4.0938486380852307E-001                  5.9057942999446977E-001                  6.0725070492090242E-140                  0.0000000000000000E+000                  0.0000000000000000E+000 
                                     365                  2.2337195634369678E-001                 -6.6458616632096082E-002                  5.8653958668515314E+000                 -4.8419624710731197E+000                  9.0988153594224173E+000                  3.5706196628481143E-005                  4.0938486966717669E-001                  5.9057942413619480E-001                  8.6918018398529807E-140                  0.0000000000000000E+000                  0.0000000000000000E+000 
                                     366                  2.2337185707650486E-001                 -6.8704164790806585E-002                  5.8684880177374863E+000                 -4.8320606662502579E+000                  9.1115722668114287E+000                  3.5706196612396821E-005                  4.0938486991597622E-001                  5.9057942388741136E-001                  1.2398711970167272E-139                  0.0000000000000000E+000                  0.0000000000000000E+000 
                                     367                  2.2337175780931290E-001                 -7.0933280580207078E-002                  5.8715592664274592E+000                 -4.8222866457055291E+000                  9.1242184788804472E+000                  3.5706196258802226E-005                  4.0938487538551649E-001                  5.9057941841822470E-001                  1.7627711717211781E-139                  0.0000000000000000E+000                  0.0000000000000000E+000 
                                     368                  2.2337165854208554E-001                 -7.3146488979878618E-002                  5.8746099198220740E+000                 -4.8126363969980233E+000                  9.1367562816282319E+000                  3.5706196217673965E-005                  4.0938487602167400E-001                  5.9057941778210832E-001                  2.4980088053354698E-139                  0.0000000000000000E+000                  0.0000000000000000E+000 
                                     369                  2.2337155927485819E-001                 -7.5344291342507697E-002                  5.8791471411726395E+000                 -4.7985997488711005E+000                  9.1552727808552294E+000                  3.5706194384656714E-005                  4.0938490437415381E-001                  5.9057938943146149E-001                  4.1862864882976337E-139                  0.0000000000000000E+000                  0.0000000000000000E+000 
                                     370                  2.2337136074031003E-001                 -7.9697368001483304E-002                  5.8836404504339690E+000                 -4.7843801925723461E+000                  9.1737432379755361E+000                  3.5706193784158770E-005                  4.0938491366175966E-001                  5.9057938014445610E-001                  6.9740112479233709E-139                  0.0000000000000000E+000                  0.0000000000000000E+000 
                                     371                  2.2337126147297529E-001                 -8.1851739302016016E-002                  5.8866116171678975E+000                 -4.7751866344047764E+000                  9.1858694299321950E+000                  3.5706193753277765E-005                  4.0938491413920070E-001                  5.9057937966704599E-001                  9.7598225842794693E-139                  0.0000000000000000E+000                  0.0000000000000000E+000 
                                     372                  2.2337116220550959E-001                 -8.3992510901243045E-002                  5.8910317408752615E+000                 -4.7617941786409048E+000                  9.2037895289451246E+000                  3.5706191813480877E-005                  4.0938494412607740E-001                  5.9057934968210912E-001                  1.6058752558674380E-138                  0.0000000000000000E+000                  0.0000000000000000E+000 
                                     373                  2.2337096366963582E-001                 -8.8236512120054442E-002                  5.8954105991039922E+000                 -4.7482137553120269E+000                  9.2216715568691736E+000                  3.5706081867938596E-005                  4.0938664333019054E-001                  5.9057765058794154E-001                  2.6277903192170023E-138                  0.0000000000000000E+000                  0.0000000000000000E+000 
                                     374                  2.2337086440101975E-001                 -9.0338834306422006E-002                  5.8983068768365188E+000                 -4.7394204481263742E+000                  9.2334188924992162E+000                  3.5705941299393721E-005                  4.0938881566557450E-001                  5.9057547839312607E-001                  3.6348956700596296E-138                  0.0000000000000000E+000                  0.0000000000000000E+000 
                                     375                  2.2337076513238818E-001                 -9.2429068327529451E-002                  5.9011851152043766E+000                 -4.7307220697807013E+000                  9.2450761970224526E+000                  3.5704735361959201E-005                  4.0940745207791995E-001                  5.9055684318671808E-001                  5.0141574664819450E-138                  0.0000000000000000E+000                  0.0000000000000000E+000 
                                     376                  2.2337066586370835E-001                 -9.4507567650072510E-002                  5.9054685215346270E+000                 -4.7180244924689880E+000                  9.2623162868257971E+000                  3.5704727471671758E-005                  4.0940757401334543E-001                  5.9055672125918290E-001                  8.0777238184795689E-138                  0.0000000000000000E+000                  0.0000000000000000E+000 
                                     377                  2.2337046732608265E-001                 -9.8632116975231721E-002                  5.9097141883703950E+000                 -4.7051367105536261E+000                  9.2795275265455519E+000                  3.5704717977132177E-005                  4.0940772074066484E-001                  5.9055657454135801E-001                  1.2948494764031695E-137                  0.0000000000000000E+000                  0.0000000000000000E+000 
                                     378                  2.2337036805713681E-001                 -1.0067726586564951E-001                  5.9125234024846938E+000                 -4.6967791007085324E+000                  9.2908425623448210E+000                  3.5704513470859807E-005                  4.0941088115268282E-001                  5.9055341433384634E-001                  1.7672547009622812E-137                  0.0000000000000000E+000                  0.0000000000000000E+000 
                                     379                  2.2337026878762020E-001                 -1.0271191511334046E-001                  5.9153159244873272E+000                 -4.6885176332533502E+000                  9.3020762258591674E+000                  3.5697905918484875E-005                  4.0951299336505326E-001                  5.9045130872902818E-001                  2.4063579943492836E-137                  0.0000000000000000E+000                  0.0000000000000000E+000 
                                     380                  2.2337016951810362E-001                 -1.0473641071503594E-001                  5.9187828281426311E+000                 -4.6783559755209989E+000                  9.3159743741480234E+000                  3.5694881438513847E-005                  4.0955973325903500E-001                  5.9040457185952655E-001                  3.5256284567303104E-137                  0.0000000000000000E+000                  0.0000000000000000E+000 
                                     381                  2.2337002061379560E-001                 -1.0775501972114118E-001                  5.9229064953443693E+000                 -4.6665700009778464E+000                  9.3325312028685286E+000                  3.5550844926843142E-005                  4.1178565353268681E-001                  5.8817879562238629E-001                  5.5716426440170573E-137                  0.0000000000000000E+000                  0.0000000000000000E+000 
                                     382                  2.2336987170945993E-001                 -1.1075451529863246E-001                  5.9263129674951083E+000                 -4.6565120585121154E+000                  9.3462297425425653E+000                  3.5530295118146819E-005                  4.1210168313544293E-001                  5.8786278656943891E-001                  8.0989381388666009E-137                  0.0000000000000000E+000                  0.0000000000000000E+000 
                                     383                  2.2336977243989356E-001                 -1.1274236912221917E-001                  5.9303676247673263E+000                 -4.6447744801246174E+000                  9.3624054318892327E+000                  3.5530196483182724E-005                  4.1210320001421197E-001                  5.8786126978930486E-001                  1.2607474667429426E-136                  0.0000000000000000E+000                  0.0000000000000000E+000 
                                     384                  2.2336957390059103E-001                 -1.1669215575837023E-001                  5.9343855121227813E+000                 -4.6328165364445484E+000                  9.3785673617275016E+000                  3.5530149685219637E-005                  4.1210391970663857E-001                  5.8786055014367622E-001                  1.9536664471938038E-136                  0.0000000000000000E+000                  0.0000000000000000E+000 
                                     385                  2.2336947463073270E-001                 -1.1865308911007617E-001                  5.9370441594382442E+000                 -4.6250325515806168E+000                  9.3892053703037259E+000                  3.5530124098408003E-005                  4.1210431319886209E-001                  5.8786015667703950E-001                  2.6078682843153196E-136                  0.0000000000000000E+000                  0.0000000000000000E+000 
                                     386                  2.2336937536087439E-001                 -1.2060539894532321E-001                  5.9410027937367538E+000                 -4.6136240857087660E+000                  9.4049651909418817E+000                  3.5530090576376898E-005                  4.1210482872454540E-001                  5.8785964118487821E-001                  4.0033294629090911E-136                  0.0000000000000000E+000                  0.0000000000000000E+000 
                                     387                  2.2336917681943305E-001                 -1.2448613314444382E-001                  5.9449278013751456E+000                 -4.6020044564099987E+000                  9.4207166044341371E+000                  3.5530063829595337E-005                  4.1210524005561322E-001                  5.8785922988055717E-001                  6.1200258904250274E-136                  0.0000000000000000E+000                  0.0000000000000000E+000 
                                     388                  2.2336907754868141E-001                 -1.2641359815647663E-001                  5.9488188072687045E+000                 -4.5908272012020124E+000                  9.4361841371834352E+000                  3.5530039486461952E-005                  4.1210561442166621E-001                  5.8785885553884731E-001                  9.3030480476954516E-136                  0.0000000000000000E+000                  0.0000000000000000E+000 
                                     389                  2.2336887900691937E-001                 -1.3024599191154287E-001                  5.9539565377933341E+000                 -4.5758809023736786E+000                  9.4566811578455905E+000                  3.5530011810813036E-005                  4.1210604003751811E-001                  5.8785842995067106E-001                  1.6149827728846239E-135                  0.0000000000000000E+000                  0.0000000000000000E+000 
                                     390                  2.2336868046405031E-001                 -1.3404768966483654E-001                  5.9577731872375388E+000                 -4.5646445526459010E+000                  9.4719599932811978E+000                  3.5529993946571097E-005                  4.1210631476656140E-001                  5.8785815523949203E-001                  2.4303481539133833E-135                  0.0000000000000000E+000                  0.0000000000000000E+000 
                                     391                  2.2336858119216796E-001                 -1.3593680650579898E-001                  5.9615580868502374E+000                 -4.5538216832998710E+000                  9.4869742065562228E+000                  3.5529977230437554E-005                  4.1210657183917565E-001                  5.8785789818359391E-001                  3.6381795719927026E-135                  0.0000000000000000E+000                  0.0000000000000000E+000 
                                     392                  2.2336838264805883E-001                 -1.3969455655103899E-001                  5.9653134733823618E+000                 -4.5427967801486906E+000                  9.5019890032558791E+000                  3.5529962461763362E-005                  4.1210679896237212E-001                  5.8785767107516618E-001                  5.4267768911056682E-135                  0.0000000000000000E+000                  0.0000000000000000E+000 
                                     393                  2.2336828337564985E-001                 -1.4156232051487383E-001                  5.9678002737534186E+000                 -4.5356039312281906E+000                  9.5118849411301163E+000                  3.5529953186995518E-005                  4.1210694159636158E-001                  5.8785752845045147E-001                  7.0659036543821572E-135                  0.0000000000000000E+000                  0.0000000000000000E+000 
                                     394                  2.2336818410324083E-001                 -1.4342321674235070E-001                  5.9715057038861348E+000                 -4.5250394085712307E+000                  9.5265638213063646E+000                  3.5529940012205666E-005                  4.1210714420766886E-001                  5.8785732585231898E-001                  1.0457438638664934E-134                  0.0000000000000000E+000                  0.0000000000000000E+000 
                                     395                  2.2336798555842280E-001                 -1.4712596552398585E-001                  5.9751835039621009E+000                 -4.5142771754425288E+000                  9.5412470959622961E+000                  3.5529928165692048E-005                  4.1210732639179753E-001                  5.8785714368003683E-001                  1.5425350183548903E-134                  0.0000000000000000E+000                  0.0000000000000000E+000 
                                     396                  2.2336788628568607E-001                 -1.4896698343759354E-001                  5.9776194989681635E+000                 -4.5072513341817491E+000                  9.5509282245535925E+000                  3.5529920666345364E-005                  4.1210744172209512E-001                  5.8785702835723852E-001                  1.9938588571341059E-134                  0.0000000000000000E+000                  0.0000000000000000E+000 
                                     397                  2.2336778701294940E-001                 -1.5080160142510068E-001                  5.9812500959055104E+000                 -4.4969261574054524E+000                  9.5652937749960714E+000                  3.5529909942446612E-005                  4.1210760664185242E-001                  5.8785686344820509E-001                  2.9194363440507397E-134                  0.0000000000000000E+000                  0.0000000000000000E+000 
                                     398                  2.2336758846686475E-001                 -1.5445311052257421E-001                  5.9848549378681763E+000                 -4.4864082170210704E+000                  9.5796671710182828E+000                  3.5529900176302190E-005                  4.1210775683258116E-001                  5.8785671326724254E-001                  4.2614875584903917E-134                  0.0000000000000000E+000                  0.0000000000000000E+000 
                                     399                  2.2336748919346650E-001                 -1.5626919507213499E-001                  5.9884323882347958E+000                 -4.4762520280509781E+000                  9.5938109869886148E+000                  3.5529890837586734E-005                  4.1210790045000251E-001                  5.8785656965915989E-001                  6.1925038435781216E-134                  0.0000000000000000E+000                  0.0000000000000000E+000 
                                     400                  2.2336729064667002E-001                 -1.5988453020612370E-001                  5.9931633151890926E+000                 -4.4626544566712631E+000                  9.6125822923916164E+000                  3.5529879389008225E-005                  4.1210807651440168E-001                  5.8785639360620934E-001                  1.0139577811619023E-133                  0.0000000000000000E+000                  0.0000000000000000E+000 
                                     401                  2.2336709209954339E-001                 -1.6347675240401466E-001                  5.9966831173670538E+000                 -4.4524191609138217E+000                  9.6265958174056188E+000                  3.5529871485837418E-005                  4.1210819805499443E-001                  5.8785627207351965E-001                  1.4621421456601262E-133                  0.0000000000000000E+000                  0.0000000000000000E+000 
                                     402                  2.2336699282581507E-001                 -1.6526396476248648E-001                  6.0001772849294035E+000                 -4.4425262609201583E+000                  9.6403930794098205E+000                  3.5529863884884707E-005                  4.1210831494786199E-001                  5.8785615518825307E-001                  2.4882974841674505E-133                  6.3287434823600699E-137                  0.0000000000000000E+000 
                                     403                  2.2336679427753744E-001                 -1.6882294984257254E-001                  6.0048002323553522E+000                 -4.4292778258422487E+000                  9.6587118973780601E+000                  3.5529854468628907E-005                  4.1210845975775406E-001                  5.8785601038777724E-001                  4.0119069286887662E-133                  1.0360560198352011E-136                  0.0000000000000000E+000 
                                     404                  2.2336659572778042E-001                 -1.7236069210246591E-001                  6.0082412612803733E+000                 -4.4193026386071370E+000                  9.6723931432920018E+000                  3.5529847903539696E-005                  4.1210856072037444E-001                  5.8785590943172195E-001                  5.7203519408709223E-133                  1.5113375567897408E-136                  0.0000000000000000E+000 
                                     405                  2.2336649645253706E-001                 -1.7412136368019066E-001                  6.0105222285329543E+000                 -4.4127789343588226E+000                  9.6814240633440622E+000                  3.5529843678565362E-005                  4.1210862569504064E-001                  5.8785584446128081E-001                  7.2318813975010137E-133                  1.9397348296756610E-136                  0.0000000000000000E+000 
                                     406                  2.2336639717729367E-001                 -1.7587697791435714E-001                  6.0139244254833928E+000                 -4.4031752232195673E+000                  9.6948398426251163E+000                  3.5529837548561496E-005                  4.1210871996660853E-001                  5.8785575019584291E-001                  1.0249268523291175E-132                  2.8114865103338324E-136                  0.0000000000000000E+000 
                                     407                  2.2336619862462853E-001                 -1.7937426753378985E-001                  6.0184279267310936E+000                 -4.3903102190678114E+000                  9.7126601128809664E+000                  3.5529829888532851E-005                  4.1210883776798796E-001                  5.8785563240212357E-001                  1.6245448270788040E-132                  4.5903448964687656E-136                  0.0000000000000000E+000 
                                     408                  2.2336600007149870E-001                 -1.8285227631957918E-001                  6.0217816289907349E+000                 -4.3806203166082147E+000                  9.7259749240738831E+000                  3.5529824505791066E-005                  4.1210892054762710E-001                  5.8785554962786712E-001                  2.2876071786865359E-132                  6.6077141986052447E-136                  0.0000000000000000E+000 
                                     409                  2.2336590079398178E-001                 -1.8458383473856943E-001                  6.0240053325039602E+000                 -4.3742788360514915E+000                  9.7347677473497534E+000                  3.5529821029627319E-005                  4.1210897400655044E-001                  5.8785549617241994E-001                  2.8685417974842447E-132                  8.4072478290233599E-136                  0.0000000000000000E+000 
                                     410                  2.2336580151646479E-001                 -1.8631079946117085E-001                  6.0273229945028239E+000                 -4.3649372949922860E+000                  9.7478351703385115E+000                  3.5529815970793474E-005                  4.1210905180490237E-001                  5.8785541837912691E-001                  4.0167421773523719E-132                  1.2030402528014267E-135                  0.0000000000000000E+000 
                                     411                  2.2336560296021837E-001                 -1.8975207368062680E-001                  6.0317164366239169E+000                 -4.3524192884029267E+000                  9.7651998260821120E+000                  3.5529809614715436E-005                  4.1210914955320010E-001                  5.8785532063718515E-001                  6.2675955487634149E-132                  1.9316881269350286E-135                  0.0000000000000000E+000 
                                     412                  2.2336540440353059E-001                 -1.9317580640725510E-001                  6.0360750491279394E+000                 -4.3400094603048629E+000                  9.7824213399149329E+000                  3.5529803623212597E-005                  4.1210924169480045E-001                  5.8785522850157634E-001                  9.7314213835755284E-132                  3.0853390424724758E-135                  0.0000000000000000E+000 
                                     413                  2.2336520584434713E-001                 -1.9658256469660321E-001                  6.0403996880218518E+000                 -4.3277042050157029E+000                  9.7995037998906529E+000                  3.5529797968281511E-005                  4.1210932866036065E-001                  5.8785514154167107E-001                  1.5036785549299969E-131                  4.9027125180670747E-135                  0.0000000000000000E+000 
                                     414                  2.2336500728402994E-001                 -1.9997283389364845E-001                  6.0436222689503722E+000                 -4.3184302449948637E+000                  9.8122758254238942E+000                  3.5529793964583638E-005                  4.1210939023207982E-001                  5.8785507997395559E-001                  2.0782296309483777E-131                  6.9184156852414363E-135                  0.0000000000000000E+000 
                                     415                  2.2336490800313821E-001                 -2.0166156067654947E-001                  6.0457598584628833E+000                 -4.3123547262385138E+000                  9.8207155679354443E+000                  3.5529791370213993E-005                  4.1210943013014500E-001                  5.8785504007848477E-001                  2.5742866209743420E-131                  8.6885774725415426E-135                  0.0000000000000000E+000 
                                     416                  2.2336480872183803E-001                 -2.0334635133889770E-001                  6.0489502501629255E+000                 -4.3033960772691611E+000                  9.8332659848453243E+000                  3.5529787583398263E-005                  4.1210948836649602E-001                  5.8785498184592055E-001                  3.5402000721878131E-131                  1.2196206689519137E-134                  0.0000000000000000E+000 
                                     417                  2.2336461015842046E-001                 -2.0670509682114147E-001                  6.0531776505757167E+000                 -4.2913844031517074E+000                  9.8499538838440337E+000                  3.5529782799625364E-005                  4.1210956193476461E-001                  5.8785490828243581E-001                  5.3953659186938419E-131                  1.9097862883818305E-134                  0.0000000000000000E+000 
                                     418                  2.2336441159468692E-001                 -2.1004873889104062E-001                  6.0573741432697821E+000                 -4.2794643370241481E+000                  9.8665174346797482E+000                  3.5529778267637488E-005                  4.1210963163090403E-001                  5.8785483859082832E-001                  8.1868233439492085E-131                  2.9766176270727372E-134                  0.0000000000000000E+000 
                                     419                  2.2336421302859155E-001                 -2.1337773992130463E-001                  6.0605026213485926E+000                 -4.2704766384249799E+000                  9.8789073340085682E+000                  3.5529775047763502E-005                  4.1210968114842078E-001                  5.8785478907653144E-001                  1.1165101452059793E-130                  4.1412061855279591E-134                  0.0000000000000000E+000 
                                     420                  2.2336411374554388E-001                 -2.1503650574525127E-001                  6.0625783423118484E+000                 -4.2645844139764186E+000                  9.8870981902218187E+000                  3.5529772957939047E-005                  4.1210971328723045E-001                  5.8785475693981160E-001                  1.3709637519497870E-130                  5.1525515858627072E-134                  0.0000000000000000E+000 
                                     421                  2.2336401446249618E-001                 -2.1669175686331965E-001                  6.0656772314726970E+000                 -4.2558899605619871E+000                  9.8992838095761186E+000                  3.5529769903181415E-005                  4.1210976026547036E-001                  5.8785470996462652E-001                  1.8611727552065857E-130                  7.1338498556218440E-134                  0.0000000000000000E+000 
                                     422                  2.2336381589483545E-001                 -2.1999263896793730E-001                  6.0697851707957211E+000                 -4.2442279386087298E+000                  9.9154938619447694E+000                  3.5529766033772363E-005                  4.1210981977200023E-001                  5.8785465046196594E-001                  2.7890193487817522E-130                  1.0971857993562092E-133                  0.0000000000000000E+000 
                                     423                  2.2336361732480689E-001                 -2.2328006284799726E-001                  6.0738649344617466E+000                 -4.2326466364455557E+000                  9.9315922745076879E+000                  3.5529762358622971E-005                  4.1210987629106655E-001                  5.8785459394657491E-001                  4.1628545813027951E-130                  1.6803479697493194E-133                  0.0000000000000000E+000 
                                     424                  2.2336341875420879E-001                 -2.2655436163641102E-001                  6.0779171619886618E+000                 -4.2211436288471829E+000                  9.9475819520493776E+000                  3.5529758866191787E-005                  4.1210993000016216E-001                  5.8785454024097161E-001                  6.1893623444402063E-130                  2.5628533774674691E-133                  0.0000000000000000E+000 
                                     425                  2.2336322018093052E-001                 -2.2981591897349221E-001                  6.0819424799324020E+000                 -4.2097165972895505E+000                  9.9634657146070946E+000                  3.5529755545836783E-005                  4.1210998106294772E-001                  5.8785448918150651E-001                  9.1675763232966272E-130                  3.8930975853608664E-133                  0.0000000000000000E+000 
                                     426                  2.2336302160646093E-001                 -2.3306504598016681E-001                  6.0859414761947850E+000                 -4.1983633856317653E+000                  9.9792461963359838E+000                  3.5529752387752854E-005                  4.1211002963021298E-001                  5.8785444061739933E-001                  1.3528635319926312E-129                  5.8905121435620161E-133                  0.0000000000000000E+000 
                                     427                  2.2336282303084445E-001                 -2.3630206515320468E-001                  6.0899147388690711E+000                 -4.1870818470303242E+000                  9.9949260158428341E+000                  3.5529749382874356E-005                  4.1211007584137582E-001                  5.8785439440924137E-001                  1.9892104230305766E-129                  8.8784233673506809E-133                  0.0000000000000000E+000 
                                     428                  2.2336262445366931E-001                 -2.3952729433303013E-001                  6.0938628316124639E+000                 -4.1758699122440515E+000                  1.0010507686909110E+001                  3.5529746522827440E-005                  4.1211011982521550E-001                  5.8785435042826162E-001                  2.9145381765128977E-129                  1.3331558694465898E-132                  0.0000000000000000E+000 
                                     429                  2.2336242587540703E-001                 -2.4274102537206088E-001                  6.0977862981486775E+000                 -4.1647255796114040E+000                  1.0025993635700372E+001                  3.5529743799859118E-005                  4.1211016170096282E-001                  5.8785430855523735E-001                  4.2555414608181341E-129                  1.9944549459727254E-132                  0.0000000000000000E+000 
                                     430                  2.2336222729569569E-001                 -2.4594355247004546E-001                  6.1016856602649270E+000                 -4.1536469150823230E+000                  1.0041386194588648E+001                  3.5529741206776502E-005                  4.1211020157923522E-001                  5.8785426867955803E-001                  6.1925344934548105E-129                  2.9730370031562921E-132                  0.0000000000000000E+000 
                                     431                  2.2336202871536681E-001                 -2.4913513979161284E-001                  6.1055614362272319E+000                 -4.1426320030612862E+000                  1.0056687648872060E+001                  3.5529738736823522E-005                  4.1211023956393233E-001                  5.8785423069733089E-001                  8.9813688786700137E-129                  4.4161436810860017E-132                  0.0000000000000000E+000 
                                     432                  2.2336183013322250E-001                 -2.5231607358365965E-001                  6.1084541808443706E+000                 -4.1343184226089065E+000                  1.0068146746725457E+001                  3.5529736972902719E-005                  4.1211026669076345E-001                  5.8785420357226359E-001                  1.1848339008810682E-128                  5.9303104978749827E-132                  0.0000000000000000E+000 
                                     433                  2.2336173084109917E-001                 -2.5390232856440320E-001                  6.1103748717404471E+000                 -4.1288584875438810E+000                  1.0075730647490467E+001                  3.5529735825265863E-005                  4.1211028433994090E-001                  5.8785418592423389E-001                  1.4234526085953817E-128                  7.2090658248686934E-132                  0.0000000000000000E+000 
                                     434                  2.2336163154897587E-001                 -2.5548601054834019E-001                  6.1132443308183975E+000                 -4.1207882977068655E+000                  1.0087025314475078E+001                  3.5529734144151448E-005                  4.1211031019331645E-001                  5.8785416007253932E-001                  1.8710993432665867E-128                  9.6441096718218691E-132                  0.0000000000000000E+000 
                                     435                  2.2336143296404343E-001                 -2.5864638768900766E-001                  6.1170524517774316E+000                 -4.1099548389825191E+000                  1.0102066306959092E+001                  3.5529732005994880E-005                  4.1211034307541189E-001                  5.8785412719258212E-001                  2.6880589381817051E-128                  1.4180901327505782E-131                  0.0000000000000000E+000 
                                     436                  2.2336123437911098E-001                 -2.6179683150299732E-001                  6.1227200801926660E+000                 -4.0941675685688539E+000                  1.0124314909358411E+001                  3.5529728943889121E-005                  4.1211039016665635E-001                  5.8785408010439977E-001                  4.5969399812355714E-128                  2.5102180554064614E-131                  0.0000000000000000E+000 
                                     437                  2.2336083720351882E-001                 -2.6807359978954043E-001                  6.1283502865827515E+000                 -4.0777836187401508E+000                  1.0146706855574761E+001                  3.5529726155632137E-005                  4.1211043304645922E-001                  5.8785403722738516E-001                  7.8291157524865734E-128                  4.4235577423690001E-131                  0.0000000000000000E+000 
                                     438                  2.2336063861351796E-001                 -2.7119572934775449E-001                  6.1320757966966113E+000                 -4.0671740477175407E+000                  1.0161428745110840E+001                  3.5529724382575467E-005                  4.1211046031378834E-001                  5.8785400996182902E-001                  1.1116707375290633E-127                  6.4239839226285645E-131                  0.0000000000000000E+000 
                                     439                  2.2336044002238983E-001                 -2.7430885569791924E-001                  6.1357819966063634E+000                 -4.0566179023307516E+000                  1.0176075214213952E+001                  3.5529722688609400E-005                  4.1211048636480579E-001                  5.8785398391250565E-001                  1.5741408437115510E-127                  9.3017225883322435E-131                  0.0000000000000000E+000 
                                     440                  2.2336024143126168E-001                 -2.7741317812514088E-001                  6.1394694786924537E+000                 -4.0461146211636674E+000                  1.0190647989272360E+001                  3.5529721069308922E-005                  4.1211051126756243E-001                  5.8785395901136828E-001                  2.2230304066244917E-127                  1.3430154550324943E-130                  0.0000000000000000E+000 
                                     441                  2.2336004283845678E-001                 -2.8050893879648298E-001                  6.1431388501559834E+000                 -4.0356638872851462E+000                  1.0205148748231776E+001                  3.5529719520454907E-005                  4.1211053508694329E-001                  5.8785393519353624E-001                  3.1312088002928195E-127                  1.9337030998149022E-130                  0.0000000000000000E+000 
                                     442                  2.2335984424515037E-001                 -2.8359633611858798E-001                  6.1467907065114620E+000                 -4.0252653466572541E+000                  1.0219579104469473E+001                  3.5529718038080842E-005                  4.1211055788394807E-001                  5.8785391239801377E-001                  4.3991944562925609E-127                  2.7766518976827112E-130                  0.0000000000000000E+000 
                                     443                  2.2335964565007915E-001                 -2.8667560694476035E-001                  6.1504256325253532E+000                 -4.0149183989152695E+000                  1.0233940721176982E+001                  3.5529716618501829E-005                  4.1211057971524567E-001                  5.8785389056813586E-001                  6.1653539568211091E-127                  3.9765561759495545E-130                  0.0000000000000000E+000 
                                     444                  2.2335944705185354E-001                 -2.8974698911681157E-001                  6.1540441510175095E+000                 -4.0046223487767998E+000                  1.0248235128292333E+001                  3.5529715258327425E-005                  4.1211060063297711E-001                  5.8785386965176456E-001                  8.6197224315502680E-127                  5.6803528558940934E-130                  0.0000000000000000E+000 
                                     445                  2.2335924845175240E-001                 -2.9281067726623616E-001                  6.1594368988657999E+000                 -3.9895943320168974E+000                  1.0269407087799070E+001                  3.5529713300595705E-005                  4.1211063074037052E-001                  5.8785383954632886E-001                  1.4169746023400548E-126                  9.6406382397286028E-130                  0.0000000000000000E+000 
                                     446                  2.2335885124631460E-001                 -2.9891992220209357E-001                  6.1648061610455169E+000                 -3.9740192112367576E+000                  1.0290735089027690E+001                  3.5529711499670051E-005                  4.1211065843628875E-001                  5.8785381185221164E-001                  2.3230877388556962E-126                  1.6313821484360638E-129                  0.0000000000000000E+000 
                                     447                  2.2335865264139590E-001                 -3.0196177444416517E-001                  6.1683636459246278E+000                 -3.9639183996937937E+000                  1.0304775231543122E+001                  3.5529710348797489E-005                  4.1211067613522712E-001                  5.8785379415442407E-001                  3.2184152625977253E-126                  2.3078592483489493E-129                  0.0000000000000000E+000 
                                     448                  2.2335845403489368E-001                 -3.0499675597336234E-001                  6.1736676291124839E+000                 -3.9491673458050092E+000                  1.0325579933580542E+001                  3.5529708690541620E-005                  4.1211070163706764E-001                  5.8785376865424177E-001                  5.2207974908426158E-126                  3.8618220770238577E-129                  0.0000000000000000E+000 
                                     449                  2.2335805681847357E-001                 -3.1105084268499572E-001                  6.1789517300840844E+000                 -3.9338821620710611E+000                  1.0346544925881211E+001                  3.5529707163327236E-005                  4.1211072512365876E-001                  5.8785374516917788E-001                  8.4495045669792176E-126                  6.4457237337857802E-129                  0.0000000000000000E+000 
                                     450                  2.2335785820768816E-001                 -3.1406639833869676E-001                  6.1824539220382233E+000                 -3.9239630666253218E+000                  1.0360352199190702E+001                  3.5529706187344073E-005                  4.1211074013302346E-001                  5.8785373016078912E-001                  1.1608130087410117E-125                  9.0374228282765121E-129                  0.0000000000000000E+000 
                                     451                  2.2335765959586248E-001                 -3.1707585488805301E-001                  6.1876769500661517E+000                 -3.9094677625425351E+000                  1.0380820540564619E+001                  3.5529704781710245E-005                  4.1211076174986211E-001                  5.8785370854535612E-001                  1.8600258354414026E-125                  1.4926031703834307E-128                  0.0000000000000000E+000 
                                     452                  2.2335726236589346E-001                 -3.2308106712711049E-001                  6.1928823195786293E+000                 -3.8944437087372350E+000                  1.0401453250178958E+001                  3.5529703489888418E-005                  4.1211078161641884E-001                  5.8785368868009125E-001                  2.9743437221681447E-125                  2.4596013715972683E-128                  0.0000000000000000E+000 
                                     453                  2.2335706374760383E-001                 -3.2607333984768028E-001                  6.1963331023657622E+000                 -3.8846875270092234E+000                  1.0415047335901578E+001                  3.5529702665694298E-005                  4.1211079429146330E-001                  5.8785367600587102E-001                  4.0543070382911760E-125                  3.4198886841330293E-128                  0.0000000000000000E+000 
                                     454                  2.2335686512770450E-001                 -3.2906021632623467E-001                  6.1997715121795522E+000                 -3.8749692326705696E+000                  1.0428590926817918E+001                  3.5529701876692086E-005                  4.1211080642530157E-001                  5.8785366387282179E-001                  5.5159780665812832E-125                  4.7455502481131751E-128                  0.0000000000000000E+000 
                                     455                  2.2335666650446606E-001                 -3.3204188313866406E-001                  6.2031977239305647E+000                 -3.8652876472500690E+000                  1.0442085106478320E+001                  3.5529701121969759E-005                  4.1211081803195942E-001                  5.8785365226691866E-001                  7.4906720001713102E-125                  6.5720554669150951E-128                  0.0000000000000000E+000 
                                     456                  2.2335646787986832E-001                 -3.3501846545992564E-001                  6.2066119122226917E+000                 -3.8556416326267042E+000                  1.0455530964977687E+001                  3.5529700400665639E-005                  4.1211082912468811E-001                  5.8785364117491123E-001                  1.0153672989288730E-124                  9.0838178374148271E-128                  0.0000000000000000E+000 
                                     457                  2.2335626925114202E-001                 -3.3799015436233110E-001                  6.2100142260765816E+000                 -3.8460301074811767E+000                  1.0468929500873921E+001                  3.5529699711948428E-005                  4.1211083971627227E-001                  5.8785363058401585E-001                  1.3738534869263109E-124                  1.2531398413453233E-127                  0.0000000000000000E+000 
                                     458                  2.2335607062241575E-001                 -3.4095703239059599E-001                  6.2150902997575246E+000                 -3.8319663782069222E+000                  1.0488807399784678E+001                  3.5529698725556579E-005                  4.1211085488570909E-001                  5.8785361541556536E-001                  2.1526890721458577E-124                  2.0209399834021272E-127                  0.0000000000000000E+000 
                                     459                  2.2335567334623216E-001                 -3.4688082356096306E-001                  6.2201517105881381E+000                 -3.8173785114937426E+000                  1.0508857228755422E+001                  3.5529697831121858E-005                  4.1211086864096347E-001                  5.8785360166120548E-001                  3.3675256953652682E-124                  3.2532190474764496E-127                  0.0000000000000000E+000 
                                     460                  2.2335547470333852E-001                 -3.4983428306184455E-001                  6.2235081898009055E+000                 -3.8078933086741364E+000                  1.0522077153482597E+001                  3.5529697264933866E-005                  4.1211087734820601E-001                  5.8785359295452899E-001                  4.5248053875174488E-124                  4.4547088626630671E-127                  0.0000000000000000E+000 
                                     461                  2.2335527605843677E-001                 -3.5278348301529633E-001                  6.2285165040564250E+000                 -3.7940062483461405E+000                  1.0541696350819192E+001                  3.5529696457968640E-005                  4.1211088975829235E-001                  5.8785358054524961E-001                  7.0174391407819649E-124                  7.1059216617549221E-127                  0.0000000000000000E+000 
                                     462                  2.2335487876574128E-001                 -3.5867308680893450E-001                  6.2351633181769630E+000                 -3.7751897251079560E+000                  1.0567892771152909E+001                  3.5529695490977572E-005                  4.1211090462937017E-001                  5.8785356567513891E-001                  1.2543743269946114E-123                  1.3183169607627165E-126                  0.0000000000000000E+000 
                                     463                  2.2335448147304576E-001                 -3.6454682701287183E-001                  6.2417676230093093E+000                 -3.7564780040918588E+000                  1.0593931535517035E+001                  3.5529694629938020E-005                  4.1211091787104992E-001                  5.8785355243432014E-001                  2.2278148056993731E-123                  2.4290710113041084E-126                  0.0000000000000000E+000 
                                     464                  2.2335408417845623E-001                 -3.7040556329810087E-001                  6.2466993064324932E+000                 -3.7422267386755701E+000                  1.0613490520524856E+001                  3.5529694061291599E-005                  4.1211092661609988E-001                  5.8785354368983889E-001                  3.4170991151257308E-123                  3.8290586904382298E-126                  0.0000000000000000E+000 
                                     465                  2.2335388553116148E-001                 -3.7332780694498402E-001                  6.2499708385882791E+000                 -3.7329507896790943E+000                  1.0626394770037946E+001                  3.5529693706970595E-005                  4.1211093206510074E-001                  5.8785353824119224E-001                  4.5326757207040942E-123                  5.1717942045919966E-126                  0.0000000000000000E+000 
                                     466                  2.2335368688386673E-001                 -3.7624659146195988E-001                  6.2548542718715572E+000                 -3.7193570438257733E+000                  1.0645557009629025E+001                  3.5529693210465421E-005                  4.1211093970071117E-001                  5.8785353060607837E-001                  6.8978380517846503E-123                  8.0850857935882354E-126                  0.0000000000000000E+000 
                                     467                  2.2335328958927714E-001                 -3.8207756292500289E-001                  6.2597278826216973E+000                 -3.7052503748031778E+000                  1.0664899672463148E+001                  3.5529692782842572E-005                  4.1211094627699996E-001                  5.8785352403021718E-001                  1.0485865339648882E-122                  1.2623963714311180E-125                  0.0000000000000000E+000 
                                     468                  2.2335309094198241E-001                 -3.8498651243844106E-001                  6.2629619347537417E+000                 -3.6960664499844542E+000                  1.0677664846989170E+001                  3.5529692520349237E-005                  4.1211095031380968E-001                  5.8785351999366997E-001                  1.3828479874912134E-122                  1.6945452629748391E-125                  0.0000000000000000E+000 
                                     469                  2.2335289229468766E-001                 -3.8789237110043517E-001                  6.2677911582416241E+000                 -3.6826055290660586E+000                  1.0696625756429581E+001                  3.5529692158594672E-005                  4.1211095587712915E-001                  5.8785351443071221E-001                  2.0866144459253718E-122                  2.6252168813492630E-125                  0.0000000000000000E+000 
                                     470                  2.2335249500009810E-001                 -3.9369854164152934E-001                  6.2742096742789135E+000                 -3.6643638153326350E+000                  1.0721967889493156E+001                  3.5529691759535306E-005                  4.1211096201414837E-001                  5.8785350829409211E-001                  3.5999523422373407E-122                  4.6899379803170454E-125                  0.0000000000000000E+000 
                                     471                  2.2335209770550857E-001                 -3.9949349401428808E-001                  6.2790114065800502E+000                 -3.6504848974628867E+000                  1.0741018714269865E+001                  3.5529691523734337E-005                  4.1211096564046373E-001                  5.8785350466801245E-001                  5.4076080458576226E-122                  7.2303685191017161E-125                  0.0000000000000000E+000 
                                     472                  2.2335189905821379E-001                 -4.0238545952206817E-001                  6.2821994011614244E+000                 -3.6414451669804477E+000                  1.0753596247195107E+001                  3.5529691387719006E-005                  4.1211096773220446E-001                  5.8785350257640778E-001                  7.0764230271185105E-122                  9.6258458496611318E-125                  0.0000000000000000E+000 
                                     473                  2.2335170041091904E-001                 -4.0527497894438708E-001                  6.2869621945314433E+000                 -3.6281899067497050E+000                  1.0772285531528169E+001                  3.5529691214904437E-005                  4.1211097038987010E-001                  5.8785349991891500E-001                  1.0557780713010834E-121                  1.4734125912872841E-124                  0.0000000000000000E+000 
                                     474                  2.2335130311632947E-001                 -4.1105029852595915E-001                  6.2932976855538225E+000                 -3.6102274609015015E+000                  1.0797275509863232E+001                  3.5529691073427723E-005                  4.1211097256559986E-001                  5.8785349774332674E-001                  1.7952010486085598E-121                  2.5918207803237407E-124                  0.0000000000000000E+000 
                                     475                  2.2335090582173994E-001                 -4.1681698947547396E-001                  6.2996003526395228E+000                 -3.5922938753653808E+000                  1.0822158128649235E+001                  3.5529657086645808E-005                  4.1211149523855217E-001                  5.8785297510436119E-001                  3.0372490761087047E-121                  4.5348872281314212E-124                  0.0000000000000000E+000 
                                     476                  2.2335050852715038E-001                 -4.2257510517375835E-001                  6.3042812797758678E+000                 -3.5783766119409308E+000                  1.0840874233549963E+001                  3.5529518050527536E-005                  4.1211363343506158E-001                  5.8785083704688790E-001                  4.4876309171062226E-121                  6.8690323709720790E-124                  0.0000000000000000E+000 
                                     477                  2.2335030987985566E-001                 -4.2544787585686666E-001                  6.3073784260779959E+000                 -3.5692189690691167E+000                  1.0853236403664519E+001                  3.5529273493377235E-005                  4.1211739440919881E-001                  5.8784707631730782E-001                  5.8053716200801758E-121                  9.0328404389910240E-124                  0.0000000000000000E+000 
                                     478                  2.2335011123256088E-001                 -4.2831704562280010E-001                  6.3119883598571791E+000                 -3.5556421924562498E+000                  1.0871613417287673E+001                  3.5529133260014993E-005                  4.1211955101777320E-001                  5.8784491984896681E-001                  8.5062768160381559E-121                  1.3561300497707240E-123                  0.0000000000000000E+000 
                                     479                  2.2334971393797132E-001                 -4.3404613531407588E-001                  6.3180743978652112E+000                 -3.5369064875025580E+000                  1.0896195800629515E+001                  3.5528979266714135E-005                  4.1212191923628788E-001                  5.8784255178444544E-001                  1.4084639864362508E-120                  2.3184906876591667E-123                  0.0000000000000000E+000 
                                     480                  2.2334931664338178E-001                 -4.3975442749606258E-001                  6.3240929938565484E+000                 -3.5179316806146641E+000                  1.0920682063769307E+001                  3.5528542779640823E-005                  4.1212863183560833E-001                  5.8783583962161201E-001                  2.3165453155491080E-120                  3.9352763309698883E-123                  0.0000000000000000E+000 
                                     481                  2.2334891934879222E-001                 -4.4543797361721948E-001                  6.3300463645252005E+000                 -3.4987341725150820E+000                  1.0945072415678933E+001                  3.5528499904052374E-005                  4.1212929117345776E-001                  5.8783518032663817E-001                  3.7853399346716383E-120                  6.6331127166553154E-123                  0.0000000000000000E+000 
                                     482                  2.2334852205420269E-001                 -4.5109293869247047E-001                  6.3359366837297424E+000                 -3.4793351470967280E+000                  1.0969366219890626E+001                  3.5528319250262561E-005                  4.1213206925500945E-001                  5.8783240242574031E-001                  6.1465246620543617E-120                  1.1104927042470324E-122                  0.0000000000000000E+000 
                                     483                  2.2334812475961313E-001                 -4.5671567567242000E-001                  6.3403169725715181E+000                 -3.4643974567417861E+000                  1.0987638325696974E+001                  3.5528031391721500E-005                  4.1213649592384988E-001                  5.8782797604475845E-001                  8.8131127286932722E-120                  1.6287148825409222E-122                  0.0000000000000000E+000 
                                     484                  2.2334792611231838E-001                 -4.5951227099071040E-001                  6.3432176075787945E+000                 -3.4545795061275353E+000                  1.0999708958014033E+001                  3.5527816883811354E-005                  4.1213979461173411E-001                  5.8782467757138201E-001                  1.1179519326711123E-119                  2.0971516155562218E-122                  0.0000000000000000E+000 
                                     485                  2.2334772746502360E-001                 -4.6229959593083458E-001                  6.3475387949602462E+000                 -3.4400458655523121E+000                  1.1017654038912237E+001                  3.5527800711113164E-005                  4.1214004331437443E-001                  5.8782442888491448E-001                  1.5915228862501931E-119                  3.0526146219714472E-122                  0.0000000000000000E+000 
                                     486                  2.2334733017043407E-001                 -4.6784799472297978E-001                  6.3532515223937960E+000                 -3.4201720238359030E+000                  1.1041646987957449E+001                  3.5527483481076715E-005                  4.1214492165604821E-001                  5.8781955086047066E-001                  2.5383082274462369E-119                  5.0131359629384337E-122                  0.0000000000000000E+000 
                                     487                  2.2334693287584451E-001                 -4.7335450675942259E-001                  6.3589089219982586E+000                 -3.4001862446277964E+000                  1.1065534405919704E+001                  3.5527429489587416E-005                  4.1214575193345571E-001                  5.8781872063705465E-001                  4.0253935510939127E-119                  8.1829768686376410E-122                  0.0000000000000000E+000 
                                     488                  2.2334653558125497E-001                 -4.7881640816523957E-001                  6.3645122993422456E+000                 -3.3801105953326718E+000                  1.1089312859343753E+001                  3.5527137510485922E-005                  4.1215024196798722E-001                  5.8781423089450224E-001                  6.3483242991725647E-119                  1.3277686638766792E-121                  0.0000000000000000E+000 
                                     489                  2.2334613828666541E-001                 -4.8423122444230154E-001                  6.3700625698032454E+000                 -3.3599630434865011E+000                  1.1112978621841885E+001                  3.5527034352499626E-005                  4.1215182832440161E-001                  5.8781264464124594E-001                  9.9569538478242530E-119                  2.1418459217564090E-121                  0.0000000000000000E+000 
                                     490                  2.2334574099207588E-001                 -4.8959668552748259E-001                  6.3755603258920202E+000                 -3.3397612406799020E+000                  1.1136527740676389E+001                  3.5526845338271671E-005                  4.1215473497219152E-001                  5.8780973818247029E-001                  1.5532487606857656E-118                  3.4350617188639445E-121                  0.0000000000000000E+000 
                                     491                  2.2334534369748632E-001                 -4.9491072743704412E-001                  6.3810058704386305E+000                 -3.3195205154893346E+000                  1.1159956099227248E+001                  3.5526563313635956E-005                  4.1215907192763207E-001                  5.8780540150905436E-001                  2.4100241052249483E-118                  5.4774971215813969E-121                  0.0000000000000000E+000 
                                     492                  2.2334494640289679E-001                 -5.0017146831567960E-001                  6.3863992792654134E+000                 -3.2992543886611165E+000                  1.1183259470179021E+001                  3.5526369193039989E-005                  4.1216205710079412E-001                  5.8780241653001286E-001                  3.7194392507500326E-118                  8.6845578808983918E-121                  0.0000000000000000E+000 
                                     493                  2.2334454910830723E-001                 -5.0537719036086759E-001                  6.3904120883416367E+000                 -3.2838155931072506E+000                  1.1200754933311034E+001                  3.5525992921939408E-005                  4.1216784337160156E-001                  5.8779663063547649E-001                  5.1356697062699494E-118                  1.2233290943496648E-120                  0.0000000000000000E+000 
                                     494                  2.2334435046101250E-001                 -5.0795772215688006E-001                  6.3930702567479418E+000                 -3.2736855856257527E+000                  1.1212306712210644E+001                  3.5525891360858967E-005                  4.1216940517040374E-001                  5.8779506893823541E-001                  6.3547718448012203E-118                  1.5338512797397342E-120                  0.0000000000000000E+000 
                                     495                  2.2334415181371775E-001                 -5.1052397502386360E-001                  6.3970312114746992E+000                 -3.2587169354393142E+000                  1.1229471211923677E+001                  3.5525881359066000E-005                  4.1216955897577823E-001                  5.8779491514286275E-001                  8.7195156886642973E-118                  2.1463845702495079E-120                  0.0000000000000000E+000 
                                     496                  2.2334375451912816E-001                 -5.1561529576855580E-001                  6.4022664184077192E+000                 -3.2384441266493891E+000                  1.1252373503811580E+001                  3.5525768492204317E-005                  4.1217129461640861E-001                  5.8779317961509925E-001                  1.3243215691157847E-117                  3.3453769628582489E-120                  0.0000000000000000E+000 
                                     497                  2.2334335722453866E-001                 -5.2064732543475312E-001                  6.4074481896027820E+000                 -3.2181912056995658E+000                  1.1275133683084903E+001                  3.5525310432213575E-005                  4.1217833855496233E-001                  5.8778613613460551E-001                  2.0007120485569300E-117                  5.1844907840647175E-120                  0.0000000000000000E+000 
                                     498                  2.2334295992994907E-001                 -5.2561892612178029E-001                  6.4113004734784438E+000                 -3.2028058267971375E+000                  1.1292203517534601E+001                  3.5525176206058719E-005                  4.1218040261017064E-001                  5.8778407221362328E-001                  2.7183723713347123E-117                  7.1785889199002868E-120                  0.0000000000000000E+000 
                                     499                  2.2334276128265432E-001                 -5.2808069357793030E-001                  6.4138514891550544E+000                 -3.1927121107328738E+000                  1.1303471127002718E+001                  3.5524853976903868E-005                  4.1218535764556358E-001                  5.8777911750045952E-001                  3.3279628880496937E-117                  8.8986695112575248E-120                  0.0000000000000000E+000 
                                     500                  2.2334256263535956E-001                 -5.3052702630735171E-001                  6.4176515986426361E+000                 -3.1777980227084819E+000                  1.1320208632618966E+001                  3.5524845758351138E-005                  4.1218548402285898E-001                  5.8777899113138266E-001                  4.4942259086154562E-117                  1.2242337798737167E-119                  0.0000000000000000E+000 
                                     501                  2.2334216534077003E-001                 -5.3537497175903059E-001                  6.4226702378443763E+000                 -3.1576579884308775E+000                  1.1342517445068133E+001                  3.5524806441693976E-005                  4.1218608859792877E-001                  5.8777838659562953E-001                  6.6817106262936180E-117                  1.8651374175673017E-119                  0.0000000000000000E+000 
                                     502                  2.2334176804618047E-001                 -5.4015981146043002E-001                  6.4276341342624450E+000                 -3.1375769827018911E+000                  1.1364668070559388E+001                  3.5524493447165182E-005                  4.1219090153690841E-001                  5.8777357396964436E-001                  9.8814205380247984E-117                  2.8254967483817592E-119                  0.0000000000000000E+000 
                                     503                  2.2334137075159094E-001                 -5.4488094041533119E-001                  6.4325431531561943E+000                 -3.1175635529937131E+000                  1.1386656830125526E+001                  3.5524441590073116E-005                  4.1219169893805563E-001                  5.8777277662035432E-001                  1.4536180799609071E-116                  4.2563034582358017E-119                  0.0000000000000000E+000 
                                     504                  2.2334097345700138E-001                 -5.4953787403027343E-001                  6.4373972456976878E+000                 -3.0976280894408861E+000                  1.1408480224970786E+001                  3.5524282653542940E-005                  4.1219414288535078E-001                  5.8777033283199565E-001                  2.1271384965677063E-116                  6.3757382401411720E-119                  0.0000000000000000E+000 
                                     505                  2.2334057616241185E-001                 -5.5413026748780858E-001                  6.4421964325683119E+000                 -3.0777796398675483E+000                  1.1430134953976571E+001                  3.5524161293505212E-005                  4.1219600901057080E-001                  5.8776846682813577E-001                  3.0964623897296256E-116                  9.4973842389341201E-119                  0.0000000000000000E+000 
                                     506                  2.2334017886782226E-001                 -5.5865790020186290E-001                  6.4469408159016286E+000                 -3.0580273319167182E+000                  1.1451617926430696E+001                  3.5524068478264990E-005                  4.1219743618491167E-001                  5.8776703974661004E-001                  4.4840967220175121E-116                  1.4069187093470552E-118                  0.0000000000000000E+000 
                                     507                  2.2333978157323275E-001                 -5.6312067525173215E-001                  6.4516305679351458E+000                 -3.0383802093607208E+000                  1.1472926273232591E+001                  3.5523868434329039E-005                  4.1220051216208675E-001                  5.8776396396947894E-001                  6.4601349941801077E-116                  2.0727250230093577E-118                  0.0000000000000000E+000 
                                     508                  2.2333938427864322E-001                 -5.6751861671549930E-001                  6.4562659463947858E+000                 -3.0188461465638077E+000                  1.1494057356267920E+001                  3.5523855013132620E-005                  4.1220071853163465E-001                  5.8776375761335220E-001                  9.2593462092760842E-116                  3.0370134896346470E-118                  0.0000000000000000E+000 
                                     509                  2.2333898698405366E-001                 -5.7185185568615116E-001                  6.4608472959359728E+000                 -2.9994341721560693E+000                  1.1515008773949925E+001                  3.5523659666387628E-005                  4.1220372225835350E-001                  5.8776075408198003E-001                  1.3204363902352417E-115                  4.4259052711040322E-118                  0.0000000000000000E+000 
                                     510                  2.2333858968946413E-001                 -5.7612063967582750E-001                  6.4642479822452454E+000                 -2.9847970209904551E+000                  1.1530678344871472E+001                  3.5523581013997573E-005                  4.1220493160125371E-001                  5.8775954481773229E-001                  1.7180918579957277E-115                  5.8519949847078211E-118                  0.0000000000000000E+000 
                                     511                  2.2333839104216935E-001                 -5.7823031984154982E-001                  6.4664989590940678E+000                 -2.9751955910325991E+000                  1.1541015807842760E+001                  3.5523576720721715E-005                  4.1220499761308488E-001                  5.8775947881019441E-001                  2.0440354836814233E-115                  7.0364445263010747E-118                  0.0000000000000000E+000 
                                     512                  2.2333819239487460E-001                 -5.8032404832237849E-001                  6.4698509693969912E+000                 -2.9610161181071795E+000                  1.1556362866337947E+001                  3.5523511015908969E-005                  4.1220600786612521E-001                  5.8775846862285885E-001                  2.6454457880973230E-115                  9.2514289355432378E-118                  0.0000000000000000E+000 
                                     513                  2.2333779510028504E-001                 -5.8446511336526463E-001                  6.4742729459241488E+000                 -2.9420143176338187E+000                  1.1576763157575391E+001                  3.5523507488569111E-005                  4.1220606210048438E-001                  5.8775841439202703E-001                  3.7167694331267769E-115                  1.3270366674804367E-117                  0.0000000000000000E+000 
                                     514                  2.2333739780569550E-001                 -5.8854303789400009E-001                  6.4786430668691910E+000                 -2.9231639725536782E+000                  1.1596976639677925E+001                  3.5523404467615201E-005                  4.1220764608600508E-001                  5.8775683050952732E-001                  5.1967979221807712E-115                  1.8937552780997402E-117                  0.0000000000000000E+000 
                                     515                  2.2333700051110594E-001                 -5.9255844209319919E-001                  6.4829618073349407E+000                 -2.9044842159660664E+000                  1.1617002132680593E+001                  3.5516628390437582E-005                  4.1231182584750659E-001                  5.8765265752410301E-001                  7.2331491243542155E-115                  2.6882423841411530E-117                  0.0000000000000000E+000 
                                     516                  2.2333660321651641E-001                 -5.9651214098959038E-001                  6.4872299149676662E+000                 -2.8859522416755099E+000                  1.1636838718375250E+001                  3.5516628386592845E-005                  4.1231182590660675E-001                  5.8765265746500672E-001                  1.0018055145077910E-114                  3.7978430145218065E-117                  0.0000000000000000E+000 
                                     517                  2.2333620592192685E-001                 -6.0040475644409275E-001                  6.4914483590693353E+000                 -2.8675888543998220E+000                  1.1656485687067610E+001                  3.5516628382748142E-005                  4.1231182596570648E-001                  5.8765265740591077E-001                  1.3811361846952667E-114                  5.3392031653600345E-117                  0.0000000000000000E+000 
                                     518                  2.2333580862733732E-001                 -6.0423711359848642E-001                  6.4945795916094751E+000                 -2.8537974785239100E+000                  1.1671159449452171E+001                  3.5516628379864551E-005                  4.1231182601003175E-001                  5.8765265736158834E-001                  1.7524706621595495E-114                  6.8734279809466341E-117                  0.0000000000000000E+000 
                                     519                  2.2333560998004254E-001                 -6.0613051558948894E-001                  6.4966525816496681E+000                 -2.8447509420072628E+000                  1.1680839071964396E+001                  3.5516628377942206E-005                  4.1231182603958150E-001                  5.8765265733204064E-001                  2.0507351467490566E-114                  8.1205164690714057E-117                  0.0000000000000000E+000 
                                     520                  2.2333541133274779E-001                 -6.0800920278183990E-001                  6.4997402516284595E+000                 -2.8313922064646664E+000                  1.1695208148998026E+001                  3.5516628375058642E-005                  4.1231182608390671E-001                  5.8765265728771832E-001                  2.5899108023933605E-114                  1.0402331832093275E-116                  0.0000000000000000E+000 
                                     521                  2.2333501403815825E-001                 -6.1172375724866235E-001                  6.5038143108359279E+000                 -2.8135597807548196E+000                  1.1714284153282831E+001                  3.5516628371213857E-005                  4.1231182614300688E-001                  5.8765265722862192E-001                  3.5231078906678850E-114                  1.4417653274611412E-116                  0.0000000000000000E+000 
                                     522                  2.2333461674356869E-001                 -6.1538081730899119E-001                  6.5078418605861224E+000                 -2.7959110653352699E+000                  1.1733169922786221E+001                  3.5516628306273115E-005                  4.1231182714124975E-001                  5.8765265623044405E-001                  4.7719698906256676E-114                  1.9891747744115010E-116                  0.0000000000000000E+000 
                                     523                  2.2333421944897916E-001                 -6.1898137822543531E-001                  6.5118235775684337E+000                 -2.7784478999497471E+000                  1.1751865807169953E+001                  3.5516628277990041E-005                  4.1231182757600665E-001                  5.8765265579571535E-001                  6.4362205327449837E-114                  2.7321144056186354E-116                  0.0000000000000000E+000 
                                     524                  2.2333382215438960E-001                 -6.2252645625165337E-001                  6.5157600567833942E+000                 -2.7611712643694992E+000                  1.1770372338266721E+001                  3.5516628249706866E-005                  4.1231182801076377E-001                  5.8765265536098654E-001                  8.6447924683696855E-114                  3.7359700540666096E-116                  0.0000000000000000E+000 
                                     525                  2.2333342485980007E-001                 -6.2601708005821100E-001                  6.5186824059444977E+000                 -2.7482260753535210E+000                  1.1784182670797335E+001                  3.5516628228494498E-005                  4.1231182833683200E-001                  5.8765265503493946E-001                  1.0758924870792847E-113                  4.7117250283748708E-116                  0.0000000000000000E+000 
                                     526                  2.2333322621250531E-001                 -6.2774196078787747E-001                  6.5206174381499906E+000                 -2.7397313112649622E+000                  1.1793293580171662E+001                  3.5516628214352944E-005                  4.1231182855421039E-001                  5.8765265481757534E-001                  1.2430880238523340E-113                  5.4918877402357509E-116                  0.0000000000000000E+000 
                                     527                  2.2333302756521053E-001                 -6.2945362734864119E-001                  6.5235000981779594E+000                 -2.7271833874078890E+000                  1.1806819636575627E+001                  3.5516383870781120E-005                  4.1231558450407979E-001                  5.8764889911204943E-001                  1.5406381075510350E-113                  6.8956871264814939E-116                  0.0000000000000000E+000 
                                     528                  2.2333263027062097E-001                 -6.3283847121542569E-001                  6.5273037591682357E+000                 -2.7104653046758753E+000                  1.1824762863756339E+001                  3.5516383566658128E-005                  4.1231558917893429E-001                  5.8764889443749913E-001                  2.0443408997879652E-113                  9.3086367200495604E-116                  0.0000000000000000E+000 
                                     529                  2.2333223297603144E-001                 -6.3617195500402934E-001                  6.5310640519958447E+000                 -2.6939316930548740E+000                  1.1842520450597053E+001                  3.5516383262535149E-005                  4.1231559385378824E-001                  5.8764888976294927E-001                  2.7020918654739856E-113                  1.2513642414300760E-115                  0.0000000000000000E+000 
                                     530                  2.2333183568144188E-001                 -6.3945509926089239E-001                  6.5347813647660375E+000                 -2.6775810060547540E+000                  1.1860093655810395E+001                  3.5516382958412164E-005                  4.1231559852864247E-001                  5.8764888508839919E-001                  3.5576637038585120E-113                  1.6753128201801266E-115                  0.0000000000000000E+000 
                                     531                  2.2333143838685235E-001                 -6.4268891293372477E-001                  6.5384560704888548E+000                 -2.6614114322421436E+000                  1.1877483847850844E+001                  3.5516382657086969E-005                  4.1231560316049021E-001                  5.8764888045685271E-001                  4.6662831849279901E-113                  2.2338164373055459E-115                  0.0000000000000000E+000 
                                     532                  2.2333104109226279E-001                 -6.4587439104132083E-001                  6.5420885322973961E+000                 -2.6454209492137131E+000                  1.1894692493874691E+001                  3.5516382347368349E-005                  4.1231560792135813E-001                  5.8764887569629454E-001                  6.0973589791540287E-113                  2.9666269062621361E-115                  0.0000000000000000E+000 
                                     533                  2.2333064379767326E-001                 -6.4901251287242856E-001                  6.5474625649814717E+000                 -2.6221176223097258E+000                  1.1919991465816498E+001                  3.5516381871599260E-005                  4.1231561523468607E-001                  5.8764886838344232E-001                  9.0392377445340229E-113                  4.5044450667979029E-115                  0.0000000000000000E+000 
                                     534                  2.2332984920849416E-001                 -6.5515426395435494E-001                  6.5527345891622790E+000                 -2.5984879225822772E+000                  1.1945248962203211E+001                  3.5516381380267418E-005                  4.1231562278723860E-001                  5.8764886083138113E-001                  1.3305831837660669E-112                  6.7874248540993397E-115                  0.0000000000000000E+000 
                                     535                  2.2332945191390460E-001                 -6.5815600025331233E-001                  6.5553378345611177E+000                 -2.5869165351901851E+000                  1.1957681727036672E+001                  3.5516381135475804E-005                  4.1231562655007525E-001                  5.8764885706878922E-001                  1.6092980486587222E-112                  8.3042213515210033E-115                  0.0000000000000000E+000 
                                     536                  2.2332925326660985E-001                 -6.5964024665941090E-001                  6.5570615214132504E+000                 -2.5793125830149051E+000                  1.1965887175514066E+001                  3.5516380972747669E-005                  4.1231562905146540E-001                  5.8764885456756177E-001                  1.8246806662359416E-112                  9.4875566107643553E-115                  0.0000000000000000E+000 
                                     537                  2.2332905461931510E-001                 -6.6111370764982447E-001                  6.5596293201483480E+000                 -2.5680652476501389E+000                  1.1978073794053607E+001                  3.5516380728976046E-005                  4.1231563279862321E-001                  5.8764885082064788E-001                  2.1991397713194691E-112                  1.1564751550358444E-114                  0.0000000000000000E+000 
                                     538                  2.2332865732472554E-001                 -6.6402911429793121E-001                  6.5630162951443483E+000                 -2.5531015713103753E+000                  1.1994228583944276E+001                  3.5516380404976985E-005                  4.1231563777900404E-001                  5.8764884584059096E-001                  2.8125072426774911E-112                  1.5012319742154095E-114                  0.0000000000000000E+000 
                                     539                  2.2332826003013601E-001                 -6.6690266663250408E-001                  6.5680274848485558E+000                 -2.5312602985258339E+000                  1.2017991408779455E+001                  3.5516379920493926E-005                  4.1231564522627978E-001                  5.8764883839379967E-001                  4.0403843629950653E-112                  2.2045576718766980E-114                  0.0000000000000000E+000 
                                     540                  2.2332746544095691E-001                 -6.7253047971015512E-001                  6.5729421173314337E+000                 -2.5091749649926904E+000                  1.2041687601239152E+001                  3.5516379435631945E-005                  4.1231565267937947E-001                  5.8764883094118492E-001                  5.7659316047699753E-112                  3.2143780496009942E-114                  0.0000000000000000E+000 
                                     541                  2.2332706814636735E-001                 -6.7528354464738738E-001                  6.5761750696250552E+000                 -2.4948546723980654E+000                  1.2057177080339093E+001                  3.5516379112390579E-005                  4.1231565764811290E-001                  5.8764882597277479E-001                  7.2774790116192763E-112                  4.1145938242649815E-114                  0.0000000000000000E+000 
                                     542                  2.2332667085177782E-001                 -6.7799809415224011E-001                  6.5793709528883255E+000                 -2.4806908391452733E+000                  1.2072505097142718E+001                  3.5516371554308727E-005                  4.1231577382783435E-001                  5.8764870980061135E-001                  9.1563918231966905E-112                  5.2493407925249778E-114                  0.0000000000000000E+000 
                                     543                  2.2332627355718826E-001                 -6.8067492655926365E-001                  6.5825303944868558E+000                 -2.4666817858156116E+000                  1.2087673669129511E+001                  3.5516371554308727E-005                  4.1231577382783435E-001                  5.8764870980061135E-001                  1.1484865005976461E-111                  6.6751133477702098E-114                  0.0000000000000000E+000 
                                     544                  2.2332587626259873E-001                 -6.8331482607004423E-001                  6.5856540319981507E+000                 -2.4528259039609952E+000                  1.2102684824311337E+001                  3.5516371554308727E-005                  4.1231577382783435E-001                  5.8764870980061135E-001                  1.4361903280559926E-111                  8.4608996099858325E-114                  0.0000000000000000E+000 
                                     545                  2.2332547896800917E-001                 -6.8591856317631195E-001                  6.5887425099798662E+000                 -2.4391215858445001E+000                  1.2117540597880444E+001                  3.5516371554308727E-005                  4.1231577382783435E-001                  5.8764870980061135E-001                  1.7906426184759650E-111                  1.0690706129841957E-113                  0.0000000000000000E+000 
                                     546                  2.2332508167341963E-001                 -6.8848689465790924E-001                  6.5933150754742735E+000                 -2.4190851631239316E+000                  1.2139411712714841E+001                  3.5516371554308727E-005                  4.1231577382783435E-001                  5.8764870980061135E-001                  2.4786719619798348E-111                  1.5092787413381087E-113                  0.0000000000000000E+000 
                                     547                  2.2332428708424054E-001                 -6.9352229551049804E-001                  6.5978029078672407E+000                 -2.3988963656517863E+000                  1.2161197970991562E+001                  3.5516371554308727E-005                  4.1231577382783441E-001                  5.8764870980061135E-001                  3.4112580425701577E-111                  2.1175483254578997E-113                  0.0000000000000000E+000 
                                     548                  2.2332388978965098E-001                 -6.9598881629002651E-001                  6.6007573375645041E+000                 -2.3857824492075226E+000                  1.2175452805976484E+001                  3.5516371554308727E-005                  4.1231577382783435E-001                  5.8764870980061135E-001                  4.2054768899314978E-111                  2.6437982101149274E-113                  0.0000000000000000E+000 
                                     549                  2.2332349249506145E-001                 -6.9842282311198611E-001                  6.6036798507047303E+000                 -2.3728121558182727E+000                  1.2189562435537578E+001                  3.5516371554308727E-005                  4.1231577382783435E-001                  5.8764870980061135E-001                  5.1707589443962261E-111                  3.2914783581998151E-113                  0.0000000000000000E+000 
                                     550                  2.2332309520047189E-001                 -7.0082500514247903E-001                  6.6065710721922457E+000                 -2.3599838307266667E+000                  1.2203528881811380E+001                  3.5516371554308727E-005                  4.1231577382783435E-001                  5.8764870980061135E-001                  6.3409727330895287E-111                  4.0864592370266526E-113                  0.0000000000000000E+000 
                                     551                  2.2332269790588236E-001                 -7.0319603781892626E-001                  6.6108545447972853E+000                 -2.3412074162462533E+000                  1.2224105180465575E+001                  3.5516371554308727E-005                  4.1231577382783435E-001                  5.8764870980061135E-001                  8.5679449555891836E-111                  5.6231615341602868E-113                  0.0000000000000000E+000 
                                     552                  2.2332190331670326E-001                 -7.0784882307897645E-001                  6.6150623934599011E+000                 -2.3223286695826015E+000                  1.2244590668511499E+001                  3.5516371554308727E-005                  4.1231577382783435E-001                  5.8764870980061135E-001                  1.1517492311538753E-110                  7.6950630262339876E-113                  0.0000000000000000E+000 
                                     553                  2.2332150602211370E-001                 -7.1013032000515763E-001                  6.6178342511190689E+000                 -2.3100502143510937E+000                  1.2258004523233161E+001                  3.5516371554308727E-005                  4.1231577382783435E-001                  5.8764870980061135E-001                  1.3984177020266982E-110                  9.4533078704468526E-113                  0.0000000000000000E+000 
                                     554                  2.2332110872752417E-001                 -7.1238322641004703E-001                  6.6219425188163727E+000                 -2.2920645540554707E+000                  1.2277776164439608E+001                  3.5516371554308727E-005                  4.1231577382783435E-001                  5.8764870980061135E-001                  1.8622927128042082E-110                  1.2809264875336354E-112                  0.0000000000000000E+000 
                                     555                  2.2332031413834508E-001                 -7.1680696998733295E-001                  6.6259801578248112E+000                 -2.2740004155532141E+000                  1.2297455525681476E+001                  3.5515948263088848E-005                  4.1232228053993647E-001                  5.8764220351180052E-001                  2.4682040592783063E-110                  1.7267319141156029E-112                  0.0000000000000000E+000 
                                     556                  2.2331991684375552E-001                 -7.1897767250016886E-001                  6.6286408020687073E+000                 -2.2622413213282173E+000                  1.2310348023160753E+001                  3.5515732569966746E-005                  4.1232559606854685E-001                  5.8763888819888321E-001                  2.9693878624980322E-110                  2.1006602841411125E-112                  0.0000000000000000E+000 
                                     557                  2.2331951954916598E-001                 -7.2112211313153274E-001                  6.6312747784994048E+000                 -2.2506067863945400E+000                  1.2323114899952024E+001                  3.5515604043512001E-005                  4.1232757168476891E-001                  5.8763691271118756E-001                  3.5645012737771161E-110                  2.5496324852381442E-112                  0.0000000000000000E+000 
                                     558                  2.2331912225457642E-001                 -7.2324083687548979E-001                  6.6338825189812862E+000                 -2.2390951320979733E+000                  1.2335758015155738E+001                  3.5515413520128317E-005                  4.1233050019978534E-001                  5.8763398438669445E-001                  4.2696896001928458E-110                  3.0874989556815113E-112                  0.0000000000000000E+000 
                                     559                  2.2331872495998689E-001                 -7.2533437640665510E-001                  6.6377494650295965E+000                 -2.2222123676154926E+000                  1.2354406977443766E+001                  3.5515045072481027E-005                  4.1233616350403518E-001                  5.8762832145089239E-001                  5.5745608244877758E-110                  4.0965574572914683E-112                  0.0000000000000000E+000 
                                     560                  2.2331793037080780E-001                 -7.2944899707521238E-001                  6.6415521060090601E+000                 -2.2052735166456139E+000                  1.2372964027115763E+001                  3.5515044986976378E-005                  4.1233616481794799E-001                  5.8762832013706501E-001                  7.2466591941579622E-110                  5.4102817928899062E-112                  0.0000000000000000E+000 
                                     561                  2.2331753307621824E-001                 -7.3147004002854321E-001                  6.6440590089185996E+000                 -2.1942326769341873E+000                  1.2385130319144940E+001                  3.5515044929973365E-005                  4.1233616569388926E-001                  5.8762831926118075E-001                  8.6091346770574490E-110                  6.4947556731056775E-112                  0.0000000000000000E+000 
                                     562                  2.2331713578162871E-001                 -7.3346789116768862E-001                  6.6471600296296094E+000                 -2.1806508809599636E+000                  1.2400143126423304E+001                  3.5515044858719490E-005                  4.1233616678881663E-001                  5.8762831816632466E-001                  1.0647888156560897E-109                  8.1367033141220047E-112                  0.0000000000000000E+000 
                                     563                  2.2331653983974442E-001                 -7.3642248072460992E-001                  6.6508302420937842E+000                 -2.1645044305522001E+000                  1.2417968249197365E+001                  3.5515044773214875E-005                  4.1233616810272877E-001                  5.8762831685249806E-001                  1.3687802117890305E-109                  1.0619630785967920E-111                  0.0000000000000000E+000 
                                     564                  2.2331594389786008E-001                 -7.3932744158112618E-001                  6.6544481043702026E+000                 -2.1486005847057279E+000                  1.2435545496820612E+001                  3.5515044687710314E-005                  4.1233616941664092E-001                  5.8762831553867145E-001                  1.7521585461846405E-109                  1.3798416622730105E-111                  0.0000000000000000E+000 
                                     565                  2.2331534795597580E-001                 -7.4218423814408008E-001                  6.6580147693056722E+000                 -2.1329331934661422E+000                  1.2452880408383534E+001                  3.5515044602205692E-005                  4.1233617073055329E-001                  5.8762831422484452E-001                  2.2337248919249208E-109                  1.7850811645201376E-111                  0.0000000000000000E+000 
                                     566                  2.2331475201409146E-001                 -7.4499427752392011E-001                  6.6615313728372909E+000                 -2.1174964455941172E+000                  1.2469978394602466E+001                  3.5514987454722318E-005                  4.1233704889137124E-001                  5.8762743612117396E-001                  2.8362815056973588E-109                  2.2995533925175237E-111                  0.0000000000000000E+000 
                                     567                  2.2331415607220717E-001                 -7.4775891308019293E-001                  6.6649990360361597E+000                 -2.1022843905960040E+000                  1.2486844737911289E+001                  3.5514985909567303E-005                  4.1233707263510505E-001                  5.8762741237898530E-001                  3.5873653653693508E-109                  2.9500878160200375E-111                  0.0000000000000000E+000 
                                     568                  2.2331356013032289E-001                 -7.5047944480088069E-001                  6.6684188638889843E+000                 -2.0872916444771379E+000                  1.2503484592734360E+001                  3.5514984364412179E-005                  4.1233709637883970E-001                  5.8762738863679587E-001                  4.5201518611597896E-109                  3.7694492835191637E-111                  0.0000000000000000E+000 
                                     569                  2.2331296418843855E-001                 -7.5315712411910840E-001                  6.6717919423990564E+000                 -2.0725128977062131E+000                  1.2519902986576410E+001                  3.5514982819257055E-005                  4.1233712012257429E-001                  5.8762736489460643E-001                  5.6744549497132271E-109                  4.7975280990249306E-111                  0.0000000000000000E+000 
                                     570                  2.2331236824655426E-001                 -7.5579315549097403E-001                  6.6756713358698585E+000                 -2.0555994677515952E+000                  1.2538747323177359E+001                  3.5514981016576160E-005                  4.1233714782359726E-001                  5.8762733719538618E-001                  7.3648135816435499E-109                  6.3256055304766677E-111                  0.0000000000000000E+000 
                                     571                  2.2331157365737517E-001                 -7.5924541976321214E-001                  6.6800286029538700E+000                 -2.0365299839589155E+000                  1.2559976558778141E+001                  3.5514978956369337E-005                  4.1233717948190990E-001                  5.8762730553913367E-001                  9.8643988825906211E-109                  8.6234201189567739E-111                  0.0000000000000000E+000 
                                     572                  2.2331077906819607E-001                 -7.6262830830160233E-001                  6.6832432673276063E+000                 -2.0223550125333278E+000                  1.2575718543334345E+001                  3.5514977411214220E-005                  4.1233720322564449E-001                  5.8762728179694435E-001                  1.2234033888627609E-108                  1.0834817497796423E-110                  0.0000000000000000E+000 
                                     573                  2.2331038177360651E-001                 -7.6429426409454204E-001                  6.6853650852255466E+000                 -2.0130841044072909E+000                  1.2586060502415013E+001                  3.5514976381110829E-005                  4.1233721905480059E-001                  5.8762726596881831E-001                  1.4095732764039135E-108                  1.2590911566204364E-110                  0.0000000000000000E+000 
                                     574                  2.2330998447901698E-001                 -7.6594381557057012E-001                  6.6885162723698919E+000                 -1.9994333963106532E+000                  1.2601352435460763E+001                  3.5514974835955678E-005                  4.1233724279853518E-001                  5.8762724222662888E-001                  1.7384848268805979E-108                  1.5727195030118645E-110                  0.0000000000000000E+000 
                                     575                  2.2330918988983789E-001                 -7.6919536251382958E-001                  6.6926503619053284E+000                 -1.9814245085515751E+000                  1.2621520271174061E+001                  3.5494694092977134E-005                  4.1264877556649093E-001                  5.8731572973941604E-001                  2.2898223745053355E-108                  2.1034369362398100E-110                  0.0000000000000000E+000 
                                     576                  2.2330839530065880E-001                 -7.7238501436824480E-001                  6.6957019338396782E+000                 -1.9680227437892239E+000                  1.2636480259661303E+001                  3.5485284146012217E-005                  4.1279321186632018E-001                  5.8717130284953378E-001                  2.8048812202751852E-108                  2.6066990789231006E-110                  0.0000000000000000E+000 
                                     577                  2.2330799800606924E-001                 -7.7395704388297926E-001                  6.6977168429104994E+000                 -1.9592540190273027E+000                  1.2646314535965013E+001                  3.5476768139139261E-005                  4.1292381419673752E-001                  5.8704070903512329E-001                  3.2059171033630117E-108                  3.0018724945302014E-110                  0.0000000000000000E+000 
                                     578                  2.2330760071147970E-001                 -7.7551439335155248E-001                  6.7007103271624784E+000                 -1.9463384280051406E+000                  1.2660864408352275E+001                  3.5460630065485390E-005                  4.1317118488815996E-001                  5.8679335448177450E-001                  3.9082021037528698E-108                  3.6996424711058736E-110                  0.0000000000000000E+000 
                                     579                  2.2330680612230061E-001                 -7.7858651661934319E-001                  6.7046403484919566E+000                 -1.9292142657066262E+000                  1.2680059809481650E+001                  3.5459978063422001E-005                  4.1318116877089955E-001                  5.8678337125103708E-001                  5.0639812041030722E-108                  4.8691773176830706E-110                  0.0000000000000000E+000 
                                     580                  2.2330601153312152E-001                 -7.8160262622012766E-001                  6.7085071148021873E+000                 -1.9123831062950232E+000                  1.2698949236693545E+001                  3.5459321403285226E-005                  4.1319122390492158E-001                  5.8677331677367506E-001                  6.5296664485751897E-108                  6.3754044250583543E-110                  0.0000000000000000E+000 
                                     581                  2.2330521694394243E-001                 -7.8456461484522444E-001                  6.7123125402665558E+000                 -1.8958365028815742E+000                  1.2717541213362981E+001                  3.5458678717368405E-005                  4.1320106528509659E-001                  5.8676347603618606E-001                  8.3799773622115149E-108                  8.3059639772799065E-110                  0.0000000000000000E+000 
                                     582                  2.2330442235476333E-001                 -7.8747429025821669E-001                  6.7160584547589277E+000                 -1.8795663161430594E+000                  1.2735843964798176E+001                  3.5458050005671450E-005                  4.1321069291142498E-001                  5.8675384903856931E-001                  1.0705669702165016E-107                  1.0768934632893614E-109                  0.0000000000000000E+000 
                                     583                  2.2330362776558424E-001                 -7.9033337979985685E-001                  6.7188276109338014E+000                 -1.8674674905246342E+000                  1.2749429684601617E+001                  3.5457528397610825E-005                  4.1321867958245551E-001                  5.8674586288914687E-001                  1.2827726995834983E-107                  1.3044768734699859E-109                  0.0000000000000000E+000 
                                     584                  2.2330323047099471E-001                 -7.9174432232496572E-001                  6.7206576587092171E+000                 -1.8595344114392129E+000                  1.2758370582210336E+001                  3.5457155815846109E-005                  4.1322438403664841E-001                  5.8674015880753583E-001                  1.4451389605363317E-107                  1.4801812320365880E-109                  0.0000000000000000E+000 
                                     585                  2.2330283317640515E-001                 -7.9314323645915075E-001                  6.7233789448962957E+000                 -1.8478257260080873E+000                  1.2771612974963279E+001                  3.5456582968979264E-005                  4.1323315447178388E-001                  5.8673138894524712E-001                  1.7245351685390449E-107                  1.7852818052385429E-109                  0.0000000000000000E+000 
                                     586                  2.2330203858722605E-001                 -7.9590604025590295E-001                  6.7269564803241053E+000                 -1.8323389644636272E+000                  1.2789094543399363E+001                  3.5455753960130519E-005                  4.1324584590325103E-001                  5.8671869834278878E-001                  2.1750591709796211E-107                  2.2833726938451036E-109                  0.0000000000000000E+000 
                                     587                  2.2330124399804696E-001                 -7.9862299962810457E-001                  6.7304810451836401E+000                 -1.8170987397284732E+000                  1.2806317017027590E+001                  3.5454855080182255E-005                  4.1325960610395290E-001                  5.8670493904096688E-001                  2.7322887340578319E-107                  2.9080144096088449E-109                  0.0000000000000000E+000 
                                     588                  2.2330044940886787E-001                 -8.0129555926264306E-001                  6.7339541002105436E+000                 -1.8020979408180640E+000                  1.2823287284153791E+001                  3.5453979490600527E-005                  4.1327301004824285E-001                  5.8669153597226653E-001                  3.4189278774420151E-107                  3.6882735657877947E-109                  0.0000000000000000E+000 
                                     589                  2.2329965481968878E-001                 -8.0392510030488995E-001                  6.7373770436887979E+000                 -1.7873299302467665E+000                  1.2840011994400824E+001                  3.5453103901018852E-005                  4.1328641399253269E-001                  5.8667813290356630E-001                  4.2619837865611943E-107                  4.6591809640413032E-109                  0.0000000000000000E+000 
                                     590                  2.2329886023050968E-001                 -8.0651294500144888E-001                  6.7407512129223566E+000                 -1.7727882375175614E+000                  1.2856497567747729E+001                  3.5452228311437178E-005                  4.1329981793682247E-001                  5.8666472983486617E-001                  5.2934680396368719E-107                  5.8628252568491777E-109                  0.0000000000000000E+000 
                                     591                  2.2329806564133059E-001                 -8.0906035931471754E-001                  6.7440776646584633E+000                 -1.7584986228148676E+000                  1.2872750203229694E+001                  3.5435866974973267E-005                  4.1355010483261750E-001                  5.8641445930040748E-001                  6.5544004574123658E-107                  7.3459207313375774E-109                  0.0000000000000000E+000 
                                     592                  2.2329727105215150E-001                 -8.1156874224217668E-001                  6.7473576553034453E+000                 -1.7443883736853634E+000                  1.2888775914381077E+001                  3.5435648314755967E-005                  4.1355344971064328E-001                  5.8641111464104201E-001                  8.0833861741980785E-107                  9.1750766535956204E-109                  0.0000000000000000E+000 
                                     593                  2.2329647646297240E-001                 -8.1403905415670197E-001                  6.7505925989241451E+000                 -1.7304863881878416E+000                  1.2904580479497760E+001                  3.5435429654538648E-005                  4.1355679458866895E-001                  5.8640776998167654E-001                  9.9355922103800557E-107                  1.1418933097509932E-108                  0.0000000000000000E+000 
                                     594                  2.2329568187379331E-001                 -8.1647240911141272E-001                  6.7537836143538392E+000                 -1.7167869866865701E+000                  1.2920169480703812E+001                  3.5435210994321307E-005                  4.1356013946669490E-001                  5.8640442532231085E-001                  1.2172354154441986E-106                  1.4162386414070418E-108                  0.0000000000000000E+000 
                                     595                  2.2329488728461422E-001                 -8.1886987503938746E-001                  6.7569317789100323E+000                 -1.7032847914468259E+000                  1.2935548311453749E+001                  3.5434944165794985E-005                  4.1356422128127113E-001                  5.8640034377456307E-001                  1.4865352185169298E-106                  1.7505834743216657E-108                  0.0000000000000000E+000 
                                     596                  2.2329409269543513E-001                 -8.2123247663631882E-001                  6.7600381352328300E+000                 -1.6899743222511967E+000                  1.2950722183848930E+001                  3.5434727296221146E-005                  4.1356753876388597E-001                  5.8639702650881786E-001                  1.8098042154505772E-106                  2.1567787545850851E-108                  0.0000000000000000E+000 
                                     597                  2.2329329810625603E-001                 -8.2356119593648491E-001                  6.7631036937731031E+000                 -1.6768505062411134E+000                  1.2965696135466480E+001                  3.5434560385599794E-005                  4.1357009191453914E-001                  5.8639447352507523E-001                  2.1967456650524340E-106                  2.6487619534699554E-108                  0.0000000000000000E+000 
                                     598                  2.2329250351707694E-001                 -8.2585697561090554E-001                  6.7661294325889632E+000                 -1.6639084953073737E+000                  1.2980475036109731E+001                  3.5434425527496262E-005                  4.1357215468733960E-001                  5.8639241088713290E-001                  2.6586106067759093E-106                  3.2428837849425204E-108                  0.0000000000000000E+000 
                                     599                  2.2329170892789785E-001                 -8.2812072116080215E-001                  6.7701072496379702E+000                 -1.6470317482010757E+000                  1.2999819542510217E+001                  3.5434312686756872E-005                  4.1357388046270938E-001                  5.8639068522460391E-001                  3.4136119915729677E-106                  4.2273457523234068E-108                  0.0000000000000000E+000 
                                     600                  2.2329038461259937E-001                 -8.3182535038791094E-001                  6.7737674661896703E+000                 -1.6312653020071988E+000                  1.3017795398873272E+001                  3.5434131259900972E-005                  4.1357665542365185E-001                  5.8638791044508820E-001                  4.2962665254320689E-106                  5.3948504458605856E-108                  0.0000000000000000E+000 
                                     601                  2.2328972245495016E-001                 -8.3364607948326297E-001                  6.7761788699786019E+000                 -1.6209813802726927E+000                  1.3029572039042755E+001                  3.5434003148647697E-005                  4.1357861489228748E-001                  5.8638595110456393E-001                  4.9963804529358377E-106                  6.3315607664856684E-108                  0.0000000000000000E+000 
                                     602                  2.2328906029730092E-001                 -8.3544658028326391E-001                  6.7785653718119709E+000                 -1.6108101721363608E+000                  1.3041226888013576E+001                  3.5433874298313812E-005                  4.1358058565756850E-001                  5.8638398046813323E-001                  5.8000625506384629E-106                  7.4166478225248236E-108                  0.0000000000000000E+000 
                                     603                  2.2328839813965171E-001                 -8.3722729354388059E-001                  6.7809274506102355E+000                 -1.6007493955375003E+000                  1.3052762306305707E+001                  3.5433726185173685E-005                  4.1358285101693448E-001                  5.8638171525688032E-001                  6.7210892422963451E-106                  8.6713645615411679E-108                  0.0000000000000000E+000 
                                     604                  2.2328773598200247E-001                 -8.3898864642713034E-001                  6.7844298352230963E+000                 -1.5859670244304631E+000                  1.3069779095211112E+001                  3.5433478331721845E-005                  4.1358664184809601E-001                  5.8637792467357230E-001                  8.3565302204032705E-106                  1.0924556244887262E-107                  0.0000000000000000E+000 
                                     605                  2.2328641166670399E-001                 -8.4245544434031683E-001                  6.7890126520164289E+000                 -1.5664747476475616E+000                  1.3092164229760611E+001                  3.5433106119934554E-005                  4.1359233473899587E-001                  5.8637223215488421E-001                  1.1107313461531765E-105                  1.4772810642008102E-107                  0.0000000000000000E+000 
                                     606                  2.2328508735140551E-001                 -8.4584957117457193E-001                  6.7923870903950183E+000                 -1.5520226287799765E+000                  1.3108727364092866E+001                  3.5432829758566309E-005                  4.1359656143806445E-001                  5.8636800573217696E-001                  1.3691959807734994E-105                  1.8442089997982758E-107                  0.0000000000000000E+000 
                                     607                  2.2328442519375630E-001                 -8.4752008645892285E-001                  6.7946120746989607E+000                 -1.5425791955999217E+000                  1.3119592444015497E+001                  3.5432646815032547E-005                  4.1359935930974195E-001                  5.8636520804344294E-001                  1.5709986513531857E-105                  2.1337008335966605E-107                  0.0000000000000000E+000 
                                     608                  2.2328376303610706E-001                 -8.4917354392869504E-001                  6.7979132225214975E+000                 -1.5286868694291016E+000                  1.3135634854182753E+001                  3.5432375176690674E-005                  4.1360351355817715E-001                  5.8636105406664618E-001                  1.9252382853262461E-105                  2.6472370006309367E-107                  0.0000000000000000E+000 
                                     609                  2.2328243872080858E-001                 -8.5243108874485551E-001                  6.8011602202155306E+000                 -1.5148164699374178E+000                  1.3151568297042354E+001                  3.5432101286188199E-005                  4.1360770219799931E-001                  5.8635686570071455E-001                  2.3515942858173272E-105                  3.2728213803511401E-107                  0.0000000000000000E+000 
                                     610                  2.2328177656315934E-001                 -8.5403540407961709E-001                  6.8033020095776120E+000                 -1.5057460165861003E+000                  1.3162026388559216E+001                  3.5431917861628757E-005                  4.1361050729207649E-001                  5.8635406079006192E-001                  2.6821773477129016E-105                  3.7627465548225442E-107                  0.0000000000000000E+000 
                                     611                  2.2328111440551013E-001                 -8.5562398252453775E-001                  6.8064809588105630E+000                 -1.4923925274441656E+000                  1.3177476450957737E+001                  3.5431641478452808E-005                  4.1361473393448606E-001                  5.8634983442403543E-001                  3.2584864427086946E-105                  4.6254695458711453E-107                  0.0000000000000000E+000 
                                     612                  2.2327979009021165E-001                 -8.5875553052500697E-001                  6.8106472610009874E+000                 -1.4747704805427895E+000                  1.3197822391708540E+001                  3.5431269795513499E-005                  4.1362041786477177E-001                  5.8634415086543279E-001                  4.2038725163512341E-105                  6.0601923819157664E-107                  0.0000000000000000E+000 
                                     613                  2.2327846577491314E-001                 -8.6182768391826270E-001                  6.8147389635129514E+000                 -1.4574821016370301E+000                  1.3217802696320868E+001                  3.5430895462686814E-005                  4.1362614223465943E-001                  5.8633842686987792E-001                  5.3949395122176629E-105                  7.8955452954607904E-107                  0.0000000000000000E+000 
                                     614                  2.2327714145961469E-001                 -8.6484267151155614E-001                  6.8177572997371252E+000                 -1.4446506557489236E+000                  1.3232605583336191E+001                  3.5430611416480662E-005                  4.1363048577377520E-001                  5.8633408361480832E-001                  6.4832700460545306E-105                  9.5943669896838195E-107                  0.0000000000000000E+000 
                                     615                  2.2327647930196545E-001                 -8.6632923119279248E-001                  6.8197496714402543E+000                 -1.4362477394701385E+000                  1.3242331879095016E+001                  3.5430420232315679E-005                  4.1363340924790326E-001                  5.8633116033186439E-001                  7.3167726264458290E-105                  1.0907425449541412E-106                  0.0000000000000000E+000 
                                     616                  2.2327581714431621E-001                 -8.6780228594495490E-001                  6.8222063134846200E+000                 -1.4259274217922624E+000                  1.3254298814160128E+001                  3.5430179407695891E-005                  4.1363709174788998E-001                  5.8632747807270236E-001                  8.4907951171522266E-105                  1.2772227340426922E-106                  0.0000000000000000E+000 
                                     617                  2.2327483118812433E-001                 -8.6997126648011713E-001                  6.8251097204694489E+000                 -1.4136954197598475E+000                  1.3268472458237916E+001                  3.5429893729246875E-005                  4.1364146008049496E-001                  5.8632311002577575E-001                  1.0121146803775111E-104                  1.5387479740059904E-106                  0.0000000000000000E+000 
                                     618                  2.2327384523193239E-001                 -8.7211163116590951E-001                  6.8294027657641605E+000                 -1.3958029800825060E+000                  1.3289298659541894E+001                  3.5429467268157810E-005                  4.1364798105823780E-001                  5.8631658947449405E-001                  1.3108630872148412E-104                  2.0244580121715801E-106                  0.0000000000000000E+000 
                                     619                  2.2327187331954856E-001                 -8.7631040786064240E-001                  6.8336038979743261E+000                 -1.3779561342748154E+000                  1.3309936769669935E+001                  3.5429041109064601E-005                  4.1365449730224008E-001                  5.8631007365665089E-001                  1.6885318955776794E-104                  2.6479529539790243E-106                  0.0000000000000000E+000 
                                     620                  2.2327088736335668E-001                 -8.7836934968843872E-001                  6.8363662181919844E+000                 -1.3663496968513063E+000                  1.3323419428797919E+001                  3.5428758575577170E-005                  4.1365881733518728E-001                  5.8630575390623707E-001                  1.9930099826259274E-104                  3.1569831995183576E-106                  0.0000000000000000E+000 
                                     621                  2.2326990140716474E-001                 -8.8040253008370806E-001                  6.8404533146136766E+000                 -1.3493508559529603E+000                  1.3343249352378253E+001                  3.5428337134208138E-005                  4.1366526119002617E-001                  5.8629931047283956E-001                  2.5446257578496672E-104                  4.0909608445091029E-106                  0.0000000000000000E+000 
                                     622                  2.2326792949478097E-001                 -8.8439494125284202E-001                  6.8444566610070643E+000                 -1.3323952193071795E+000                  1.3362907538618616E+001                  3.5427915702723329E-005                  4.1367170478318105E-001                  5.8629286730111629E-001                  3.2328956412092664E-104                  5.2733111273619272E-106                  0.0000000000000000E+000 
                                     623                  2.2326694353858903E-001                 -8.8635463512283441E-001                  6.8470905050494641E+000                 -1.3213546443047186E+000                  1.3375762001704674E+001                  3.5427637777122270E-005                  4.1367595410978653E-001                  5.8628861825243628E-001                  3.7820558261460221E-104                  6.2280027181714027E-106                  0.0000000000000000E+000 
                                     624                  2.2326595758239709E-001                 -8.8829102077855659E-001                  6.8509897922138920E+000                 -1.3051658393801422E+000                  1.3394684643702364E+001                  3.5427225431803804E-005                  4.1368225849644907E-001                  5.8628231427811905E-001                  4.7667851141055606E-104                  7.9606027571089937E-106                  0.0000000000000000E+000 
                                     625                  2.2326398567001332E-001                 -8.9209674171208897E-001                  6.8560788621478128E+000                 -1.2838559969702812E+000                  1.3419529191540931E+001                  3.5426680967347333E-005                  4.1369058270316461E-001                  5.8627399061586805E-001                  6.4443584712118487E-104                  1.0960679860652476E-105                  0.0000000000000000E+000 
                                     626                  2.2326201375762950E-001                 -8.9581564250760637E-001                  6.8598167786021245E+000                 -1.2680833906516216E+000                  1.3437877441516669E+001                  3.5426274982120654E-005                  4.1369678964114542E-001                  5.8626778408387248E-001                  8.0390698500126478E-104                  1.3857244896579171E-105                  0.0000000000000000E+000 
                                     627                  2.2326102780143758E-001                 -8.9764349514012653E-001                  6.8622779374182095E+000                 -1.2577959775707808E+000                  1.3449890420599843E+001                  3.5426005421240506E-005                  4.1370091080348409E-001                  5.8626366319109469E-001                  9.2940450843612539E-104                  1.6162013548771188E-105                  0.0000000000000000E+000 
                                     628                  2.2326004184524567E-001                 -8.9945111472173866E-001                  6.8659244133051640E+000                 -1.2426880169382779E+000                  1.3467595396275945E+001                  3.5425596416574535E-005                  4.1370716388930245E-001                  5.8625741051428104E-001                  1.1513882453926146E-103                  2.0284288380857660E-105                  0.0000000000000000E+000 
                                     629                  2.2325806993286185E-001                 -9.0300798233102586E-001                  6.8706893748344475E+000                 -1.2227852682731515E+000                  1.3490862890019587E+001                  3.5425071553225287E-005                  4.1371518794594309E-001                  5.8624938698250362E-001                  1.5226251752244887E-103                  2.7282921683502963E-105                  0.0000000000000000E+000 
                                     630                  2.2325609802047805E-001                 -9.0648912990806829E-001                  6.8741933287689170E+000                 -1.2080416684419235E+000                  1.3508062617663645E+001                  3.5424690620136381E-005                  4.1372101138698952E-001                  5.8624356392239041E-001                  1.8694287714961112E-103                  3.3916010919912843E-105                  0.0000000000000000E+000 
                                     631                  2.2325511206428611E-001                 -9.0820209272182728E-001                  6.8765020614093393E+000                 -1.1984113463089738E+000                  1.3519336144565921E+001                  3.5424440603129195E-005                  4.1372483339748589E-001                  5.8623974216191099E-001                  2.1390932057385392E-103                  3.9126892013849295E-105                  0.0000000000000000E+000 
                                     632                  2.2325412610809423E-001                 -9.0989732792427414E-001                  6.8799250805202057E+000                 -1.1842489875262427E+000                  1.3535968839738317E+001                  3.5424071485196524E-005                  4.1373047598793006E-001                  5.8623409994058473E-001                  2.6104432650471927E-103                  4.8329572237720421E-105                  0.0000000000000000E+000 
                                     633                  2.2325215419571040E-001                 -9.1323652538630085E-001                  6.8844029691542667E+000                 -1.1655788776705878E+000                  1.3557845462901234E+001                  3.5423576312219534E-005                  4.1373804546145682E-001                  5.8622653096223099E-001                  3.3860978473490425E-103                  6.3687245451593934E-105                  0.0000000000000000E+000 
                                     634                  2.2325018228332658E-001                 -9.1650910360578586E-001                  6.8887923652440897E+000                 -1.1472862772237282E+000                  1.3579294399264345E+001                  3.5423101166213837E-005                  4.1374530855827513E-001                  5.8621926834055871E-001                  4.3663570911596449E-103                  8.3401144446884983E-105                  0.0000000000000000E+000 
                                     635                  2.2324821037094278E-001                 -9.1971773334910722E-001                  6.8930965448383930E+000                 -1.1293561763252187E+000                  1.3600331935840998E+001                  3.5422637907092960E-005                  4.1375238981536666E-001                  5.8621218754672633E-001                  5.5985748436908270E-103                  1.0856293667259389E-104                  0.0000000000000000E+000 
                                     636                  2.2324623845855895E-001                 -9.2286492780527973E-001                  6.8962670442456284E+000                 -1.1160579329978839E+000                  1.3615904327577597E+001                  3.5422301799581319E-005                  4.1375752730919707E-001                  5.8620705038900334E-001                  6.7219560349275136E-103                  1.3179965138357750E-104                  0.0000000000000000E+000 
                                     637                  2.2324525250236707E-001                 -9.2441606176497659E-001                  6.8983581981429083E+000                 -1.1073538100692832E+000                  1.3626127417401303E+001                  3.5422082985566844E-005                  4.1376087186497262E-001                  5.8620370605204175E-001                  7.5808717541923621E-103                  1.4972963332228260E-104                  0.0000000000000000E+000 
                                     638                  2.2324426654617513E-001                 -9.2595271865688289E-001                  6.9014617597679342E+000                 -1.0945286981283409E+000                  1.3641233152614056E+001                  3.5421761285386644E-005                  4.1376578892286475E-001                  5.8619878931584979E-001                  9.0573225385295635E-103                  1.8083612212600250E-104                  0.0000000000000000E+000 
                                     639                  2.2324229463379131E-001                 -9.2898401098545547E-001                  6.9055282828895548E+000                 -1.0776043763311303E+000                  1.3661125535348670E+001                  3.5421334275143751E-005                  4.1377231560546168E-001                  5.8619226306026317E-001                  1.1432466918483471E-102                  2.3150762115993191E-104                  0.0000000000000000E+000 
                                     640                  2.2324032272140754E-001                 -9.3196057735467486E-001                  6.9095210977307078E+000                 -1.0609905832100619E+000                  1.3680663327705263E+001                  3.5420911361845402E-005                  4.1377877963487586E-001                  5.8618579945376226E-001                  1.4360832653001737E-102                  2.9486142802700209E-104                  0.0000000000000000E+000 
                                     641                  2.2323835080902371E-001                 -9.3488441091017549E-001                  6.9134427253810351E+000                 -1.0446760331532827E+000                  1.3699858922156052E+001                  3.5420502031432271E-005                  4.1378503590610372E-001                  5.8617954359186486E-001                  1.7955479483133140E-102                  3.7370279410335929E-104                  0.0000000000000000E+000 
                                     642                  2.2323637889663991E-001                 -9.3775739737846797E-001                  6.9172955606016160E+000                 -1.0286500892507635E+000                  1.3718724082666439E+001                  3.5420088560674483E-005                  4.1379135546937656E-001                  5.8617322444206277E-001                  2.2349432170975419E-102                  4.7137743407145219E-104                  0.0000000000000000E+000 
                                     643                  2.2323440698425609E-001                 -9.4058132294916119E-001                  6.9201384623869702E+000                 -1.0167501851412359E+000                  1.3732707227839578E+001                  3.5419791427560349E-005                  4.1379589678867523E-001                  5.8616868341989714E-001                  2.6262506942199609E-102                  5.5935752198774107E-104                  0.0000000000000000E+000 
                                     644                  2.2323342102806421E-001                 -9.4197529930343482E-001                  6.9220154636194087E+000                 -1.0089457805671060E+000                  1.3741901336179195E+001                  3.5419599353868911E-005                  4.1379883234500403E-001                  5.8616574805564214E-001                  2.9206170715462425E-102                  6.2608078367216347E-104                  0.0000000000000000E+000 
                                     645                  2.2323243507187226E-001                 -9.4335764131732225E-001                  6.9248040111123927E+000                 -9.9742462038837643E-001                  1.3755506970826749E+001                  3.5419315245780294E-005                  4.1380317447424353E-001                  5.8616140621051072E-001                  3.4185411514013894E-102                  7.3986701823357778E-104                  0.0000000000000000E+000 
                                     646                  2.2323046315948844E-001                 -9.4608843733768622E-001                  6.9284636821749652E+000                 -9.8220566521703234E-001                  1.3773445696782700E+001                  3.5418950161230957E-005                  4.1380875404299799E-001                  5.8615582700684077E-001                  4.2021619916330939E-102                  9.2093858776997344E-104                  0.0000000000000000E+000 
                                     647                  2.2322849124710464E-001                 -9.4877499735501192E-001                  6.9320630287555334E+000                 -9.6723773838590210E-001                  1.3791095533981110E+001                  3.5418600137066499E-005                  4.1381410327310386E-001                  5.8615047812675902E-001                  5.1453721017151952E-102                  1.1416102223648991E-103                  0.0000000000000000E+000 
                                     648                  2.2322651933472082E-001                 -9.5141877129953623E-001                  6.9356039219494479E+000                 -9.5251259640493191E-001                  1.3808465658122813E+001                  3.5418257623077675E-005                  4.1381933771095153E-001                  5.8614524403142543E-001                  6.2766799708292847E-102                  1.4095341841741892E-103                  0.0000000000000000E+000 
                                     649                  2.2322454742233705E-001                 -9.5402113849301939E-001                  6.9390881457596914E+000                 -9.3802237447812253E-001                  1.3825564819378267E+001                  3.5417921413307954E-005                  4.1382447577681153E-001                  5.8614010630177515E-001                  7.6289836434859984E-102                  1.7336502865970703E-103                  0.0000000000000000E+000 
                                     650                  2.2322257550995322E-001                 -9.5658341204272979E-001                  6.9425174021992655E+000                 -9.2375954698012386E-001                  1.3842401367882719E+001                  3.5417603881792590E-005                  4.1382932824321345E-001                  5.8613525415290479E-001                  9.2401360930083762E-102                  2.1243713555649504E-103                  0.0000000000000000E+000 
                                     651                  2.2322060359756943E-001                 -9.5910684280411718E-001                  6.9458933158058356E+000                 -9.0971696236009036E-001                  1.3858983277354218E+001                  3.5417303990850745E-005                  4.1383391097679489E-001                  5.8613067171921429E-001                  1.1153578899229913E-101                  2.5937885884117794E-103                  0.0000000000000000E+000 
                                     652                  2.2321863168518560E-001                 -9.6159262336898899E-001                  6.9492174375458386E+000                 -8.9588783431503649E-001                  1.3875318167044444E+001                  3.5417000986866543E-005                  4.1383854131028552E-001                  5.8612604168872762E-001                  3.2992067158618347E-201                  3.1559005653721710E-103                  0.0000000000000000E+000 
                                     653                  2.2321665977280178E-001                 -9.6404189182470668E-001                  6.9524912489374424E+000                 -8.8226563642318190E-001                  1.3891413322168846E+001                  3.5416694869840000E-005                  4.1384321924368561E-001                  5.8612136406144455E-001                  1.6093285249141294E-101                  3.8268726482960337E-103                  0.0000000000000000E+000 
                                     654                  2.2321468786041798E-001                 -9.6645573475613589E-001                  6.9557161669028087E+000                 -8.6884412157235147E-001                  1.3907275712869124E+001                  3.5416389790494161E-005                  4.1384788131044981E-001                  5.8611670229975976E-001                  3.7722681931384137E-201                  4.6253215116138577E-103                  0.0000000000000000E+000 
                                     655                  2.2321271594803416E-001                 -9.6883519022935927E-001                  6.9604733855398377E+000                 -8.4925354255352359E-001                  1.3930523993429013E+001                  3.5413523926967154E-005                  4.1389166974334846E-001                  5.8607291673272455E-001                  4.1580122184210552E-201                  6.1092660322391647E-103                  0.0000000000000000E+000 
                                     656                  2.2320877212326656E-001                 -9.7349602345704733E-001                  6.9651106777895144E+000                 -8.2972739958638331E-001                  1.3953533054063980E+001                  3.5413482914504522E-005                  4.1389229637456848E-001                  5.8607229014251705E-001                  4.5755612544131640E-201                  8.0147950979498783E-103                  0.0000000000000000E+000 
                                     657                  2.2320680021088274E-001                 -9.7577813094638788E-001                  6.9681530207163203E+000                 -8.1705072285931235E-001                  1.3968528493289533E+001                  3.5413455989331439E-005                  4.1389270776585951E-001                  5.8607187877815115E-001                  4.8699923033469209E-201                  9.5700907777254544E-103                  0.0000000000000000E+000 
                                     658                  2.2320482829849891E-001                 -9.7802956824582687E-001                  6.9711527289284065E+000                 -8.0454737223477479E-001                  1.3983321868538084E+001                  3.5413429975183606E-005                  4.1389310523840311E-001                  5.8607148133162168E-001                  5.1784570937559954E-201                  1.1395018161205091E-102                  0.0000000000000000E+000 
                                     659                  2.2320285638611512E-001                 -9.8025116984677296E-001                  6.9741109058510684E+000                 -7.9221254589182799E-001                  1.3997918590946687E+001                  3.5413402477366127E-005                  4.1389352537862067E-001                  5.8607106121890196E-001                  5.5013886398840913E-201                  1.3530815523011019E-102                  0.0000000000000000E+000 
                                     660                  2.2320088447373129E-001                 -9.8244373605122037E-001                  6.9784800299355627E+000                 -7.7416244532735667E-001                  1.4019351185517046E+001                  3.5413359252413829E-005                  4.1389418581251214E-001                  5.8607040082823547E-001                  6.0123278475088833E-201                  1.7421537934708169E-102                  0.0000000000000000E+000 
                                     661                  2.2319694064896367E-001                 -9.8674565787713098E-001                  6.9841592219483184E+000                 -7.5043941629817368E-001                  1.4047432971399264E+001                  3.5413298530335036E-005                  4.1389511358221370E-001                  5.8606947311925595E-001                  6.7503290404254987E-201                  2.4185572775642620E-102                  0.0000000000000000E+000 
                                     662                  2.2319299682419602E-001                 -9.9094020400570237E-001                  6.9883142401218823E+000                 -7.3290772586492159E-001                  1.4068129704412373E+001                  3.5413236509294416E-005                  4.1389606117754274E-001                  5.8606852558594791E-001                  7.3486356602798715E-201                  3.0735033914143672E-102                  0.0000000000000000E+000 
                                     663                  2.2319102491181220E-001                 -9.9299852986578074E-001                  6.9910441697854191E+000                 -7.2149334074337634E-001                  1.4081649045596803E+001                  3.5413152562322402E-005                  4.1389734375596504E-001                  5.8606724309147262E-001                  7.7677829458756089E-201                  3.5954742936532171E-102                  0.0000000000000000E+000 
                                     664                  2.2318905299942843E-001                 -9.9503199872136039E-001                  6.9950803966721713E+000                 -7.0475817724501877E-001                  1.4101530853036284E+001                  3.5412853080989122E-005                  4.1390191934783088E-001                  5.8606266779908811E-001                  8.4279047411126971E-201                  4.5301263424177830E-102                  0.0000000000000000E+000 
                                     665                  2.2318510917466078E-001                 -9.9902744705984958E-001                  7.0003354869795045E+000                 -6.8273894144110814E-001                  1.4127613936303453E+001                  3.5412840610543514E-005                  4.1390210987312276E-001                  5.8606247728626670E-001                  9.3750447933012648E-201                  6.1180361176353008E-102                  3.6979056084928708E-057 
                                     666                  2.2318116534989313E-001                 -1.0029304109463677E+000                  7.0041862060258158E+000                 -6.6644798595435606E-001                  1.4146862064017645E+001                  3.5412831257709319E-005                  4.1390225276709164E-001                  5.8606233440165068E-001                  1.0138030695201077E-200                  7.6227750655036462E-102                  6.5179976654320539E-057 
                                     667                  2.2317919343750930E-001                 -1.0048482615818317E+000                  7.0067185432718082E+000                 -6.5582241405798836E-001                  1.4159453216755505E+001                  3.5412825022486356E-005                  4.1390234802973869E-001                  5.8606223914523881E-001                  1.0670392204420383E-200                  8.8043832786316430E-102                  9.5282682691759683E-057 
                                     668                  2.2317722152512551E-001                 -1.0067445767923091E+000                  7.0104660181797520E+000                 -6.4021751306161689E-001                  1.4177995101702813E+001                  3.5412815669652073E-005                  4.1390249092370796E-001                  5.8606209626062244E-001                  1.1505545713007047E-200                  1.0889495872033543E-101                  1.6682925288953195E-056 
                                     669                  2.2317327770035786E-001                 -1.0104750758373175E+000                  7.0153520657939694E+000                 -6.1966706745833544E-001                  1.4202347180949582E+001                  3.5412797019920669E-005                  4.1390277585703317E-001                  5.8606181134594693E-001                  1.2696958398507640E-200                  1.4362546389878143E-101                  3.4586525411696300E-056 
                                     670                  2.2316933387559021E-001                 -1.0141250322994484E+000                  7.0189371267005995E+000                 -6.0444784133913976E-001                  1.4220337712674405E+001                  3.5412796937833453E-005                  4.1390277711117124E-001                  5.8606181009189096E-001                  0.0000000000000000E+000                  0.0000000000000000E+000                  5.8998116355498626E-056 
                                     671                  2.2316736196320641E-001                 -1.0159206569264234E+000                  7.0212966158083754E+000                 -5.9450593053533085E-001                  1.4232120886375629E+001                  3.5412796878259721E-005                  4.1390277802134579E-001                  5.8606180918177597E-001                  0.0000000000000000E+000                  0.0000000000000000E+000                  8.3756747995405223E-056 
                                     672                  2.2316539005082259E-001                 -1.0176974313708156E+000                  7.0247909785875207E+000                 -5.7988385009943522E-001                  1.4249493425891261E+001                  3.5412796781625656E-005                  4.1390277949773274E-001                  5.8606180770548555E-001                  0.0000000000000000E+000                  0.0000000000000000E+000                  1.4052012752509986E-055 
                                     673                  2.2316144622605494E-001                 -1.0211964483981086E+000                  7.0293524075273837E+000                 -5.6061162348240112E-001                  1.4272331734049343E+001                  3.5412796698845404E-005                  4.1390278076245951E-001                  5.8606180644084160E-001                  0.0000000000000000E+000                  0.0000000000000000E+000                  2.7582761323613554E-055 
                                     674                  2.2315750240128729E-001                 -1.0246246398336689E+000                  7.0338140079872291E+000                 -5.4172918031561124E-001                  1.4294706800876083E+001                  3.5412796657281382E-005                  4.1390278139747988E-001                  5.8606180580586287E-001                  0.0000000000000000E+000                  0.0000000000000000E+000                  5.3247730061429452E-055 
                                     675                  2.2315355857651969E-001                 -1.0279848435960020E+000                  7.0370923503208198E+000                 -5.2772923915750580E-001                  1.4311257547428355E+001                  3.5412796621461409E-005                  4.1390278194474167E-001                  5.8606180525863683E-001                  0.0000000000000000E+000                  0.0000000000000000E+000                  8.6277398376767368E-055 
                                     676                  2.2315158666413587E-001                 -1.0296401037334082E+000                  7.0392518353235749E+000                 -5.1856755427653767E-001                  1.4322113184480205E+001                  3.5412796595426313E-005                  4.1390278234250888E-001                  5.8606180486089565E-001                  0.0000000000000000E+000                  0.0000000000000000E+000                  1.1846237944203168E-054 
                                     677                  2.2314961475175207E-001                 -1.0312793582501041E+000                  7.0424526810148347E+000                 -5.0507036724166543E-001                  1.4338139925834010E+001                  3.5412796553141161E-005                  4.1390278298854749E-001                  5.8606180421489940E-001                  0.0000000000000000E+000                  0.0000000000000000E+000                  1.8928448622736628E-054 
                                     678                  2.2314567092698442E-001                 -1.0345114186660840E+000                  7.0466363038607120E+000                 -4.8726318152651471E-001                  1.4359232369538843E+001                  3.5412796497838305E-005                  4.1390278383347051E-001                  5.8606180337003166E-001                  0.0000000000000000E+000                  0.0000000000000000E+000                  3.4897908671668603E-054 
                                     679                  2.2314172710221677E-001                 -1.0376830164536666E+000                  7.0507337161909041E+000                 -4.6978599489969397E-001                  1.4379929605864694E+001                  3.5412792032656514E-005                  4.1390285205306010E-001                  5.8606173515490723E-001                  0.0000000000000000E+000                  0.0000000000000000E+000                  6.3436822333434024E-054 
                                     680                  2.2313778327744913E-001                 -1.0407963716055786E+000                  7.0547478193764421E+000                 -4.5262590918578077E-001                  1.4400246281401381E+001                  3.5412789037434300E-005                  4.1390289781442818E-001                  5.8606168939653436E-001                  0.0000000000000000E+000                  0.0000000000000000E+000                  1.1375566616783534E-053 
                                     681                  2.2313383945268148E-001                 -1.0438535777266098E+000                  7.0595960800269664E+000                 -4.3589942848779822E-001                  1.4424839523311613E+001                  3.3423995852389296E-005                  4.4309822647566777E-001                  5.5686834952847986E-001                  0.0000000000000000E+000                  0.0000000000000000E+000                  2.7676437663308614E-053 
                                     682                  2.2312800723725582E-001                 -1.0483182320209947E+000                  7.0637935441290933E+000                 -4.1752937734724632E-001                  1.4446580080284985E+001                  3.3341550734652725E-005                  4.4413489008409007E-001                  5.5583176836517523E-001                  0.0000000000000000E+000                  0.0000000000000000E+000                  5.1238683828498351E-053 
                                     683                  2.2312509112954301E-001                 -1.0505079207124073E+000                  7.0665476733985768E+000                 -4.0557382328539660E-001                  1.4460770428734849E+001                  3.3286587322828331E-005                  4.4482599915637172E-001                  5.5514071425630540E-001                  0.0000000000000000E+000                  0.0000000000000000E+000                  7.6652082161721015E-053 
                                     684                  2.2312217502183018E-001                 -1.0526704161496399E+000                  7.0706140704975446E+000                 -3.8805232006031304E-001                  1.4481624179194432E+001                  3.3203965391440542E-005                  4.4587470406667118E-001                  5.5409209196793741E-001                  0.0000000000000000E+000                  0.0000000000000000E+000                  1.3867931609759378E-052 
                                     685                  2.2311634280640449E-001                 -1.0569172587392581E+000                  7.0758934835934149E+000                 -3.6499147241470276E-001                  1.4508974769974550E+001                  3.3094392195094386E-005                  4.4723283960747923E-001                  5.5273406600032571E-001                  0.0000000000000000E+000                  0.0000000000000000E+000                  2.9912707911925865E-052 
                                     686                  2.2311051059097883E-001                 -1.0610629296072607E+000                  7.0797506179791023E+000                 -3.4792429849919704E-001                  1.4529152297734951E+001                  3.3012570903369570E-005                  4.4822717588656652E-001                  5.5173981154253005E-001                  0.0000000000000000E+000                  0.0000000000000000E+000                  5.2413708638012433E-052 
                                     687                  2.2310759448326600E-001                 -1.0630989468087506E+000                  7.0822832952157011E+000                 -3.3679383232396343E-001                  1.4542342563861666E+001                  3.2958127976034858E-005                  4.4888252659874356E-001                  5.5108451527328040E-001                  0.0000000000000000E+000                  0.0000000000000000E+000                  7.5664740756193940E-052 
                                     688                  2.2310467837555320E-001                 -1.0651113905602092E+000                  7.0860253920164622E+000                 -3.2044852519472344E-001                  1.4561754478157409E+001                  3.2876620485755321E-005                  4.4985424245618866E-001                  5.5011288092332555E-001                  0.0000000000000000E+000                  0.0000000000000000E+000                  1.2995203688680806E-051 
                                     689                  2.2309884616012751E-001                 -1.0690682661528876E+000                  7.0896780535005410E+000                 -3.0414189964895499E-001                  1.4581009830153869E+001                  3.2795249530643178E-005                  4.5081645836974732E-001                  5.4915074638072203E-001                  0.0000000000000000E+000                  0.0000000000000000E+000                  2.2040749315309661E-051 
                                     690                  2.2309593005241468E-001                 -1.0710130823627091E+000                  7.0920774620666229E+000                 -2.9349446432173393E-001                  1.4593608569428897E+001                  3.2741164623440196E-005                  4.5144563145451927E-001                  5.4852162738085730E-001                  0.0000000000000000E+000                  0.0000000000000000E+000                  3.1152665869088960E-051 
                                     691                  2.2309301394470188E-001                 -1.0729363214876977E+000                  7.0956240874138663E+000                 -2.7784055638566962E-001                  1.4612165660633648E+001                  3.2660280856943377E-005                  4.5237093479527607E-001                  5.4759640492386696E-001                  0.0000000000000000E+000                  0.0000000000000000E+000                  5.1876931094993300E-051 
                                     692                  2.2308718172927619E-001                 -1.0767204091869231E+000                  7.1002358200733973E+000                 -2.5720443678399602E-001                  1.4636548248515668E+001                  3.2552635824652907E-005                  4.5359015349848791E-001                  5.4637729386568745E-001                  0.0000000000000000E+000                  0.0000000000000000E+000                  1.0064072017461882E-050 
                                     693                  2.2308134951385053E-001                 -1.0804234309256278E+000                  7.1036099813467422E+000                 -2.4190391873790620E-001                  1.4654568719860041E+001                  3.2472193132184822E-005                  4.5448129920043601E-001                  5.4548622860643181E-001                  0.0000000000000000E+000                  0.0000000000000000E+000                  1.6336928910767208E-050 
                                     694                  2.2307843340613770E-001                 -1.0822453206615925E+000                  7.1058276558450997E+000                 -2.3189822415102695E-001                  1.4666373607958704E+001                  3.2418699664974165E-005                  4.5506460522760778E-001                  5.4490297607272731E-001                  0.0000000000000000E+000                  0.0000000000000000E+000                  2.2442960871242567E-050 
                                     695                  2.2307551729842490E-001                 -1.0840481454714517E+000                  7.1091074086458059E+000                 -2.1716807251619780E-001                  1.4683781125871498E+001                  3.2338563077522970E-005                  4.5593239162035432E-001                  5.4403526981656813E-001                  0.0000000000000000E+000                  0.0000000000000000E+000                  3.5853461442803530E-050 
                                     696                  2.2306968508299921E-001                 -1.0875985276327278E+000                  7.1133752623152242E+000                 -1.9773188151458945E-001                  1.4706673693807971E+001                  3.2231976391327744E-005                  4.5706478898715142E-001                  5.4290297903645723E-001                  0.0000000000000000E+000                  0.0000000000000000E+000                  6.5938885987599015E-050 
                                     697                  2.2306385286757352E-001                 -1.0910769519477039E+000                  7.1175364935443985E+000                 -1.7866198638163153E-001                  1.4729109146228600E+001                  3.2125686339993622E-005                  4.5817014431441427E-001                  5.4179772999924580E-001                  0.0000000000000000E+000                  0.0000000000000000E+000                  1.1930021200260452E-049 
                                     698                  2.2305802065214789E-001                 -1.0944860886533652E+000                  7.1215947981938932E+000                 -1.5994100847396137E-001                  1.4751105267686219E+001                  3.2020060262987941E-005                  4.5923180221329940E-001                  5.4073617772643767E-001                  0.0000000000000000E+000                  0.0000000000000000E+000                  2.1245489802348794E-049 
                                     699                  2.2305218843672220E-001                 -1.0978284318981963E+000                  7.1255536515819626E+000                 -1.4156341241821646E-001                  1.4772678790624767E+001                  3.1913325351733758E-005                  4.6031182857791986E-001                  5.3965625809672835E-001                  0.0000000000000000E+000                  0.0000000000000000E+000                  3.7276823666085506E-049 
                                     700                  2.2304635622129654E-001                 -1.1011063966712809E+000                  7.1294163866839018E+000                 -1.2350284893972729E-001                  1.4793845489497054E+001                  3.1808662057713236E-005                  4.6131592175430691E-001                  5.3865226958363532E-001                  0.0000000000000000E+000                  0.0000000000000000E+000                  6.4441559363502476E-049 
                                     701                  2.2304052400587085E-001                 -1.1043221643512517E+000                  7.1331862226100089E+000                 -1.0575113310248957E-001                  1.4814620234471725E+001                  3.1705290895450356E-005                  4.6227404522797555E-001                  5.3769424948112898E-001                  0.0000000000000000E+000                  0.0000000000000000E+000                  1.0984063196353536E-048 
                                     702                  2.2303469179044522E-001                 -1.1074778259488713E+000                  7.1368662089390540E+000                 -8.8294041766572393E-002                  1.4835017065399853E+001                  3.1603567650537810E-005                  4.6316758930784330E-001                  5.3680080712450617E-001                  0.0000000000000000E+000                  0.0000000000000000E+000                  1.8467475149520139E-048 
                                     703                  2.2302885957501953E-001                 -1.1105753409065480E+000                  7.1404592443503185E+000                 -7.1123204730240447E-002                  1.4855049249642573E+001                  3.1502977173472453E-005                  4.6401519602524993E-001                  5.3595330099757654E-001                  0.0000000000000000E+000                  0.0000000000000000E+000                  3.0644996299963484E-048 
                                     704                  2.2302302735959387E-001                 -1.1136165831144824E+000                  7.1439680621708517E+000                 -5.4229844695331063E-002                  1.4874729341498586E+001                  3.1403382839132836E-005                  4.6482840311323786E-001                  5.3514019350392306E-001                  0.0000000000000000E+000                  0.0000000000000000E+000                  5.0216729097742701E-048 
                                     705                  2.2301719514416818E-001                 -1.1166033404020015E+000                  7.1473952554194637E+000                 -3.7604137064786151E-002                  1.4894069234810647E+001                  3.1304784647518946E-005                  4.6560721057180743E-001                  5.3436148464354505E-001                  0.0000000000000000E+000                  0.0000000000000000E+000                  8.1294874962190673E-048 
                                     706                  2.2301136292874255E-001                 -1.1195373098310613E+000                  7.1507433033481709E+000                 -2.1235074480339070E-002                  1.4913080208929724E+001                  3.1207431037539240E-005                  4.6633920627063558E-001                  5.3362958629832691E-001                  0.0000000000000000E+000                  0.0000000000000000E+000                  1.3006259579196405E-047 
                                     707                  2.2300553071331686E-001                 -1.1224200925303931E+000                  7.1536885684108391E+000                 -6.6895130108192398E-003                  1.4929939485392863E+001                  3.1120345611535030E-005                  4.6697866682266809E-001                  5.3299021283172032E-001                  0.0000000000000000E+000                  0.0000000000000000E+000                  1.9660174009980260E-047 
                                     708                  2.2300086494097632E-001                 -1.1246904211541922E+000                  7.1562577583585458E+000                  6.0500053632145173E-003                  1.4944695108999136E+001                  3.1043771616027252E-005                  4.6751581857143398E-001                  5.3245313765695002E-001                  0.0000000000000000E+000                  0.0000000000000000E+000                  2.8174994995297427E-047 
                                     709                  2.2299619916863578E-001                 -1.1269297288964120E+000                  7.1600358115074894E+000                  2.4736665726725067E-002                  1.4966360295102543E+001                  3.0930067153298869E-005                  4.6827826639806386E-001                  5.3169080353478282E-001                  0.0000000000000000E+000                  0.0000000000000000E+000                  4.7753589861372473E-047 
                                     710                  2.2298686762395473E-001                 -1.1313189515041737E+000                  7.1642898764582910E+000                  4.6355237462280451E-002                  1.4991275840699291E+001                  3.0799114688915233E-005                  4.6910898611850027E-001                  5.3086021476681089E-001                  0.0000000000000000E+000                  0.0000000000000000E+000                  8.6577742582729770E-047 
                                     711                  2.2297988672773555E-001                 -1.1345261740651340E+000                  7.1678310046685185E+000                  6.4448711533714897E-002                  1.5012113513387202E+001                  3.0688200683570627E-005                  4.6977562418403629E-001                  5.3019368761528018E-001                  0.0000000000000000E+000                  0.0000000000000000E+000                  1.4192672836399872E-046 
                                     712                  2.2297290583151641E-001                 -1.1376707615583779E+000                  7.1712777202107851E+000                  8.2241259528233024E-002                  1.5032567117611947E+001                  3.0578086873303301E-005                  4.7041196582525646E-001                  5.2955745608787019E-001                  0.0000000000000000E+000                  0.0000000000000000E+000                  2.2952946394630249E-046 
                                     713                  2.2296592493529724E-001                 -1.1407547613611073E+000                  7.1746328733259084E+000                  9.9744354363066792E-002                  1.5052649973051166E+001                  3.0468844309524551E-005                  4.7101489642787497E-001                  5.2895463472781556E-001                  0.0000000000000000E+000                  0.0000000000000000E+000                  3.6637472527256471E-046 
                                     714                  2.2295894403907809E-001                 -1.1437801110501558E+000                  7.1774839218886974E+000                  1.1482471969688202E-001                  1.5069907873001418E+001                  3.0374151185732540E-005                  4.7151772367163614E-001                  5.2845190217717808E-001                  0.0000000000000000E+000                  0.0000000000000000E+000                  5.4516907598166477E-046 
                                     715                  2.2295374412671132E-001                 -1.1459965018057030E+000                  7.1798689115079037E+000                  1.2750148110313370E-001                  1.5084406386689325E+001                  3.0293577176674337E-005                  4.7193548774789151E-001                  5.2803421867493183E-001                  0.0000000000000000E+000                  0.0000000000000000E+000                  7.5994799065316803E-046 
                                     716                  2.2294854421434454E-001                 -1.1481821118955917E+000                  7.1833709998352218E+000                  1.4610776824496188E-001                  1.5105698961413191E+001                  3.0173447499819241E-005                  4.7253262600215717E-001                  5.2743720055034293E-001                  0.0000000000000000E+000                  0.0000000000000000E+000                  1.2362968913402519E-045 
                                     717                  2.2293814438961099E-001                 -1.1524645065903878E+000                  7.1867453155050187E+000                  1.6466878288763939E-001                  1.5126792301398060E+001                  3.0054098536893536E-005                  4.7310006425797091E-001                  5.2686988164349224E-001                  0.0000000000000000E+000                  0.0000000000000000E+000                  1.9794333935755547E-045 
                                     718                  2.2293294447724421E-001                 -1.1545618878467812E+000                  7.1889478099780080E+000                  1.7677940183351190E-001                  1.5140565184591322E+001                  2.9974587252328005E-005                  4.7347454966476760E-001                  5.2649547574798006E-001                  0.0000000000000000E+000                  0.0000000000000000E+000                  2.6898191645271552E-045 
                                     719                  2.2292774456487743E-001                 -1.1566311563119174E+000                  7.1921824164541608E+000                  1.9457308394256020E-001                  1.5160811788870189E+001                  2.9855402361557089E-005                  4.7403056762934409E-001                  5.2593957696829441E-001                  0.0000000000000000E+000                  0.0000000000000000E+000                  4.2169012062611784E-045 
                                     720                  2.2291734474014388E-001                 -1.1606884124246337E+000                  7.1963319193799702E+000                  2.1802126595513371E-001                  1.5187362296995619E+001                  2.9697263273278484E-005                  4.7473991769366680E-001                  5.2523038504305997E-001                  0.0000000000000000E+000                  0.0000000000000000E+000                  7.5183919376391612E-045 
                                     721                  2.2290694491541033E-001                 -1.1646402456132137E+000                  7.1993261502565877E+000                  2.3539212749933866E-001                  1.5206945562898650E+001                  2.9578250537483911E-005                  4.7528342543626584E-001                  5.2468699631319660E-001                  0.0000000000000000E+000                  0.0000000000000000E+000                  1.1426357552423481E-044 
                                     722                  2.2290174500304355E-001                 -1.1665777468660778E+000                  7.2012807082661245E+000                  2.4674481422824310E-001                  1.5219750013258979E+001                  2.9498797749145207E-005                  4.7564737328783535E-001                  5.2432312791441549E-001                  0.0000000000000000E+000                  0.0000000000000000E+000                  1.5011675012983760E-044 
                                     723                  2.2289654509067677E-001                 -1.1684905259225893E+000                  7.2041513409891493E+000                  2.6345165491212325E-001                  1.5238597305448980E+001                  2.9379768001036303E-005                  4.7618616421587479E-001                  5.2378445601612422E-001                  0.0000000000000000E+000                  0.0000000000000000E+000                  2.2402743843918462E-044 
                                     724                  2.2288614526594322E-001                 -1.1722443932922888E+000                  7.2078324751376153E+000                  2.8547657682804695E-001                  1.5263335363200905E+001                  2.9220064215420194E-005                  4.7693556372190976E-001                  5.2303521621387483E-001                  0.0000000000000000E+000                  0.0000000000000000E+000                  3.7510986412023504E-044 
                                     725                  2.2287574544120967E-001                 -1.1759051983838298E+000                  7.2113686609922487E+000                  3.0706565074233039E-001                  1.5287519471107043E+001                  2.9059412786466230E-005                  4.7771359788015583E-001                  5.2225734270705770E-001                  0.0000000000000000E+000                  0.0000000000000000E+000                  6.1620199069706316E-044 
                                     726                  2.2286534561647611E-001                 -1.1794765809377246E+000                  7.2147650603337121E+000                  3.2823219957869532E-001                  1.5311172099444908E+001                  2.8896890698734623E-005                  4.7855359179897289E-001                  5.2141751131032832E-001                  0.0000000000000000E+000                  0.0000000000000000E+000                  9.9408018394388817E-044 
                                     727                  2.2285494579174256E-001                 -1.1829620044519493E+000                  7.2180266046312536E+000                  3.4899591499568511E-001                  1.5334314354969006E+001                  2.8733073145594546E-005                  4.7943470483789297E-001                  5.2053656208896149E-001                  0.0000000000000000E+000                  0.0000000000000000E+000                  1.5758993633627495E-043 
                                     728                  2.2284454596700901E-001                 -1.1863647112507589E+000                  7.2203773778826248E+000                  3.6439459000587954E-001                  1.5351412949543345E+001                  2.8608593193811513E-005                  4.8015079917892184E-001                  5.1982059222788435E-001                  0.0000000000000000E+000                  0.0000000000000000E+000                  2.2008515566542754E-043 
                                     729                  2.2283934605464223E-001                 -1.1880358565917031E+000                  7.2219114961912467E+000                  3.7448079552091507E-001                  1.5362617846351890E+001                  2.8524571544206775E-005                  4.8066314972193547E-001                  5.1930832570652030E-001                  0.0000000000000000E+000                  0.0000000000000000E+000                  2.7373902656234576E-043 
                                     730                  2.2283414614227545E-001                 -1.1896874845769652E+000                  7.2241639621113087E+000                  3.8935851969647511E-001                  1.5379145644045986E+001                  2.8397948182253080E-005                  4.8144444018087285E-001                  5.1852716187094483E-001                  0.0000000000000000E+000                  0.0000000000000000E+000                  3.7713301252375957E-043 
                                     731                  2.2282374631754190E-001                 -1.1929339055322730E+000                  7.2270482780546645E+000                  4.0898271947885906E-001                  1.5400871321415678E+001                  2.8226429090264578E-005                  4.8260090639854158E-001                  5.1737086717236813E-001                  0.0000000000000000E+000                  0.0000000000000000E+000                  5.7013104090297762E-043 
                                     732                  2.2281334649280835E-001                 -1.1961064630931828E+000                  7.2298152018282886E+000                  4.2825050016930122E-001                  1.5422159483664116E+001                  2.8052025093043666E-005                  4.8387637310343545E-001                  5.1609557487147151E-001                  0.0000000000000000E+000                  0.0000000000000000E+000                  8.4953280873285671E-043 
                                     733                  2.2280294666807479E-001                 -1.1992078289436092E+000                  7.2324686158935441E+000                  4.4717834124503503E-001                  1.5443025895858771E+001                  2.7875761105746360E-005                  4.8524088537942511E-001                  5.1473123885946914E-001                  0.0000000000000000E+000                  0.0000000000000000E+000                  1.2481974063056507E-042 
                                     734                  2.2279254684334124E-001                 -1.2022405089776198E+000                  7.2350122379068944E+000                  4.6577442394522101E-001                  1.5463485481974432E+001                  2.7697049780649871E-005                  4.8671862720079223E-001                  5.1325367574942704E-001                  0.0000000000000000E+000                  0.0000000000000000E+000                  1.8095648706535447E-042 
                                     735                  2.2278214701860768E-001                 -1.2052069073232317E+000                  7.2374496522420140E+000                  4.8405903685813900E-001                  1.5483552389268263E+001                  2.7517215593489388E-005                  4.8824281758654015E-001                  5.1172966519786645E-001                  0.0000000000000000E+000                  0.0000000000000000E+000                  2.5888955126751021E-042 
                                     736                  2.2277174719387413E-001                 -1.2081092473377972E+000                  7.2409469040414178E+000                  5.1067357324701135E-001                  1.5512758978132473E+001                  2.7244556350753094E-005                  4.9065539078442161E-001                  5.0931736465922761E-001                  0.0000000000000000E+000                  0.0000000000000000E+000                  4.3374163768230480E-042 
                                     737                  2.2275094754440700E-001                 -1.2137317674306618E+000                  7.2441596487958213E+000                  5.3713956693857956E-001                  1.5541529275465530E+001                  2.6970299134205654E-005                  4.9312758608544832E-001                  5.0684544361541750E-001                  0.0000000000000000E+000                  0.0000000000000000E+000                  7.0378159911364655E-042 
                                     738                  2.2274054771967344E-001                 -1.2164543026451635E+000                  7.2456954166919543E+000                  5.5007886163002984E-001                  1.5555571580718555E+001                  2.6833037647797452E-005                  4.9436088201087253E-001                  5.0561228495147970E-001                  0.0000000000000000E+000                  0.0000000000000000E+000                  8.8815745903582100E-042 
                                     739                  2.2273534780730667E-001                 -1.2177942966615607E+000                  7.2466960050312474E+000                  5.5858499811910212E-001                  1.5564798844850571E+001                  2.6741459121853597E-005                  4.9518158504110776E-001                  5.0479167349977039E-001                  0.0000000000000000E+000                  0.0000000000000000E+000                  1.0338889950367260E-041 
                                     740                  2.2273014789493989E-001                 -1.2191204568486573E+000                  7.2481625703353361E+000                  5.7117015884124411E-001                  1.5578445061923961E+001                  2.6603940081993837E-005                  4.9641634516550165E-001                  5.0355705089441638E-001                  0.0000000000000000E+000                  0.0000000000000000E+000                  1.2925088289308989E-041 
                                     741                  2.2271974807020634E-001                 -1.2217322779176285E+000                  7.2500318403582762E+000                  5.8780736786135634E-001                  1.5596415415249762E+001                  2.6420766624471300E-005                  4.9804361592767576E-001                  5.0192996330569972E-001                  0.0000000000000000E+000                  0.0000000000000000E+000                  1.7228070531324467E-041 
                                     742                  2.2270934824547278E-001                 -1.2242912326993138E+000                  7.2527060865975068E+000                  6.1211998009759316E-001                  1.5622641308401191E+001                  2.6146186231933026E-005                  5.0046073661303703E-001                  4.9951311720073099E-001                  0.0000000000000000E+000                  0.0000000000000000E+000                  2.6049433969359096E-041 
                                     743                  2.2268854859600562E-001                 -1.2292577570551533E+000                  7.2551430328423265E+000                  6.3634849982187802E-001                  1.5648494729874768E+001                  2.5876595438990514E-005                  5.0257724119495262E-001                  4.9739688220960843E-001                  0.0000000000000000E+000                  0.0000000000000000E+000                  3.8295794299764740E-041 
                                     744                  2.2267814877127207E-001                 -1.2316669630567887E+000                  7.2563031810030783E+000                  6.4823814204495522E-001                  1.5661139308395713E+001                  2.5743588376611227E-005                  5.0350868966702633E-001                  4.9646556674459708E-001                  0.0000000000000000E+000                  0.0000000000000000E+000                  4.6053251876748948E-041 
                                     745                  2.2267294885890532E-001                 -1.2328536932680010E+000                  7.2570574316724965E+000                  6.5605824776844934E-001                  1.5669458415860563E+001                  2.5654817836490731E-005                  5.0418345103576756E-001                  4.9579089414639599E-001                  0.0000000000000000E+000                  0.0000000000000000E+000                  5.1960677559408162E-041 
                                     746                  2.2266774894653851E-001                 -1.2340287928213927E+000                  7.2581603977620421E+000                  6.6760935318213310E-001                  1.5681776180367976E+001                  2.5520013983400429E-005                  5.0545712646393559E-001                  4.9451735352208104E-001                  0.0000000000000000E+000                  0.0000000000000000E+000                  6.2123295517768546E-041 
                                     747                  2.2265734912180496E-001                 -1.2363450519786661E+000                  7.2595587326124829E+000                  6.8297206389737097E-001                  1.5698010299037222E+001                  2.5345322745574050E-005                  5.0652566319442371E-001                  4.9344899148283072E-001                  0.0000000000000000E+000                  0.0000000000000000E+000                  7.7909080785007173E-041 
                                     748                  2.2264694929707141E-001                 -1.2386165177847737E+000                  7.2615487213285510E+000                  7.0557612500648637E-001                  1.5721755033638468E+001                  2.5089283069266737E-005                  5.0740510911408920E-001                  4.9256980160284158E-001                  0.0000000000000000E+000                  0.0000000000000000E+000                  1.0746200249059591E-040 
                                     749                  2.2262614964760430E-001                 -1.2430296472627489E+000                  7.2633376200523490E+000                  7.2799409884812805E-001                  1.5745175636083557E+001                  2.4839066869138265E-005                  5.0870872935272915E-001                  4.9126643158040173E-001                  0.0000000000000000E+000                  0.0000000000000000E+000                  1.4529872303690415E-040 
                                     750                  2.2261574982287075E-001                 -1.2451732616570899E+000                  7.2644640440415804E+000                  7.4269038661481734E-001                  1.5760407915443597E+001                  2.4676419905080283E-005                  5.0890885816988685E-001                  4.9106646541020804E-001                  0.0000000000000000E+000                  0.0000000000000000E+000                  1.7550204521540515E-040 
                                     751                  2.2260534999813719E-001                 -1.2472761698354542E+000                  7.2655266699456629E+000                  7.5718973110114474E-001                  1.5775406201604371E+001                  2.4517567729420607E-005                  5.0920905139562467E-001                  4.9076643103664597E-001                  0.0000000000000000E+000                  0.0000000000000000E+000                  2.1047162558675719E-040 
                                     752                  2.2259495017340364E-001                 -1.2493395083168122E+000                  7.2665268374703240E+000                  7.7155223893707059E-001                  1.5790176559818731E+001                  2.4359822696648824E-005                  5.0920905139562445E-001                  4.9076658878167889E-001                  0.0000000000000000E+000                  0.0000000000000000E+000                  2.5012824334052401E-040 
                                     753                  2.2258455034867008E-001                 -1.2513641119878662E+000                  7.2679346770350746E+000                  7.9276065328303724E-001                  1.5811820155977202E+001                  2.4126763256022030E-005                  5.0836036030428866E-001                  4.9161551293245531E-001                  0.0000000000000000E+000                  0.0000000000000000E+000                  3.1876965798508529E-040 
                                     754                  2.2256375069920295E-001                 -1.2553004572580546E+000                  7.2691659238213013E+000                  8.1392410736287757E-001                  1.5833176909068277E+001                  2.3895434207987979E-005                  5.0698960695355622E-001                  4.9298649761223579E-001                  0.0000000000000000E+000                  0.0000000000000000E+000                  3.9740499792124057E-040 
                                     755                  2.2255335087446940E-001                 -1.2572133198168078E+000                  7.2699285237063362E+000                  8.2779049337087218E-001                  1.5847091316866976E+001                  2.3742459455024141E-005                  5.0576448095820392E-001                  4.9421177658234106E-001                  0.0000000000000000E+000                  0.0000000000000000E+000                  4.5613053495084578E-040 
                                     756                  2.2254295104973584E-001                 -1.2590904852111213E+000                  7.2708080473300907E+000                  8.4485646607959408E-001                  1.5864124151805282E+001                  2.3552809952696893E-005                  5.0394824710764952E-001                  4.9602820008239779E-001                  0.0000000000000000E+000                  0.0000000000000000E+000                  5.3608712566467363E-040 
                                     757                  2.2252741668139342E-001                 -1.2618296948514574E+000                  7.2717363640797048E+000                  8.6508843421488735E-001                  1.5884174051913348E+001                  2.3326788572353961E-005                  5.0153120788948602E-001                  4.9844546532194167E-001                  0.0000000000000000E+000                  0.0000000000000000E+000                  6.4040376872136656E-040 
                                     758                  2.2251188231305097E-001                 -1.2644934735255984E+000                  7.2725408092616144E+000                  8.8505777597859736E-001                  1.5903803095506863E+001                  2.3102394534462995E-005                  4.9875669380529597E-001                  5.0122020380016963E-001                  0.0000000000000000E+000                  0.0000000000000000E+000                  7.5252080712292309E-040 
                                     759                  2.2249634794470857E-001                 -1.2670841357288973E+000                  7.2732225275839291E+000                  9.0472325558297861E-001                  1.5923025480406380E+001                  2.2878228969861995E-005                  4.9603687793688295E-001                  5.0394024383414715E-001                  0.0000000000000000E+000                  0.0000000000000000E+000                  8.7191945749799435E-040 
                                     760                  2.2248081357636612E-001                 -1.2696042005476809E+000                  7.2737823588130359E+000                  9.2412193180911539E-001                  1.5941854721985946E+001                  2.2655007418872393E-005                  4.9315680807291845E-001                  5.0682053691966267E-001                  0.0000000000000000E+000                  0.0000000000000000E+000                  9.9514291545042985E-040 
                                     761                  2.2246527920802370E-001                 -1.2720559213220193E+000                  7.2742207837090724E+000                  9.4320288745113834E-001                  1.5960303671821183E+001                  2.2431266589370143E-005                  4.9056411997691168E-001                  5.0941344875649897E-001                  0.0000000000000000E+000                  0.0000000000000000E+000                  1.1216403446243962E-039 
                                     762                  2.2244974483968130E-001                 -1.2744417909687198E+000                  7.2745379984021792E+000                  9.6199447964412488E-001                  1.5978384617581080E+001                  2.2206963670937686E-005                  4.8815237542490048E-001                  5.1182541761142852E-001                  0.0000000000000000E+000                  0.0000000000000000E+000                  1.2479057060015963E-039 
                                     763                  2.2243421047133885E-001                 -1.2767640872525627E+000                  7.2747342430568169E+000                  9.8050291841326986E-001                  1.5996109297862033E+001                  2.1982962276595511E-005                  4.8596415162212236E-001                  5.1401386541560101E-001                  0.0000000000000000E+000                  0.0000000000000000E+000                  1.3709428243931407E-039 
                                     764                  2.2241867610299643E-001                 -1.2790250023213305E+000                  7.2748002633796061E+000                  9.9654146867358084E-001                  1.6011290241877067E+001                  2.1789974638057195E-005                  4.8350486626584022E-001                  5.1647334375952170E-001                  0.0000000000000000E+000                  0.0000000000000000E+000                  1.4660839560643870E-039 
                                     765                  2.2240714127165814E-001                 -1.2806648996500245E+000                  7.2747905612973245E+000                  1.0097436601398253E+000                  1.6024009395528285E+001                  2.1619990773612185E-005                  4.8350486626584038E-001                  5.1647351374338601E-001                  0.0000000000000000E+000                  0.0000000000000000E+000                  1.5584332007420064E-039 
                                     766                  2.2239560644031989E-001                 -1.2822736457962522E+000                  7.2746779613272663E+000                  1.0292196805626959E+000                  1.6042683819203457E+001                  2.1357407027354366E-005                  4.8350486626584038E-001                  5.1647377632713232E-001                  0.0000000000000000E+000                  0.0000000000000000E+000                  1.6880254651562229E-039 
                                     767                  2.2237253677764329E-001                 -1.2854007260385234E+000                  7.2742713367307488E+000                  1.0548858689770573E+000                  1.6067067353215901E+001                  2.1007190436273071E-005                  4.8366755090914837E-001                  5.1631144190041534E-001                  0.0000000000000000E+000                  0.0000000000000000E+000                  1.8274309288660526E-039 
                                     768                  2.2234946711496673E-001                 -1.2884115145950192E+000                  7.2736217870055091E+000                  1.0800970557988696E+000                  1.6090783704947597E+001                  2.0622218945207830E-005                  4.8383023555245630E-001                  5.1614914222859842E-001                  0.0000000000000000E+000                  0.0000000000000000E+000                  1.9247204671189660E-039 
                                     769                  2.2232639745229016E-001                 -1.2913110952337650E+000                  7.2727479820958001E+000                  1.1047483013932651E+000                  1.6113862153324590E+001                  2.0207942665935492E-005                  4.8478196771664395E-001                  5.1519782434069006E-001                  0.0000000000000000E+000                  0.0000000000000000E+000                  1.9847262158142171E-039 
                                     770                  2.2230332778961359E-001                 -1.2941050850601132E+000                  7.2716809763328145E+000                  1.1289652083922457E+000                  1.6136330280744705E+001                  1.9788901017994062E-005                  4.8562852098523829E-001                  5.1435169011374371E-001                  0.0000000000000000E+000                  0.0000000000000000E+000                  2.0002200273401593E-039 
                                     771                  2.2228025812693702E-001                 -1.2967981008526173E+000                  7.2704630109963650E+000                  1.1527039830945551E+000                  1.6158213965528670E+001                  1.9365094001383624E-005                  4.8654213709666028E-001                  5.1343849780933826E-001                  0.0000000000000000E+000                  0.0000000000000000E+000                  1.9804907688371342E-039 
                                     772                  2.2225718846426043E-001                 -1.2993948814628864E+000                  7.2694770305060308E+000                  1.1702349975569506E+000                  1.6174304037569119E+001                  1.9052343720022168E-005                  4.8722829532507023E-001                  5.1275265233120981E-001                  0.0000000000000000E+000                  0.0000000000000000E+000                  1.9483568849216201E-039 
                                     773                  2.2224565363292217E-001                 -1.3006586557807354E+000                  7.2688069456081612E+000                  1.1817232728866367E+000                  1.6184828651045144E+001                  1.8852852225219571E-005                  4.8765736183575137E-001                  5.1232378531202349E-001                  0.0000000000000000E+000                  0.0000000000000000E+000                  1.9224553134376827E-039 
                                     774                  2.2223411880158392E-001                 -1.3019001342083536E+000                  7.2677955587778218E+000                  1.1986458197654750E+000                  1.6200324597125828E+001                  1.8555506625626722E-005                  4.8833076158458477E-001                  5.1165068290878968E-001                  0.0000000000000000E+000                  0.0000000000000000E+000                  1.8805274114416478E-039 
                                     775                  2.2221104913890732E-001                 -1.3043185599855422E+000                  7.2664871018176846E+000                  1.2207752668600262E+000                  1.6220596072262360E+001                  1.8193279468272204E-005                  4.8900161925316077E-001                  5.1098018746737095E-001                  0.0000000000000000E+000                  0.0000000000000000E+000                  1.8273125888536572E-039 
                                     776                  2.2218797947623076E-001                 -1.3066548986691220E+000                  7.2652907157854756E+000                  1.2422490986347929E+000                  1.6240373199861658E+001                  1.7865916500557344E-005                  4.8968347449723443E-001                  5.1029865958626508E-001                  0.0000000000000000E+000                  0.0000000000000000E+000                  1.7910991700317185E-039 
                                     777                  2.2216490981355419E-001                 -1.3089141034022098E+000                  7.2642705769325877E+000                  1.2631010357335852E+000                  1.6259675845239546E+001                  1.7599849118970075E-005                  4.8984225367744860E-001                  5.1014014647343242E-001                  0.0000000000000000E+000                  0.0000000000000000E+000                  1.7774464275114960E-039 
                                     778                  2.2214184015087762E-001                 -1.3111007201137952E+000                  7.2634689741781884E+000                  1.2832184476427382E+000                  1.6278522964733824E+001                  1.7392099390511618E-005                  4.9008042244777000E-001                  5.0990218545283950E-001                  0.0000000000000000E+000                  0.0000000000000000E+000                  1.7995728772990654E-039 
                                     779                  2.2211877048820106E-001                 -1.3132196364157855E+000                  7.2629015160068331E+000                  1.3026542052582692E+000                  1.6296932747216616E+001                  1.7228147650689481E-005                  4.9008042244777000E-001                  5.0990234940457935E-001                  0.0000000000000000E+000                  0.0000000000000000E+000                  1.8587968613987213E-039 
                                     780                  2.2209570082552446E-001                 -1.3152752432721180E+000                  7.2625470181359866E+000                  1.3214196557213538E+000                  1.6314922600612391E+001                  1.7121606528781861E-005                  4.9006108253182995E-001                  5.0992179586164132E-001                  0.0000000000000000E+000                  0.0000000000000000E+000                  1.9571781130533595E-039 
                                     781                  2.2207263116284795E-001                 -1.3172716676348808E+000                  7.2623485354742794E+000                  1.3395934851080791E+000                  1.6332509179650167E+001                  1.7032545172168720E-005                  4.9004174261588973E-001                  5.0994122483893811E-001                  9.6389986148046740E-094                  0.0000000000000000E+000                  2.0891736915452947E-039 
                                     782                  2.2204956150017136E-001                 -1.3192124868623369E+000                  7.2621525954475015E+000                  1.3658995607371973E+000                  1.6358059101723693E+001                  1.6922259490974998E-005                  4.8988962010783321E-001                  5.1009345763267588E-001                  1.0178865789851493E-093                  0.0000000000000000E+000                  2.3168321043748854E-039 
                                     783                  2.2200342217481822E-001                 -1.3229381188195697E+000                  7.2616453123533935E+000                  1.3918995625143127E+000                  1.6383002640301513E+001                  1.6798503183101035E-005                  4.8979465893597712E-001                  5.1018854256083979E-001                  1.0624176338186194E-093                  0.0000000000000000E+000                  2.4838049728137864E-039 
                                     784                  2.2198035251214165E-001                 -1.3247264590009056E+000                  7.2610326868111814E+000                  1.4089967605471114E+000                  1.6399126757757870E+001                  1.6666567682900680E-005                  4.8979465893597712E-001                  5.1018867449633998E-001                  0.0000000000000000E+000                  0.0000000000000000E+000                  2.5257549420295350E-039 
                                     785                  2.2195728284946509E-001                 -1.3264668473830594E+000                  7.2595384733617987E+000                  1.4345028170051193E+000                  1.6422604417369818E+001                  1.6394517490173355E-005                  4.8996591880786761E-001                  5.1001768667464220E-001                  1.0896719237122856E-093                  0.0000000000000000E+000                  2.4383435756150194E-039 
                                     786                  2.2191114352411193E-001                 -1.3298071369176341E+000                  7.2564521122699182E+000                  1.4610236794011375E+000                  1.6445550891892104E+001                  1.5964623285518997E-005                  4.9107469489895156E-001                  5.0890934047776293E-001                  0.0000000000000000E+000                  0.0000000000000000E+000                  2.0099024816979173E-039 
                                     787                  2.2188807386143536E-001                 -1.3314054009037271E+000                  7.2538197984958197E+000                  1.4788516989216376E+000                  1.6460413579766435E+001                  1.5606629597343345E-005                  4.9192053564782784E-001                  5.0806385772257490E-001                  9.8954427429769411E-094                  0.0000000000000000E+000                  1.6640656493908087E-039 
                                     788                  2.2186500419875879E-001                 -1.3329561593557417E+000                  7.2490254302172872E+000                  1.5055571634027023E+000                  1.6482093188862269E+001                  1.4962542737470756E-005                  4.9512799906688254E-001                  5.0485703839037999E-001                  0.0000000000000000E+000                  0.0000000000000000E+000                  1.1578353480741822E-039 
                                     789                  2.2181886487340563E-001                 -1.3359184851052370E+000                  7.2409028442055723E+000                  1.5419924397478022E+000                  1.6510138254326556E+001                  1.4101070039917555E-005                  5.0011166078559566E-001                  4.9987423814436438E-001                  0.0000000000000000E+000                  0.0000000000000000E+000                  5.9617276461138381E-040 
                                     790                  2.2177272554805250E-001                 -1.3386969804931090E+000                  7.2328552997612441E+000                  1.5771784393586425E+000                  1.6537138213148992E+001                  1.3376965896767278E-005                  5.0569835676359831E-001                  4.9428826627050493E-001                  0.0000000000000000E+000                  0.0000000000000000E+000                  3.0700575379567500E-040 
                                     791                  2.2172658622269939E-001                 -1.3413073850121606E+000                  7.2287518416445495E+000                  1.6009012744538862E+000                  1.6556793565708393E+001                  1.3034829903460656E-005                  5.0971603599539883E-001                  4.9027092917469772E-001                  0.0000000000000000E+000                  0.0000000000000000E+000                  2.2611764774582105E-040 
                                     792                  2.2170351656002282E-001                 -1.3425598158843932E+000                  7.2269058313368513E+000                  1.6153902103197444E+000                  1.6569562753237687E+001                  1.2892777761996149E-005                  5.1258281035615183E-001                  4.8740429686608622E-001                  0.0000000000000000E+000                  0.0000000000000000E+000                  2.0186719769511658E-040 
                                     793                  2.2168044689734626E-001                 -1.3437815484188600E+000                  7.2255102358137773E+000                  1.6351511113938024E+000                  1.6588241783314668E+001                  1.2763501863577402E-005                  5.1698601899585050E-001                  4.8300121750228597E-001                  0.0000000000000000E+000                  0.0000000000000000E+000                  1.9580564613659835E-040 
                                     794                  2.2163430757199309E-001                 -1.3461453992802985E+000                  7.2264510228527117E+000                  1.6577258932153311E+000                  1.6612462412645822E+001                  1.2698966296421752E-005                  5.2336434075369453E-001                  4.7662296028000906E-001                  0.0000000000000000E+000                  0.0000000000000000E+000                  2.5088122592270741E-040 
                                     795                  2.2158816824663996E-001                 -1.3484258044119870E+000                  7.2280028781219032E+000                  1.6787009511416322E+000                  1.6635872601553178E+001                  1.2634430729266090E-005                  5.3049543119446119E-001                  4.6949193437480952E-001                  0.0000000000000000E+000                  0.0000000000000000E+000                  3.4211022727032178E-040 
                                     796                  2.2154202892128680E-001                 -1.3506326303684184E+000                  7.2291022179646589E+000                  1.6994704116637314E+000                  1.6658524982026716E+001                  1.2513276124530191E-005                  5.3704363329073901E-001                  4.6294385343313649E-001                  0.0000000000000000E+000                  0.0000000000000000E+000                  4.4203096608525615E-040 
                                     797                  2.2149588959593366E-001                 -1.3527681937931064E+000                  7.2293532257979409E+000                  1.7204541927641535E+000                  1.6680466749575992E+001                  1.2357920397893483E-005                  5.4331923331869558E-001                  4.5666840876090653E-001                  0.0000000000000000E+000                  0.0000000000000000E+000                  5.2057846049609590E-040 
                                     798                  2.2144975027058053E-001                 -1.3548327615826203E+000                  7.2287413771841935E+000                  1.7416940004419244E+000                  1.6701740038946536E+001                  1.2135310924218631E-005                  5.4941745612911519E-001                  4.5057040855996056E-001                  0.0000000000000000E+000                  0.0000000000000000E+000                  5.5842873953841019E-040 
                                     799                  2.2140361094522737E-001                 -1.3568265410013696E+000                  7.2272388658352780E+000                  1.7632186797553639E+000                  1.6722382614086978E+001                  1.1848469768991601E-005                  5.5557542577778640E-001                  4.4441272575244462E-001                  0.0000000000000000E+000                  0.0000000000000000E+000                  5.4473183350616237E-040 
                                     800                  2.2135747161987426E-001                 -1.3587497574366696E+000                  7.2257481586186563E+000                  1.7842155020414616E+000                  1.6742428458056040E+001                  1.1574980332985874E-005                  5.6108940938860252E-001                  4.3889901563106448E-001                  0.0000000000000000E+000                  0.0000000000000000E+000                  5.2864931024852327E-040 
                                     801                  2.2131133229452113E-001                 -1.3606062840174009E+000                  7.2224678380387894E+000                  1.8157508120294255E+000                  1.6771330958458453E+001                  1.1182548471272274E-005                  5.6850173675435456E-001                  4.3148708069717412E-001                  0.0000000000000000E+000                  0.0000000000000000E+000                  4.4896603995169233E-040 
                                     802                  2.2121905364381483E-001                 -1.3641239076836398E+000                  7.2201093981176756E+000                  1.8456175732829458E+000                  1.6799282324806388E+001                  1.0858855088467223E-005                  5.7407640624155198E-001                  4.2591273490335957E-001                  0.0000000000000000E+000                  0.0000000000000000E+000                  4.1373216910464160E-040 
                                     803                  2.2117291431846170E-001                 -1.3657955555419126E+000                  7.2187670489527580E+000                  1.8647075138891227E+000                  1.6817229761681283E+001                  1.0659661285922894E-005                  5.7700297758713182E-001                  4.2298636275158230E-001                  0.0000000000000000E+000                  0.0000000000000000E+000                  3.9839575525439706E-040 
                                     804                  2.2112677499310854E-001                 -1.3674135966133441E+000                  7.2179253294462624E+000                  1.8828561818557710E+000                  1.6834714907971030E+001                  1.0471408244036390E-005                  5.7954285806621375E-001                  4.2044667052554219E-001                  0.0000000000000000E+000                  0.0000000000000000E+000                  4.0245478381555845E-040 
                                     805                  2.2108063566775540E-001                 -1.3689825916235534E+000                  7.2185871143728235E+000                  1.8990081469632287E+000                  1.6851759677134062E+001                  1.0307718346159193E-005                  5.8181345040090637E-001                  4.1817624188074742E-001                  0.0000000000000000E+000                  0.0000000000000000E+000                  4.7367384378069974E-040 
                                     806                  2.2103449634240230E-001                 -1.3705105627805079E+000                  7.2186809285636846E+000                  1.9233647294255372E+000                  1.6876465406883248E+001                  1.0094934358022490E-005                  5.8486181109065749E-001                  4.1512809397498451E-001                  0.0000000000000000E+000                  0.0000000000000000E+000                  5.4771728689028718E-040 
                                     807                  2.2094221769169600E-001                 -1.3734446719752811E+000                  7.2206553111850420E+000                  1.9527978361901090E+000                  1.6908164811070073E+001                  9.8765664725886006E-006                  5.8782438272320103E-001                  4.1216574071032641E-001                  1.0940896492058008E-093                  0.0000000000000000E+000                  7.9653152472194632E-040 
                                     808                  2.2084993904098971E-001                 -1.3762413341124482E+000                  7.2231939357835984E+000                  1.9728497357362247E+000                  1.6931066274593224E+001                  9.7262656271583065E-006                  5.9014312392337287E-001                  4.0984714981100001E-001                  1.2651418168320051E-093                  0.0000000000000000E+000                  1.1718793113212817E-039 
                                     809                  2.2080379971563657E-001                 -1.3775958686145282E+000                  7.2242246801697423E+000                  1.9864142329155225E+000                  1.6945866818397889E+001                  9.6345814961519211E-006                  5.9184679506884452E-001                  4.0814357034965931E-001                  1.3612918242713445E-093                  0.0000000000000000E+000                  1.4130215016526891E-039 
                                     810                  2.2075766039028341E-001                 -1.3789209577036945E+000                  7.2263981812868812E+000                  2.0055153028524617E+000                  1.6967413548252981E+001                  9.5279990836334056E-006                  5.9390575068144125E-001                  4.0608472131947515E-001                  1.5486156436242921E-093                  0.0000000000000000E+000                  1.9847875578617316E-039 
                                     811                  2.2066538173957723E-001                 -1.3814914313685418E+000                  7.2234616442113371E+000                  2.0357655680368971E+000                  1.6995193258122331E+001                  9.3210672004010015E-006                  5.9901947014748735E-001                  4.0097120878531223E-001                  1.5087993956019576E-093                  0.0000000000000000E+000                  1.7197398375862898E-039 
                                     812                  2.2057310308887101E-001                 -1.3839308044713268E+000                  7.2236444126805095E+000                  2.0550520310016127E+000                  1.7015350512717895E+001                  9.1337340160616268E-006                  6.0420009648820938E-001                  3.9579076977777461E-001                  0.0000000000000000E+000                  0.0000000000000000E+000                  1.9798346300642629E-039 
                                     813                  2.2052696376351791E-001                 -1.3851122041935622E+000                  7.2247948794701085E+000                  2.0663287122870626E+000                  1.7028423722150414E+001                  8.9855218078540258E-006                  6.0847213930028654E-001                  3.9151887517790562E-001                  1.7323170078318478E-093                  4.7936152121496890E-095                  2.4217847632970182E-039 
                                     814                  2.2048082443816483E-001                 -1.3862726718120313E+000                  7.2225816115954240E+000                  2.0866557861245907E+000                  1.7047518813449734E+001                  8.7282183675706164E-006                  6.1610764139579710E-001                  3.8388363038583528E-001                  1.6988959469285302E-093                  4.5265315429710888E-095                  2.1870962842298289E-039 
                                     815                  2.2038854578745867E-001                 -1.3885136360325940E+000                  7.2234065204030280E+000                  2.1101285721155780E+000                  1.7072220166876871E+001                  8.5504296445948711E-006                  6.1930721365635866E-001                  3.8068423591399669E-001                  1.8628211510772544E-093                  4.9136068871572134E-095                  2.7286748869552526E-039 
                                     816                  2.2029626713675243E-001                 -1.3906691816873107E+000                  7.2274773157985166E+000                  2.1298564175088837E+000                  1.7096038177300876E+001                  8.5069501361669210E-006                  6.1903742156103581E-001                  3.8095407148882798E-001                  2.2662341031875528E-093                  6.0589114355414184E-095                  4.6678424557297989E-039 
                                     817                  2.2020398848604628E-001                 -1.3927594320802870E+000                  7.2310366801309041E+000                  2.1492926391700267E+000                  1.7119035668416050E+001                  8.4553802803231676E-006                  6.1874340521182603E-001                  3.8124813940789370E-001                  2.7028896407319240E-093                  7.3151832958715527E-095                  7.5343559407087156E-039 
                                     818                  2.2011170983534004E-001                 -1.3947868290198011E+000                  7.2317471497750576E+000                  2.1708663839237614E+000                  1.7141268569492588E+001                  8.2714989029609944E-006                  6.1887915198716137E-001                  3.8111257651393571E-001                  2.9229728227384146E-093                  7.9370527284718751E-095                  9.0586015164814391E-039 
                                     819                  2.2001943118463382E-001                 -1.3967426999397328E+000                  7.2288408649973013E+000                  2.1954516391482946E+000                  1.7162784788560526E+001                  7.9329206699832505E-006                  6.1927284228941071E-001                  3.8071922478991926E-001                  2.7929507010571235E-093                  7.5333447352162223E-095                  7.5004082288413656E-039 
                                     820                  2.1992715253392764E-001                 -1.3986155295177862E+000                  7.2331094334798651E+000                  2.2119055855703844E+000                  1.7183624882882562E+001                  7.8609081130627640E-006                  6.1927284228941060E-001                  3.8071929680247629E-001                  3.3946652245132940E-093                  9.2735593647864180E-095                  1.2887288461144497E-038 
                                     821                  2.1983487388322145E-001                 -1.4004419185458381E+000                  7.2364022654544042E+000                  2.2301798177909675E+000                  1.7203831886433981E+001                  7.7888955561422893E-006                  6.1044084796702314E-001                  3.8955136313742067E-001                  3.9413824965932899E-093                  1.1316217245854637E-094                  1.9247663595527033E-038 
                                     822                  2.1974259523251530E-001                 -1.4022149578605430E+000                  7.2369330467024007E+000                  2.2492975032890028E+000                  1.7223443119163825E+001                  7.7168829992218231E-006                  6.1044084796702369E-001                  3.8955143514997703E-001                  4.2087503463957015E-093                  1.2114284008935231E-094                  2.2411516466044951E-038 
                                     823                  2.1965031658180911E-001                 -1.4039322188275851E+000                  7.2390311069118933E+000                  2.2612300621176478E+000                  1.7237807342855714E+001                  7.5778049552593979E-006                  6.1213785167381174E-001                  3.8785457052123296E-001                  4.6868480363656243E-093                  1.3484441461435690E-094                  3.0019095195894873E-038 
                                     824                  2.1960417725645601E-001                 -1.4047750017815912E+000                  7.2384601313138788E+000                  2.2710204813311359E+000                  1.7247196047353480E+001                  7.4855984161750649E-006                  6.1345528485879508E-001                  3.8653722954278880E-001                  4.7119119700404861E-093                  1.3470013333265329E-094                  2.9849736334373414E-038 
                                     825                  2.1955803793110293E-001                 -1.4056037692008527E+000                  7.2402666696267959E+000                  2.2821724143897608E+000                  1.7261009737044326E+001                  7.3208645513939681E-006                  6.1834545581565181E-001                  3.8164722331979684E-001                  5.2088567678101506E-093                  1.4668388367804622E-094                  3.9199611682881936E-038 
                                     826                  2.1946575928039674E-001                 -1.4072330506265591E+000                  7.2340151762037808E+000                  2.3066901986127313E+000                  1.7279025612634669E+001                  7.0784355349582588E-006                  6.1834545581565203E-001                  3.8164746574881303E-001                  4.4110063479102074E-093                  1.2233599668473374E-094                  2.2708418182523607E-038 
                                     827                  2.1937348062969056E-001                 -1.4087899400836845E+000                  7.2332604299634085E+000                  2.3241707921566741E+000                  1.7296561432501555E+001                  6.8044146364101390E-006                  6.1626488569121363E-001                  3.8372830989414997E-001                  4.4639437328404617E-093                  1.2505945833715642E-094                  2.2633456260838868E-038 
                                     828                  2.1928120197898437E-001                 -1.4103013412066399E+000                  7.2267135913036702E+000                  2.3504034236884630E+000                  1.7321656891269306E+001                  6.3574563259664862E-006                  6.1647699786943266E-001                  3.8351664467424140E-001                  3.7533458915091884E-093                  1.0360510370320702E-094                  1.2786847976218992E-038 
                                     829                  2.1909977484824147E-001                 -1.4131410234139297E+000                  7.2180296764639964E+000                  2.3767992479160358E+000                  1.7345837661278154E+001                  5.8657643542943820E-006                  6.2127824359044093E-001                  3.7871589064520483E-001                  2.9383551372702708E-093                  7.7873055629331606E-095                  5.8453875212569572E-039 
                                     830                  2.1900906128287004E-001                 -1.4144966568433122E+000                  7.2139309698227452E+000                  2.3945899867974956E+000                  1.7361424940498843E+001                  5.5879495120309738E-006                  6.2452320457186061E-001                  3.7547120747862739E-001                  2.6547036003584640E-093                  6.8753993741183234E-095                  4.1616167421412923E-039 
                                     831                  2.1891834771749860E-001                 -1.4158099297602440E+000                  7.2087370451086645E+000                  2.4212448047111890E+000                  1.7384060817132248E+001                  5.2090904163044412E-006                  6.2958925334919968E-001                  3.7040553756038397E-001                  2.3602848589140889E-093                  5.9140290217633328E-095                  2.7706622569784424E-039 
                                     832                  2.1873692058675570E-001                 -1.4183128704935632E+000                  7.1982840291131902E+000                  2.4523193200093623E+000                  1.7406046552217589E+001                  4.6896162370935974E-006                  6.3438213278778810E-001                  3.6561317759597478E-001                  1.7437121082682299E-093                  0.0000000000000000E+000                  1.0549404597675471E-039 
                                     833                  2.1864620702138426E-001                 -1.4194928504856192E+000                  7.1992887909602237E+000                  2.4652595528626247E+000                  1.7420254124048725E+001                  4.3915826898438615E-006                  6.3438213278778821E-001                  3.6561347562952196E-001                  1.8690085836659097E-093                  4.4963473617930421E-095                  1.2591767242781675E-039 
                                     834                  2.1855549345601283E-001                 -1.4206474632405204E+000                  7.1912987984176331E+000                  2.4932910336096401E+000                  1.7440935675669792E+001                  4.0169562273055497E-006                  6.3309743728196310E-001                  3.6689854576180958E-001                  1.4848874797652375E-093                  0.0000000000000000E+000                  5.9830038768823553E-040 
                                     835                  2.1837406632527001E-001                 -1.4228374870189435E+000                  7.1863609104090500E+000                  2.5240560868783088E+000                  1.7467557786899192E+001                  3.5900464670846411E-006                  6.3200773499242635E-001                  3.6798867496110654E-001                  1.3303945804895704E-093                  0.0000000000000000E+000                  4.0344258438394277E-040 
                                     836                  2.1819263919452717E-001                 -1.4249079859026919E+000                  7.1800826128607467E+000                  2.5546044117811215E+000                  1.7493090191496744E+001                  3.1533148029912450E-006                  6.3340125823455951E-001                  3.6659558845063756E-001                  0.0000000000000000E+000                  0.0000000000000000E+000                  2.3647788100160955E-040 
                                     837                  2.1801121206378435E-001                 -1.4268648837974034E+000                  7.1765014489042853E+000                  2.5828713616902741E+000                  1.7517611082826150E+001                  2.7507380904752571E-006                  6.2388390038409225E-001                  3.7611334887781722E-001                  1.0501976560051634E-093                  0.0000000000000000E+000                  1.7547339555696921E-040 
                                     838                  2.1782978493304150E-001                 -1.4287227898437462E+000                  7.1699128768456735E+000                  2.6083739179041361E+000                  1.7538313417130350E+001                  2.4767947930186642E-006                  6.2861994889019379E-001                  3.7137757431501317E-001                  0.0000000000000000E+000                  0.0000000000000000E+000                  9.7961982830520116E-041 
                                     839                  2.1769371458498449E-001                 -1.4300512958736613E+000                  7.1758606831846992E+000                  2.6193695631544629E+000                  1.7555499765790447E+001                  2.2439599338735589E-006                  6.2861994889019379E-001                  3.7137780714987234E-001                  1.1322234740870438E-093                  0.0000000000000000E+000                  2.0224241702876806E-040 
                                     840                  2.1755764423692750E-001                 -1.4313584337500116E+000                  7.1681453164246838E+000                  2.6516379780645698E+000                  1.7580341781705041E+001                  1.8974707993005062E-006                  6.1814339611456948E-001                  3.8185470641463126E-001                  0.0000000000000000E+000                  0.0000000000000000E+000                  9.5866507828930152E-041 
                                     841                  2.1728550354081347E-001                 -1.4338172619423881E+000                  7.1635960789328514E+000                  2.6859745687673873E+000                  1.7612045288828106E+001                  1.4859989660540512E-006                  6.1872738373116232E-001                  3.8127113026987158E-001                  0.0000000000000000E+000                  0.0000000000000000E+000                  6.9041188100940781E-041 
                                     842                  2.1701336284469944E-001                 -1.4361269052526549E+000                  7.1634401329930544E+000                  2.7074313923801845E+000                  1.7634831116948877E+001                  1.2570172235854244E-006                  6.2144631016142782E-001                  3.7855243282134865E-001                  0.0000000000000000E+000                  0.0000000000000000E+000                  7.7031182619318296E-041 
                                     843                  2.1687729249664242E-001                 -1.4372391348372304E+000                  7.1644113353447754E+000                  2.7205879768414478E+000                  1.7649521764849865E+001                  1.1335085330380029E-006                  6.2064784448291532E-001                  3.7935102200855164E-001                  9.3648733033287662E-094                  0.0000000000000000E+000                  9.1826557251215068E-041 
                                     844                  2.1674122214858543E-001                 -1.4383264042090769E+000                  7.1656294672611862E+000                  2.7397842043819343E+000                  1.7670860613974106E+001                  9.5283290243965736E-007                  6.1990835722151816E-001                  3.8009068994557937E-001                  0.0000000000000000E+000                  0.0000000000000000E+000                  1.1626355502462512E-040 
                                     845                  2.1646908145247143E-001                 -1.4404299615861136E+000                  7.1631137452468323E+000                  2.7603579282104338E+000                  1.7691563052405431E+001                  8.0415650454449961E-007                  6.2969514472264043E-001                  3.7030405112085507E-001                  1.0011027946011747E-093                  0.0000000000000000E+000                  1.0243967658490335E-040 
                                     846                  2.1633301110441439E-001                 -1.4414439427413563E+000                  7.1634981014352332E+000                  2.7725417719647973E+000                  1.7704950326528682E+001                  7.3149546812452017E-007                  6.3037565145629160E-001                  3.6962361704824032E-001                  1.0491465176310585E-093                  0.0000000000000000E+000                  1.1455935087625187E-040 
                                     847                  2.1619694075635737E-001                 -1.4424367300791616E+000                  7.1673107137739231E+000                  2.7877058921672333E+000                  1.7724449614307748E+001                  6.4357653362249824E-007                  6.2884612449823285E-001                  3.7115323192523353E-001                  1.2573314876757532E-093                  0.0000000000000000E+000                  1.8945356732444741E-040 
                                     848                  2.1592480006024339E-001                 -1.4443736617258922E+000                  7.1730817785634171E+000                  2.8051551898496028E+000                  1.7749558649480417E+001                  5.5486008331758750E-007                  6.3755129511476316E-001                  3.6244815002515351E-001                  1.6577495262331881E-093                  3.8509405367421275E-095                  4.1396314311381180E-040 
                                     849                  2.1565265936412942E-001                 -1.4462590405858700E+000                  7.1779016202363337E+000                  2.8217164512540127E+000                  1.7773669827940807E+001                  4.7056819215629507E-007                  6.5267353215120305E-001                  3.4732599728060476E-001                  2.1225771810626495E-093                  4.6726747630527464E-095                  8.3107781192243615E-040 
                                     850                  2.1538051866801528E-001                 -1.4480973689320993E+000                  7.1819945629909183E+000                  2.8392552347973088E+000                  1.7796863790061806E+001                  3.9760960857623411E-007                  6.5780198942257162E-001                  3.4219761296781981E-001                  2.6085513793705165E-093                  5.6816685124167992E-095                  1.4732992861333829E-039 
                                     851                  2.1510837797190108E-001                 -1.4498851884750834E+000                  7.1829329256570986E+000                  2.8582722577006332E+000                  1.7819210344649857E+001                  3.5399126354153922E-007                  6.6656024899732513E-001                  3.3343939701141134E-001                  2.8745662735572312E-093                  6.0393621928263808E-095                  1.8839892146170153E-039 
                                     852                  2.1483623727578691E-001                 -1.4516173436220547E+000                  7.1871860548060260E+000                  2.8746484473478562E+000                  1.7840769893492535E+001                  2.8441757785002398E-007                  6.6711583647534745E-001                  3.3288387910707473E-001                  3.5164409468726291E-093                  7.4667621654277741E-095                  3.3020332290914747E-039 
                                     853                  2.1456409657967271E-001                 -1.4533052205544121E+000                  7.1928385457307549E+000                  2.8887571949207493E+000                  1.7861598002257097E+001                  2.3448503060988524E-007                  6.7086768740066238E-001                  3.2913207811430700E-001                  4.5235552893819613E-093                  9.5941100881284830E-095                  6.7533881626330570E-039 
                                     854                  2.1429195588355859E-001                 -1.4549581079876410E+000                  7.1994169637571064E+000                  2.9023358226750942E+000                  1.7881745679491676E+001                  1.9518435621468498E-007                  6.6708760418962187E-001                  3.3291220062602189E-001                  5.9400416870679769E-093                  1.3066860662325266E-094                  1.4690942847703515E-038 
                                     855                  2.1401981518744448E-001                 -1.4565783295434254E+000                  7.2054191409931310E+000                  2.9153889128410633E+000                  1.7901258768188509E+001                  1.6263262252924379E-007                  6.6689215187564510E-001                  3.3310768549173242E-001                  7.6576683563986006E-093                  1.7151239120729647E-094                  3.0296209907245022E-038 
                                     856                  2.1374767449133039E-001                 -1.4581681072365571E+000                  7.2101411754178315E+000                  2.9300623531324153E+000                  1.7920178642583771E+001                  1.3864657114328729E-007                  6.5748837230297608E-001                  3.4251148905045281E-001                  9.3193983393820891E-093                  2.2110453366010356E-094                  5.2449550615299210E-038 
                                     857                  2.1347553379521625E-001                 -1.4597218471879165E+000                  7.2146131163915426E+000                  2.9413526027822261E+000                  1.7936664537217581E+001                  1.1781143592320420E-007                  6.5933595888743413E-001                  3.4066392330112993E-001                  1.1325347547700713E-092                  2.6984496252521349E-094                  9.1149113787934369E-038 
                                     858                  2.1326008907745928E-001                 -1.4609318234135600E+000                  7.2183633970578933E+000                  2.9524243862036554E+000                  1.7950871116475387E+001                  1.0428496771231883E-007                  6.5025165517281580E-001                  3.4974824054221654E-001                  1.3170193224856009E-092                  3.3075343567011068E-094                  1.3899968576002304E-037 
                                     859                  2.1304464435970230E-001                 -1.4621211580388012E+000                  7.2241983511177228E+000                  2.9666379969314329E+000                  1.7971545707208318E+001                  9.0206813320487070E-008                  6.5040072233247470E-001                  3.4959918746071195E-001                  1.6878097081653565E-092                  4.3063482799064311E-094                  2.8082352286543531E-037 
                                     860                  2.1261375492418835E-001                 -1.4644513747231154E+000                  7.2333537788101854E+000                  2.9823685145071162E+000                  1.7995155921794321E+001                  7.7296594703380014E-008                  6.3701582191006545E-001                  3.6298410079333987E-001                  2.3932271562926399E-092                  6.6516711538314172E-094                  7.6222536149579877E-037 
                                     861                  2.1228285765269564E-001                 -1.4662016887330453E+000                  7.2358123016993066E+000                  2.9987202098783672E+000                  1.8014954144535974E+001                  6.7811731142822449E-008                  6.3598815106541917E-001                  3.6401178112284971E-001                  2.7211180813994059E-092                  7.6590151563582219E-094                  1.0749249293700148E-036 
                                     862                  2.1195196038120290E-001                 -1.4679075696013297E+000                  7.2432605091722868E+000                  3.0103421405544295E+000                  1.8034153026215417E+001                  6.0136818049128486E-008                  6.3495761057529232E-001                  3.6504232928788960E-001                  3.6512667464666976E-092                  1.0534402355144168E-093                  2.5014923378248391E-036 
                                     863                  2.1162106310971013E-001                 -1.4695879446581883E+000                  7.2489027753888511E+000                  3.0225504844470787E+000                  1.8052791159553063E+001                  5.5214145415662232E-008                  6.3741693867552518E-001                  3.6258300611032945E-001                  4.6207721440864384E-092                  1.3392305417641339E-093                  4.8887737158585564E-036 
                                     864                  2.1129016583821741E-001                 -1.4712406582358704E+000                  7.2571217310278087E+000                  3.0376931996060601E+000                  1.8075315247661248E+001                  4.8970207359665493E-008                  6.2706682377528300E-001                  3.7293312725450967E-001                  6.3166703583526380E-092                  1.9602567753839313E-093                  1.1914411823868359E-035 
                                     865                  2.1079381993097823E-001                 -1.4736687472874872E+000                  7.2589856371190704E+000                  3.0539604772254103E+000                  1.8095015861573298E+001                  4.5811699285959978E-008                  6.2978946077444564E-001                  3.7021049341385504E-001                  7.0618146283649769E-092                  2.1791066757735729E-093                  1.5986315259441933E-035 
                                     866                  2.1054564697735861E-001                 -1.4748528503533891E+000                  7.2636230569969742E+000                  3.0626912737186958E+000                  1.8107791910021948E+001                  4.2292037703430629E-008                  6.2281645920715922E-001                  3.7718349850080313E-001                  8.4028217948943880E-092                  2.7077444958222334E-093                  2.6211511623614730E-035 
                                     867                  2.1029747402373897E-001                 -1.4760228612560475E+000                  7.2707995066087499E+000                  3.0748414441800866E+000                  1.8126452256266845E+001                  3.7781587710907604E-008                  6.1495971709234187E-001                  3.8504024512607038E-001                  1.0995418439384691E-091                  3.7382594494338833E-093                  5.6483792968903102E-035 
                                     868                  2.0980112811649979E-001                 -1.4783257645872501E+000                  7.2762956964528529E+000                  3.0966615005095504E+000                  1.8144677108506986E+001                  2.1390967460861249E-008                  5.3285330815216725E-001                  4.6714667045686531E-001                  1.2223747042033061E-091                  5.9594759555498677E-093                  7.2602855695635848E-035 
                                     869                  2.0955295516288017E-001                 -1.4794337793642236E+000                  7.2805107196676211E+000                  3.1109298386413466E+000                  1.8156520472774623E+001                  1.4138808665073636E-008                  4.7512685949141131E-001                  5.2487312636978001E-001                  1.3127440429810150E-091                  8.1777003304082701E-093                  8.5477489889572937E-035 
                                     870                  2.0930478220926058E-001                 -1.4805141177222596E+000                  7.2881193290755135E+000                  3.1225311852675248E+000                  1.8175999799182161E+001                  1.4138808665073636E-008                  4.7512685949141131E-001                  5.2487312636978001E-001                  1.7562249676923472E-091                  1.1165018116990942E-092                  1.9719693363587588E-034 
                                     871                  2.0871395727040415E-001                 -1.4830497262013300E+000                  7.2984467117622769E+000                  3.1383883852917496E+000                  1.8202556100359200E+001                  1.4138808665073636E-008                  4.7512685949141131E-001                  5.2487312636978001E-001                  2.6003254005778991E-091                  1.6994909191117332E-092                  6.0873733112306269E-034 
                                     872                  2.0812313233154769E-001                 -1.4855372075834110E+000                  7.3077841643815997E+000                  3.1527448031235439E+000                  1.8226583514319302E+001                  1.4138808665073636E-008                  4.7512685949141131E-001                  5.2487312636978001E-001                  3.6972991473767004E-091                  2.4779389175433995E-092                  1.6735142968159992E-033 
                                     873                  2.0760327699682044E-001                 -1.4876889350600297E+000                  7.3151859732703652E+000                  3.1641366786704683E+000                  1.8245639788380934E+001                  1.4138808665073636E-008                  4.7512685949141131E-001                  5.2487312636978001E-001                  4.8771513506601339E-091                  3.3349404871851141E-092                  3.7110781594806071E-033 
                                     874                  2.0721338549577495E-001                 -1.4892814179581744E+000                  7.3220711462775698E+000                  3.1746901991000391E+000                  1.8263316267496243E+001                  1.4138808665073627E-008                  4.7512685949141126E-001                  5.2487312636978012E-001                  6.2986865579655091E-091                  0.0000000000000000E+000                  7.7502262777906375E-033 
                                     875                  2.0673414385904770E-001                 -1.4912152576752145E+000                  7.3299673087115540E+000                  3.1867996663443510E+000                  1.8283592502353830E+001                  1.4138808665070327E-008                  4.7512685949138217E-001                  5.2487312636980921E-001                  1.5247350239723108E-195                  6.0109273283745723E-092                  1.7946518084681995E-032 
                                     876                  2.0618788962060133E-001                 -1.4933895232532399E+000                  7.3361705331608302E+000                  3.1963682287587094E+000                  1.8299580240894926E+001                  1.4138808665063288E-008                  4.7512685949131972E-001                  5.2487312636987160E-001                  0.0000000000000000E+000                  0.0000000000000000E+000                  3.4596322967150576E-032 
                                     877                  2.0590562441932278E-001                 -1.4945010971059725E+000                  7.3424842553151324E+000                  3.2060127318275682E+000                  1.8315747298831305E+001                  1.4138808665054819E-008                  4.7512685949124545E-001                  5.2487312636994587E-001                  0.0000000000000000E+000                  0.0000000000000000E+000                  6.7231432483480104E-032 
                                     878                  2.0532615555821387E-001                 -1.4967590639385415E+000                  7.3507377064423123E+000                  3.2186867505973020E+000                  1.8336951507705962E+001                  1.4138808665052964E-008                  4.7512685949122918E-001                  5.2487312636996220E-001                  0.0000000000000000E+000                  0.0000000000000000E+000                  1.5956303132834824E-031 
                                     879                  2.0474668669710505E-001                 -1.4989863269419337E+000                  7.3587682183920267E+000                  3.2310182711161302E+000                  1.8357579878252100E+001                  1.4138808665047131E-008                  4.7512685949117794E-001                  5.2487312637001338E-001                  0.0000000000000000E+000                  0.0000000000000000E+000                  3.6827545952817298E-031 
                                     880                  2.0416380997652198E-001                 -1.5011976106752307E+000                  7.3653213032453992E+000                  3.2411122442434603E+000                  1.8374445210147933E+001                  1.4138808665045985E-008                  4.7512685949116795E-001                  5.2487312637002337E-001                  0.0000000000000000E+000                  0.0000000000000000E+000                  7.2678902532575963E-031 
                                     881                  2.0377171605518091E-001                 -1.5026695540020292E+000                  7.3705059631812393E+000                  3.2490734814813580E+000                  1.8387760045869278E+001                  1.4138808665045553E-008                  4.7512685949116390E-001                  5.2487312637002748E-001                  0.0000000000000000E+000                  0.0000000000000000E+000                  1.2425149981135314E-030 
                                     882                  2.0337611269288750E-001                 -1.5041426030308311E+000                  7.3756168083284006E+000                  3.2569220549744764E+000                  1.8400884924449233E+001                  1.4138808665045516E-008                  4.7512685949116362E-001                  5.2487312637002770E-001                  0.0000000000000000E+000                  0.0000000000000000E+000                  2.1061971623380757E-030 
                                     883                  2.0298050933059406E-001                 -1.5056040071861785E+000                  7.3825211723079942E+000                  3.2674776206301068E+000                  1.8418561968413357E+001                  1.4138808665045510E-008                  4.7512685949116357E-001                  5.2487312637002770E-001                  0.0000000000000000E+000                  0.0000000000000000E+000                  4.2932166458989098E-030 
                                     884                  2.0228462531387331E-001                 -1.5081478825853005E+000                  7.3912067637389223E+000                  3.2808149936146975E+000                  1.8440860907052958E+001                  1.4138808665045510E-008                  4.7512685949116357E-001                  5.2487312637002770E-001                  0.0000000000000000E+000                  0.0000000000000000E+000                  1.0534107531872942E-029 
                                     885                  2.0156727250090922E-001                 -1.5107364102643206E+000                  7.3991528794364445E+000                  3.2930393251298895E+000                  1.8461283254765494E+001                  1.4138808665045510E-008                  4.7512685949116357E-001                  5.2487312637002770E-001                  0.0000000000000000E+000                  0.0000000000000000E+000                  2.4065506786687096E-029 
                                     886                  2.0095239866122580E-001                 -1.5129294966855822E+000                  7.4062967825931416E+000                  3.3040134500100735E+000                  1.8479623929594247E+001                  1.4138808665045510E-008                  4.7512685949116357E-001                  5.2487312637002770E-001                  0.0000000000000000E+000                  0.0000000000000000E+000                  5.0975620417266926E-029 
                                     887                  2.0033752482154235E-001                 -1.5151003355735297E+000                  7.4132549501243217E+000                  3.3147295269201149E+000                  1.8497515691815476E+001                  1.4138808665045510E-008                  4.7512685949116357E-001                  5.2487312637002770E-001                  0.0000000000000000E+000                  0.0000000000000000E+000                  1.0711685283323393E-028 
                                     888                  1.9972265098185887E-001                 -1.5172501081160805E+000                  7.4168305008123010E+000                  3.3382167682164026E+000                  1.8513554402775178E+001                  5.4860168691306790E-009                  3.7431527926777602E-001                  6.2568471524620706E-001                  0.0000000000000000E+000                  0.0000000000000000E+000                  8.4777921138084781E-029 
                                     889                  1.9921025611545598E-001                 -1.5189701147785608E+000                  7.4054258649766993E+000                  3.3598383290994422E+000                  1.8526889039284470E+001                  5.1106638446105467E-009                  3.6856410020486691E-001                  6.3143589468446926E-001                  0.0000000000000000E+000                  0.0000000000000000E+000                  2.9308720871961996E-029 
                                     890                  1.9876599932809924E-001                 -1.5204045147166212E+000                  7.4032778425009571E+000                  3.3758654152314245E+000                  1.8542266010420779E+001                  4.6874955344942447E-009                  3.6340068482237337E-001                  6.3659931049013108E-001                  0.0000000000000000E+000                  0.0000000000000000E+000                  2.4813749306906140E-029 
                                     891                  1.9808244369994707E-001                 -1.5225581031893811E+000                  7.4051104896448008E+000                  3.3924611550104862E+000                  1.8560870610520105E+001                  4.1535938939529564E-009                  3.5146173587802587E-001                  6.4853825996838022E-001                  0.0000000000000000E+000                  0.0000000000000000E+000                  2.9282171048195933E-029 
                                     892                  1.9737005056873227E-001                 -1.5247510723624911E+000                  7.4058728037815786E+000                  3.4055679069403788E+000                  1.8575003634090852E+001                  3.9513894418779733E-009                  3.4187348386472571E-001                  6.5812651218388485E-001                  0.0000000000000000E+000                  0.0000000000000000E+000                  3.1113884125048174E-029 
                                     893                  1.9699943525159364E-001                 -1.5258707718739286E+000                  7.4095532578399457E+000                  3.4159311820087428E+000                  1.8589166859854874E+001                  3.7697716875872806E-009                  3.3714588098746850E-001                  6.6285411524275983E-001                  0.0000000000000000E+000                  0.0000000000000000E+000                  4.5201757225855424E-029 
                                     894                  1.9625820461731630E-001                 -1.5280826563644261E+000                  7.4164329154702173E+000                  3.4280374878991466E+000                  1.8607658286004643E+001                  3.1392519894601272E-009                  3.2986395198598206E-001                  6.7013604487476597E-001                  0.0000000000000000E+000                  0.0000000000000000E+000                  8.9463562029449612E-029 
                                     895                  1.9551697398303891E-001                 -1.5302666433730516E+000                  7.4234239305216443E+000                  3.4402739396478923E+000                  1.8625680487085639E+001                  2.8408854191836736E-009                  3.1714353477755924E-001                  6.8285646238155540E-001                  0.0000000000000000E+000                  0.0000000000000000E+000                  1.7307571039509177E-028 
                                     896                  1.9477574334876149E-001                 -1.5324220179126284E+000                  7.4306519540491367E+000                  3.4527281545054755E+000                  1.8644325048825806E+001                  2.4378311774090577E-009                  3.0578658750003312E-001                  6.9421341006213577E-001                  0.0000000000000000E+000                  0.0000000000000000E+000                  3.5467080994696335E-028 
                                     897                  1.9394265992695151E-001                 -1.5348132551078901E+000                  7.4369481395189583E+000                  3.4660707858303428E+000                  1.8663553490829948E+001                  2.0600137894746224E-009                  2.9716780353401773E-001                  7.0283219440596856E-001                  0.0000000000000000E+000                  0.0000000000000000E+000                  6.9319573625922365E-028 
                                     898                  1.9310957650514154E-001                 -1.5371704900696066E+000                  7.4446385640233395E+000                  3.4778233394159170E+000                  1.8683690819832780E+001                  1.8046978072883689E-009                  3.0033230391053017E-001                  6.9966769428477205E-001                  0.0000000000000000E+000                  0.0000000000000000E+000                  1.8123202336241276E-027 
                                     899                  1.9214832640305315E-001                 -1.5398643399240708E+000                  7.4527798432532011E+000                  3.4926265663494576E+000                  1.8704680528047533E+001                  1.6887329909040829E-009                  2.8072797100578900E-001                  7.1927202730547801E-001                  0.0000000000000000E+000                  0.0000000000000000E+000                  4.1489963247808508E-027 
                                     900                  1.9118707630096476E-001                 -1.5425164361096617E+000                  7.4610089547947966E+000                  3.5060792145055655E+000                  1.8726137288566328E+001                  1.1529817713513785E-009                  2.7582751110693438E-001                  7.2417248774008391E-001                  0.0000000000000000E+000                  0.0000000000000000E+000                  1.1414806178411933E-026 
                                     901                  1.9012428695239719E-001                 -1.5454142541434295E+000                  7.4690370507400488E+000                  3.5206214188440024E+000                  1.8748030816401180E+001                  1.0508969182618089E-009                  2.6610631912951788E-001                  7.3389367981958520E-001                  0.0000000000000000E+000                  0.0000000000000000E+000                  2.9848906389578211E-026 
                                     902                  1.8906149760382959E-001                 -1.5482729228741687E+000                  7.4755578535681169E+000                  3.5327966715243289E+000                  1.8766468300904052E+001                  9.0815352439547718E-010                  2.6005056254246539E-001                  7.3994943654938106E-001                  0.0000000000000000E+000                  0.0000000000000000E+000                  6.7229203043822547E-026 
                                     903                  1.8828768486769651E-001                 -1.5503314493108855E+000                  7.4810995895965613E+000                  3.5432098222331994E+000                  1.8781639214177801E+001                  7.9373973679434050E-010                  2.5051737876077007E-001                  7.4948262044549019E-001                  0.0000000000000000E+000                  0.0000000000000000E+000                  1.2769807745379265E-025 
                                     904                  1.8751387213156334E-001                 -1.5523698462304625E+000                  7.4869095021980367E+000                  3.5544416362883822E+000                  1.8799085214125803E+001                  7.0775330765379000E-010                  2.4954685381309671E-001                  7.5045314547914999E-001                  0.0000000000000000E+000                  0.0000000000000000E+000                  2.7916567640079454E-025 
                                     905                  1.8646672442326995E-001                 -1.5551024880572517E+000                  7.4938710193002631E+000                  3.5679147049279596E+000                  1.8818691617037121E+001                  5.4309778386657135E-010                  2.3832202475543177E-001                  7.6167797470147047E-001                  0.0000000000000000E+000                  0.0000000000000000E+000                  6.2953128826692772E-025 
                                     906                  1.8541957671497647E-001                 -1.5578018291959719E+000                  7.5014618505707134E+000                  3.5824985383928207E+000                  1.8840136402043804E+001                  4.6536651592779768E-010                  2.2749681560827378E-001                  7.7250318392635964E-001                  0.0000000000000000E+000                  0.0000000000000000E+000                  1.5396145944348489E-024 
                                     907                  1.8411089988086568E-001                 -1.5611325653917636E+000                  7.5083600107775244E+000                  3.5952328098789263E+000                  1.8860360650420844E+001                  3.7839372098876414E-010                  2.2777980284692970E-001                  7.7222019677467657E-001                  0.0000000000000000E+000                  0.0000000000000000E+000                  3.9245588270371453E-024 
                                     908                  1.8314303080582864E-001                 -1.5635729103603528E+000                  7.5128310410336407E+000                  3.6080924498487406E+000                  1.8877126746969751E+001                  2.9544718948993054E-010                  2.1573147144977198E-001                  7.8426852825478077E-001                  0.0000000000000000E+000                  0.0000000000000000E+000                  6.2293489599747396E-024 
                                     909                  1.8217516173079160E-001                 -1.5659820721896558E+000                  7.5212768039406894E+000                  3.6240013527942869E+000                  1.8901938243794945E+001                  2.3403346112678127E-010                  2.1362435459367729E-001                  7.8637564517228919E-001                  0.0000000000000000E+000                  0.0000000000000000E+000                  1.8707047099186993E-023 
                                     910                  1.8018806073764113E-001                 -1.5708718963531405E+000                  7.5307220222522409E+000                  3.6435879752185549E+000                  1.8929664535471787E+001                  1.7491196547664984E-010                  1.9535672636682930E-001                  8.0464327345825870E-001                  0.0000000000000000E+000                  0.0000000000000000E+000                  5.0369990679796120E-023 
                                     911                  1.7878453993089966E-001                 -1.5742692992647889E+000                  7.5374043020182206E+000                  3.6581619669252285E+000                  1.8951852837685543E+001                  1.0422992659640881E-010                  1.9577774139022769E-001                  8.0422225850554241E-001                  0.0000000000000000E+000                  0.0000000000000000E+000                  1.2284314160377559E-022 
                                     912                  1.7738101912415835E-001                 -1.5776321974276493E+000                  7.5441725158496125E+000                  3.6725926134279199E+000                  1.8971816012257463E+001                  8.1157857959639271E-011                  1.7984631247222815E-001                  8.2015368744661399E-001                  0.0000000000000000E+000                  0.0000000000000000E+000                  2.3112116457413680E-022 
                                     913                  1.7619398774140821E-001                 -1.5804427357688551E+000                  7.5496230750167888E+000                  3.6846418626527582E+000                  1.8989670780846140E+001                  6.7540388010878728E-011                  1.7682341399289495E-001                  8.2317658593956466E-001                  0.0000000000000000E+000                  0.0000000000000000E+000                  4.4691923998768097E-022 
                                     914                  1.7500695635865809E-001                 -1.5832297339392514E+000                  7.5557947765627622E+000                  3.6980548230623067E+000                  1.9008401391156536E+001                  4.7456188603514200E-011                  1.6401409385599999E-001                  8.3598590609654377E-001                  0.0000000000000000E+000                  0.0000000000000000E+000                  7.9102416984913794E-022 
                                     915                  1.7364496656552356E-001                 -1.5863946434283649E+000                  7.5616010348223677E+000                  3.7111674492897855E+000                  1.9027967190065315E+001                  3.5755091673467873E-011                  1.6243665621251846E-001                  8.3756334375172647E-001                  0.0000000000000000E+000                  0.0000000000000000E+000                  1.6196229383124388E-021 
                                     916                  1.7228297677238888E-001                 -1.5895330104203673E+000                  7.5673728945271064E+000                  3.7241148506885708E+000                  1.9046609918659446E+001                  2.7065969434603740E-011                  1.5541433443009903E-001                  8.4458566554283498E-001                  6.4040731965794499E-115                  4.2072312916497441E-048                  2.9572324986137158E-021 
                                     917                  1.7098924228624496E-001                 -1.5924880871227205E+000                  7.5728565753381405E+000                  3.7365237193155809E+000                  1.9064374211696499E+001                  1.6668235996979099E-011                  1.4815611964159889E-001                  8.5184388034173286E-001                  0.0000000000000000E+000                  0.0000000000000000E+000                  5.1226512215569638E-021 
                                     918                  1.6969550780010106E-001                 -1.5954189051536136E+000                  7.5777282139122768E+000                  3.7478552817983664E+000                  1.9080960508511900E+001                  1.2654876800540729E-011                  1.4508825921801902E-001                  8.5491174076932608E-001                  0.0000000000000000E+000                  0.0000000000000000E+000                  8.8772290647752104E-021 
                                     919                  1.6852420644845229E-001                 -1.5980542132186206E+000                  7.5823386712757523E+000                  3.7586001836812692E+000                  1.9096418020026313E+001                  1.0502272245290479E-011                  1.4012128549082567E-001                  8.5987871449867204E-001                  0.0000000000000000E+000                  0.0000000000000000E+000                  1.4223505696609016E-020 
                                     920                  1.6735290509680342E-001                 -1.6006721942861737E+000                  7.5874125073326395E+000                  3.7704598695904128E+000                  1.9113601271664830E+001                  8.2943319744390344E-012                  1.3564570897645956E-001                  8.6435429101524608E-001                  0.0000000000000000E+000                  0.0000000000000000E+000                  2.4217325019044539E-020 
                                     921                  1.6586625338124938E-001                 -1.6039722477349818E+000                  7.5930325015767037E+000                  3.7835529862834627E+000                  1.9132442291287688E+001                  5.0208860867798211E-012                  1.2951914599563880E-001                  8.7048085399934028E-001                  0.0000000000000000E+000                  0.0000000000000000E+000                  4.2104445932601484E-020 
                                     922                  1.6437960166569543E-001                 -1.6072478524172478E+000                  7.5982569237556765E+000                  3.7959204050362634E+000                  1.9150638803461177E+001                  3.2193686613305329E-012                  1.2726697181361593E-001                  8.7273302818316467E-001                  3.0260487085926401E-116                  2.3355194671353916E-048                  7.5684766507525350E-020 
                                     923                  1.6293234092730838E-001                 -1.6104169030986268E+000                  7.6042568827580324E+000                  3.8100990133616626E+000                  1.9171271790342523E+001                  2.2335741696781879E-012                  1.2279237747908929E-001                  8.7720762251867712E-001                  0.0000000000000000E+000                  0.0000000000000000E+000                  1.4076177251214535E-019 
                                     924                  1.6097074021652744E-001                 -1.6146822959175657E+000                  7.6098037754811001E+000                  3.8235069924072382E+000                  1.9191059112767377E+001                  1.5667674348144722E-012                  1.2138041239314663E-001                  8.7861958760528658E-001                  0.0000000000000000E+000                  0.0000000000000000E+000                  2.6540561572002549E-019 
                                     925                  1.5959930543328987E-001                 -1.6176469139170582E+000                  7.6148149643048351E+000                  3.8355098367016822E+000                  1.9208446488999090E+001                  1.3843412465153490E-012                  1.1725790244898356E-001                  8.8274209754963207E-001                  0.0000000000000000E+000                  0.0000000000000000E+000                  4.3561008808901613E-019 
                                     926                  1.5797072662819600E-001                 -1.6211487531278497E+000                  7.6200040460205249E+000                  3.8481228467014486E+000                  1.9226962481975189E+001                  7.2714701185684837E-013                  1.1524977963959544E-001                  8.8475022035967743E-001                  9.2143452866492399E-114                  7.7402194753180982E-047                  7.6645181047219747E-019 
                                     927                  1.5634214782310205E-001                 -1.6246334345153486E+000                  7.6248096339950271E+000                  3.8598423121780625E+000                  1.9244076582582853E+001                  5.0945330697078906E-013                  1.1269590383852074E-001                  8.8730409616096984E-001                  0.0000000000000000E+000                  0.0000000000000000E+000                  1.2638670009631635E-018 
                                     928                  1.5490157801327079E-001                 -1.6277024711308503E+000                  7.6298554297630750E+000                  3.8722740071734489E+000                  1.9262528929240826E+001                  3.2989923704951918E-013                  1.1256399237249969E-001                  8.8743600762717045E-001                  0.0000000000000000E+000                  0.0000000000000000E+000                  2.2770601556142130E-018 
                                     929                  1.5295957373132685E-001                 -1.6318240694695891E+000                  7.6345538303926475E+000                  3.8838771111264347E+000                  1.9279483815499944E+001                  2.0963801002616428E-013                  1.1038052276716945E-001                  8.8961947723262091E-001                  0.0000000000000000E+000                  0.0000000000000000E+000                  3.7132019164858923E-018 
                                     930                  1.5174525161488117E-001                 -1.6343920374698790E+000                  7.6393987879357397E+000                  3.8958711877705490E+000                  1.9297242869016404E+001                  1.4034474980036049E-013                  1.0995051615875612E-001                  8.9004948384110349E-001                  0.0000000000000000E+000                  0.0000000000000000E+000                  6.4325704299913839E-018 
                                     931                  1.4957225414334593E-001                 -1.6389738046570903E+000                  7.6447866174103165E+000                  3.9093187511867882E+000                  1.9317019544889455E+001                  7.8175297764057549E-014                  1.0861490264415037E-001                  8.9138509735577143E-001                  0.0000000000000000E+000                  0.0000000000000000E+000                  1.1528591647951165E-017 
                                     932                  1.4791434305171960E-001                 -1.6424587435646780E+000                  7.6493702436141140E+000                  3.9208276364880099E+000                  1.9334087308405586E+001                  5.6639354561535731E-014                  1.0868129068676491E-001                  8.9131870931317847E-001                  1.8066500465043893E-111                  2.5210513447870491E-045                  1.9508831851550363E-017 
                                     933                  1.4619441669835059E-001                 -1.6460668026483420E+000                  7.6546708984617933E+000                  3.9340626416395428E+000                  1.9353481544134773E+001                  2.9243958849326567E-014                  1.0672209347645387E-001                  8.9327790652351691E-001                  0.0000000000000000E+000                  0.0000000000000000E+000                  3.3713535886091261E-017 
                                     934                  1.4399673302460106E-001                 -1.6506672459902232E+000                  7.6603161530822250E+000                  3.9483312728844076E+000                  1.9374590444244120E+001                  2.1780310825865812E-014                  1.0649037596528799E-001                  8.9350962403469025E-001                  1.5954987932627822E-063                  4.8821202280156430E-045                  6.3311537963275706E-017 
                                     935                  1.4184682508288948E-001                 -1.6551611952270022E+000                  7.6656334271516329E+000                  3.9618282808511225E+000                  1.9394580076700297E+001                  9.9880014537051743E-015                  1.0652879599624217E-001                  8.9347120400374780E-001                  0.0000000000000000E+000                  0.0000000000000000E+000                  1.1495535802579393E-016 
                                     936                  1.3979246860525391E-001                 -1.6594522708908435E+000                  7.6697043009953507E+000                  3.9721775261518850E+000                  1.9409798034542519E+001                  7.2954513387819290E-015                  1.0568556788618359E-001                  8.9431443211380912E-001                  0.0000000000000000E+000                  0.0000000000000000E+000                  1.7655396463009842E-016 
                                     937                  1.3859594604315967E-001                 -1.6619506405159008E+000                  7.6726659238896175E+000                  3.9796712830798744E+000                  1.9420824968977886E+001                  4.3120191706415304E-015                  1.0503233501907255E-001                  8.9496766498092317E-001                  0.0000000000000000E+000                  0.0000000000000000E+000                  2.4050349999356849E-016 
                                     938                  1.3739942348106546E-001                 -1.6644490179858271E+000                  7.6760208959739940E+000                  3.9880180361280377E+000                  1.9433244498944028E+001                  3.8998588348591422E-015                  1.0502030878484146E-001                  8.9497969121515464E-001                  1.7792356666407838E-110                  1.6735218313256095E-044                  3.4766980221364692E-016 
                                     939                  1.3586634153356261E-001                 -1.6676516260353795E+000                  7.6796719451859943E+000                  3.9958564894706878E+000                  1.9445194021147366E+001                  2.2299389290846538E-015                  1.0434846283502019E-001                  8.9565153716497758E-001                  0.0000000000000000E+000                  0.0000000000000000E+000                  5.0523019014323268E-016 
                                     940                  1.3474731593038969E-001                 -1.6699918551289383E+000                  7.6812208080819806E+000                  4.0032582575524875E+000                  1.9455158299682910E+001                  1.8814579371830132E-015                  1.0435475819116630E-001                  8.9564524180883187E-001                  0.0000000000000000E+000                  0.0000000000000000E+000                  6.0934904903487582E-016 
                                     941                  1.3362829032721679E-001                 -1.6723300149743514E+000                  7.6856302904436342E+000                  4.0129011872335054E+000                  1.9469830941327597E+001                  1.4017813810174342E-015                  1.0371209094626718E-001                  8.9628790905373146E-001                  0.0000000000000000E+000                  0.0000000000000000E+000                  9.5879946877706130E-016 
                                     942                  1.3140127590716805E-001                 -1.6769923226126149E+000                  7.6899088902219157E+000                  4.0237952013325611E+000                  1.9485955814614755E+001                  9.0968188465339254E-016                  1.0348383796526270E-001                  8.9651616203473639E-001                  0.0000000000000000E+000                  0.0000000000000000E+000                  1.5132885513222749E-015 
                                     943                  1.2991659962713614E-001                 -1.6801061189735504E+000                  7.6930207625036102E+000                  4.0317490164539667E+000                  1.9497608899846334E+001                  6.4467994622044233E-016                  1.0245297767222145E-001                  8.9754702232777794E-001                  0.0000000000000000E+000                  0.0000000000000000E+000                  2.0532188246911879E-015 
                                     944                  1.2867936939377547E-001                 -1.6827046395643608E+000                  7.6957862504120573E+000                  4.0388544595422911E+000                  1.9508085592599478E+001                  3.8821407017511406E-016                  1.0208730756303756E-001                  8.9791269243696203E-001                  0.0000000000000000E+000                  0.0000000000000000E+000                  2.7333161273508267E-015 
                                     945                  1.2744213916041480E-001                 -1.6853073300068553E+000                  7.6985007725857360E+000                  4.0458587245457416E+000                  1.9518461191030330E+001                  3.6617061895859753E-016                  1.0212688011696262E-001                  8.9787311988303697E-001                  0.0000000000000000E+000                  0.0000000000000000E+000                  3.6586502691419461E-015 
                                     946                  1.2620490892705369E-001                 -1.6879148857398045E+000                  7.7012031237241132E+000                  4.0528220674521549E+000                  1.9528738521068366E+001                  2.8883125256953565E-016                  1.0189623608493625E-001                  8.9810376391506341E-001                  0.0000000000000000E+000                  0.0000000000000000E+000                  4.8467002466489043E-015 
                                     947                  1.2496767869369264E-001                 -1.6905276529534377E+000                  7.7040093266737113E+000                  4.0600448538204894E+000                  1.9539374139652320E+001                  2.7749619324774539E-016                  1.0138593370090895E-001                  8.9861406629909080E-001                  0.0000000000000000E+000                  0.0000000000000000E+000                  6.4309056787247758E-015 
                                     948                  1.2361879507878003E-001                 -1.6933826282636013E+000                  7.7069239576762207E+000                  4.0675378091362200E+000                  1.9550364515900128E+001                  2.0998262505162763E-016                  1.0049880224996985E-001                  8.9950119775002990E-001                  0.0000000000000000E+000                  0.0000000000000000E+000                  8.5239249473439051E-015 
                                     949                  1.2226991146386758E-001                 -1.6962447294325447E+000                  7.7096546958369707E+000                  4.0745759959144170E+000                  1.9560706445326090E+001                  1.9448373093787690E-016                  9.9839978688934988E-002                  9.0016002131106476E-001                  0.0000000000000000E+000                  0.0000000000000000E+000                  1.1142947908948869E-014 
                                     950                  1.2105682051407375E-001                 -1.6988253915416889E+000                  7.7122040569255903E+000                  4.0811605063181755E+000                  1.9570409780302565E+001                  1.7046566698536909E-016                  9.9448599785350769E-002                  9.0055140021464908E-001                  8.9957756176770902E-037                  0.0000000000000000E+000                  1.4392078729177125E-014 
                                     951                  1.1984372956427992E-001                 -1.7014130026911887E+000                  7.7145586267549708E+000                  4.0872646106882478E+000                  1.9579435986369045E+001                  1.4890682663838792E-016                  9.9300379912586223E-002                  9.0069962008741367E-001                  0.0000000000000000E+000                  0.0000000000000000E+000                  1.8332852492974768E-014 
                                     952                  1.1878227498321058E-001                 -1.7036833443727499E+000                  7.7176195170417472E+000                  4.0951235695686865E+000                  1.9590943551293314E+001                  7.8941579281093572E-017                  9.8137093939718076E-002                  9.0186290606028185E-001                  0.0000000000000000E+000                  0.0000000000000000E+000                  2.4341853465984581E-014 
                                     953                  1.1690995385424451E-001                 -1.7077025104332457E+000                  7.7215125966465168E+000                  4.1051962410697751E+000                  1.9605779839620393E+001                  8.9658865817636881E-017                  9.7416785569255912E-002                  9.0258321443074396E-001                  0.0000000000000000E+000                  0.0000000000000000E+000                  3.5663011364384852E-014 
                                     954                  1.1496483195136431E-001                 -1.7118996455838777E+000                  7.7255300111676615E+000                  4.1156274266561601E+000                  1.9621220654096355E+001                  5.9293046611453976E-017                  9.7229752836061500E-002                  9.0277024716393850E-001                  0.0000000000000000E+000                  0.0000000000000000E+000                  5.3689406805140460E-014 
                                     955                  1.1288504776289982E-001                 -1.7164146590299398E+000                  7.7290446412565679E+000                  4.1247490995338065E+000                  1.9634578113783835E+001                  4.5881119114574737E-017                  9.6013694272125000E-002                  9.0398630572787497E-001                  0.0000000000000000E+000                  0.0000000000000000E+000                  7.4182404732811229E-014 
                                     956                  1.1144865005000315E-001                 -1.7195499538457812E+000                  7.7319003895520106E+000                  4.1321954846675313E+000                  1.9645586263784271E+001                  4.2891059484358745E-017                  9.5777455084608984E-002                  9.0422254491539100E-001                  0.0000000000000000E+000                  0.0000000000000000E+000                  9.8635258816154008E-014 
                                     957                  1.0995240243240355E-001                 -1.7228323155423342E+000                  7.7342914830822140E+000                  4.1384042867803190E+000                  1.9654737616882599E+001                  2.1105760146863793E-017                  9.5329391182142384E-002                  9.0467060881785755E-001                  0.0000000000000000E+000                  0.0000000000000000E+000                  1.2410055242125149E-013 
                                     958                  1.0899480395713997E-001                 -1.7249421645852407E+000                  7.7371361120623954E+000                  4.1457725448386924E+000                  1.9665540943372847E+001                  1.7879867950594572E-017                  9.4339165874678471E-002                  9.0566083412532150E-001                  0.0000000000000000E+000                  0.0000000000000000E+000                  1.6055039904682915E-013 
                                     959                  1.0701975710190774E-001                 -1.7293173038361811E+000                  7.7409542573270347E+000                  4.1557423732323393E+000                  1.9680253528890066E+001                  9.7811973932153217E-018                  9.3792464444276649E-002                  9.0620753555572331E-001                  0.0000000000000000E+000                  0.0000000000000000E+000                  2.3218481917863383E-013 
                                     960                  1.0497134250594484E-001                 -1.7338911810255497E+000                  7.7444078091111237E+000                  4.1647647849005986E+000                  1.9693520614282992E+001                  6.5615974202436845E-018                  9.2931699420625069E-002                  9.0706830057937493E-001                  0.0000000000000000E+000                  0.0000000000000000E+000                  3.1978817013248108E-013 
                                     961                  1.0335732126580281E-001                 -1.7375225300148847E+000                  7.7475612743965474E+000                  4.1730070078391925E+000                  1.9705701622050661E+001                  4.4568619769957781E-018                  9.2559372307274401E-002                  9.0744062769272560E-001                  0.0000000000000000E+000                  0.0000000000000000E+000                  4.3345738750068047E-013 
                                     962                  1.0157036917850415E-001                 -1.7415734157906528E+000                  7.7500857755329049E+000                  4.1796075476997530E+000                  1.9715354278723311E+001                  1.4269373803235396E-018                  9.1516496191436258E-002                  9.0848350380856369E-001                  0.0000000000000000E+000                  0.0000000000000000E+000                  5.3913570640646801E-013 
                                     963                  1.0064807132699667E-001                 -1.7436769507100225E+000                  7.7525744938979200E+000                  4.1861669565381749E+000                  1.9725093998334877E+001                  2.2105435651704050E-018                  9.1617431091408963E-002                  9.0838256890859104E-001                  0.0000000000000000E+000                  0.0000000000000000E+000                  6.9319192455323906E-013 
                                     964                  9.8803475623979606E-002                 -1.7479125745155535E+000                  7.7559035013599633E+000                  4.1949044344553901E+000                  1.9738007995712437E+001                  8.5152849463921878E-019                  9.1218669568744457E-002                  9.0878133043125553E-001                  0.0000000000000000E+000                  0.0000000000000000E+000                  9.5196698685329472E-013 
                                     965                  9.6958879920962984E-002                 -1.7521876687242677E+000                  7.7592176623701530E+000                  4.2036055751024080E+000                  1.9750805374885825E+001                  4.8535512402577882E-019                  9.0351513410411144E-002                  9.0964848658958886E-001                  0.0000000000000000E+000                  0.0000000000000000E+000                  1.2834179961029864E-012 
                                     966                  9.5114284217946321E-002                 -1.7565041675924309E+000                  7.7620573956843160E+000                  4.2110926413842460E+000                  1.9761859114643865E+001                  2.9669339857128941E-019                  8.9941644622238914E-002                  9.1005835537776103E-001                  0.0000000000000000E+000                  0.0000000000000000E+000                  1.6743977172176537E-012 
                                     967                  9.3750270857069745E-002                 -1.7597243026149909E+000                  7.7644480341474731E+000                  4.2173896264249269E+000                  1.9771180154693955E+001                  2.1500714189040749E-019                  8.9739901855199047E-002                  9.1026009814480091E-001                  1.0050700678485669E-032                  0.0000000000000000E+000                  2.1027297542052910E-012 
                                     968                  9.2386257496193364E-002                 -1.7629697557197057E+000                  7.7668914190443168E+000                  4.2237508190750406E+000                  1.9780443945017844E+001                  1.2003878813492388E-019                  8.8296426244373255E-002                  9.1170357375562672E-001                  0.0000000000000000E+000                  0.0000000000000000E+000                  2.5424943751633420E-012 
                                     969                  9.1022244135316663E-002                 -1.7662408177060882E+000                  7.7692394203693773E+000                  4.2299453043780897E+000                  1.9789652197230613E+001                  8.5586490159225668E-020                  8.8355481944271355E-002                  9.1164451805572866E-001                  0.0000000000000000E+000                  0.0000000000000000E+000                  3.2030628154016635E-012 
                                     970                  8.9658230774440156E-002                 -1.7695395634531030E+000                  7.7715483801483760E+000                  4.2360278503185036E+000                  1.9798677594244626E+001                  6.6902744791830935E-020                  8.8269038002995862E-002                  9.1173096199700410E-001                  2.7562635624597423E-032                  0.0000000000000000E+000                  3.9972381217545102E-012 
                                     971                  8.8333084246339552E-002                 -1.7727718397989718E+000                  7.7738338946611396E+000                  4.2420219880556971E+000                  1.9807522053917069E+001                  6.1191565622161312E-020                  8.7757382954985683E-002                  9.1224261704501430E-001                  0.0000000000000000E+000                  0.0000000000000000E+000                  4.9014600898949121E-012 
                                     972                  8.7007937718239239E-002                 -1.7760321055557813E+000                  7.7761079041720658E+000                  4.2479805136562518E+000                  1.9816318905694562E+001                  2.8424862356344599E-020                  8.7262352682688976E-002                  9.1273764731731100E-001                  0.0000000000000000E+000                  0.0000000000000000E+000                  6.0024019161792713E-012 
                                     973                  8.5682791190138677E-002                 -1.7793215218175342E+000                  7.7783429315694494E+000                  4.2538650129609614E+000                  1.9825069669060127E+001                  3.4474488683388528E-020                  8.7260737417629700E-002                  9.1273926258237026E-001                  0.0000000000000000E+000                  0.0000000000000000E+000                  7.4445206166394208E-012 
                                     974                  8.4357644662038198E-002                 -1.7826416007092132E+000                  7.7811581199394748E+000                  4.2612045101612850E+000                  1.9835925420511799E+001                  2.3159994213607914E-020                  8.6686606485782275E-002                  9.1331339351421770E-001                  0.0000000000000000E+000                  0.0000000000000000E+000                  9.5615059542863601E-012 
                                     975                  8.2369924869885841E-002                 -1.7876815692007251E+000                  7.7836676442539341E+000                  4.2678079624608349E+000                  1.9845684331068046E+001                  9.6748602854786147E-021                  8.6195930615914462E-002                  9.1380406938408554E-001                  0.0000000000000000E+000                  0.0000000000000000E+000                  1.1953304434647314E-011 
                                     976                  8.1376064973810322E-002                 -1.7902295291275181E+000                  7.7853414976350690E+000                  4.2721774554419936E+000                  1.9852142752827319E+001                  1.4496876870762409E-020                  8.5812177640265941E-002                  9.1418782235973406E-001                  0.0000000000000000E+000                  0.0000000000000000E+000                  1.3836667722232532E-011 
                                     977                  8.0382205077734831E-002                 -1.7927969441429041E+000                  7.7872971247086316E+000                  4.2772265549468980E+000                  1.9859573183272257E+001                  1.3372433728026288E-020                  8.5015444200818344E-002                  9.1498455579918170E-001                  0.0000000000000000E+000                  0.0000000000000000E+000                  1.6203774442399641E-011 
                                     978                  7.9078564744825761E-002                 -1.7961949446898899E+000                  7.7894364912925127E+000                  4.2828416910214369E+000                  1.9867977802720350E+001                  1.0531451833881781E-020                  8.5305988239786010E-002                  9.1469401176021403E-001                  0.0000000000000000E+000                  0.0000000000000000E+000                  2.0062544701850424E-011 
                                     979                  7.7774924411916843E-002                 -1.7996293912568668E+000                  7.7915877732072927E+000                  4.2884393940003420E+000                  1.9876277978471624E+001                  7.0933554603454261E-021                  8.4920084289938649E-002                  9.1507991571006131E-001                  0.0000000000000000E+000                  0.0000000000000000E+000                  2.4264876716756314E-011 
                                     980                  7.6492790274201319E-002                 -1.8030437413525340E+000                  7.7937135738302743E+000                  4.2939665407362764E+000                  1.9884474885933880E+001                  4.9975554139900119E-021                  8.4540906653410186E-002                  9.1545909334658981E-001                  1.4200100202004346E-031                  2.5473884537003438E-033                  2.9267882357664895E-011 
                                     981                  7.5210656136486115E-002                 -1.8064958171143515E+000                  7.7958569477638617E+000                  4.2995052517211514E+000                  1.9892639515617628E+001                  5.9822565627131460E-021                  8.3712003469850263E-002                  9.1628799653014970E-001                  0.0000000000000000E+000                  0.0000000000000000E+000                  3.4773760789153044E-011 
                                     982                  7.3928521998770896E-002                 -1.8099868670616959E+000                  7.7979359656017904E+000                  4.3049115546445362E+000                  1.9900705556570973E+001                  5.1132343699249083E-021                  8.3659809544215966E-002                  9.1634019045578408E-001                  0.0000000000000000E+000                  0.0000000000000000E+000                  4.2209029974998024E-011 
                                     983                  7.2667894056242646E-002                 -1.8134594189107915E+000                  7.8000018722983420E+000                  4.3102662070651450E+000                  1.9908674032608712E+001                  3.4449503043475087E-021                  8.3419099484057194E-002                  9.1658090051594276E-001                  1.5222227559063815E-031                  0.0000000000000000E+000                  5.0802153942818921E-011 
                                     984                  7.1407266113717852E-002                 -1.8169731888296228E+000                  7.8020707629299650E+000                  4.3156115903951289E+000                  1.9916615037868322E+001                  1.9243415498593244E-021                  8.3032249044656711E-002                  9.1696775095534333E-001                  0.0000000000000000E+000                  0.0000000000000000E+000                  6.0812235264086664E-011 
                                     985                  7.0146638171193099E-002                 -1.8205297739598338E+000                  7.8041316193313639E+000                  4.3209344899280193E+000                  1.9924529810277882E+001                  1.2826340574894484E-021                  8.2685088331174481E-002                  9.1731491166882551E-001                  0.0000000000000000E+000                  0.0000000000000000E+000                  7.2816410521129520E-011 
                                     986                  6.8886010228668332E-002                 -1.8241309695045009E+000                  7.8060082791787959E+000                  4.3257663158350566E+000                  1.9931709420879670E+001                  1.2251647263895339E-021                  8.2289508083362911E-002                  9.1771049191663712E-001                  0.0000000000000000E+000                  0.0000000000000000E+000                  8.5517530925529339E-011 
                                     987                  6.7854205660834929E-002                 -1.8271129422338250E+000                  7.8076759660691213E+000                  4.3300751674956031E+000                  1.9938151050458426E+001                  1.4233820059735474E-021                  8.2247125842077676E-002                  9.1775287415792228E-001                  0.0000000000000000E+000                  0.0000000000000000E+000                  9.9756955487520691E-011 
                                     988                  6.6822401093001027E-002                 -1.8301272603562413E+000                  7.8093836909292840E+000                  4.3344382230214613E+000                  1.9944577400166171E+001                  8.6335840713081753E-022                  8.1405574380767384E-002                  9.1859442561923266E-001                  0.0000000000000000E+000                  0.0000000000000000E+000                  1.1338306591416612E-010 
                                     989                  6.5790596525167278E-002                 -1.8331745821396042E+000                  7.8110334370423384E+000                  4.3387029860405164E+000                  1.9950989146902732E+001                  7.9926012180705776E-022                  8.1602277206853507E-002                  9.1839772279314646E-001                  0.0000000000000000E+000                  0.0000000000000000E+000                  1.3317152141771539E-010 
                                     990                  6.4758791957333514E-002                 -1.8362566877078441E+000                  7.8127791917896028E+000                  4.3431585365224628E+000                  1.9957566259851848E+001                  3.7522105738197102E-022                  8.0830149770728582E-002                  9.1916985022927145E-001                  0.0000000000000000E+000                  0.0000000000000000E+000                  1.5221247337750239E-010 
                                     991                  6.3668731854960692E-002                 -1.8395513349119645E+000                  7.8145298702554920E+000                  4.3476615993247600E+000                  1.9964310657049914E+001                  1.4284730633523228E-022                  8.0798609866674462E-002                  9.1920139013332558E-001                  5.5536326064585042E-031                  0.0000000000000000E+000                  1.7889867754086133E-010 
                                     992                  6.2578671752588022E-002                 -1.8428875334243400E+000                  7.8162945974044264E+000                  4.3521786671338756E+000                  1.9971041208032936E+001                  2.8322938727529025E-022                  8.0467822574076378E-002                  9.1953217742592364E-001                  0.0000000000000000E+000                  0.0000000000000000E+000                  2.0817164892466652E-010 
                                     993                  6.1488611650215373E-002                 -1.8462666843674735E+000                  7.8176198389311180E+000                  4.3555691564275119E+000                  1.9976089093760471E+001                  3.3517078026539096E-022                  8.0178995293760463E-002                  9.1982100470623951E-001                  0.0000000000000000E+000                  0.0000000000000000E+000                  2.3289727232554905E-010 
                                     994                  6.0943581599029024E-002                 -1.8479728548923251E+000                  7.8190806596400666E+000                  4.3592952176050179E+000                  1.9981640026964435E+001                  1.9672931984711176E-022                  7.9869699947327275E-002                  9.2013030005267271E-001                  0.0000000000000000E+000                  0.0000000000000000E+000                  2.6363305672016257E-010 
                                     995                  5.9680854274772092E-002                 -1.8519698066476593E+000                  7.8206612497413799E+000                  4.3633570018795007E+000                  1.9987736166369586E+001                  2.3868671641101040E-022                  7.9896717262500541E-002                  9.2010328273749942E-001                  0.0000000000000000E+000                  0.0000000000000000E+000                  3.0564703792949964E-010 
                                     996                  5.8963157001701343E-002                 -1.8542699436202172E+000                  7.8223995205034207E+000                  4.3677772657558505E+000                  1.9994327315339763E+001                  1.8957836619229027E-022                  7.9539077492265353E-002                  9.2046092250773470E-001                  0.0000000000000000E+000                  0.0000000000000000E+000                  3.5436089968168744E-010 
                                     997                  5.7527762455560516E-002                 -1.8589343461497492E+000                  7.8247216615319006E+000                  4.3736760602266607E+000                  2.0003120752904671E+001                  1.1319983583204566E-022                  7.9005263026578704E-002                  9.2099473697342127E-001                  0.0000000000000000E+000                  0.0000000000000000E+000                  4.3087514042445432E-010 
                                     998                  5.6092367909420161E-002                 -1.8636879558494805E+000                  7.8270231487395856E+000                  4.3795440328522490E+000                  2.0011899115985884E+001                  8.2946659552509879E-023                  7.8724199458009084E-002                  9.2127580054199087E-001                  0.0000000000000000E+000                  0.0000000000000000E+000                  5.2813471059770448E-010 
                                     999                  5.4656973363279356E-002                 -1.8685358941957928E+000                  7.8289675070663982E+000                  4.3844673180134270E+000                  2.0019215905016107E+001                  9.2574913706196428E-023                  7.8053542698329315E-002                  9.2194645730167069E-001                  0.0000000000000000E+000                  0.0000000000000000E+000                  6.1697966087567233E-010 
                                    1000                  5.3700043665852210E-002                 -1.8718225590049458E+000                  7.8305077603754398E+000                  4.3883740043047075E+000                  2.0025054527548182E+001                  6.4434902088277393E-023                  7.7786054632847546E-002                  9.2221394536715251E-001                  0.0000000000000000E+000                  0.0000000000000000E+000                  7.0510930477380318E-010 
                                    1001                  5.2743113968425105E-002                 -1.8751551137738931E+000                  7.8320237717309791E+000                  4.3922393258321373E+000                  2.0030888914726557E+001                  9.2785830341322077E-023                  7.7959452227270618E-002                  9.2204054777272937E-001                  0.0000000000000000E+000                  0.0000000000000000E+000                  8.1809111467967970E-010 
                                    1002                  5.1786184270997446E-002                 -1.8785356164358729E+000                  7.8335663007497303E+000                  4.3961422668726922E+000                  2.0036719776971935E+001                  4.9528443380296226E-023                  7.7632539450173496E-002                  9.2236746054982655E-001                  0.0000000000000000E+000                  0.0000000000000000E+000                  9.3352804997823851E-010 
                                    1003                  5.0829254573569828E-002                 -1.8819656139110905E+000                  7.8354109707233635E+000                  4.4008075218970584E+000                  2.0043704108252633E+001                  8.1431564204651593E-023                  7.7342322856886497E-002                  9.2265767714311353E-001                  0.0000000000000000E+000                  0.0000000000000000E+000                  1.0979054967507599E-009 
                                    1004                  4.9489552997174419E-002                 -1.8868546661192922E+000                  7.8375715978478970E+000                  4.4062620932326633E+000                  2.0051859708911739E+001                  8.3520941919410929E-023                  7.6889716175382011E-002                  9.2311028382461802E-001                  0.0000000000000000E+000                  0.0000000000000000E+000                  1.3227136790020638E-009 
                                    1005                  4.8149851420779308E-002                 -1.8918503657832932E+000                  7.8397444340204210E+000                  4.4117296991047290E+000                  2.0060013609702580E+001                  6.0918247919015946E-023                  7.6241735055772239E-002                  9.2375826494422775E-001                  0.0000000000000000E+000                  0.0000000000000000E+000                  1.5844893309096384E-009 
                                    1006                  4.6810149844383940E-002                 -1.8969587536351926E+000                  7.8418907780903355E+000                  4.4171512004869928E+000                  2.0068167970493629E+001                  7.4503175491855538E-023                  7.6133949970737483E-002                  9.2386605002926248E-001                  0.0000000000000000E+000                  0.0000000000000000E+000                  1.9361964581512074E-009 
                                    1007                  4.5470448267988531E-002                 -1.9021871250317570E+000                  7.8442045667712419E+000                  4.4229735754402482E+000                  2.0076901921298791E+001                  5.7017912628705794E-023                  7.5796348857275458E-002                  9.2420365114272451E-001                  0.0000000000000000E+000                  0.0000000000000000E+000                  2.3854931136544610E-009 
                                    1008                  4.3939360752105028E-002                 -1.9083186281770581E+000                  7.8460533794336982E+000                  4.4276357041559002E+000                  2.0083917749507542E+001                  5.6512938438081523E-023                  7.5696619195504980E-002                  9.2430338080449503E-001                  0.0000000000000000E+000                  0.0000000000000000E+000                  2.8408668301076494E-009 
                                    1009                  4.3173816994162728E-002                 -1.9114504264191550E+000                  7.8472852816558314E+000                  4.4307332943268438E+000                  2.0088584803056197E+001                  3.9707885234413003E-023                  7.5649518207005814E-002                  9.2435048179299417E-001                  0.0000000000000000E+000                  0.0000000000000000E+000                  3.1959494521927315E-009 
                                    1010                  4.2408273236220449E-002                 -1.9146284762752908E+000                  7.8488503383147163E+000                  4.4346372502033349E+000                  2.0094414494862836E+001                  3.5857519672300524E-023                  7.5143299183088902E-002                  9.2485670081691107E-001                  0.0000000000000000E+000                  0.0000000000000000E+000                  3.6487283254306310E-009 
                                    1011                  4.1259957599308762E-002                 -1.9194857132119498E+000                  7.8507095504036464E+000                  4.4392989677944703E+000                  2.0101427612355781E+001                  3.1516445956273640E-023                  7.4959949866181833E-002                  9.2504005013381818E-001                  4.4856945317536786E-032                  0.0000000000000000E+000                  4.3480938850457901E-009 
                                    1012                  4.0111641962396874E-002                 -1.9244570066521773E+000                  7.8524805210563482E+000                  4.4437275352989465E+000                  2.0108074148505629E+001                  2.2463714287454709E-023                  7.4641993244627988E-002                  9.2535800675537205E-001                  0.0000000000000000E+000                  0.0000000000000000E+000                  5.1155081973588244E-009 
                                    1013                  3.9087366276511694E-002                 -1.9289928781043160E+000                  7.8541420294489930E+000                  4.4478877273244937E+000                  2.0114347708538762E+001                  1.7482722892737392E-023                  7.4559510294810588E-002                  9.2544048970518944E-001                  0.0000000000000000E+000                  0.0000000000000000E+000                  6.0176797288189462E-009 
                                    1014                  3.8063090590626181E-002                 -1.9336301163349658E+000                  7.8560360506858711E+000                  4.4526089948326737E+000                  2.0121419202356901E+001                  1.3583281505842317E-023                  7.4068750471862149E-002                  9.2593124952813788E-001                  0.0000000000000000E+000                  0.0000000000000000E+000                  7.1369506046840554E-009 
                                    1015                  3.6780082976795622E-002                 -1.9395899482791901E+000                  7.8581551022977818E+000                  4.4578714429593651E+000                  2.0129310256192099E+001                  8.5109475359838998E-024                  7.3547525003401643E-002                  9.2645247499659833E-001                  0.0000000000000000E+000                  0.0000000000000000E+000                  8.6633171733656013E-009 
                                    1016                  3.5497075362966306E-002                 -1.9457292415301883E+000                  7.8597340228412618E+000                  4.4618133362008869E+000                  2.0135258873823677E+001                  8.1044411281500404E-024                  7.3462177670481077E-002                  9.2653782232951887E-001                  7.2448553806673178E-030                  0.0000000000000000E+000                  1.0149362025498132E-008 
                                    1017                  3.4855571556051422E-002                 -1.9488704098347451E+000                  7.8607917687024313E+000                  4.4644437910564747E+000                  2.0139221793082022E+001                  5.1626342588048701E-024                  7.3332046489206132E-002                  9.2666795351079390E-001                  0.0000000000000000E+000                  0.0000000000000000E+000                  1.1258972228778245E-008 
                                    1018                  3.4214067749136566E-002                 -1.9520616470376599E+000                  7.8623814743653710E+000                  4.4683857840029297E+000                  2.0145162664591481E+001                  4.7016072791084016E-024                  7.3128095141837560E-002                  9.2687190485816240E-001                  0.0000000000000000E+000                  0.0000000000000000E+000                  1.3168364492411278E-008 
                                    1019                  3.2931060135307076E-002                 -1.9586022333293076E+000                  7.8639844467101225E+000                  4.4723644008926966E+000                  2.0151152954871634E+001                  2.4990897982069095E-024                  7.2891450148539441E-002                  9.2710854985146052E-001                  0.0000000000000000E+000                  0.0000000000000000E+000                  1.5423724478826029E-008 
                                    1020                  3.2289556328392983E-002                 -1.9619555623593385E+000                  7.8650647931445645E+000                  4.4750305317412886E+000                  2.0155145380606303E+001                  1.6598855730362216E-024                  7.2534839065237361E-002                  9.2746516093476261E-001                  3.9017737006275623E-030                  0.0000000000000000E+000                  1.7030855833105273E-008 
                                    1021                  3.1648052521478322E-002                 -1.9653671542933622E+000                  7.8666641067040928E+000                  4.4789893496313340E+000                  2.0161133181656581E+001                  8.4295061033744174E-025                  7.2465226847924114E-002                  9.2753477315207589E-001                  0.0000000000000000E+000                  0.0000000000000000E+000                  2.0124459500214172E-008 
                                    1022                  3.0365044907648985E-002                 -1.9723756700805728E+000                  7.8682803237800547E+000                  4.4829917013700777E+000                  2.0167177015002320E+001                  4.5971217687387717E-025                  7.2315644591021078E-002                  9.2768435540897887E-001                  0.0000000000000000E+000                  0.0000000000000000E+000                  2.3779214638253189E-008 
                                    1023                  2.9723541100733209E-002                 -1.9759776447439499E+000                  7.8693840072553591E+000                  4.4856962175494806E+000                  2.0171207160235177E+001                  1.9219521173311381E-025                  7.1765873336423952E-002                  9.2823412666357608E-001                  5.2184057347010829E-030                  0.0000000000000000E+000                  2.6175370934949994E-008 
                                    1024                  2.9082037293817361E-002                 -1.9796483090144743E+000                  7.8710124739873004E+000                  4.4897020596512602E+000                  2.0177254691242720E+001                  1.2651238012776946E-025                  7.1555674135444655E-002                  9.2844432586455539E-001                  1.4124983035308863E-029                  0.0000000000000000E+000                  3.0963408893497980E-008 
                                    1025                  2.7799029679987722E-002                 -1.9872092973655142E+000                  7.8726458444166951E+000                  4.4937344796310512E+000                  2.0183366183713193E+001                  6.0002894192029201E-026                  7.1534932535627080E-002                  9.2846506746437296E-001                  0.0000000000000000E+000                  0.0000000000000000E+000                  3.6997241452975470E-008 
                                    1026                  2.7157525873073629E-002                 -1.9911063790318917E+000                  7.8737515932313213E+000                  4.4964452216460087E+000                  2.0187443855996243E+001                  2.6344166244299787E-026                  7.1260924739230486E-002                  9.2873907526076949E-001                  0.0000000000000000E+000                  0.0000000000000000E+000                  4.1313893665932073E-008 
                                    1027                  2.6516022066159644E-002                 -1.9950860143724327E+000                  7.8754060859781116E+000                  4.5004981608708228E+000                  2.0193566487702327E+001                  1.6002793704805295E-026                  7.1032563394534190E-002                  9.2896743660546577E-001                  2.9382506452836989E-032                  1.8671668688793529E-030                  4.9164260182026533E-008 
                                    1028                  2.5233014452328100E-002                 -2.0033099746887366E+000                  7.8776030946730353E+000                  4.5058812228089788E+000                  2.0201712339851092E+001                  5.4926767947395105E-027                  7.0820842141478130E-002                  9.2917915785852190E-001                  0.0000000000000000E+000                  0.0000000000000000E+000                  6.2321629569285985E-008 
                                    1029                  2.3980313806299221E-002                 -2.0117093800712156E+000                  7.8792460394169881E+000                  4.5099055303574307E+000                  2.0207809678955211E+001                  2.3240971264824273E-027                  7.0710544693437211E-002                  9.2928945530656282E-001                  0.0000000000000000E+000                  0.0000000000000000E+000                  7.4687673576188635E-008 
                                    1030                  2.3353963483284501E-002                 -2.0160580956812537E+000                  7.8803459507422149E+000                  4.5125923929187648E+000                  2.0211882231692734E+001                  1.6377896485193445E-027                  7.0634264039850347E-002                  9.2936573596014971E-001                  0.0000000000000000E+000                  0.0000000000000000E+000                  8.4361724556219791E-008 
                                    1031                  2.2727613160269673E-002                 -2.0205134207385651E+000                  7.8820039674708511E+000                  4.5166304216171431E+000                  2.0218003950377170E+001                  1.2891264750233642E-027                  7.0502768810703886E-002                  9.2949723118929617E-001                  0.0000000000000000E+000                  0.0000000000000000E+000                  1.0139871301340243E-007 
                                    1032                  2.1474912514240503E-002                 -2.0297685001487960E+000                  7.8842355241150601E+000                  4.5220728163993886E+000                  2.0226264631268375E+001                  5.9387833781250337E-028                  7.0403652754223528E-002                  9.2959634724577644E-001                  0.0000000000000000E+000                  0.0000000000000000E+000                  1.3058219570892302E-007 
                                    1033                  2.0222211868210938E-002                 -2.0395285528392009E+000                  7.8869410657982444E+000                  4.5286380923000884E+000                  2.0236228120677705E+001                  4.7981312470570214E-028                  7.0199302968390803E-002                  9.2980069703160917E-001                  0.0000000000000000E+000                  0.0000000000000000E+000                  1.7729124685539863E-007 
                                    1034                  1.8479542254268563E-002                 -2.0540699628486467E+000                  7.8901609802877397E+000                  4.5364190923074412E+000                  2.0248040634588179E+001                  3.6364229881028081E-028                  6.9914027647621058E-002                  9.3008597235237889E-001                  0.0000000000000000E+000                  0.0000000000000000E+000                  2.5555509003932676E-007 
                                    1035                  1.6736872640325893E-002                 -2.0699334307566781E+000                  7.8925552332872817E+000                  4.5421731510125518E+000                  2.0256794277687746E+001                  2.5980272498783947E-028                  6.9768025442476483E-002                  9.3023197455752349E-001                  0.0000000000000000E+000                  0.0000000000000000E+000                  3.3706602048215133E-007 
                                    1036                  1.5956458736751167E-002                 -2.0775388771951837E+000                  7.8940456876767655E+000                  4.5457531595242742E+000                  2.0262241813647229E+001                  1.5688739603825726E-028                  6.9677866099034175E-002                  9.3032213390096585E-001                  0.0000000000000000E+000                  0.0000000000000000E+000                  4.0081716701462657E-007 
                                    1037                  1.5176044833177211E-002                 -2.0854984069262148E+000                  7.8955533140887466E+000                  4.5493675908301894E+000                  2.0267747149464508E+001                  1.4596729883089400E-028                  6.9611613079817711E-002                  9.3038838692018233E-001                  3.3170919092413393E-029                  3.9758909417657699E-030                  4.7836548854605398E-007 
                                    1038                  1.4395630929602509E-002                 -2.0938493035184926E+000                  7.8970793746032726E+000                  4.5530192934799105E+000                  2.0273315449394321E+001                  9.8432456545696907E-029                  6.9571955955202117E-002                  9.3042804404479784E-001                  0.0000000000000000E+000                  0.0000000000000000E+000                  5.7313295181602038E-007 
                                    1039                  1.3615217026027956E-002                 -2.1026350764156030E+000                  7.8984781707598426E+000                  4.5563586131356848E+000                  2.0278403623528728E+001                  7.8889697755441125E-029                  6.9492261288834553E-002                  9.3050773871116543E-001                  0.0000000000000000E+000                  0.0000000000000000E+000                  6.7541332522835445E-007 
                                    1040                  1.2987687745727627E-002                 -2.1100493551895010E+000                  7.8997391512380091E+000                  4.5593621258507877E+000                  2.0282984736889031E+001                  4.5333513747000191E-029                  6.9440285640198163E-002                  9.3055971435980189E-001                  0.0000000000000000E+000                  0.0000000000000000E+000                  7.8407327371979755E-007 
                                    1041                  1.2360158465427446E-002                 -2.1178086313857261E+000                  7.9016552973224909E+000                  4.5639054569099491E+000                  2.0289916323534722E+001                  2.8844353530495238E-029                  6.9332851239119461E-002                  9.3066714876088052E-001                  0.0000000000000000E+000                  0.0000000000000000E+000                  9.8276335214628553E-007 
                                    1042                  1.1105099904825918E-002                 -2.1345123619919906E+000                  7.9035493908634020E+000                  4.5683998519706988E+000                  2.0296775127684601E+001                  1.7467326644200155E-029                  6.9241547707378226E-002                  9.3075845229262177E-001                  0.0000000000000000E+000                  0.0000000000000000E+000                  1.2300499130390044E-006 
                                    1043                  1.0554012936162352E-002                 -2.1424187351529955E+000                  7.9047204792014014E+000                  4.5711657125915837E+000                  2.0300999165757524E+001                  1.4284664142647324E-029                  6.9182641080837326E-002                  9.3081735891916262E-001                  0.0000000000000000E+000                  0.0000000000000000E+000                  1.4132056098441943E-006 
                                    1044                  1.0002925967498615E-002                 -2.1507273435138496E+000                  7.9065035147101659E+000                  4.5753578441840936E+000                  2.0307403098188008E+001                  1.1537615268966884E-029                  6.9068704694613320E-002                  9.3093129530538665E-001                  0.0000000000000000E+000                  0.0000000000000000E+000                  1.7441950683523541E-006 
                                    1045                  8.9007520301727476E-003                 -2.1687421981992450E+000                  7.9085284804570408E+000                  4.5801181544370442E+000                  2.0314683266567414E+001                  1.2085141935285288E-029                  6.8991871281287379E-002                  9.3100812871871264E-001                  0.0000000000000000E+000                  0.0000000000000000E+000                  2.2207065625314908E-006 
                                    1046                  8.1852343100614969E-003                 -2.1816161230137463E+000                  7.9101601194141935E+000                  4.5839364100764595E+000                  2.0320528619775430E+001                  1.3807089759398607E-029                  6.8937608212347762E-002                  9.3106239178765227E-001                  0.0000000000000000E+000                  0.0000000000000000E+000                  2.6988418140514773E-006 
                                    1047                  7.4697165899503207E-003                 -2.1956177964106511E+000                  7.9118343181613282E+000                  4.5878424241962286E+000                  2.0326515138764673E+001                  1.7323638264029705E-029                  6.8906238778392262E-002                  9.3109376122160770E-001                  0.0000000000000000E+000                  0.0000000000000000E+000                  3.3001531951282886E-006 
                                    1048                  6.7541988698391932E-003                 -2.2109737221824033E+000                  7.9135597169719158E+000                  4.5918534258718955E+000                  2.0332664073322928E+001                  1.6371405164495869E-029                  6.8855902156857010E-002                  9.3114409784314300E-001                  0.0000000000000000E+000                  0.0000000000000000E+000                  4.0568990132541139E-006 
                                    1049                  6.0386811497280656E-003                 -2.2279863557280573E+000                  7.9150655319650900E+000                  4.5953460220834357E+000                  2.0338024170469698E+001                  1.5786568643274611E-029                  6.8836460461579610E-002                  9.3116353953842035E-001                  6.4509990107044886E-029                  0.0000000000000000E+000                  4.8626573866532499E-006 
                                    1050                  5.5453888953841167E-003                 -2.2408909637648287E+000                  7.9163254794619737E+000                  4.5982576197525251E+000                  2.0342497607505916E+001                  1.4788428842354339E-029                  6.8834604198673252E-002                  9.3116539580132673E-001                  4.9763733222423523E-085                  3.8706915581613700E-029                  5.6615097505739638E-006 
                                    1051                  5.0520966410401436E-003                 -2.2549600755879293E+000                  7.9176240051303832E+000                  4.6012483167733871E+000                  2.0347088794726542E+001                  1.5841964239825361E-029                  6.8786802322777063E-002                  9.3121319767722288E-001                  0.0000000000000000E+000                  0.0000000000000000E+000                  6.6083106844894090E-006 
                                    1052                  4.5588043866961695E-003                 -2.2704322792640785E+000                  7.9189621541523483E+000                  4.6043221785931587E+000                  2.0351815235180709E+001                  1.2576882305406683E-029                  6.8774483032014042E-002                  9.3122551696798594E-001                  0.0000000000000000E+000                  0.0000000000000000E+000                  7.7613273929331956E-006 
                                    1053                  4.0655121323521963E-003                 -2.2876284712576274E+000                  7.9206153709469280E+000                  4.6081025275848839E+000                  2.0357630101684158E+001                  1.2229936440711083E-029                  6.8741514146789112E-002                  9.3125848585321092E-001                  0.0000000000000000E+000                  0.0000000000000000E+000                  9.4575243174175310E-006 
                                    1054                  3.3829256634638569E-003                 -2.3151298250134800E+000                  7.9221401678832093E+000                  4.6115848870424676E+000                  2.0362988348218639E+001                  6.8970374606636073E-030                  6.8713330439891848E-002                  9.3128666956010819E-001                  0.0000000000000000E+000                  0.0000000000000000E+000                  1.1347410639039323E-005 
                                    1055                  3.0416324290209271E-003                 -2.3309904524493454E+000                  7.9231907347373332E+000                  4.6139727508474477E+000                  2.0366666852775726E+001                  6.5112066618142097E-030                  6.8702832839109981E-002                  9.3129716716089006E-001                  0.0000000000000000E+000                  0.0000000000000000E+000                  1.2867608669145497E-005 
                                    1056                  2.7003391945779726E-003                 -2.3487011588227289E+000                  7.9247034685403754E+000                  4.6173940546208376E+000                  2.0371942551776542E+001                  4.0934466124448607E-030                  6.8691960836672117E-002                  9.3130803916332794E-001                  3.6159513892146694E-029                  0.0000000000000000E+000                  1.5419652704159065E-005 
                                    1057                  2.0951981884648270E-003                 -2.3863380004072599E+000                  7.9268023796625133E+000                  4.6221243243404198E+000                  2.0379239504561884E+001                  2.3946901202600588E-030                  6.8663776382238778E-002                  9.3133622361776125E-001                  0.0000000000000000E+000                  0.0000000000000000E+000                  1.9798192901466071E-005 
                                    1058                  1.4900571823516311E-003                 -2.4366740451644442E+000                  7.9286784898575444E+000                  4.6263387978566675E+000                  2.0385746033610747E+001                  1.7101332969002496E-030                  6.8648118426162003E-002                  9.3135188157383797E-001                  2.0839845866506286E-028                  0.0000000000000000E+000                  2.4751419040315069E-005 
                                    1059                  1.1254184517978793E-003                 -2.4779617895112516E+000                  7.9302248434474558E+000                  4.6297876578304633E+000                  2.0391078315022519E+001                  1.3986633660901676E-030                  6.8642905930236017E-002                  9.3135709406976397E-001                  0.0000000000000000E+000                  0.0000000000000000E+000                  2.9748377039785400E-005 
                                    1060                  7.6077972124410258E-004                 -2.5353815431460487E+000                  7.9319849205247639E+000                  4.6336902427561553E+000                  2.0397115734516781E+001                  1.1160024522900003E-030                  6.8619154218005782E-002                  9.3138084578199420E-001                  2.8293366865119732E-030                  0.0000000000000000E+000                  3.6626078617390760E-005 
                                    1061                  3.9614099069173959E-004                 -2.6307357945750525E+000                  7.9336188317025851E+000                  4.6373094762815876E+000                  2.0402714635750836E+001                  1.0998641851047315E-030                  6.8587615835101895E-002                  9.3141238416489813E-001                  0.0000000000000000E+000                  0.0000000000000000E+000                  4.4388292097611319E-005 
                                    1062                  2.1382162541692213E-004                 -2.7205437768235168E+000                  7.9346206582450458E+000                  4.6395183421633810E+000                  2.0406134423279738E+001                  1.0933534425375046E-030                  6.8568090642939436E-002                  9.3143190935706055E-001                  0.0000000000000000E+000                  0.0000000000000000E+000                  4.9926810180781109E-005 
                                    1063                  1.2266194277932269E-004                 -2.8013178866300956E+000                  7.9352228772255149E+000                  4.6408422123813118E+000                  2.0408185533740436E+001                  1.0908541051941763E-030                  6.8559323324119403E-002                  9.3144067667588060E-001                  6.2357067718225005E-028                  0.0000000000000000E+000                  5.3584994592601109E-005 
                                    1064                  7.7082101460255526E-005                 -2.8687620264149141E+000                  7.9355741124740797E+000                  4.6416127365452473E+000                  2.0409380502488098E+001                  1.0908541051941768E-030                  6.8559323324007118E-002                  9.3144067667599284E-001                  1.9822394979911044E-028                  0.0000000000000000E+000                  5.5851564582595259E-005 
                                    1065                  5.4292180800807005E-005                 -2.9196098022657360E+000                  7.9358376447110173E+000                  4.6421889440945039E+000                  2.0410274622156102E+001                  1.0908541051941764E-030                  6.8559323323921062E-002                  9.3144067667607899E-001                  5.7465016679047894E-029                  0.0000000000000000E+000                  5.7613548675530844E-005 
                                    1066                  3.1502260141358471E-005                 -2.9985360366099623E+000                  7.9361045903888723E+000                  4.6427725642502633E+000                  2.0411180262731939E+001                  1.0908541051941759E-030                  6.8559323323833063E-002                  9.3144067667616692E-001                  2.9666243549954613E-028                  0.0000000000000000E+000                  5.9454299269470930E-005 
                                    1067                  1.5751130045802549E-005                 -3.0989889683377339E+000                  7.9363104125844144E+000                  4.6432230340002105E+000                  2.0411879162330944E+001                  1.0908541051941759E-030                  6.8559323323764063E-002                  9.3144067667623598E-001                  0.0000000000000000E+000                  0.0000000000000000E+000                  6.0913262935169403E-005 
                                    1068                  7.8755649978840953E-006                 -3.1994012932760336E+000                  7.9364400149523489E+000                  4.6435066058641370E+000                  2.0412319144104416E+001                  1.0908541051941763E-030                  6.8559323323720237E-002                  9.3144067667627972E-001                  0.0000000000000000E+000                  0.0000000000000000E+000                  6.1850002751876010E-005 
                                    1069                  3.9377824738727659E-006                 -3.2997880674790232E+000                  7.9365216474461144E+000                  4.6436851583320697E+000                  2.0412596197375677E+001                  1.0908541051941763E-030                  6.8559323323692217E-002                  9.3144067667630781E-001                  0.0000000000000000E+000                  0.0000000000000000E+000                  6.2447293466566823E-005 
                                    1070                  1.9688912117126091E-006                 -3.4001587586561040E+000                  7.9365730690504241E+000                  4.6437976045187526E+000                  2.0412770683254458E+001                  1.0908541051941759E-030                  6.8559323323675023E-002                  9.3144067667632502E-001                  0.0000000000000000E+000                  0.0000000000000000E+000                  6.2826447553016211E-005 
                                    1071                  9.8444558081033631E-007                 -3.5005193239154906E+000                  7.9366054614341417E+000                  4.6438684272554429E+000                  2.0412880583927532E+001                  1.0908541051941761E-030                  6.8559323323663754E-002                  9.3144067667633623E-001                  0.0000000000000000E+000                  0.0000000000000000E+000                  6.3066453135733996E-005 
                                    1072                  4.9222276534515568E-007                 -3.6008735137345456E+000                  7.9366258672325012E+000                  4.6439130371046486E+000                  2.0412949809656222E+001                  1.0908541051941756E-030                  6.8559323323656621E-002                  9.3144067667634334E-001                  0.0000000000000000E+000                  0.0000000000000000E+000                  6.3218109055688989E-005 
                                    1073                  2.4611135676272566E-007                 -3.7012236915442118E+000                  7.9366387225254975E+000                  4.6439411370754042E+000                  2.0412993416213361E+001                  1.0908541051941754E-030                  6.8559323323652208E-002                  9.3144067667634778E-001                  0.0000000000000000E+000                  0.0000000000000000E+000                  6.3313833322187576E-005 
                                    1074                  1.2305564915483425E-007                 -3.8015713523261412E+000                  7.9366468214571855E+000                  4.6439588377759460E+000                  2.0413020885464039E+001                  1.0908541051941756E-030                  6.8559323323649501E-002                  9.3144067667635055E-001                  0.0000000000000000E+000                  0.0000000000000000E+000                  6.3374212998910644E-005 
                                    1075                  6.1527797601784244E-008                 -3.9019174363953875E+000                  7.9366519239711177E+000                  4.6439699879341010E+000                  2.0413038189546363E+001                  1.0908541051941759E-030                  6.8559323323647642E-002                  9.3144067667635233E-001                  1.1309270446354384E-028                  0.0000000000000000E+000                  6.3412282232558608E-005 
                                    1076                  3.0763871040018494E-008                 -4.0022625595914256E+000                  7.9366551402516130E+000                  4.6439770111072409E+000                  2.0413049090251004E+001                  1.0908541051941761E-030                  6.8559323323646615E-002                  9.3144067667635344E-001                  0.0000000000000000E+000                  0.0000000000000000E+000                  6.3436288445719181E-005 
                                    1077                  1.5381909569007673E-008                 -4.1026071159926722E+000                  7.9366578875514762E+000                  4.6439828897614408E+000                  2.0413058246129332E+001                  1.0908541051941764E-030                  6.8559323323645713E-002                  9.3144067667635433E-001                  0.0000000000000000E+000                  0.0000000000000000E+000                  6.3456762238508149E-005 
