                                       1                                        2                                        3                                        4                                        5                                        6                                        7                                        8                                        9                                       10                                       11                                       12                                       13                                       14                                       15                                       16                                       17                                       18                                       19                                       20                                       21                                       22                                       23                                       24                                       25                                       26                                       27                                       28                                       29                                       30                                       31                                       32                                       33                                       34                                       35                                       36                                       37                                       38                                       39                                       40                                       41                                       42                                       43                                       44                                       45                                       46                                       47                                       48                                       49 
                            model_number                                num_zones                             initial_mass                                initial_z                                 star_age                                time_step                                     Teff                            photosphere_L                            photosphere_r                               center_eta                                center_h1                               center_he3                               center_he4                               center_c12                               center_n14                               center_o16                              center_ne20                                star_mass                                star_mdot                             star_mass_h1                            star_mass_he3                            star_mass_he4                            star_mass_c12                            star_mass_n14                            star_mass_o16                           star_mass_ne20                             he_core_mass                             co_core_mass                             fe_core_mass                   neutron_rich_core_mass                             dynamic_time                             kh_timescale                            nuc_timescale                           power_nuc_burn                             power_h_burn                            power_he_burn                                power_neu                                burn_min1                                burn_min2                             time_seconds                           version_number                                 compiler                                    build                         MESA_SDK_version                             math_backend                                     date                                     msun                                     rsun                                     lsun 
                                     630                                     1076                  1.0000000000000000E+000                  2.0000000000000000E-002                  1.5416364713772519E+000                  1.3835263598327086E-002                  1.6385661097129392E+004                  2.6852560377352270E+003                  6.4301051580724273E+000                  2.2981254462951282E+000                  0.0000000000000000E+000                  0.0000000000000000E+000                  6.8559323325478608E-002                  4.4241129211519353E-001                  2.0548874098889435E-007                  4.6479312225411623E-001                  2.0158826096892367E-002                  2.2338348925079568E-001                 -7.4227752849344669E-009                  1.0853079803912038E-050                  4.8025383916632649E-049                  3.5549660880570703E-002                  9.4658569773139731E-002                  2.2130296474446546E-004                  8.7741271163380138E-002                  4.1843006028680560E-003                  2.2338348925079568E-001                  1.2230385963014628E-001                  0.0000000000000000E+000                  0.0000000000000000E+000                  3.4526983272841922E+005                  6.8058013982957817E+001                  8.3188897487481183E+005                  3.0391456315236514E+003                  2.6535219278503917E-033                  6.1465292368268765E-008                  6.8515716287368343E+002                  5.0000000000000000E+001                  1.0000000000000000E+003                  4.8650347109134763E+007                               "r23.05.1"                               "gfortran"                                 "13.1.0"                    "x86_64-linux-23.7.3"                                 "CRMATH"                               "20260529"                  1.9884098706980504E+033                  6.9570000000000000E+010                  3.8280000000000003E+033 

                                       1                                        2                                        3                                        4                                        5                                        6                                        7                                        8                                        9                                       10                                       11                                       12 
                                    zone                                     mass                                     logR                                     logT                                   logRho                                     logP                        x_mass_fraction_H                       y_mass_fraction_He                   z_mass_fraction_metals                                       pp                                      cno                                tri_alpha 
                                       1                  2.2338348925079568E-001                  8.0821807544321733E-001                  4.2144661898668625E+000                 -9.4953200304638283E+000                  2.4809971831054347E+000                  3.5785200116473397E-005                  4.0816085604903285E-001                  5.9180335875085066E-001                  1.4836293494136520E-177                  0.0000000000000000E+000                  0.0000000000000000E+000 
                                       2                  2.2338348925064769E-001                  8.0821772005395354E-001                  4.2144726307194595E+000                 -9.4952769134518551E+000                  2.4810332340201211E+000                  3.5785200116473397E-005                  4.0816085604903285E-001                  5.9180335875085066E-001                  1.4837766633320050E-177                  0.0000000000000000E+000                  0.0000000000000000E+000 
                                       3                  2.2338348925036666E-001                  8.0821704522131554E-001                  4.2144842019583431E+000                 -9.4951994754006783E+000                  2.4810979924923027E+000                  3.5785200116473391E-005                  4.0816085604903274E-001                  5.9180335875085077E-001                  1.4840412755081892E-177                  0.0000000000000000E+000                  0.0000000000000000E+000 
                                       4                  2.2338348924987697E-001                  8.0821586952019608E-001                  4.2145075335243343E+000                 -9.4950434226619826E+000                  2.4812285358175710E+000                  3.5785200116473397E-005                  4.0816085604903285E-001                  5.9180335875085066E-001                  1.4845746639059087E-177                  0.0000000000000000E+000                  0.0000000000000000E+000 
                                       5                  2.2338348924881263E-001                  8.0821331514452210E-001                  4.2145502931041188E+000                 -9.4947577438489343E+000                  2.4814676671934159E+000                  3.5785200116473397E-005                  4.0816085604903285E-001                  5.9180335875085066E-001                  1.4855516111196020E-177                  0.0000000000000000E+000                  0.0000000000000000E+000 
                                       6                  2.2338348924702914E-001                  8.0820903741732264E-001                  4.2146005191068081E+000                 -9.4944227302129995E+000                  2.4817483559825213E+000                  3.5785200116473397E-005                  4.0816085604903285E-001                  5.9180335875085066E-001                  1.4866980896706377E-177                  0.0000000000000000E+000                  0.0000000000000000E+000 
                                       7                  2.2338348924546805E-001                  8.0820529592648072E-001                  4.2146780912356840E+000                 -9.4939063565667610E+000                  2.4821814955661043E+000                  3.5785200116473397E-005                  4.0816085604903291E-001                  5.9180335875085066E-001                  1.4884669489141051E-177                  0.0000000000000000E+000                  0.0000000000000000E+000 
                                       8                  2.2338348924186391E-001                  8.0819666777263899E-001                  4.2148216080120022E+000                 -9.4929545479763373E+000                  2.4829815737994250E+000                  3.5785200116473397E-005                  4.0816085604903291E-001                  5.9180335875085066E-001                  1.4917329254556198E-177                  0.0000000000000000E+000                  0.0000000000000000E+000 
                                       9                  2.2338348923591428E-001                  8.0818245455116944E-001                  4.2150872214562725E+000                 -9.4912046674416484E+000                  2.4844581044714418E+000                  3.5785200116473397E-005                  4.0816085604903291E-001                  5.9180335875085066E-001                  1.4977560666541494E-177                  0.0000000000000000E+000                  0.0000000000000000E+000 
                                      10                  2.2338348922418863E-001                  8.0815455156256488E-001                  4.2155531607218304E+000                 -9.4881779755901068E+000                  2.4870348797849560E+000                  3.5784452692832169E-005                  4.0817246070166785E-001                  5.9179175484563928E-001                  1.5082743812571049E-177                  0.0000000000000000E+000                  0.0000000000000000E+000 
                                      11                  2.2338348920493176E-001                  8.0810903362052700E-001                  4.2164514439516800E+000                 -9.4824564666450666E+000                  2.4919572527996268E+000                  3.5784336626388278E-005                  4.0817426277306318E-001                  5.9178995289031044E-001                  1.5282845171075268E-177                  0.0000000000000000E+000                  0.0000000000000000E+000 
                                      12                  2.2338348916451475E-001                  8.0801470380700335E-001                  4.2177495669852823E+000                 -9.4744810601820468E+000                  2.4989627563534511E+000                  3.5784015515761353E-005                  4.0817924817360207E-001                  5.9178496781088219E-001                  1.5566304869998287E-177                  0.0000000000000000E+000                  0.0000000000000000E+000 
                                      13                  2.2338348911890413E-001                  8.0791011763544440E-001                  4.2197992702909053E+000                 -9.4624969881364187E+000                  2.5097975107153401E+000                  3.5783094046950586E-005                  4.0819355434705340E-001                  5.9177066255889965E-001                  1.6002423105046778E-177                  0.0000000000000000E+000                  0.0000000000000000E+000 
                                      14                  2.2338348902883165E-001                  8.0770898854500195E-001                  4.2226343767098502E+000                 -9.4470703258578794E+000                  2.5243426573192695E+000                  3.5781842790665288E-005                  4.0821297944978091E-001                  5.9175123870742841E-001                  1.6581899781363145E-177                  0.0000000000000000E+000                  0.0000000000000000E+000 
                                      15                  2.2338348893169832E-001                  8.0749936484324936E-001                  4.2258582437918681E+000                 -9.4308803033611923E+000                  2.5403495607260234E+000                  3.5780674236335457E-005                  4.0823111924764427E-001                  5.9173310007811941E-001                  1.7212537438862532E-177                  0.0000000000000000E+000                  0.0000000000000000E+000 
                                      16                  2.2338348881584594E-001                  8.0725811710247686E-001                  4.2293553290026660E+000                 -9.4146990643568476E+000                  2.5571549321208487E+000                  3.5779477896629703E-005                  4.0824968895333608E-001                  5.9171453156876730E-001                  1.7866817703751768E-177                  0.0000000000000000E+000                  0.0000000000000000E+000 
                                      17                  2.2338348869999358E-001                  8.0702531167595914E-001                  4.2345650700229731E+000                 -9.3927720952034903E+000                  2.5812849355247298E+000                  3.5778260170595830E-005                  4.0826858941906041E-001                  5.9169563232076894E-001                  1.8792999492014621E-177                  0.0000000000000000E+000                  0.0000000000000000E+000 
                                      18                  2.2338348846782177E-001                  8.0658069402051935E-001                  4.2397019697326819E+000                 -9.3731037131821893E+000                  2.6042534612170609E+000                  3.5775946368826873E-005                  4.0830450003124269E-001                  5.9165972402238842E-001                  1.9665471109282144E-177                  0.0000000000000000E+000                  0.0000000000000000E+000 
                                      19                  2.2338348835169583E-001                  8.0636767186860370E-001                  4.2441042124704964E+000                 -9.3574774507562672E+000                  2.6234052588488588E+000                  3.5774880873835672E-005                  4.0832103439787681E-001                  5.9164319072124938E-001                  2.0386823357682925E-177                  0.0000000000000000E+000                  0.0000000000000000E+000 
                                      20                  2.2338348816357942E-001                  8.0603415660718980E-001                  4.2491059710556929E+000                 -9.3396252300104781E+000                  2.6452016187782239E+000                  3.5773260800769155E-005                  4.0834617317743149E-001                  5.9161805356176767E-001                  2.1243696940655763E-177                  0.0000000000000000E+000                  0.0000000000000000E+000 
                                      21                  2.2338348798983254E-001                  8.0573787924904083E-001                  4.2539108287248446E+000                 -9.3226174116379479E+000                  2.6660806280282454E+000                  3.5771753441447761E-005                  4.0836956076823672E-001                  5.9159466747832190E-001                  2.2093489956359666E-177                  0.0000000000000000E+000                  0.0000000000000000E+000 
                                      22                  2.2338348780048523E-001                  8.0542674782701762E-001                  4.2576941560651012E+000                 -9.3090619437581594E+000                  2.6825988556947102E+000                  3.5770146396813175E-005                  4.0839449305781728E-001                  5.9156973679578595E-001                  2.2795417522255080E-177                  0.0000000000000000E+000                  0.0000000000000000E+000 
                                      23                  2.2338348769080493E-001                  8.0525176832689971E-001                  4.2603938664719436E+000                 -9.2994910998795515E+000                  2.6943475661084499E+000                  3.5769147777484513E-005                  4.0840998483468427E-001                  5.9155424601753825E-001                  2.3304283769473650E-177                  0.0000000000000000E+000                  0.0000000000000000E+000 
                                      24                  2.2338348758112461E-001                  8.0508039790987551E-001                  4.2644249892718626E+000                 -9.2853946694353091E+000                  2.7118168196293668E+000                  3.5768062054426376E-005                  4.0842682668157820E-001                  5.9153740525636733E-001                  2.4074175902083616E-177                  0.0000000000000000E+000                  0.0000000000000000E+000 
                                      25                  2.2338348735399696E-001                  8.0473624299522450E-001                  4.2696768749321858E+000                 -9.2666466283734099E+000                  2.7347683966721883E+000                  3.5766331399220358E-005                  4.0845367073144651E-001                  5.9151056293715421E-001                  2.5137947600373620E-177                  0.0000000000000000E+000                  0.0000000000000000E+000 
                                      26                  2.2338348711898245E-001                  8.0439437406428593E-001                  4.2753074831982127E+000                 -9.2465088196570786E+000                  2.7594288056819938E+000                  3.5764489963816716E-005                  4.0848223028022540E-001                  5.9148200522981076E-001                  2.6332977669582339E-177                  0.0000000000000000E+000                  0.0000000000000000E+000 
                                      27                  2.2338348683110779E-001                  8.0399355847991361E-001                  4.2794013366894967E+000                 -9.2313540657519368E+000                  2.7776144249171688E+000                  3.5762744464928961E-005                  4.0850929906156486E-001                  5.9145493819397021E-001                  2.7269992832649688E-177                  0.0000000000000000E+000                  0.0000000000000000E+000 
                                      28                  2.2338348671540154E-001                  8.0383768282202250E-001                  4.2825831415769162E+000                 -9.2198879502309250E+000                  2.7916294973704394E+000                  3.5761590569317325E-005                  4.0852719222530764E-001                  5.9143704618412296E-001                  2.8000857395002009E-177                  0.0000000000000000E+000                  0.0000000000000000E+000 
                                      29                  2.2338348650880666E-001                  8.0356621648671411E-001                  4.2859149992407355E+000                 -9.2076149256576461E+000                  2.8064405670835182E+000                  3.5760270997825061E-005                  4.0854765264970527E-001                  5.9141658707929690E-001                  2.8804966363467369E-177                  0.0000000000000000E+000                  0.0000000000000000E+000 
                                      30                  2.2338348636417904E-001                  8.0338117917317153E-001                  4.2891110213639170E+000                 -9.1959513820410876E+000                  2.8206137288963733E+000                  3.5759084841769523E-005                  4.0856604314983019E-001                  5.9139819776532798E-001                  2.9590457950076245E-177                  0.0000000000000000E+000                  0.0000000000000000E+000 
                                      31                  2.2338348616189979E-001                  8.0312885904672338E-001                  4.2924415089415699E+000                 -9.1836437623010472E+000                  2.8354651649621889E+000                  3.5757786694844281E-005                  4.0858616828984429E-001                  5.9137807392346087E-001                  3.0442618474455622E-177                  0.0000000000000000E+000                  0.0000000000000000E+000 
                                      32                  2.2338348598918922E-001                  8.0291910756318163E-001                  4.2959589770740720E+000                 -9.1707328380848470E+000                  2.8511241619561560E+000                  3.5756469195470401E-005                  4.0860659191713439E-001                  5.9135765161367015E-001                  3.1362886616497593E-177                  0.0000000000000000E+000                  0.0000000000000000E+000 
                                      33                  2.2338348575317263E-001                  8.0264039893407690E-001                  4.3000010766636327E+000                 -9.1558130102494886E+000                  2.8691706061760245E+000                  3.5754920814936199E-005                  4.0863059237592197E-001                  5.9133365270326310E-001                  3.2461082425801166E-177                  0.0000000000000000E+000                  0.0000000000000000E+000 
                                      34                  2.2338348550075415E-001                  8.0235182304372266E-001                  4.3052536153259364E+000                 -9.1366840582795437E+000                  2.8925218415410470E+000                  3.5753020897783715E-005                  4.0866003882671759E-001                  5.9130420815238460E-001                  3.3925431424070390E-177                  0.0000000000000000E+000                  0.0000000000000000E+000 
                                      35                  2.2338348509203684E-001                  8.0190355457155427E-001                  4.3104241568612629E+000                 -9.1175382261550943E+000                  2.9156624543801146E+000                  3.5750896971724511E-005                  4.0869295250310739E-001                  5.9127129659992095E-001                  3.5457521321088590E-177                  0.0000000000000000E+000                  0.0000000000000000E+000 
                                      36                  2.2338348481240697E-001                  8.0160933825162639E-001                  4.3134610857396378E+000                 -9.1063739554271041E+000                  2.9292174617241100E+000                  3.5749544193081907E-005                  4.0871391390911743E-001                  5.9125033654668946E-001                  3.6382807911637915E-177                  0.0000000000000000E+000                  0.0000000000000000E+000 
                                      37                  2.2338348467259703E-001                  8.0146575174340240E-001                  4.3154483879736025E+000                 -9.0991769801455948E+000                  2.9380359843361399E+000                  3.5748657725590501E-005                  4.0872764905610787E-001                  5.9123660228616659E-001                  3.6992069450480769E-177                  0.0000000000000000E+000                  0.0000000000000000E+000 
                                      38                  2.2338348453278711E-001                  8.0132438603040956E-001                  4.3185322107764170E+000                 -9.0881890104781125E+000                  2.9516319028072240E+000                  3.5747372338736539E-005                  4.0874756402699919E-001                  5.9121668860066201E-001                  3.7941898714875134E-177                  0.0000000000000000E+000                  0.0000000000000000E+000 
                                      39                  2.2338348423078988E-001                  8.0102620477324282E-001                  4.3227947498404822E+000                 -9.0730231436104436E+000                  2.9703993729286995E+000                  3.5745564032689265E-005                  4.0877557771684070E-001                  5.9118867671912656E-001                  3.9293120136435763E-177                  0.0000000000000000E+000                  0.0000000000000000E+000 
                                      40                  2.2338348390148832E-001                  8.0071155709762376E-001                  4.3268864389397619E+000                 -9.0586125665156221E+000                  2.9883269614904573E+000                  3.5743764649435004E-005                  4.0880345002874496E-001                  5.9116080620660560E-001                  4.0621734989802277E-177                  0.0000000000000000E+000                  0.0000000000000000E+000 
                                      41                  2.2338348360354507E-001                  8.0043560121148916E-001                  4.3307060477107502E+000                 -9.0453807247251952E+000                  3.0049406644436445E+000                  3.5742059883233745E-005                  4.0882985411217609E-001                  5.9113440382794069E-001                  4.1881285718527493E-177                  0.0000000000000000E+000                  0.0000000000000000E+000 
                                      42                  2.2338348329817334E-001                  8.0016072996111698E-001                  4.3349974989209512E+000                 -9.0308026899228722E+000                  3.0234468154346774E+000                  3.5740161240157063E-005                  4.0885925815356711E-001                  5.9110500168519275E-001                  4.3314281749323753E-177                  0.0000000000000000E+000                  0.0000000000000000E+000 
                                      43                  2.2338348290553678E-001                  7.9981824680473790E-001                  4.3403818298276393E+000                 -9.0128812777485052E+000                  3.0464497576236744E+000                  3.5737802967711534E-005                  4.0889577612003586E-001                  5.9106848607699636E-001                  4.5143333453818705E-177                  0.0000000000000000E+000                  0.0000000000000000E+000 
                                      44                  2.2338348239091624E-001                  7.9938635427834670E-001                  4.3446996010222447E+000                 -8.9985328672156069E+000                  3.0648487865725693E+000                  3.5735778159780898E-005                  4.0892712609217735E-001                  5.9103713812966285E-001                  4.6663489627958027E-177                  0.0000000000000000E+000                  0.0000000000000000E+000 
                                      45                  2.2338348214748824E-001                  7.9918826735643489E-001                  4.3475748880620939E+000                 -8.9892330385786590E+000                  3.0769626205070386E+000                  3.5734439674991877E-005                  4.0894784848533355E-001                  5.9101641707499142E-001                  4.7676052119626242E-177                  0.0000000000000000E+000                  0.0000000000000000E+000 
                                      46                  2.2338348187494034E-001                  7.9897087139253009E-001                  4.3515164025745854E+000                 -8.9767215075692803E+000                  3.0934341891145607E+000                  3.5732666764856763E-005                  4.0897529482119177E-001                  5.9098897251204341E-001                  4.9073004420388170E-177                  0.0000000000000000E+000                  0.0000000000000000E+000 
                                      47                  2.2338348142385614E-001                  7.9862059877526315E-001                  4.3561071243164875E+000                 -8.9622380198218874E+000                  3.1125473610009395E+000                  3.5730604250771216E-005                  4.0900722136914736E-001                  5.9095704802660187E-001                  5.0741350005412188E-177                  0.0000000000000000E+000                  0.0000000000000000E+000 
                                      48                  2.2338348100294142E-001                  7.9830374429845841E-001                  4.3605568733071225E+000                 -8.9484389051474729E+000                  3.1309319191939404E+000                  3.5728637051344430E-005                  4.0903766999946534E-001                  5.9092660136348329E-001                  5.2383604649185546E-177                  0.0000000000000000E+000                  0.0000000000000000E+000 
                                      49                  2.2338348055065313E-001                  7.9797318216296209E-001                  4.3642737185257952E+000                 -8.9369631388319064E+000                  3.1462457921107938E+000                  3.5727000401399839E-005                  4.0906300035600485E-001                  5.9090127264359382E-001                  5.3789766379201070E-177                  0.0000000000000000E+000                  0.0000000000000000E+000 
                                      50                  2.2338348024912760E-001                  7.9775814945368018E-001                  4.3681429087065684E+000                 -8.9252969190459055E+000                  3.1620371634246109E+000                  3.5725359428593565E-005                  4.0908839640371630E-001                  5.9087587823685506E-001                  5.5257916583057850E-177                  0.0000000000000000E+000                  0.0000000000000000E+000 
                                      51                  2.2338347974658510E-001                  7.9740857966274925E-001                  4.3734182089819607E+000                 -8.9094907567494079E+000                  3.1834970812013799E+000                  3.5723219693307244E-005                  4.0912150906277583E-001                  5.9084276771753086E-001                  5.7311016928715896E-177                  0.0000000000000000E+000                  0.0000000000000000E+000 
                                      52                  2.2338347911215856E-001                  7.9698190136844105E-001                  4.3781634022209133E+000                 -8.8952086474228160E+000                  3.2028140876567592E+000                  3.5721369557589174E-005                  4.0915013796772498E-001                  5.9081414066271742E-001                  5.9231498858554749E-177                  0.0000000000000000E+000                  0.0000000000000000E+000 
                                      53                  2.2338347867818531E-001                  7.9669878508331038E-001                  4.3809682338315827E+000                 -8.8868108449464671E+000                  3.2142050932961226E+000                  3.5720311043687704E-005                  4.0916651663399678E-001                  5.9079776305495946E-001                  6.0390575247817577E-177                  0.0000000000000000E+000                  0.0000000000000000E+000 
                                      54                  2.2338347846119866E-001                  7.9655973528776380E-001                  4.3828083079707065E+000                 -8.8813644973013659E+000                  3.2216458696727055E+000                  3.5719633774943653E-005                  4.0917699598133250E-001                  5.9078728438489247E-001                  6.1154364616449294E-177                  0.0000000000000000E+000                  0.0000000000000000E+000 
                                      55                  2.2338347824421204E-001                  7.9642228718351527E-001                  4.3859484939845803E+000                 -8.8722069635497540E+000                  3.2342750876126209E+000                  3.5718525541201383E-005                  4.0919414330060194E-001                  5.9077013817385682E-001                  6.2460374563675083E-177                  0.0000000000000000E+000                  0.0000000000000000E+000 
                                      56                  2.2338347770833497E-001                  7.9608938327998546E-001                  4.3906746572229300E+000                 -8.8583455675809262E+000                  3.2533156126983016E+000                  3.5716976422892473E-005                  4.0921811125955848E-001                  5.9074617176401856E-001                  6.4490174762280747E-177                  0.0000000000000000E+000                  0.0000000000000000E+000 
                                      57                  2.2338347707055409E-001                  7.9570466730203115E-001                  4.3956049135398736E+000                 -8.8438654701399315E+000                  3.2731844801708734E+000                  3.5715499218182742E-005                  4.0924096559365009E-001                  5.9072331890713170E-001                  6.6680703561019395E-177                  0.0000000000000000E+000                  0.0000000000000000E+000 
                                      58                  2.2338347643202938E-001                  7.9533115607684468E-001                  4.4004645205953219E+000                 -8.8296256150085295E+000                  3.2927525967587070E+000                  3.5714180228448394E-005                  4.0926137139832858E-001                  5.9070291442144296E-001                  6.8907096496500828E-177                  0.0000000000000000E+000                  0.0000000000000000E+000 
                                      59                  2.2338347575970133E-001                  7.9494956345250734E-001                  4.4041134689138008E+000                 -8.8187975505506060E+000                  3.3075132658585056E+000                  3.5713288384344259E-005                  4.0927516848879109E-001                  5.9068911822282455E-001                  7.0649388155363033E-177                  0.0000000000000000E+000                  0.0000000000000000E+000 
                                      60                  2.2338347540700754E-001                  7.9475392490062091E-001                  4.4079806557842733E+000                 -8.8076045029887666E+000                  3.3230244768053425E+000                  3.5712404079360873E-005                  4.0928884874993571E-001                  5.9067543884598495E-001                  7.2496626863741185E-177                  0.0000000000000000E+000                  0.0000000000000000E+000 
                                      61                  2.2338347464635999E-001                  7.9434186677269858E-001                  4.4126251396802214E+000                 -8.7938741882906992E+000                  3.3418007693519973E+000                  3.5711475956344545E-005                  4.0930320649003610E-001                  5.9066108203400758E-001                  7.4828256812483724E-177                  0.0000000000000000E+000                  0.0000000000000000E+000 
                                      62                  2.2338347401032169E-001                  7.9400717260187093E-001                  4.4157723055980762E+000                 -8.7844953698890738E+000                  3.3545672131694260E+000                  3.5710914232963946E-005                  4.0931189599034951E-001                  5.9065239309541751E-001                  7.6463688454350848E-177                  0.0000000000000000E+000                  0.0000000000000000E+000 
                                      63                  2.2338347366467254E-001                  7.9382885626942734E-001                  4.4192660815311671E+000                 -8.7742988938196902E+000                  3.3686441531355840E+000                  3.5710330988973102E-005                  4.0932091831905354E-001                  5.9064337134995748E-001                  7.8282200797614008E-177                  0.0000000000000000E+000                  0.0000000000000000E+000 
                                      64                  2.2338347289571062E-001                  7.9344060421112383E-001                  4.4246577642178027E+000                 -8.7583772014169465E+000                  3.3904788302027016E+000                  3.5709554430914028E-005                  4.0933293085232003E-001                  5.9063135959324908E-001                  8.1208261472517846E-177                  0.0000000000000000E+000                  0.0000000000000000E+000 
                                      65                  2.2338347186914781E-001                  7.9293940907875560E-001                  4.4295765539327077E+000                 -8.7434632954395326E+000                  3.4106126018805938E+000                  3.5708971037868391E-005                  4.0934195515274041E-001                  5.9062233587622170E-001                  8.4047793076125814E-177                  0.0000000000000000E+000                  0.0000000000000000E+000 
                                      66                  2.2338347116612384E-001                  7.9260680438996911E-001                  4.4345274224806817E+000                 -8.7286655685802206E+000                  3.4308047453094157E+000                  3.5708457860367849E-005                  4.0934989322829740E-001                  5.9061439831384221E-001                  8.6963119049602807E-177                  0.0000000000000000E+000                  0.0000000000000000E+000 
                                      67                  2.2338347005767256E-001                  7.9209848300661301E-001                  4.4395902135899243E+000                 -8.7130785938658217E+000                  3.4517093801067582E+000                  3.5708033832077220E-005                  4.0935645220931466E-001                  5.9060783975685327E-001                  9.0142972756937972E-177                  0.0000000000000000E+000                  0.0000000000000000E+000 
                                      68                  2.2338346920903523E-001                  7.9172187946739858E-001                  4.4444959357139169E+000                 -8.6980727484941092E+000                  3.4719579027649377E+000                  3.5707683996883115E-005                  4.0936186350513892E-001                  5.9060242881086422E-001                  9.3313878353895882E-177                  0.0000000000000000E+000                  0.0000000000000000E+000 
                                      69                  2.2338346807692638E-001                  7.9123509173994488E-001                  4.4484909915973745E+000                 -8.6854586243311811E+000                  3.4886697127079311E+000                  3.5707453883054936E-005                  4.0936542290170830E-001                  5.9059886964440866E-001                  9.6065293215130904E-177                  0.0000000000000000E+000                  0.0000000000000000E+000 
                                      70                  2.2338346751087196E-001                  7.9099807371941044E-001                  4.4510820506610731E+000                 -8.6773542455888499E+000                  3.4994873187273439E+000                  3.5707319327352364E-005                  4.0936750419859869E-001                  5.9059678848207398E-001                  9.7875646054238571E-177                  0.0000000000000000E+000                  0.0000000000000000E+000 
                                      71                  2.2338346694481750E-001                  7.9076505970733124E-001                  4.4536080070244504E+000                 -8.6694151208203092E+000                  3.5100644126038447E+000                  3.5707201171026617E-005                  4.0936933182470087E-001                  5.9059496097412811E-001                  9.9682111837425058E-177                  0.0000000000000000E+000                  0.0000000000000000E+000 
                                      72                  2.2338346637876311E-001                  7.9053590110044325E-001                  4.4569765091280473E+000                 -8.6588798039708745E+000                  3.5241646131074407E+000                  3.5707059083614773E-005                  4.0937152960659595E-001                  5.9059276333432043E-001                  1.0213084466465170E-176                  0.0000000000000000E+000                  0.0000000000000000E+000 
                                      73                  2.2338346539536788E-001                  7.9014649879343779E-001                  4.4607713052217610E+000                 -8.6467556234317797E+000                  3.5402023501955431E+000                  3.5706925270139851E-005                  4.0937359939876006E-001                  5.9059069367596972E-001                  1.0502330577841809E-176                  0.0000000000000000E+000                  0.0000000000000000E+000 
                                      74                  2.2338346456068625E-001                  7.8982429211171756E-001                  4.4658082714439118E+000                 -8.6309012424110545E+000                  3.5614256412063461E+000                  3.5706772035218138E-005                  4.0937596958864558E-001                  5.9058832363931923E-001                  1.0892955965467192E-176                  0.0000000000000000E+000                  0.0000000000000000E+000 
                                      75                  2.2338346289132302E-001                  7.8920094745929825E-001                  4.4713211658974306E+000                 -8.6128464865307333E+000                  3.5850742980408099E+000                  3.5706646951597850E-005                  4.0937790433219090E-001                  5.9058638902085758E-001                  1.1355499309185926E-176                  0.0000000000000000E+000                  0.0000000000000000E+000 
                                      76                  2.2338346163930062E-001                  7.8875081002700942E-001                  4.4750740779584488E+000                 -8.6004523442522913E+000                  3.6012767925724676E+000                  3.5706577961874858E-005                  4.0937897143419039E-001                  5.9058532198784774E-001                  1.1684337134275407E-176                  0.0000000000000000E+000                  0.0000000000000000E+000 
                                      77                  2.2338346080461899E-001                  7.8845841254292315E-001                  4.4779830657170621E+000                 -8.5908674117014936E+000                  3.6138574299451989E+000                  3.5706531315721644E-005                  4.0937969293456156E-001                  5.9058460053412265E-001                  1.1945155012455650E-176                  0.0000000000000000E+000                  0.0000000000000000E+000 
                                      78                  2.2338345996900405E-001                  7.8817150430088945E-001                  4.4819965521997363E+000                 -8.5777328534363182E+000                  3.6312206505776015E+000                  3.5706475049226478E-005                  4.0938056323635919E-001                  5.9058373028859157E-001                  1.2312041355925964E-176                  0.0000000000000000E+000                  0.0000000000000000E+000 
                                      79                  2.2338345842471594E-001                  7.8765564106461605E-001                  4.4865267189801497E+000                 -8.5624353870865200E+000                  3.6511272205061291E+000                  3.5706425324032429E-005                  4.0938133235865831E-001                  5.9058296121601761E-001                  1.2753566635186562E-176                  0.0000000000000000E+000                  0.0000000000000000E+000 
                                      80                  2.2338345713431151E-001                  7.8723816197924146E-001                  4.4911583856681609E+000                 -8.5468377380629637E+000                  3.6715556588061107E+000                  3.5706383454198800E-005                  4.0938197997738784E-001                  5.9058231363915792E-001                  1.3220059950477678E-176                  0.0000000000000000E+000                  0.0000000000000000E+000 
                                      81                  2.2338345538911764E-001                  7.8669164860625929E-001                  4.4953514188212571E+000                 -8.5322721692928525E+000                  3.6903635088495275E+000                  3.5706354064542252E-005                  4.0938243455898005E-001                  5.9058185908695537E-001                  1.3671077248840570E-176                  0.0000000000000000E+000                  0.0000000000000000E+000 
                                      82                  2.2338345422510680E-001                  7.8633805950765456E-001                  4.4977751373012538E+000                 -8.5237946438084435E+000                  3.7013091543369385E+000                  3.5706339605631702E-005                  4.0938265820050401E-001                  5.9058163545989029E-001                  1.3940630737341216E-176                  0.0000000000000000E+000                  0.0000000000000000E+000 
                                      83                  2.2338345364282730E-001                  7.8616428463657628E-001                  4.5001510051493296E+000                 -8.5156209300414947E+000                  3.7120059109805332E+000                  3.5706326481056884E-005                  4.0938286120324774E-001                  5.9058143247027117E-001                  1.4205555631803709E-176                  0.0000000000000000E+000                  0.0000000000000000E+000 
                                      84                  2.2338345247826821E-001                  7.8582260715237839E-001                  4.5039400732593098E+000                 -8.5024977997181743E+000                  3.7291825635732296E+000                  3.5706308524722155E-005                  4.0938313894040290E-001                  5.9058115475107242E-001                  1.4641470387842726E-176                  0.0000000000000000E+000                  0.0000000000000000E+000 
                                      85                  2.2338345075529717E-001                  7.8533072629940959E-001                  4.5082413089152444E+000                 -8.4873555451422060E+000                  3.7489169188933489E+000                  3.5706292125229653E-005                  4.0938339259703738E-001                  5.9058090111083739E-001                  1.5161102573959292E-176                  0.0000000000000000E+000                  0.0000000000000000E+000 
                                      86                  2.2338344903232613E-001                  7.8485410831698033E-001                  4.5113200115752363E+000                 -8.4763239002820097E+000                  3.7632160870140181E+000                  3.5706282576164718E-005                  4.0938354029559942E-001                  5.9058075342182437E-001                  1.5551247271813933E-176                  0.0000000000000000E+000                  0.0000000000000000E+000 
                                      87                  2.2338344817013170E-001                  7.8462101450811161E-001                  4.5146572227968811E+000                 -8.4647168963538455E+000                  3.7786183464146363E+000                  3.5706273171503863E-005                  4.0938368576055711E-001                  5.9058060796627143E-001                  1.5972584649107118E-176                  0.0000000000000000E+000                  0.0000000000000000E+000 
                                      88                  2.2338344615702396E-001                  7.8408972417865463E-001                  4.5181560017939084E+000                 -8.4521816227178679E+000                  3.7950375327064592E+000                  3.5706265277347337E-005                  4.0938380786195050E-001                  5.9058048587277212E-001                  1.6440449300796815E-176                  0.0000000000000000E+000                  0.0000000000000000E+000 
                                      89                  2.2338344500611065E-001                  7.8379377765143776E-001                  4.5212256906789019E+000                 -8.4414394674914597E+000                  3.8093940843956418E+000                  3.5706259120057483E-005                  4.0938390309864320E-001                  5.9058039064223666E-001                  1.6852277964575156E-176                  0.0000000000000000E+000                  0.0000000000000000E+000 
                                      90                  2.2338344329853929E-001                  7.8336434473019201E-001                  4.5238773824381653E+000                 -8.4320321876434452E+000                  3.8219189273242788E+000                  3.5706254636523408E-005                  4.0938397244680302E-001                  5.9058032129856053E-001                  1.7221395369908309E-176                  0.0000000000000000E+000                  0.0000000000000000E+000 
                                      91                  2.2338344244412758E-001                  7.8315360968355263E-001                  4.5264769667510034E+000                 -8.4230644036073929E+000                  3.8341218623487796E+000                  3.5706250575580847E-005                  4.0938403525859807E-001                  5.9058025849082640E-001                  1.7580793442913543E-176                  0.0000000000000000E+000                  0.0000000000000000E+000 
                                      92                  2.2338344073530411E-001                  7.8273986198222922E-001                  4.5306620453362090E+000                 -8.4087641637797095E+000                  3.8538008441986067E+000                  3.5706244978665114E-005                  4.0938412182770278E-001                  5.9058017192731849E-001                  1.8169479784254564E-176                  0.0000000000000000E+000                  0.0000000000000000E+000 
                                      93                  2.2338343817208448E-001                  7.8213723528599122E-001                  4.5342491199159101E+000                 -8.3963958351760830E+000                  3.8708196491871836E+000                  3.5706241130708953E-005                  4.0938418134511095E-001                  5.9058011241375841E-001                  1.8694511681044326E-176                  0.0000000000000000E+000                  0.0000000000000000E+000 
                                      94                  2.2338343690272539E-001                  7.8184628463136774E-001                  4.5380615296108049E+000                 -8.3838783577808371E+000                  3.8886839233113162E+000                  3.5706237423430430E-005                  4.0938423868660351E-001                  5.9058005507597300E-001                  1.9241325676951779E-176                  0.0000000000000000E+000                  0.0000000000000000E+000 
                                      95                  2.2338343399543562E-001                  7.8119672932321815E-001                  4.5434594784588924E+000                 -8.3664179457927013E+000                  3.9139971200751669E+000                  3.5706233196944197E-005                  4.0938430405878740E-001                  5.9057998970801573E-001                  2.0030887545033783E-176                  0.0000000000000000E+000                  0.0000000000000000E+000 
                                      96                  2.2338343071955855E-001                  7.8049036490490686E-001                  4.5475647052895622E+000                 -8.3533708813751257E+000                  3.9332338144583847E+000                  3.5706230620344768E-005                  4.0938434391171263E-001                  5.9057994985766704E-001                  2.0641957967087004E-176                  0.0000000000000000E+000                  0.0000000000000000E+000 
                                      97                  2.2338342908163042E-001                  7.8014639152049481E-001                  4.5502411139586831E+000                 -8.3452080330683884E+000                  3.9456392753283538E+000                  3.5706229098734687E-005                  4.0938436744684065E-001                  5.9057992632406064E-001                  2.1033717470688900E-176                  0.0000000000000000E+000                  0.0000000000000000E+000 
                                      98                  2.2338342744370226E-001                  7.7980802646728664E-001                  4.5528663648308925E+000                 -8.3373851706464848E+000                  3.9577372580323744E+000                  3.5706227740734569E-005                  4.0938438845136699E-001                  5.9057990532089222E-001                  2.1416136171898781E-176                  0.0000000000000000E+000                  0.0000000000000000E+000 
                                      99                  2.2338342580579224E-001                  7.7947493383596744E-001                  4.5567298058502654E+000                 -8.3263403567636889E+000                  3.9753338969612479E+000                  3.5706225909275011E-005                  4.0938441677900206E-001                  5.9057987699508874E-001                  2.1967928263278769E-176                  0.0000000000000000E+000                  0.0000000000000000E+000 
                                     100                  2.2338342252817833E-001                  7.7882290715816127E-001                  4.5607911337354414E+000                 -8.3149690096746003E+000                  3.9937334270301847E+000                  3.5706224277712104E-005                  4.0938444201477592E-001                  5.9057985176094641E-001                  2.2550893205147736E-176                  0.0000000000000000E+000                  0.0000000000000000E+000 
                                     101                  2.2338342048054738E-001                  7.7842465002104477E-001                  4.5638540569460782E+000                 -8.3067723023687083E+000                  4.0074205116346509E+000                  3.5706223154797070E-005                  4.0938445938316703E-001                  5.9057983439367812E-001                  2.2980679168445969E-176                  0.0000000000000000E+000                  0.0000000000000000E+000 
                                     102                  2.2338341843293630E-001                  7.7803277475225641E-001                  4.5668655496028601E+000                 -8.2989792616406639E+000                  4.0207365713594010E+000                  3.5706222141061303E-005                  4.0938447506285308E-001                  5.9057981871500587E-001                  2.3396893920596581E-176                  0.0000000000000000E+000                  0.0000000000000000E+000 
                                     103                  2.2338341638532519E-001                  7.7764683319528072E-001                  4.5698310321846254E+000                 -8.2915620767647056E+000                  4.0337048713481396E+000                  3.5706221218586967E-005                  4.0938448933097410E-001                  5.9057980444780733E-001                  2.3800035437825934E-176                  0.0000000000000000E+000                  0.0000000000000000E+000 
                                     104                  2.2338341433672523E-001                  7.7726623751669088E-001                  4.5727546167089299E+000                 -8.2844956064245885E+000                  4.0463437193692915E+000                  3.5706220373228583E-005                  4.0938450240632224E-001                  5.9057979137330452E-001                  2.4190575426529669E-176                  0.0000000000000000E+000                  0.0000000000000000E+000 
                                     105                  2.2338341228812528E-001                  7.7689080539517363E-001                  4.5756392644923078E+000                 -8.2777570898022041E+000                  4.0586670718719429E+000                  3.5706219593696979E-005                  4.0938451446351026E-001                  5.9057977931689609E-001                  2.4568959124408984E-176                  0.0000000000000000E+000                  0.0000000000000000E+000 
                                     106                  2.2338341023952535E-001                  7.7652019980093467E-001                  4.5799060094095587E+000                 -8.2682744383903248E+000                  4.0765799684478141E+000                  3.5706218508808249E-005                  4.0938453124372109E-001                  5.9057976253777011E-001                  2.5111479981587442E-176                  0.0000000000000000E+000                  0.0000000000000000E+000 
                                     107                  2.2338340614235930E-001                  7.7579224699196603E-001                  4.5852162558355243E+000                 -8.2570111389205820E+000                  4.0984589773562012E+000                  3.5706217304766731E-005                  4.0938454986688677E-001                  5.9057974391580847E-001                  2.5771464157964227E-176                  0.0000000000000000E+000                  0.0000000000000000E+000 
                                     108                  2.2338340243337090E-001                  7.7514708079087857E-001                  4.5901709644581370E+000                 -8.2471316566336057E+000                  4.1183913388101780E+000                  3.5706216277989556E-005                  4.0938456574826193E-001                  5.9057972803546011E-001                  2.6364629209672188E-176                  0.0000000000000000E+000                  0.0000000000000000E+000 
                                     109                  2.2338339872438256E-001                  7.7451363412067253E-001                  4.5942366043643963E+000                 -8.2394147314068640E+000                  4.1344216480289697E+000                  3.5706215501994308E-005                  4.0938457775073722E-001                  5.9057971603376080E-001                  2.6837436671862034E-176                  0.0000000000000000E+000                  0.0000000000000000E+000 
                                     110                  2.2338339625174519E-001                  7.7409727028788666E-001                  4.5974528900400395E+000                 -8.2335763120791530E+000                  4.1468799971826469E+000                  3.5706214917743094E-005                  4.0938458678746686E-001                  5.9057970699761542E-001                  2.7200777123750695E-176                  0.0000000000000000E+000                  0.0000000000000000E+000 
                                     111                  2.2338339377910785E-001                  7.7368528937209546E-001                  4.6024994435658719E+000                 -8.2248735787403682E+000                  4.1660292254974562E+000                  3.5706214042245116E-005                  4.0938460032896545E-001                  5.9057969345699224E-001                  2.7751524202689164E-176                  0.0000000000000000E+000                  0.0000000000000000E+000 
                                     112                  2.2338338839835167E-001                  7.7280261868753852E-001                  4.6077360956027382E+000                 -8.2161815726564473E+000                  4.1855165028465686E+000                  3.5706213222500765E-005                  4.0938461300810619E-001                  5.9057968077867129E-001                  2.8312724705322780E-176                  0.0000000000000000E+000                  0.0000000000000000E+000 
                                     113                  2.2338338549117767E-001                  7.7233298055334221E-001                  4.6113627874405312E+000                 -8.2104563741451582E+000                  4.1987400426732604E+000                  3.5706212681645150E-005                  4.0938462137362036E-001                  5.9057967241369802E-001                  2.8688559153293097E-176                  0.0000000000000000E+000                  0.0000000000000000E+000 
                                     114                  2.2338338258401935E-001                  7.7186799683092688E-001                  4.6167315821631902E+000                 -8.2023915692814420E+000                  4.2179320047189544E+000                  3.5706211916904218E-005                  4.0938463320200763E-001                  5.9057966058607547E-001                  2.9226458956422771E-176                  0.0000000000000000E+000                  0.0000000000000000E+000 
                                     115                  2.2338337676873990E-001                  7.7095061981515167E-001                  4.6239900752979590E+000                 -8.1919815255450299E+000                  4.2433247380680097E+000                  3.5706210972819862E-005                  4.0938464780432621E-001                  5.9057964598470103E-001                  2.9935720165692062E-176                  0.0000000000000000E+000                  0.0000000000000000E+000 
                                     116                  2.2338337053706322E-001                  7.6998457519392738E-001                  4.6315506462777654E+000                 -8.1817348430217454E+000                  4.2691451065048200E+000                  3.5706210070219310E-005                  4.0938466176500166E-001                  5.9057963202492814E-001                  3.0650661041048489E-176                  0.0000000000000000E+000                  0.0000000000000000E+000 
                                     117                  2.2338336388995775E-001                  7.6897125398885702E-001                  4.6372489782776229E+000                 -8.1742458574223313E+000                  4.2883054375738183E+000                  3.5706209444508937E-005                  4.0938467144296548E-001                  5.9057962234759009E-001                  3.1183968227256780E-176                  0.0000000000000000E+000                  0.0000000000000000E+000 
                                     118                  2.2338336056640778E-001                  7.6847064418132982E-001                  4.6409821029279854E+000                 -8.1695423619025274E+000                  4.3006827199485826E+000                  3.5706209048546275E-005                  4.0938467756738295E-001                  5.9057961622356858E-001                  3.1523649238825442E-176                  0.0000000000000000E+000                  0.0000000000000000E+000 
                                     119                  2.2338335724194491E-001                  7.6797358094200308E-001                  4.6446562069812742E+000                 -8.1650005749820558E+000                  4.3127730955270369E+000                  3.5706208672017687E-005                  4.0938468339120943E-001                  5.9057961040011864E-001                  3.1855163452780934E-176                  0.0000000000000000E+000                  0.0000000000000000E+000 
                                     120                  2.2338335391748562E-001                  7.6748000343476486E-001                  4.6484726095394269E+000                 -8.1603677457191601E+000                  4.3252452995359327E+000                  3.5706208293300156E-005                  4.0938468924889126E-001                  5.9057960454281544E-001                  3.2196915750098682E-176                  0.0000000000000000E+000                  0.0000000000000000E+000 
                                     121                  2.2338335021829997E-001                  7.6693466518333364E-001                  4.6543767924419388E+000                 -8.1534402223642974E+000                  4.3443447486003643E+000                  3.5706207725783121E-005                  4.0938469802676186E-001                  5.9057959576551233E-001                  3.2714795434358030E-176                  0.0000000000000000E+000                  0.0000000000000000E+000 
                                     122                  2.2338334281897401E-001                  7.6585506954906568E-001                  4.6600791246904150E+000                 -8.1465640437098461E+000                  4.3628199575308608E+000                  3.5706207213435646E-005                  4.0938470595131338E-001                  5.9057958784147324E-001                  3.3237075402194029E-176                  0.0000000000000000E+000                  0.0000000000000000E+000 
                                     123                  2.2338333911888805E-001                  7.6532071897874498E-001                  4.6659798968678112E+000                 -8.1398391167568551E+000                  4.3816876626379768E+000                  3.5706206696167777E-005                  4.0938471395196768E-001                  5.9057957984133613E-001                  3.3755932480652163E-176                  0.0000000000000000E+000                  0.0000000000000000E+000 
                                     124                  2.2338333104385899E-001                  7.6416575965765976E-001                  4.6719577073311926E+000                 -8.1326926767705228E+000                  4.4009330663991157E+000                  3.5706206205010878E-005                  4.0938472154875666E-001                  5.9057957224503832E-001                  3.4316192713591632E-176                  0.0000000000000000E+000                  0.0000000000000000E+000 
                                     125                  2.2338332670204422E-001                  7.6355114539545876E-001                  4.6760307395723979E+000                 -8.1279314199443409E+000                  4.4139767349295402E+000                  3.5706205879844687E-005                  4.0938472657814418E-001                  5.9057956721597593E-001                  3.4694614348739182E-176                  0.0000000000000000E+000                  0.0000000000000000E+000 
                                     126                  2.2338332235923897E-001                  7.6294051515399108E-001                  4.6822186782905790E+000                 -8.1208826968918562E+000                  4.4336901995234950E+000                  3.5706205399031029E-005                  4.0938473401494957E-001                  5.9057955977965138E-001                  3.5262519179888451E-176                  0.0000000000000000E+000                  0.0000000000000000E+000 
                                     127                  2.2338331314793311E-001                  7.6165783225486894E-001                  4.6882408155667337E+000                 -8.1135059520672907E+000                  4.4531285654004513E+000                  3.5706204960613308E-005                  4.0938474079600845E-001                  5.9057955299903098E-001                  3.5866811281061040E-176                  0.0000000000000000E+000                  0.0000000000000000E+000 
                                     128                  2.2338330854229471E-001                  7.6102310319257271E-001                  4.6921461450054833E+000                 -8.1088138889002774E+000                  4.4656925146367223E+000                  3.5706204683773023E-005                  4.0938474507792916E-001                  5.9057954871738705E-001                  3.6256556319257748E-176                  0.0000000000000000E+000                  0.0000000000000000E+000 
                                     129                  2.2338330393666192E-001                  7.6039244523320382E-001                  4.6960804710832331E+000                 -8.1040446340342847E+000                  4.4783767560769565E+000                  3.5706204412507652E-005                  4.0938474927362106E-001                  5.9057954452196637E-001                  3.6657054541782429E-176                  0.0000000000000000E+000                  0.0000000000000000E+000 
                                     130                  2.2338329902398882E-001                  7.5972409877999514E-001                  4.7000353377979858E+000                 -8.0991806061465592E+000                  4.4911701395016426E+000                  3.5706204147592873E-005                  4.0938475337108676E-001                  5.9057954042476557E-001                  3.7070069227145826E-176                  0.0000000000000000E+000                  0.0000000000000000E+000 
                                     131                  2.2338329411135155E-001                  7.5906015257316528E-001                  4.7059718647098778E+000                 -8.0920022952263544E+000                  4.5103386422658573E+000                  3.5706203759798042E-005                  4.0938475936915009E-001                  5.9057953442709010E-001                  3.7688112520228529E-176                  0.0000000000000000E+000                  0.0000000000000000E+000 
                                     132                  2.2338328384321984E-001                  7.5768551585979593E-001                  4.7117045551363121E+000                 -8.0844148027748250E+000                  4.5291921467021625E+000                  3.5706203406682245E-005                  4.0938476483082703E-001                  5.9057952896576627E-001                  3.8352593376551932E-176                  0.0000000000000000E+000                  0.0000000000000000E+000 
                                     133                  2.2338327870822108E-001                  7.5700516478743873E-001                  4.7154191330115767E+000                 -8.0795608812601980E+000                  4.5413979009120267E+000                  3.5706203183127305E-005                  4.0938476828857256E-001                  5.9057952550824433E-001                  3.8783812390680105E-176                  0.0000000000000000E+000                  0.0000000000000000E+000 
                                     134                  2.2338327357323148E-001                  7.5632921749732840E-001                  4.7190383244630647E+000                 -8.0747534799648406E+000                  4.5533430771414665E+000                  3.5706202970470651E-005                  4.0938477157775260E-001                  5.9057952221927690E-001                  3.9215678258047694E-176                  0.0000000000000000E+000                  0.0000000000000000E+000 
                                     135                  2.2338326843825579E-001                  7.5565759441900071E-001                  4.7243191766720214E+000                 -8.0678097668142748E+000                  4.5707718509250634E+000                  3.5706202666490069E-005                  4.0938477627944719E-001                  5.9057951751788629E-001                  3.9847961401096111E-176                  0.0000000000000000E+000                  0.0000000000000000E+000 
                                     136                  2.2338325816832041E-001                  7.5432648371306033E-001                  4.7293643259867890E+000                 -8.0605829989075382E+000                  4.5877307916754049E+000                  3.5706202389150842E-005                  4.0938478056907585E-001                  5.9057951322853497E-001                  4.0516849717007832E-176                  0.0000000000000000E+000                  0.0000000000000000E+000 
                                     137                  2.2338325303335274E-001                  7.5366739501148272E-001                  4.7326419348274849E+000                 -8.0559320421326603E+000                  4.5987463518807328E+000                  3.5706202212156443E-005                  4.0938478330666239E-001                  5.9057951049112545E-001                  4.0953256180477117E-176                  0.0000000000000000E+000                  0.0000000000000000E+000 
                                     138                  2.2338324789757918E-001                  7.5301225758668944E-001                  4.7358437487878975E+000                 -8.0513154798495083E+000                  4.6095544381215374E+000                  3.5706202042460006E-005                  4.0938478593137012E-001                  5.9057950786658742E-001                  4.1391084648088461E-176                  0.0000000000000000E+000                  0.0000000000000000E+000 
                                     139                  2.2338324276182958E-001                  7.5236111929426108E-001                  4.7405292250365676E+000                 -8.0446157262481197E+000                  4.6253711977084944E+000                  3.5706201798071146E-005                  4.0938478971135062E-001                  5.9057950408685134E-001                  4.2034820760191974E-176                  0.0000000000000000E+000                  0.0000000000000000E+000 
                                     140                  2.2338323249036088E-001                  7.5107015487949746E-001                  4.7450285903094134E+000                 -8.0376795469549638E+000                  4.6408114116991008E+000                  3.5706201571982420E-005                  4.0938479320828047E-001                  5.9057950059014752E-001                  4.2711825384193525E-176                  0.0000000000000000E+000                  0.0000000000000000E+000 
                                     141                  2.2338322735463534E-001                  7.5043064959203620E-001                  4.7494191402858519E+000                 -8.0311190669347141E+000                  4.6558094083519528E+000                  3.5706201354152657E-005                  4.0938479657746774E-001                  5.9057949722117808E-001                  4.3362192855870349E-176                  0.0000000000000000E+000                  0.0000000000000000E+000 
                                     142                  2.2338321708175671E-001                  7.4916231236720354E-001                  4.7550495450178323E+000                 -8.0222925810752503E+000                  4.6752553067427716E+000                  3.5706201083788231E-005                  4.0938480075921047E-001                  5.9057949303970569E-001                  4.4252853913387003E-176                  0.0000000000000000E+000                  0.0000000000000000E+000 
                                     143                  2.2338320680891488E-001                  7.4790862350259835E-001                  4.7591188773310398E+000                 -8.0156350682367563E+000                  4.6894491332924932E+000                  3.5706200894498594E-005                  4.0938480368696384E-001                  5.9057949011214173E-001                  4.4936734221289502E-176                  0.0000000000000000E+000                  0.0000000000000000E+000 
                                     144                  2.2338320167252335E-001                  7.4728730639601459E-001                  4.7631013903822943E+000                 -8.0093063228956396E+000                  4.7032722405594614E+000                  3.5706200711424640E-005                  4.0938480651857834E-001                  5.9057948728071019E-001                  4.5596640709921101E-176                  0.0000000000000000E+000                  0.0000000000000000E+000 
                                     145                  2.2338319139867396E-001                  7.4605465688415540E-001                  4.7682332043874043E+000                 -8.0008214137213383E+000                  4.7212435484961821E+000                  3.5706200482781831E-005                  4.0938481005500754E-001                  5.9057948374450975E-001                  4.6496607372733373E-176                  0.0000000000000000E+000                  0.0000000000000000E+000 
                                     146                  2.2338318112484684E-001                  7.4483557921189014E-001                  4.7731933685272248E+000                 -7.9924733249590938E+000                  4.7386915922790589E+000                  3.5706200268348258E-005                  4.0938481337166083E-001                  5.9057948042807085E-001                  4.7399399544512950E-176                  0.0000000000000000E+000                  0.0000000000000000E+000 
                                     147                  2.2338317085106071E-001                  7.4362965758658561E-001                  4.7767995556206824E+000                 -7.9861974949402912E+000                  4.7514720100507368E+000                  3.5706200117385065E-005                  4.0938481570661434E-001                  5.9057947809326827E-001                  4.8089616338029095E-176                  0.0000000000000000E+000                  0.0000000000000000E+000 
                                     148                  2.2338316571363756E-001                  7.4303156966510275E-001                  4.7803398634737189E+000                 -7.9801991074660696E+000                  4.7639554660402563E+000                  3.5706199971096804E-005                  4.0938481796926018E-001                  5.9057947583076875E-001                  4.8758714026573200E-176                  0.0000000000000000E+000                  0.0000000000000000E+000 
                                     149                  2.2338315543883439E-001                  7.4184451251960670E-001                  4.7837826626381998E+000                 -7.9740754140712529E+000                  4.7762215875476226E+000                  3.5706199833716482E-005                  4.0938482009412602E-001                  5.9057947370604025E-001                  4.9451395356919719E-176                  0.0000000000000000E+000                  0.0000000000000000E+000 
                                     150                  2.2338315030146472E-001                  7.4125569602876340E-001                  4.7871657171611819E+000                 -7.9682117676161814E+000                  4.7882146640967136E+000                  3.5706199700573183E-005                  4.0938482215345728E-001                  5.9057947164684221E-001                  5.0123884125454495E-176                  0.0000000000000000E+000                  0.0000000000000000E+000 
                                     151                  2.2338314002676621E-001                  7.4008678812038331E-001                  4.7915534406049574E+000                 -7.9603744162833623E+000                  4.8038726174391924E+000                  3.5706199533776146E-005                  4.0938482473331139E-001                  5.9057946906715486E-001                  5.1037038249759798E-176                  0.0000000000000000E+000                  0.0000000000000000E+000 
                                     152                  2.2338312975084437E-001                  7.3892938636642536E-001                  4.7958199538696773E+000                 -7.9526553346120421E+000                  4.8191456487189122E+000                  3.5706199376993356E-005                  4.0938482715827407E-001                  5.9057946664234895E-001                  5.1952675605181967E-176                  0.0000000000000000E+000                  0.0000000000000000E+000 
                                     153                  2.2338311947496242E-001                  7.3778329660696496E-001                  4.7999717649228080E+000                 -7.9450496091458378E+000                  4.8340536123408322E+000                  3.5706199229563463E-005                  4.0938482943857474E-001                  5.9057946436219577E-001                  5.2870935833660880E-176                  0.0000000000000000E+000                  0.0000000000000000E+000 
                                     154                  2.2338310919912652E-001                  7.3664820017473387E-001                  4.8040149319815946E+000                 -7.9375514701795611E+000                  4.8486156695957519E+000                  3.5706199090844850E-005                  4.0938483158413752E-001                  5.9057946221677171E-001                  5.3792096505723143E-176                  0.0000000000000000E+000                  0.0000000000000000E+000 
                                     155                  2.2338309892333555E-001                  7.3552379718468408E-001                  4.8079551985655096E+000                 -7.9301561463688941E+000                  4.8628503703917829E+000                  3.5706198960208701E-005                  4.0938483360468819E-001                  5.9057946019635166E-001                  5.4716349044293514E-176                  0.0000000000000000E+000                  0.0000000000000000E+000 
                                     156                  2.2338308864629333E-001                  7.3440966332755986E-001                  4.8117975999597933E+000                 -7.9228596981629931E+000                  4.8767739798682301E+000                  3.5706198837063127E-005                  4.0938483550938143E-001                  5.9057945829178149E-001                  5.5643810035933122E-176                  0.0000000000000000E+000                  0.0000000000000000E+000 
                                     157                  2.2338307836930546E-001                  7.3330567156044302E-001                  4.8174087505294763E+000                 -7.9123712218587334E+000                  4.8970569379312332E+000                  3.5706198662738116E-005                  4.0938483820566690E-001                  5.9057945559567038E-001                  5.7004629506788656E-176                  0.0000000000000000E+000                  0.0000000000000000E+000 
                                     158                  2.2338305781550333E-001                  7.3112582263189774E-001                  4.8227819623471841E+000                 -7.9015327606226062E+000                  4.9168188434582039E+000                  3.5706198506905825E-005                  4.0938484061592423E-001                  5.9057945318556881E-001                  5.8445839438867103E-176                  0.0000000000000000E+000                  0.0000000000000000E+000 
                                     159                  2.2338304753861482E-001                  7.3005073735347081E-001                  4.8262756366461925E+000                 -7.8945955698715249E+000                  4.9296353465903797E+000                  3.5706198408500492E-005                  4.0938484213795873E-001                  5.9057945166363279E-001                  5.9387361705526544E-176                  0.0000000000000000E+000                  0.0000000000000000E+000 
                                     160                  2.2338303726174916E-001                  7.2898483786700730E-001                  4.8296919699842515E+000                 -7.8877388064316198E+000                  4.9422060178642484E+000                  3.5706198315142628E-005                  4.0938484358192384E-001                  5.9057945021976099E-001                  6.0332875418689659E-176                  0.0000000000000000E+000                  0.0000000000000000E+000 
                                     161                  2.2338302698399304E-001                  7.2792782199757167E-001                  4.8342714766166761E+000                 -7.8786199175464215E+000                  4.9590423247434394E+000                  3.5706198193435215E-005                  4.0938484546437076E-001                  5.9057944833743581E-001                  6.1613693766829237E-176                  0.0000000000000000E+000                  0.0000000000000000E+000 
                                     162                  2.2338300905939684E-001                  7.2610463130398661E-001                  4.8382872800249155E+000                 -7.8701418168807518E+000                  4.9740086172995390E+000                  3.5706198092148160E-005                  4.0938484703097555E-001                  5.9057944677093233E-001                  6.2828894082384507E-176                  0.0000000000000000E+000                  0.0000000000000000E+000 
                                     163                  2.2338300141252879E-001                  7.2533500518923799E-001                  4.8418245237930764E+000                 -7.8629312431815475E+000                  4.9871009495280436E+000                  3.5706198004418925E-005                  4.0938484838788186E-001                  5.9057944541411378E-001                  6.3881261057990314E-176                  0.0000000000000000E+000                  0.0000000000000000E+000 
                                     164                  2.2338298611882909E-001                  7.2380905609322788E-001                  4.8452692909442963E+000                 -7.8555804408430001E+000                  4.9999876841837620E+000                  3.5706197922424957E-005                  4.0938484965608030E-001                  5.9057944414599728E-001                  6.4972244879449439E-176                  0.0000000000000000E+000                  0.0000000000000000E+000 
                                     165                  2.2338297847137342E-001                  7.2305288800584200E-001                  4.8492192075992566E+000                 -7.8474548423671573E+000                  5.0146550803161878E+000                  3.5706197829830737E-005                  4.0938485108823253E-001                  5.9057944271393770E-001                  6.6199921420036888E-176                  0.0000000000000000E+000                  0.0000000000000000E+000 
                                     166                  2.2338295935288688E-001                  7.2118061394612876E-001                  4.8546853486399479E+000                 -7.8357905026250831E+000                  5.0351267428883002E+000                  3.5706197707506582E-005                  4.0938485298021610E-001                  5.9057944082207636E-001                  6.8002929981232151E-176                  0.0000000000000000E+000                  0.0000000000000000E+000 
                                     167                  2.2338294023447422E-001                  7.1933440346411026E-001                  4.8583988253024231E+000                 -7.8276137431373449E+000                  5.0491362812379244E+000                  3.5706197628039788E-005                  4.0938485420932602E-001                  5.9057943959304593E-001                  6.9296054011662797E-176                  0.0000000000000000E+000                  0.0000000000000000E+000 
                                     168                  2.2338293258662059E-001                  7.1860316193248064E-001                  4.8615339861698512E+000                 -7.8209516197225897E+000                  5.0608731727743699E+000                  3.5706197561858373E-005                  4.0938485523295126E-001                  5.9057943856948691E-001                  7.0367806579836725E-176                  0.0000000000000000E+000                  0.0000000000000000E+000 
                                     169                  2.2338291729097204E-001                  7.1715205566071993E-001                  4.8666389075839200E+000                 -7.8100532513053498E+000                  5.0800046241064303E+000                  3.5706197457559675E-005                  4.0938485684613457E-001                  5.9057943695640791E-001                  7.2156918248272287E-176                  0.0000000000000000E+000                  0.0000000000000000E+000 
                                     170                  2.2338289434764821E-001                  7.1500280208401124E-001                  4.8710872385953987E+000                 -7.8001751891043760E+000                  5.0968183221994403E+000                  3.5706197371190789E-005                  4.0938485818199799E-001                  5.9057943562063087E-001                  7.3817812252795030E-176                  0.0000000000000000E+000                  0.0000000000000000E+000 
                                     171                  2.2338288295185271E-001                  7.1394766833096956E-001                  4.8747114387026356E+000                 -7.7923734425380635E+000                  5.1104197211896381E+000                  3.5706197302283500E-005                  4.0938485924778339E-001                  5.9057943455491424E-001                  7.5156580122068290E-176                  0.0000000000000000E+000                  0.0000000000000000E+000 
                                     172                  2.2338286585799577E-001                  7.1237898330138483E-001                  4.8789673100682442E+000                 -7.7831096198819907E+000                  5.1264241312622696E+000                  3.5706197224207248E-005                  4.0938486045538436E-001                  5.9057943334739149E-001                  7.6777813686531934E-176                  0.0000000000000000E+000                  0.0000000000000000E+000 
                                     173                  2.2338284876349312E-001                  7.1082670414272930E-001                  4.8824408755334465E+000                 -7.7754739092245497E+000                  5.1395080978025751E+000                  3.5706197162703705E-005                  4.0938486140665586E-001                  5.9057943239618149E-001                  7.8140383197731516E-176                  0.0000000000000000E+000                  0.0000000000000000E+000 
                                     174                  2.2338283736717429E-001                  7.0980079075556402E-001                  4.8851789842959867E+000                 -7.7695160882069629E+000                  5.1497942453763503E+000                  3.5706197115284971E-005                  4.0938486214007858E-001                  5.9057943166280613E-001                  7.9220315893174312E-176                  0.0000000000000000E+000                  0.0000000000000000E+000 
                                     175                  2.2338282597091508E-001                  7.0878168761375804E-001                  4.8885525721510961E+000                 -7.7622489394332650E+000                  5.1624349778391139E+000                  3.5706197058132432E-005                  4.0938486302405303E-001                  5.9057943077888886E-001                  8.0557812816851514E-176                  0.0000000000000000E+000                  0.0000000000000000E+000 
                                     176                  2.2338280887633991E-001                  7.0726516344032064E-001                  4.8925238990884603E+000                 -7.7536173501893018E+000                  5.1773371857491730E+000                  3.5706196993142251E-005                  4.0938486402925173E-001                  5.9057942977375510E-001                  8.2175808833505022E-176                  0.0000000000000000E+000                  0.0000000000000000E+000 
                                     177                  2.2338279178124346E-001                  7.0576285441204567E-001                  4.8964186497717472E+000                 -7.7451585267669270E+000                  5.1919426104923589E+000                  3.5706196931499489E-005                  4.0938486498267590E-001                  5.9057942882039260E-001                  8.3792952504874689E-176                  0.0000000000000000E+000                  0.0000000000000000E+000 
                                     178                  2.2338277468608991E-001                  7.0427421896401354E-001                  4.9002398446407271E+000                 -7.7368616450674725E+000                  5.2062649088744752E+000                  3.5706196872977983E-005                  4.0938486588782358E-001                  5.9057942791530338E-001                  8.5410057079924405E-176                  0.0000000000000000E+000                  0.0000000000000000E+000 
                                     179                  2.2338275759043505E-001                  7.0279868060299022E-001                  4.9033673213239330E+000                 -7.7300074468312587E+000                  5.2180061411297354E+000                  3.5706196826638545E-005                  4.0938486660455198E-001                  5.9057942719862133E-001                  8.6769495898289721E-176                  0.0000000000000000E+000                  0.0000000000000000E+000 
                                     180                  2.2338274619339538E-001                  7.0182215918960245E-001                  4.9064519686474499E+000                 -7.7233642021138147E+000                  5.2295401722770425E+000                  3.5706196781827066E-005                  4.0938486729764745E-001                  5.9057942650557071E-001                  8.8107746410351462E-176                  0.0000000000000000E+000                  0.0000000000000000E+000 
                                     181                  2.2338272909783591E-001                  7.0036745186811589E-001                  4.9100888935065923E+000                 -7.7154484509686263E+000                  5.2431670282732439E+000                  3.5706196730646009E-005                  4.0938486808926045E-001                  5.9057942571400890E-001                  8.9729320474700944E-176                  0.0000000000000000E+000                  0.0000000000000000E+000 
                                     182                  2.2338271200227641E-001                  6.9892465176591390E-001                  4.9142531723743161E+000                 -7.7064457748636039E+000                  5.2587451889881693E+000                  3.5706196673751063E-005                  4.0938486896924964E-001                  5.9057942483407655E-001                  9.1609869015243235E-176                  0.0000000000000000E+000                  0.0000000000000000E+000 
                                     183                  2.2338268920722967E-001                  6.9701838835708885E-001                  4.9183253601611039E+000                 -7.6974569938385464E+000                  5.2740458606040432E+000                  3.5706196620313950E-005                  4.0938486979575656E-001                  5.9057942400762320E-001                  9.3526847545886191E-176                  0.0000000000000000E+000                  0.0000000000000000E+000 
                                     184                  2.2338267211094459E-001                  6.9560180849437203E-001                  4.9217528917629911E+000                 -7.6899335803459605E+000                  5.2869094575793971E+000                  3.5706196576555869E-005                  4.0938487047255862E-001                  5.9057942333086477E-001                  9.5162128585838285E-176                  0.0000000000000000E+000                  0.0000000000000000E+000 
                                     185                  2.2338265501403104E-001                  6.9419586642866560E-001                  4.9256804382669825E+000                 -7.6813519223700366E+000                  5.3016374252886722E+000                  3.5706196527719493E-005                  4.0938487122790612E-001                  5.9057942257556617E-001                  9.7062375272457010E-176                  0.0000000000000000E+000                  0.0000000000000000E+000 
                                     186                  2.2338263221790666E-001                  6.9233709985069825E-001                  4.9300707291558084E+000                 -7.6716204676369371E+000                  5.3181548734126887E+000                  3.5706196475008585E-005                  4.0938487204318025E-001                  5.9057942176034472E-001                  9.9263189201229906E-176                  0.0000000000000000E+000                  0.0000000000000000E+000 
                                     187                  2.2338260942185839E-001                  6.9049615160437128E-001                  4.9343638224330126E+000                 -7.6620435863547769E+000                  5.3343340921113818E+000                  3.5706196425119707E-005                  4.0938487281480629E-001                  5.9057942098876859E-001                  1.0147777381908415E-175                  0.0000000000000000E+000                  0.0000000000000000E+000 
                                     188                  2.2338258662593163E-001                  6.8867242619677604E-001                  4.9375175503623394E+000                 -7.6548481817268730E+000                  5.3462811451887537E+000                  3.5706196389635213E-005                  4.0938487336364110E-001                  5.9057942043996925E-001                  1.0317411561955162E-175                  0.0000000000000000E+000                  0.0000000000000000E+000 
                                     189                  2.2338257522796826E-001                  6.8776704834265145E-001                  4.9406299299439960E+000                 -7.6479455521009081E+000                  5.3580047978012635E+000                  3.5706196355049679E-005                  4.0938487389857164E-001                  5.9057941990507334E-001                  1.0482808641324177E-175                  0.0000000000000000E+000                  0.0000000000000000E+000 
                                     190                  2.2338255243082072E-001                  6.8596803247706106E-001                  4.9462122545901748E+000                 -7.6355582318820758E+000                  5.3790471456937041E+000                  3.5706196294713807E-005                  4.0938487483177960E-001                  5.9057941897192567E-001                  1.0786305890517009E-175                  0.0000000000000000E+000                  0.0000000000000000E+000 
                                     191                  2.2338251253605174E-001                  6.8285599998305957E-001                  4.9521023198783860E+000                 -7.6217873732249410E+000                  5.4015152739536152E+000                  3.5706196234134587E-005                  4.0938487576875116E-001                  5.9057941803501479E-001                  1.1134028812208514E-175                  0.0000000000000000E+000                  0.0000000000000000E+000 
                                     192                  2.2338248404006830E-001                  6.8066267388873369E-001                  4.9564084171645950E+000                 -7.6117046312570897E+000                  5.4179576518155423E+000                  3.5706196191195160E-005                  4.0938487643288984E-001                  5.9057941737091890E-001                  1.1395714941801180E-175                  0.0000000000000000E+000                  0.0000000000000000E+000 
                                     193                  2.2338246124346259E-001                  6.7892485197121999E-001                  4.9601603203082441E+000                 -7.6029193300158839E+000                  5.4322920435564086E+000                  3.5706196154645288E-005                  4.0938487699820203E-001                  5.9057941680564330E-001                  1.1628738330081914E-175                  0.0000000000000000E+000                  0.0000000000000000E+000 
                                     194                  2.2338243844685690E-001                  6.7720134914885677E-001                  4.9643000015633527E+000                 -7.5932245670518688E+000                  5.4481173614035905E+000                  3.5706196115207278E-005                  4.0938487760818448E-001                  5.9057941619570031E-001                  1.1891420589787393E-175                  0.0000000000000000E+000                  0.0000000000000000E+000 
                                     195                  2.2338240994981806E-001                  6.7506617438985361E-001                  4.9679020634115689E+000                 -7.5845374748363517E+000                  5.4619820022066392E+000                  3.5706196081873767E-005                  4.0938487812374935E-001                  5.9057941568016870E-001                  1.2131838167483065E-175                  0.0000000000000000E+000                  0.0000000000000000E+000 
                                     196                  2.2338239285172354E-001                  6.7379558418366936E-001                  4.9710072395003211E+000                 -7.5771661555001737E+000                  5.4738974869971004E+000                  3.5706196053549155E-005                  4.0938487856184225E-001                  5.9057941524210422E-001                  1.2339650925602578E-175                  0.0000000000000000E+000                  0.0000000000000000E+000 
                                     197                  2.2338237005426423E-001                  6.7211290323923112E-001                  4.9744968075343587E+000                 -7.5687739471050417E+000                  5.4873299627216001E+000                  3.5706196022382991E-005                  4.0938487904388493E-001                  5.9057941476009268E-001                  1.2580582931780076E-175                  0.0000000000000000E+000                  0.0000000000000000E+000 
                                     198                  2.2338234725686890E-001                  6.7044320899550203E-001                  4.9787316735691931E+000                 -7.5586575921938639E+000                  5.5036128758849863E+000                  3.5706195985274559E-005                  4.0938487961783571E-001                  5.9057941418617910E-001                  1.2877277138475767E-175                  0.0000000000000000E+000                  0.0000000000000000E+000 
                                     199                  2.2338231373214779E-001                  6.6801015382045459E-001                  4.9842716554025763E+000                 -7.5452886167410131E+000                  5.5249674439318648E+000                  3.5706195938101613E-005                  4.0938488034745263E-001                  5.9057941345660925E-001                  1.3280128879716746E-175                  0.0000000000000000E+000                  0.0000000000000000E+000 
                                     200                  2.2338227182713966E-001                  6.6500519815714654E-001                  4.9890698020486486E+000                 -7.5333085388043095E+000                  5.5436039635420462E+000                  3.5706195898720300E-005                  4.0938488095655740E-001                  5.9057941284754389E-001                  1.3651827665639532E-175                  0.0000000000000000E+000                  0.0000000000000000E+000 
                                     201                  2.2338224668474752E-001                  6.6322205646634469E-001                  4.9920187846194599E+000                 -7.5259922658760816E+000                  5.5550420713792503E+000                  3.5706195874988328E-005                  4.0938488132361606E-001                  5.9057941248050894E-001                  1.3883925519203536E-175                  0.0000000000000000E+000                  0.0000000000000000E+000 
                                     202                  2.2338222992315282E-001                  6.6204112150926286E-001                  4.9955140109635119E+000                 -7.5175322692444508E+000                  5.5685254628232723E+000                  3.5706195847175872E-005                  4.0938488175378684E-001                  5.9057941205036601E-001                  1.4157231865873950E-175                  0.0000000000000000E+000                  0.0000000000000000E+000 
                                     203                  2.2338219639930995E-001                  6.5969641025452075E-001                  5.0000880525198355E+000                 -7.5062287623268906E+000                  5.5862471396540556E+000                  3.5706195811767483E-005                  4.0938488230144282E-001                  5.9057941150274540E-001                  1.4530817834297934E-175                  0.0000000000000000E+000                  0.0000000000000000E+000 
                                     204                  2.2338216287538154E-001                  6.5737481491605687E-001                  5.0034578234891880E+000                 -7.4977458865563991E+000                  5.5993526012180856E+000                  3.5706195786384778E-005                  4.0938488269403278E-001                  5.9057941111018075E-001                  1.4817644207402094E-175                  0.0000000000000000E+000                  0.0000000000000000E+000 
                                     205                  2.2338214611349941E-001                  6.5622272716993102E-001                  5.0067879157059529E+000                 -7.4896340265880896E+000                  5.6122077957530303E+000                  3.5706195761557274E-005                  4.0938488307803567E-001                  5.9057941072620279E-001                  1.5097221792169823E-175                  0.0000000000000000E+000                  0.0000000000000000E+000 
                                     206                  2.2338211258983517E-001                  6.5393417944107946E-001                  5.0111545339097932E+000                 -7.4788084603724467E+000                  5.6291228215397586E+000                  3.5706195729857350E-005                  4.0938488356833291E-001                  5.9057941023593719E-001                  1.5478565629640366E-175                  0.0000000000000000E+000                  0.0000000000000000E+000 
                                     207                  2.2338207906643548E-001                  6.5166658556564083E-001                  5.0143772835244365E+000                 -7.4706907064748460E+000                  5.6416454672419558E+000                  3.5706195707073255E-005                  4.0938488392073041E-001                  5.9057940988356250E-001                  1.5770832363489663E-175                  0.0000000000000000E+000                  0.0000000000000000E+000 
                                     208                  2.2338206230473565E-001                  6.5054065617472767E-001                  5.0175651257441372E+000                 -7.4629136815375903E+000                  5.6539422110667275E+000                  3.5706195684760801E-005                  4.0938488426583325E-001                  5.9057940953848198E-001                  1.6056008320267891E-175                  0.0000000000000000E+000                  0.0000000000000000E+000 
                                     209                  2.2338202878139340E-001                  6.4830293677586892E-001                  5.0217513651011796E+000                 -7.4525354438113167E+000                  5.6701389553682242E+000                  3.5706195656209882E-005                  4.0938488470742501E-001                  5.9057940909691875E-001                  1.6444619806292278E-175                  0.0000000000000000E+000                  0.0000000000000000E+000 
                                     210                  2.2338199525717042E-001                  6.4608410849540843E-001                  5.0258713253867420E+000                 -7.4423233289960482E+000                  5.6860702540480261E+000                  3.5706195628791907E-005                  4.0938488513149396E-001                  5.9057940867287728E-001                  1.6836194405263996E-175                  0.0000000000000000E+000                  0.0000000000000000E+000 
                                     211                  2.2338196173206679E-001                  6.4388345187063944E-001                  5.0289171800153802E+000                 -7.4346623658976281E+000                  5.6978805200577192E+000                  3.5706195609032742E-005                  4.0938488543710527E-001                  5.9057940836728573E-001                  1.7136058756197647E-175                  0.0000000000000000E+000                  0.0000000000000000E+000 
                                     212                  2.2338194496965569E-001                  6.4278999413888205E-001                  5.0319327980672997E+000                 -7.4273048908548924E+000                  5.7094928359439043E+000                  3.5706195589658585E-005                  4.0938488573676163E-001                  5.9057940806764875E-001                  1.7429072470097173E-175                  0.0000000000000000E+000                  0.0000000000000000E+000 
                                     213                  2.2338191144499098E-001                  6.4061543383006336E-001                  5.0358982258927441E+000                 -7.4174820601589566E+000                  5.7248066180385200E+000                  3.5706195564808440E-005                  4.0938488612111401E-001                  5.9057940768332118E-001                  1.7828097659080729E-175                  0.0000000000000000E+000                  0.0000000000000000E+000 
                                     214                  2.2338187792032624E-001                  6.3845745341333804E-001                  5.0407770895070128E+000                 -7.4055702609960088E+000                  5.7435811104770274E+000                  3.5706195534906863E-005                  4.0938488658359584E-001                  5.9057940722086921E-001                  1.8324262338081390E-175                  0.0000000000000000E+000                  0.0000000000000000E+000 
                                     215                  2.2338182763345893E-001                  6.3524918762005056E-001                  5.0455626549667842E+000                 -7.3935338829670441E+000                  5.7621060303599201E+000                  3.5706195506632991E-005                  4.0938488702090209E-001                  5.9057940678359122E-001                  1.8839649206571520E-175                  0.0000000000000000E+000                  0.0000000000000000E+000 
                                     216                  2.2338179410802589E-001                  6.3313009555748800E-001                  5.0502712612190486E+000                 -7.3820190866198985E+000                  5.7802164561824876E+000                  3.5706195479371337E-005                  4.0938488744255258E-001                  5.9057940636196804E-001                  1.9346269780380151E-175                  0.0000000000000000E+000                  0.0000000000000000E+000 
                                     217                  2.2338174381879711E-001                  6.2997771886912657E-001                  5.0548937266236118E+000                 -7.3703732911025543E+000                  5.7981037124225114E+000                  3.5706195453528030E-005                  4.0938488784226562E-001                  5.9057940596228087E-001                  1.9872518296551237E-175                  0.0000000000000000E+000                  0.0000000000000000E+000 
                                     218                  2.2338171029264461E-001                  6.2789438221115368E-001                  5.0585384130305444E+000                 -7.3613103412804817E+000                  5.8121643424997647E+000                  3.5706195433562068E-005                  4.0938488815107504E-001                  5.9057940565349143E-001                  2.0291942724266829E-175                  0.0000000000000000E+000                  0.0000000000000000E+000 
                                     219                  2.2338167676649207E-001                  6.2582459240284249E-001                  5.0621351799393155E+000                 -7.3523543055784986E+000                  5.8260419703829900E+000                  3.5706195414267043E-005                  4.0938488844950699E-001                  5.9057940535507880E-001                  2.0715118576823808E-175                  0.0000000000000000E+000                  0.0000000000000000E+000 
                                     220                  2.2338164324033957E-001                  6.2376794466796126E-001                  5.0656854403636808E+000                 -7.3435002499703517E+000                  5.8397429905968830E+000                  3.5706195395609571E-005                  4.0938488873807810E-001                  5.9057940506652629E-001                  2.1142153870232615E-175                  0.0000000000000000E+000                  0.0000000000000000E+000 
                                     221                  2.2338160971418705E-001                  6.2172405851214840E-001                  5.0691905610172325E+000                 -7.3347434770593862E+000                  5.8532734668632695E+000                  3.5706195377558729E-005                  4.0938488901726655E-001                  5.9057940478735582E-001                  2.1573159000630165E-175                  0.0000000000000000E+000                  0.0000000000000000E+000 
                                     222                  2.2338157618803456E-001                  6.1969257629375507E-001                  5.0743723134628000E+000                 -7.3221108479917394E+000                  5.8731715485308555E+000                  3.5706195351345316E-005                  4.0938488942270351E-001                  5.9057940438194512E-001                  2.2210466454261454E-175                  0.0000000000000000E+000                  0.0000000000000000E+000 
                                     223                  2.2338150913209281E-001                  6.1566247595403178E-001                  5.0794487755751794E+000                 -7.3090111051566202E+000                  5.8929014971955826E+000                  3.5706195326746951E-005                  4.0938488980316079E-001                  5.9057940400151243E-001                  2.2891240051082920E-175                  0.0000000000000000E+000                  0.0000000000000000E+000 
                                     224                  2.2338147560412194E-001                  6.1366612736622350E-001                  5.0827864880486819E+000                 -7.3006049976694207E+000                  5.9058054991787090E+000                  3.5706195310852167E-005                  4.0938489004900175E-001                  5.9057940375568740E-001                  2.3339048998721341E-175                  0.0000000000000000E+000                  0.0000000000000000E+000 
                                     225                  2.2338144207615110E-001                  6.1168093489556485E-001                  5.0860853271645405E+000                 -7.2922789059295434E+000                  5.9185650013320066E+000                  3.5706195295436656E-005                  4.0938489028742991E-001                  5.9057940351727467E-001                  2.3791234404331187E-175                  0.0000000000000000E+000                  0.0000000000000000E+000 
                                     226                  2.2338140854818023E-001                  6.0970662272930276E-001                  5.0901578687422395E+000                 -7.2821055420943299E+000                  5.9342828878574228E+000                  3.5706195276737563E-005                  4.0938489057664434E-001                  5.9057940322807889E-001                  2.4355658886941770E-175                  0.0000000000000000E+000                  0.0000000000000000E+000 
                                     227                  2.2338135825622393E-001                  6.0676420244626672E-001                  5.0941697717667438E+000                 -7.2717944501737586E+000                  5.9498610467520638E+000                  3.5706195258846038E-005                  4.0938489085336827E-001                  5.9057940295137290E-001                  2.4941396168340555E-175                  0.0000000000000000E+000                  0.0000000000000000E+000 
                                     228                  2.2338132472825306E-001                  6.0481596205033539E-001                  5.0989183225977293E+000                 -7.2600081770337086E+000                  5.9681647555638246E+000                  3.5706195237983698E-005                  4.0938489117604104E-001                  5.9057940262872100E-001                  2.5628215169213809E-175                  0.0000000000000000E+000                  0.0000000000000000E+000 
                                     229                  2.2338125767263095E-001                  6.0094694688828343E-001                  5.1035832276879844E+000                 -7.2477952904096767E+000                  5.9863520970235724E+000                  3.5706195218254749E-005                  4.0938489148118384E-001                  5.9057940232359796E-001                  2.6359862922339388E-175                  0.0000000000000000E+000                  0.0000000000000000E+000 
                                     230                  2.2338122414481992E-001                  5.9902806100902406E-001                  5.1066555051148326E+000                 -7.2399291879475225E+000                  5.9982733827344230E+000                  3.5706195205455526E-005                  4.0938489167914627E-001                  5.9057940212564830E-001                  2.6842131658244672E-175                  0.0000000000000000E+000                  0.0000000000000000E+000 
                                     231                  2.2338119061610248E-001                  5.9711848252685784E-001                  5.1096966051666488E+000                 -7.2321260145012030E+000                  6.0100795684862511E+000                  3.5706195192992107E-005                  4.0938489187191485E-001                  5.9057940193289216E-001                  2.7329263930633733E-175                  0.0000000000000000E+000                  0.0000000000000000E+000 
                                     232                  2.2338115708647868E-001                  5.9521801180811496E-001                  5.1142049109960279E+000                 -7.2208008777099799E+000                  6.0275047423771060E+000                  3.5706195174776656E-005                  4.0938489215364859E-001                  5.9057940165117662E-001                  2.8052040440952342E-175                  0.0000000000000000E+000                  0.0000000000000000E+000 
                                     233                  2.2338109002723106E-001                  5.9144166322870495E-001                  5.1186412855545553E+000                 -7.2090762454292143E+000                  6.0448389109976652E+000                  3.5706195157463608E-005                  4.0938489242142506E-001                  5.9057940138341747E-001                  2.8820468121074304E-175                  0.0000000000000000E+000                  0.0000000000000000E+000 
                                     234                  2.2338105649760726E-001                  5.8956752135559232E-001                  5.1215659445916941E+000                 -7.2015105955418734E+000                  6.0562143940259148E+000                  3.5706195146204907E-005                  4.0938489259556049E-001                  5.9057940120929331E-001                  2.9327461378894111E-175                  0.0000000000000000E+000                  0.0000000000000000E+000 
                                     235                  2.2338102296798348E-001                  5.8770180063323807E-001                  5.1244634771708020E+000                 -7.1940012620572444E+000                  6.0674891657079151E+000                  3.5706195135216735E-005                  4.0938489276551165E-001                  5.9057940103935314E-001                  2.9839504331218582E-175                  0.0000000000000000E+000                  0.0000000000000000E+000 
                                     236                  2.2338098943835966E-001                  5.8584432931542063E-001                  5.1287631084145993E+000                 -7.1830847228397880E+000                  6.0841481127097099E+000                  3.5706195119122336E-005                  4.0938489301443948E-001                  5.9057940079044147E-001                  3.0599871464990528E-175                  0.0000000000000000E+000                  0.0000000000000000E+000 
                                     237                  2.2338092237911206E-001                  5.8215156034678528E-001                  5.1330009328337587E+000                 -7.1717961448474385E+000                  6.1007361583599220E+000                  3.5706195103761489E-005                  4.0938489325202154E-001                  5.9057940055287472E-001                  3.1406546228564579E-175                  0.0000000000000000E+000                  0.0000000000000000E+000 
                                     238                  2.2338088884948826E-001                  5.8031784397165076E-001                  5.1371887733463444E+000                 -7.1611051294324088E+000                  6.1169809698044961E+000                  3.5706195088746420E-005                  4.0938489348425566E-001                  5.9057940032065559E-001                  3.2190127925396652E-175                  0.0000000000000000E+000                  0.0000000000000000E+000 
                                     239                  2.2338082179024066E-001                  5.7667128723783978E-001                  5.1420050332012446E+000                 -7.1483620985416216E+000                  6.1358049314798828E+000                  3.5706195071988009E-005                  4.0938489374345333E-001                  5.9057940006147469E-001                  3.3149702397667151E-175                  0.0000000000000000E+000                  0.0000000000000000E+000 
                                     240                  2.2338077149403959E-001                  5.7395632466621904E-001                  5.1454037424119354E+000                 -7.1393578809209997E+000                  6.1490916044893416E+000                  3.5706195060400646E-005                  4.0938489392267191E-001                  5.9057939988226771E-001                  3.3844943683151644E-175                  0.0000000000000000E+000                  0.0000000000000000E+000 
                                     241                  2.2338073796265048E-001                  5.7215557591090149E-001                  5.1480992085292785E+000                 -7.1322857592750246E+000                  6.1596068425610353E+000                  3.5706195051325243E-005                  4.0938489406303857E-001                  5.9057939974191009E-001                  3.4401216442459052E-175                  0.0000000000000000E+000                  0.0000000000000000E+000 
                                     242                  2.2338070443126137E-001                  5.7036178078746691E-001                  5.1521049699540296E+000                 -7.1219826474102295E+000                  6.1751677453933631E+000                  3.5706195037991488E-005                  4.0938489426926805E-001                  5.9057939953569394E-001                  3.5228042295206322E-175                  0.0000000000000000E+000                  0.0000000000000000E+000 
                                     243                  2.2338063736848313E-001                  5.6679287108132981E-001                  5.1560627507090224E+000                 -7.1113505968971022E+000                  6.1906834720245110E+000                  3.5706195025189181E-005                  4.0938489446727777E-001                  5.9057939933769710E-001                  3.6102117123702074E-175                  0.0000000000000000E+000                  0.0000000000000000E+000 
                                     244                  2.2338060383709402E-001                  5.6501910720517945E-001                  5.1586779339009521E+000                 -7.1044647654118709E+000                  6.2008911566694307E+000                  3.5706195016823016E-005                  4.0938489459667476E-001                  5.9057939920830838E-001                  3.6679754875223458E-175                  0.0000000000000000E+000                  0.0000000000000000E+000 
                                     245                  2.2338057030570488E-001                  5.6325176088739304E-001                  5.1619208813133080E+000                 -7.0960052242154052E+000                  6.2135234234518038E+000                  3.5706195006567412E-005                  4.0938489475529521E-001                  5.9057939904969814E-001                  3.7402082534356101E-175                  0.0000000000000000E+000                  0.0000000000000000E+000 
                                     246                  2.2338052000862119E-001                  5.6061202374821351E-001                  5.1657740460727677E+000                 -7.0858374546133875E+000                  6.2285678839084770E+000                  3.5706194994608947E-005                  4.0938489494025332E-001                  5.9057939886475208E-001                  3.8289128418170702E-175                  0.0000000000000000E+000                  0.0000000000000000E+000 
                                     247                  2.2338046971153747E-001                  5.5798604291083598E-001                  5.1689540832583871E+000                 -7.0773538348864431E+000                  6.2410119353740647E+000                  3.5706194984920605E-005                  4.0938489509010012E-001                  5.9057939871491494E-001                  3.9045335385709053E-175                  0.0000000000000000E+000                  0.0000000000000000E+000 
                                     248                  2.2338043618014833E-001                  5.5624313945290416E-001                  5.1727359138087357E+000                 -7.0675550227478094E+000                  6.2557192377303297E+000                  3.5706194973505995E-005                  4.0938489526664656E-001                  5.9057939853837993E-001                  3.9937392612763023E-175                  0.0000000000000000E+000                  0.0000000000000000E+000 
                                     249                  2.2338036911737011E-001                  5.5277324763613223E-001                  5.1764783720998020E+000                 -7.0574521032139961E+000                  6.2703989993542946E+000                  3.5706194962494614E-005                  4.0938489543695622E-001                  5.9057939836808127E-001                  4.0878492087650737E-175                  0.0000000000000000E+000                  0.0000000000000000E+000 
                                     250                  2.2338033558598097E-001                  5.5104747195291781E-001                  5.1789535017130657E+000                 -7.0508968679349673E+000                  6.2800677031335521E+000                  3.5706194955282380E-005                  4.0938489554850566E-001                  5.9057939825653905E-001                  4.1500957815783660E-175                  0.0000000000000000E+000                  0.0000000000000000E+000 
                                     251                  2.2338030205459186E-001                  5.4932719565998789E-001                  5.1826370439070644E+000                 -7.0413203729817084E+000                  6.2944005553765594E+000                  3.5706194944648925E-005                  4.0938489571297010E-001                  5.9057939809208526E-001                  4.2427401677498220E-175                  0.0000000000000000E+000                  0.0000000000000000E+000 
                                     252                  2.2338023499098253E-001                  5.4590134283268710E-001                  5.1862843453663752E+000                 -7.0314470527235100E+000                  6.3087130998793501E+000                  3.5706194934370390E-005                  4.0938489587194510E-001                  5.9057939793312053E-001                  4.3404232236937441E-175                  0.0000000000000000E+000                  0.0000000000000000E+000 
                                     253                  2.2338020145876233E-001                  5.4419693396086366E-001                  5.1898988643231263E+000                 -7.0220230597300999E+000                  6.3227847990572661E+000                  3.5706194924261492E-005                  4.0938489602829625E-001                  5.9057939777677948E-001                  4.4357592115473286E-175                  0.0000000000000000E+000                  0.0000000000000000E+000 
                                     254                  2.2338013439432194E-001                  5.4080207886626830E-001                  5.1946659763917307E+000                 -7.0093244907636114E+000                  6.3414268356839267E+000                  3.5706194911213993E-005                  4.0938489623009794E-001                  5.9057939757499089E-001                  4.5675441980187178E-175                  0.0000000000000000E+000                  0.0000000000000000E+000 
                                     255                  2.2338006732988153E-001                  5.3742704903389660E-001                  5.1982034616169104E+000                 -6.9997079179412571E+000                  6.3553200207683096E+000                  3.5706194901737246E-005                  4.0938489637667175E-001                  5.9057939742842658E-001                  4.6699451147742874E-175                  0.0000000000000000E+000                  0.0000000000000000E+000 
                                     256                  2.2338003379766136E-001                  5.3574739252774850E-001                  5.2011280530817858E+000                 -6.9919704060993970E+000                  6.3667406033186209E+000                  3.5706194893963225E-005                  4.0938489649691007E-001                  5.9057939730819597E-001                  4.7540024456354052E-175                  0.0000000000000000E+000                  0.0000000000000000E+000 
                                     257                  2.2337998349933103E-001                  5.3323633136107862E-001                  5.2046093418444990E+000                 -6.9826572468409323E+000                  6.3803671183793220E+000                  3.5706194884847944E-005                  4.0938489663789318E-001                  5.9057939716722196E-001                  4.8571872966058826E-175                  0.0000000000000000E+000                  0.0000000000000000E+000 
                                     258                  2.2337993320100072E-001                  5.3073563005426805E-001                  5.2086333845997155E+000                 -6.9719715073395347E+000                  6.3960943224528704E+000                  3.5706194874453136E-005                  4.0938489679866646E-001                  5.9057939700645901E-001                  4.9783434301841442E-175                  0.0000000000000000E+000                  0.0000000000000000E+000 
                                     259                  2.2337986613656033E-001                  5.2741637489192572E-001                  5.2120507547600381E+000                 -6.9626248606748140E+000                  6.4095344794578022E+000                  3.5706194865806556E-005                  4.0938489693240032E-001                  5.9057939687273386E-001                  5.0867936230715631E-175                  0.0000000000000000E+000                  0.0000000000000000E+000 
                                     260                  2.2337983260434013E-001                  5.2576392342716349E-001                  5.2154404158541245E+000                 -6.9536746723925642E+000                  6.4227680713352218E+000                  3.5706194857286373E-005                  4.0938489706417919E-001                  5.9057939674096360E-001                  5.1928588263870876E-175                  0.0000000000000000E+000                  0.0000000000000000E+000 
                                     261                  2.2337976553989974E-001                  5.2247070898040859E-001                  5.2199169631644731E+000                 -6.9416060647368738E+000                  6.4403223307921502E+000                  3.5706194846248836E-005                  4.0938489723489319E-001                  5.9057939657026060E-001                  5.3393917369057598E-175                  0.0000000000000000E+000                  0.0000000000000000E+000 
                                     262                  2.2337969847545933E-001                  5.1919424027686567E-001                  5.2232432324180467E+000                 -6.9324603429791347E+000                  6.4534212669498308E+000                  3.5706194838203399E-005                  4.0938489735932926E-001                  5.9057939644583257E-001                  5.4531856860792532E-175                  0.0000000000000000E+000                  0.0000000000000000E+000 
                                     263                  2.2337966494323916E-001                  5.1756269436458313E-001                  5.2265438236113386E+000                 -6.9236919927486635E+000                  6.4663263445590475E+000                  3.5706194830269451E-005                  4.0938489748204099E-001                  5.9057939632312872E-001                  5.5645623579174323E-175                  0.0000000000000000E+000                  0.0000000000000000E+000 
                                     264                  2.2337959787879874E-001                  5.1431047555178944E-001                  5.2303626182972982E+000                 -6.9132499619803847E+000                  6.4813489968879852E+000                  3.5706194821263078E-005                  4.0938489762133956E-001                  5.9057939618383926E-001                  5.7001718089169115E-175                  0.0000000000000000E+000                  0.0000000000000000E+000 
                                     265                  2.2337954758046841E-001                  5.1188205448987401E-001                  5.2336094014632968E+000                 -6.9044364124497513E+000                  6.4941025546935576E+000                  3.5706194813698187E-005                  4.0938489773834325E-001                  5.9057939606684307E-001                  5.8172028923946831E-175                  0.0000000000000000E+000                  0.0000000000000000E+000 
                                     266                  2.2337949728213813E-001                  5.0946223574240523E-001                  5.2373672795878266E+000                 -6.8943068462334889E+000                  6.5088428760892505E+000                  3.5706194805045874E-005                  4.0938489787216564E-001                  5.9057939593302933E-001                  5.9546816800715079E-175                  0.0000000000000000E+000                  0.0000000000000000E+000 
                                     267                  2.2337943021720824E-001                  5.0624826440619730E-001                  5.2426813982201121E+000                 -6.8800710016623867E+000                  6.5296622348611022E+000                  3.5706194793001092E-005                  4.0938489805845812E-001                  5.9057939574674889E-001                  6.1534042264545262E-175                  0.0000000000000000E+000                  0.0000000000000000E+000 
                                     268                  2.2337932961907919E-001                  5.0145197892951199E-001                  5.2479352219264941E+000                 -6.8654722562496318E+000                  6.5504052871560177E+000                  3.5706194781408430E-005                  4.0938489823775787E-001                  5.9057939556746075E-001                  6.3640873875034593E-175                  0.0000000000000000E+000                  0.0000000000000000E+000 
                                     269                  2.2337926255365981E-001                  4.9827372960344324E-001                  5.2520958744019017E+000                 -6.8540904144901607E+000                  6.5667785672684298E+000                  3.5706194772364442E-005                  4.0938489837763808E-001                  5.9057939542758953E-001                  6.5333411848439796E-175                  0.0000000000000000E+000                  0.0000000000000000E+000 
                                     270                  2.2337919548738133E-001                  4.9510907648678715E-001                  5.2562204936694892E+000                 -6.8427911872659433E+000                  6.5830150700729364E+000                  3.5706194763540317E-005                  4.0938489851411769E-001                  5.9057939529111869E-001                  6.7058220640022576E-175                  0.0000000000000000E+000                  0.0000000000000000E+000 
                                     271                  2.2337912842110286E-001                  4.9195769477365714E-001                  5.2603102814453253E+000                 -6.8315726860791761E+000                  6.5991188620812116E+000                  3.5706194754927673E-005                  4.0938489864732652E-001                  5.9057939515791857E-001                  6.8815787560347251E-175                  0.0000000000000000E+000                  0.0000000000000000E+000 
                                     272                  2.2337906135482438E-001                  4.8881922933673461E-001                  5.2643664043815130E+000                 -6.8204330836517757E+000                  6.6150939349477547E+000                  3.5706194746518452E-005                  4.0938489877738887E-001                  5.9057939502786461E-001                  7.0606607323926830E-175                  0.0000000000000000E+000                  0.0000000000000000E+000 
                                     273                  2.2337899428854591E-001                  4.8569333455024288E-001                  5.2683899792278730E+000                 -6.8093707572491340E+000                  6.6309441840663883E+000                  3.5706194738304943E-005                  4.0938489890442431E-001                  5.9057939490083733E-001                  7.2431157773182004E-175                  0.0000000000000000E+000                  0.0000000000000000E+000 
                                     274                  2.2337892722162633E-001                  4.8257964272160392E-001                  5.2723820275077795E+000                 -6.7983839385408844E+000                  6.6466732706942144E+000                  3.5706194730279793E-005                  4.0938489902854647E-001                  5.9057939477672328E-001                  7.4289956420273811E-175                  0.0000000000000000E+000                  0.0000000000000000E+000 
                                     275                  2.2337886015470676E-001                  4.7947785486319588E-001                  5.2763434979264350E+000                 -6.7874705974433445E+000                  6.6622847026645644E+000                  3.5706194722435963E-005                  4.0938489914986403E-001                  5.9057939465541354E-001                  7.6183584842086788E-175                  0.0000000000000000E+000                  0.0000000000000000E+000 
                                     276                  2.2337879308713207E-001                  4.7638762287175829E-001                  5.2802752693440311E+000                 -6.7766284259760665E+000                  6.6777818482095652E+000                  3.5706194714766731E-005                  4.0938489926848121E-001                  5.9057939453680408E-001                  7.8112698364324124E-175                  0.0000000000000000E+000                  0.0000000000000000E+000 
                                     277                  2.2337872601955741E-001                  4.7330867208701438E-001                  5.2841781550084379E+000                 -6.7658550415621388E+000                  6.6931679323767383E+000                  3.5706194707265725E-005                  4.0938489938449646E-001                  5.9057939442079621E-001                  8.0077996011836039E-175                  0.0000000000000000E+000                  0.0000000000000000E+000 
                                     278                  2.2337865895136341E-001                  4.7024068278420372E-001                  5.2880529158886382E+000                 -6.7551483699352346E+000                  6.7084460604806937E+000                  3.5706194699926964E-005                  4.0938489949800250E-001                  5.9057939430729756E-001                  8.2080151212074922E-175                  0.0000000000000000E+000                  0.0000000000000000E+000 
                                     279                  2.2337859188316947E-001                  4.6718340339091924E-001                  5.2919002516649929E+000                 -6.7445064036588587E+000                  6.7236191435554016E+000                  3.5706194692744870E-005                  4.0938489960908520E-001                  5.9057939419622207E-001                  8.4119852977492186E-175                  0.0000000000000000E+000                  0.0000000000000000E+000 
                                     280                  2.2337852481497550E-001                  4.6413656517484597E-001                  5.2957208558722675E+000                 -6.7339269577185261E+000                  6.7386901141229663E+000                  3.5706194685714198E-005                  4.0938489971782605E-001                  5.9057939408748816E-001                  8.6197854265778039E-175                  0.0000000000000000E+000                  0.0000000000000000E+000 
                                     281                  2.2337845774619655E-001                  4.6109988490590009E-001                  5.2995153655339235E+000                 -6.7234077991945069E+000                  6.7536617308002684E+000                  3.5706194678830043E-005                  4.0938489982430065E-001                  5.9057939398102044E-001                  8.8314951257718751E-175                  0.0000000000000000E+000                  0.0000000000000000E+000 
                                     282                  2.2337839067741755E-001                  4.5807314507986580E-001                  5.3032843637849663E+000                 -6.7129466994319840E+000                  6.7685365800235866E+000                  3.5706194672087857E-005                  4.0938489992857952E-001                  5.9057939387674840E-001                  1.3172846837288110E-174                  0.0000000000000000E+000                  0.0000000000000000E+000 
                                     283                  2.2337832360863860E-001                  4.5505611460050127E-001                  5.3070284365538836E+000                 -6.7025415070975978E+000                  6.7833172749518482E+000                  3.5706194665483338E-005                  4.0938490003072914E-001                  5.9057939377460533E-001                  2.5145572876197193E-174                  0.0000000000000000E+000                  0.0000000000000000E+000 
                                     284                  2.2337825653930560E-001                  4.5204854950943119E-001                  5.3107481336162525E+000                 -6.6921902473968826E+000                  6.7980062735527103E+000                  3.5706194659012488E-005                  4.0938490013081125E-001                  5.9057939367452972E-001                  4.7714868304746547E-174                  0.0000000000000000E+000                  0.0000000000000000E+000 
                                     285                  2.2337818946997265E-001                  4.4905026669410336E-001                  5.3144439891065245E+000                 -6.6818910390471276E+000                  6.8126059492122586E+000                  3.5706194652671592E-005                  4.0938490022888352E-001                  5.9057939357646383E-001                  9.0014811579116398E-174                  0.0000000000000000E+000                  0.0000000000000000E+000 
                                     286                  2.2337812239998991E-001                  4.4606103962710358E-001                  5.3181165163217754E+000                 -6.6716420731995036E+000                  6.8271185810682660E+000                  3.5706194646457162E-005                  4.0938490032499969E-001                  5.9057939348035382E-001                  1.6884861342810523E-173                  0.0000000000000000E+000                  0.0000000000000000E+000 
                                     287                  2.2337805533000721E-001                  4.4308070985411568E-001                  5.3217661928879751E+000                 -6.6614416597641375E+000                  6.8415462919773038E+000                  3.5706194640365986E-005                  4.0938490041920944E-001                  5.9057939338615018E-001                  3.1496074802173019E-173                  0.0000000000000000E+000                  0.0000000000000000E+000 
                                     288                  2.2337798826002447E-001                  4.4010909949998561E-001                  5.3253935027339372E+000                 -6.6512879972545020E+000                  6.8558911965510330E+000                  3.5706194634395027E-005                  4.0938490051155996E-001                  5.9057939329380571E-001                  5.8430951368108573E-173                  0.0000000000000000E+000                  0.0000000000000000E+000 
                                     289                  2.2337792119004179E-001                  4.3714604085097575E-001                  5.3289989501346602E+000                 -6.6411793145487481E+000                  6.8701554101065669E+000                  3.5706194628541433E-005                  4.0938490060209520E-001                  5.9057939320327624E-001                  1.0782264626383051E-172                  0.0000000000000000E+000                  0.0000000000000000E+000 
                                     290                  2.2337785411931715E-001                  4.3419134320398201E-001                  5.3325830257685629E+000                 -6.6311142244002745E+000                  6.8843408973949538E+000                  3.5706194622802547E-005                  4.0938490069085626E-001                  5.9057939311452090E-001                  1.9792859548099738E-172                  0.0000000000000000E+000                  0.0000000000000000E+000 
                                     291                  2.2337778704859251E-001                  4.3124488879030137E-001                  5.3361462068914411E+000                 -6.6210917381863048E+000                  6.8984494715200473E+000                  3.5706194617175863E-005                  4.0938490077788192E-001                  5.9057939302750095E-001                  3.6148296284621222E-172                  0.0000000000000000E+000                  0.0000000000000000E+000 
                                     292                  2.2337771997786784E-001                  4.2830653221129988E-001                  5.3396889965234946E+000                 -6.6111111238925284E+000                  6.9124829583823120E+000                  3.5706194611658887E-005                  4.0938490086321078E-001                  5.9057939294217754E-001                  6.5689822301185996E-172                  0.0000000000000000E+000                  0.0000000000000000E+000 
                                     293                  2.2337765290714320E-001                  4.2537613116896034E-001                  5.3432119235237545E+000                 -6.6011717873160105E+000                  6.9264432067685924E+000                  3.5706194606249152E-005                  4.0938490094688113E-001                  5.9057939285851258E-001                  1.1879294839926020E-171                  0.0000000000000000E+000                  0.0000000000000000E+000 
                                     294                  2.2337758583556913E-001                  4.2245350815738919E-001                  5.3467154877574909E+000                 -6.5912729063063580E+000                  6.9403319186412142E+000                  3.5706194600944232E-005                  4.0938490102893010E-001                  5.9057939277646887E-001                  2.1380338385427260E-171                  0.0000000000000000E+000                  0.0000000000000000E+000 
                                     295                  2.2337751876399500E-001                  4.1953856353464120E-001                  5.3497489068211852E+000                 -6.5826275316414158E+000                  6.9523795946196607E+000                  3.5706194596418088E-005                  4.0938490109893433E-001                  5.9057939270646931E-001                  3.5524464719667096E-171                  0.0000000000000000E+000                  0.0000000000000000E+000 
                                     296                  2.2337746912403716E-001                  4.1738636719846112E-001                  5.3523177837345921E+000                 -6.5753532123171841E+000                  6.9625689114336282E+000                  3.5706194592623116E-005                  4.0938490115762949E-001                  5.9057939264777781E-001                  5.4555010493533320E-171                  0.0000000000000000E+000                  0.0000000000000000E+000 
                                     297                  2.2337741948407930E-001                  4.1523824959315270E-001                  5.3561505355232999E+000                 -6.5647122173623131E+000                  6.9777098068464234E+000                  3.5706194587011252E-005                  4.0938490124442600E-001                  5.9057939256098702E-001                  1.0325941494741785E-170                  0.0000000000000000E+000                  0.0000000000000000E+000 
                                     298                  2.2337732020416357E-001                  4.1095190714145385E-001                  5.3612298090126265E+000                 -6.5502782058346058E+000                  6.9978734642972578E+000                  3.5706194579738268E-005                  4.0938490135691424E-001                  5.9057939244850599E-001                  2.4002678259281541E-170                  0.0000000000000000E+000                  0.0000000000000000E+000 
                                     299                  2.2337722092281828E-001                  4.0668124983956855E-001                  5.3650168427158427E+000                 -6.5392778447085504E+000                  7.0129777189749651E+000                  3.5706194574437996E-005                  4.0938490143889122E-001                  5.9057939236653434E-001                  4.4949961414488109E-170                  0.0000000000000000E+000                  0.0000000000000000E+000 
                                     300                  2.2337717128214563E-001                  4.0455274350047893E-001                  5.3675287716612639E+000                 -6.5321251869571473E+000                  7.0229545760707683E+000                  3.5706194570954875E-005                  4.0938490149276330E-001                  5.9057939231266576E-001                  6.8059807759424938E-170                  0.0000000000000000E+000                  0.0000000000000000E+000 
                                     301                  2.2337712164147300E-001                  4.0242802134352340E-001                  5.3712778413986690E+000                 -6.5216557678865241E+000                  7.0377855051039164E+000                  3.5706194565803668E-005                  4.0938490157243485E-001                  5.9057939223299938E-001                  1.2616843670920272E-169                  0.0000000000000000E+000                  0.0000000000000000E+000 
                                     302                  2.2337702236012771E-001                  3.9818770107517876E-001                  5.3762488257639394E+000                 -6.5074573182871127E+000                  7.0575441449238880E+000                  3.5706194559127516E-005                  4.0938490167569214E-001                  5.9057939212974875E-001                  2.8545882548298243E-169                  0.0000000000000000E+000                  0.0000000000000000E+000 
                                     303                  2.2337692307878243E-001                  3.9396199430180989E-001                  5.3799567784564761E+000                 -6.4966359791229058E+000                  7.0723508038300569E+000                  3.5706194554262905E-005                  4.0938490175093106E-001                  5.9057939205451460E-001                  5.2410624624617175E-169                  0.0000000000000000E+000                  0.0000000000000000E+000 
                                     304                  2.2337687343730131E-001                  3.9185547705630258E-001                  5.3836416642804288E+000                 -6.4862964439371424E+000                  7.0869452561738893E+000                  3.5706194549467844E-005                  4.0938490182509418E-001                  5.9057939198035636E-001                  9.5613441220678944E-169                  0.0000000000000000E+000                  0.0000000000000000E+000 
                                     305                  2.2337677415433907E-001                  3.8765101422823134E-001                  5.3873121051240114E+000                 -6.4755531524985930E+000                  7.1016133600260680E+000                  3.5706194544809658E-005                  4.0938490189714050E-001                  5.9057939190831465E-001                  1.7391184027136496E-168                  0.0000000000000000E+000                  0.0000000000000000E+000 
                                     306                  2.2337672451285792E-001                  3.8555497477083572E-001                  5.3909600100915434E+000                 -6.4652825461117809E+000                  7.1160742204557232E+000                  3.5706194540218793E-005                  4.0938490196814542E-001                  5.9057939183731434E-001                  3.1436609832378323E-168                  0.0000000000000000E+000                  0.0000000000000000E+000 
                                     307                  2.2337662522989565E-001                  3.8137121028916604E-001                  5.3957985447530543E+000                 -6.4513474307748826E+000                  7.1353487792994770E+000                  3.5706194534272941E-005                  4.0938490206010736E-001                  5.9057939174535834E-001                  6.8817104485702622E-168                  0.0000000000000000E+000                  0.0000000000000000E+000 
                                     308                  2.2337652594693339E-001                  3.7720094916893476E-001                  5.3994088174904613E+000                 -6.4407222372849358E+000                  7.1497991734707069E+000                  3.5706194529943735E-005                  4.0938490212706530E-001                  5.9057939167840479E-001                  1.2331440582416407E-167                  0.0000000000000000E+000                  0.0000000000000000E+000 
                                     309                  2.2337647630545229E-001                  3.7512176233865507E-001                  5.4018045580814604E+000                 -6.4338017342170648E+000                  7.1593516271553685E+000                  3.5706194527100245E-005                  4.0938490217104440E-001                  5.9057939163442852E-001                  1.8138763994522671E-167                  0.0000000000000000E+000                  0.0000000000000000E+000 
                                     310                  2.2337642666397114E-001                  3.7304586606632900E-001                  5.4053817259845074E+000                 -6.4236547573172524E+000                  7.1735624772478683E+000                  3.5706194522897336E-005                  4.0938490223604901E-001                  5.9057939156942807E-001                  3.2218622443918245E-167                  0.0000000000000000E+000                  0.0000000000000000E+000 
                                     311                  2.2337632738010285E-001                  3.6890194716564928E-001                  5.4101276539722534E+000                 -6.4098850750496759E+000                  7.1925095264270897E+000                  3.5706194517456674E-005                  4.0938490232019731E-001                  5.9057939148528527E-001                  6.8930242999113114E-167                  0.0000000000000000E+000                  0.0000000000000000E+000 
                                     312                  2.2337622809623459E-001                  3.6477095835081080E-001                  5.4136698448544642E+000                 -6.3993847265979058E+000                  7.2067185309539576E+000                  3.5706194513497208E-005                  4.0938490238143677E-001                  5.9057939142404980E-001                  1.2145118657607248E-166                  0.0000000000000000E+000                  0.0000000000000000E+000 
                                     313                  2.2337617845430041E-001                  3.6271117805042563E-001                  5.4160208904644751E+000                 -6.3925413850431854E+000                  7.2161140345883634E+000                  3.5706194510897169E-005                  4.0938490242165032E-001                  5.9057939138383886E-001                  1.7668116206646499E-166                  0.0000000000000000E+000                  0.0000000000000000E+000 
                                     314                  2.2337612881236624E-001                  3.6065456703812487E-001                  5.4195321099391434E+000                 -6.3825027040882611E+000                  7.2300950630962157E+000                  3.5706194507055068E-005                  4.0938490248107445E-001                  5.9057939132441850E-001                  3.0874475527556535E-166                  0.0000000000000000E+000                  0.0000000000000000E+000 
                                     315                  2.2337602952849794E-001                  3.5654897421880033E-001                  5.4241925899678840E+000                 -6.3688870379958473E+000                  7.2487404848229202E+000                  3.5706194502083940E-005                  4.0938490255796067E-001                  5.9057939124753722E-001                  6.4664879752398400E-166                  0.0000000000000000E+000                  0.0000000000000000E+000 
                                     316                  2.2337593024462962E-001                  3.5245581703985068E-001                  5.4288266509774763E+000                 -6.3553243020879098E+000                  7.2672906254077310E+000                  3.5706194497261775E-005                  4.0938490263254301E-001                  5.9057939117295977E-001                  1.3453711875034212E-165                  0.0000000000000000E+000                  0.0000000000000000E+000 
                                     317                  2.2337583096076133E-001                  3.4837490840872959E-001                  5.4334353817794341E+000                 -6.3418149766080889E+000                  7.2857478873340904E+000                  3.5706194492584947E-005                  4.0938490270487748E-001                  5.9057939110062996E-001                  2.7810822804117380E-165                  0.0000000000000000E+000                  0.0000000000000000E+000 
                                     318                  2.2337573167689306E-001                  3.4430605281265209E-001                  5.4380198911800814E+000                 -6.3283603503102253E+000                  7.3041145753803551E+000                  3.5706194488049939E-005                  4.0938490277501843E-001                  5.9057939103049351E-001                  5.7131566081402939E-165                  0.0000000000000000E+000                  0.0000000000000000E+000 
                                     319                  2.2337563239302477E-001                  3.4024903851143568E-001                  5.4425813170406254E+000                 -6.3149625735298249E+000                  7.3223929054450920E+000                  3.5706194483653357E-005                  4.0938490284301832E-001                  5.9057939096249801E-001                  1.1665981919230448E-164                  0.0000000000000000E+000                  0.0000000000000000E+000 
                                     320                  2.2337553310915648E-001                  3.3620362911788554E-001                  5.4471207863367619E+000                 -6.3016240964899790E+000                  7.3405850141431754E+000                  3.5706194479391941E-005                  4.0938490290892787E-001                  5.9057939089659273E-001                  2.3683147092388308E-164                  0.0000000000000000E+000                  0.0000000000000000E+000 
                                     321                  2.2337543382528816E-001                  3.3216956034409290E-001                  5.4516393367437894E+000                 -6.2883466343395380E+000                  7.3586929682852151E+000                  3.5706194475262507E-005                  4.0938490297279589E-001                  5.9057939083272881E-001                  4.7809508356405771E-164                  0.0000000000000000E+000                  0.0000000000000000E+000 
                                     322                  2.2337533454141986E-001                  3.2814654641071667E-001                  5.4561378846593103E+000                 -6.2751307761812800E+000                  7.3767187726859449E+000                  3.5706194471262031E-005                  4.0938490303466940E-001                  5.9057939077085941E-001                  9.5989099179589949E-164                  0.0000000000000000E+000                  0.0000000000000000E+000 
                                     323                  2.2337523525755157E-001                  3.2413429019598350E-001                  5.4606172331351184E+000                 -6.2619760599843595E+000                  7.3946643758163262E+000                  3.5706194467387594E-005                  4.0938490309459363E-001                  5.9057939071093890E-001                  1.9170399059943039E-163                  0.0000000000000000E+000                  0.0000000000000000E+000 
                                     324                  2.2337513597368330E-001                  3.2013249282124562E-001                  5.4650780783064805E+000                 -6.2488817744000311E+000                  7.4125316735393056E+000                  3.5706194463636329E-005                  4.0938490315261272E-001                  5.9057939065292364E-001                  3.8089333314358747E-163                  0.0000000000000000E+000                  0.0000000000000000E+000 
                                     325                  2.2337503668981498E-001                  3.1614085590072888E-001                  5.4695210173919593E+000                 -6.2358480657966044E+000                  7.4303225500927645E+000                  3.5706194460005390E-005                  4.0938490320877080E-001                  5.9057939059676912E-001                  7.5299489805868587E-163                  0.0000000000000000E+000                  0.0000000000000000E+000 
                                     326                  2.2337493740551545E-001                  3.1215905599815297E-001                  5.4739465242469283E+000                 -6.2228741858436409E+000                  7.4480388075582233E+000                  3.5706194456491911E-005                  4.0938490326311217E-001                  5.9057939054243136E-001                  1.4812999645991454E-162                  0.0000000000000000E+000                  0.0000000000000000E+000 
                                     327                  2.2337483812121595E-001                  3.0818680490009676E-001                  5.4783549462665730E+000                 -6.2099581378748132E+000                  7.4656821650653811E+000                  3.5706194453093012E-005                  4.0938490331568134E-001                  5.9057939048986552E-001                  2.8999794011214212E-162                  0.0000000000000000E+000                  0.0000000000000000E+000 
                                     328                  2.2337473883691639E-001                  3.0422380940084826E-001                  5.4827465230321488E+000                 -6.1970967007289772E+000                  7.4832543391849073E+000                  3.5706194449805819E-005                  4.0938490336652295E-001                  5.9057939043902730E-001                  5.6504152714514967E-162                  0.0000000000000000E+000                  0.0000000000000000E+000 
                                     329                  2.2337463955261685E-001                  3.0026979987810171E-001                  5.4871214081401831E+000                 -6.1842869382667338E+000                  7.5007570032709889E+000                  3.5706194446627460E-005                  4.0938490341568107E-001                  5.9057939038987228E-001                  1.0957866143688427E-161                  0.0000000000000000E+000                  0.0000000000000000E+000 
                                     330                  2.2337454026831735E-001                  2.9632452806157555E-001                  5.4914797306057324E+000                 -6.1715264343545790E+000                  7.5181918256862978E+000                  3.5706194443555251E-005                  4.0938490346319756E-001                  5.9057939034235885E-001                  2.1152224485240306E-161                  0.0000000000000000E+000                  0.0000000000000000E+000 
                                     331                  2.2337444098356427E-001                  2.9238774438654308E-001                  5.4958215926390892E+000                 -6.1588126966818777E+000                  7.5355603926873584E+000                  3.5706194440586678E-005                  4.0938490350911111E-001                  5.9057939029644824E-001                  4.0643675070212368E-161                  0.0000000000000000E+000                  0.0000000000000000E+000 
                                     332                  2.2337434169881118E-001                  2.8845925321018623E-001                  5.5001470632073479E+000                 -6.1461430778305912E+000                  7.5528642046054637E+000                  3.5706194437719465E-005                  4.0938490355345686E-001                  5.9057939025210549E-001                  7.7742263913016770E-161                  0.0000000000000000E+000                  0.0000000000000000E+000 
                                     333                  2.2337424241405809E-001                  2.8453886076608137E-001                  5.5044562122162608E+000                 -6.1335145623759306E+000                  7.5701048046719173E+000                  3.5706194434951497E-005                  4.0938490359626772E-001                  5.9057939020929728E-001                  1.4803665392146713E-160                  0.0000000000000000E+000                  0.0000000000000000E+000 
                                     334                  2.2337414312875115E-001                  2.8062637453416500E-001                  5.5087491131191477E+000                 -6.1209239580380288E+000                  7.5872836442820315E+000                  3.5706194432280850E-005                  4.0938490363757357E-001                  5.9057939016799410E-001                  2.8064026876072490E-160                  0.0000000000000000E+000                  0.0000000000000000E+000 
                                     335                  2.2337404384344420E-001                  2.7672167109484896E-001                  5.5130258948216078E+000                 -6.1083687588934295E+000                  7.6044021340038199E+000                  3.5706194429705727E-005                  4.0938490367740166E-001                  5.9057939012816862E-001                  5.2969128030543139E-160                  0.0000000000000000E+000                  0.0000000000000000E+000 
                                     336                  2.2337394455746656E-001                  2.7282459841752943E-001                  5.5172867432000041E+000                 -6.0958473266807243E+000                  7.6214616305872749E+000                  3.5706194427224497E-005                  4.0938490371577768E-001                  5.9057939008979510E-001                  9.9543621818422942E-160                  0.0000000000000000E+000                  0.0000000000000000E+000 
                                     337                  2.2337384527148893E-001                  2.6893506930643313E-001                  5.5215319046295965E+000                 -6.0833588675853729E+000                  7.6384634502684721E+000                  3.5706194424835606E-005                  4.0938490375272552E-001                  5.9057939005284965E-001                  1.8627316812194584E-159                  0.0000000000000000E+000                  0.0000000000000000E+000 
                                     338                  2.2337374598471538E-001                  2.6505294372078669E-001                  5.5257616679643826E+000                 -6.0709026906112147E+000                  7.6554088581101807E+000                  3.5706194422537585E-005                  4.0938490378826786E-001                  5.9057939001730952E-001                  3.4710737796148956E-159                  0.0000000000000000E+000                  0.0000000000000000E+000 
                                     339                  2.2337364669794177E-001                  2.6117814779005111E-001                  5.5299763220494880E+000                 -6.0584776867649754E+000                  7.6722990046965069E+000                  3.5706194420329066E-005                  4.0938490382242604E-001                  5.9057938998315362E-001                  6.4414671312663630E-159                  0.0000000000000000E+000                  0.0000000000000000E+000 
                                     340                  2.2337354741116819E-001                  2.5731058459976203E-001                  5.5341761882651186E+000                 -6.0460827899839940E+000                  7.6891351195251394E+000                  3.5706194418208732E-005                  4.0938490385522025E-001                  5.9057938995036152E-001                  1.1905435177083217E-158                  0.0000000000000000E+000                  0.0000000000000000E+000 
                                     341                  2.2337344812377433E-001                  2.5345014027680596E-001                  5.5383615811755078E+000                 -6.0337172052366750E+000                  7.7059183408761873E+000                  3.5706194416175385E-005                  4.0938490388666909E-001                  5.9057938991891468E-001                  2.1916768851396470E-158                  0.0000000000000000E+000                  0.0000000000000000E+000 
                                     342                  2.2337334883638049E-001                  2.4959675440436216E-001                  5.5425328239079672E+000                 -6.0213804570078064E+000                  7.7226497535581355E+000                  3.5706194414227908E-005                  4.0938490391678978E-001                  5.9057938988879599E-001                  4.0189220913218053E-158                  0.0000000000000000E+000                  0.0000000000000000E+000 
                                     343                  2.2337324954848883E-001                  2.4575032559837626E-001                  5.5466902564694553E+000                 -6.0090723671056869E+000                  7.7393304506801295E+000                  3.5706194412365269E-005                  4.0938490394559834E-001                  5.9057938985998937E-001                  7.3413479137350471E-158                  0.0000000000000000E+000                  0.0000000000000000E+000 
                                     344                  2.2337315026020077E-001                  2.4191077534179228E-001                  5.5508342160945388E+000                 -5.9967928418361280E+000                  7.7559615137898055E+000                  3.5706194410586540E-005                  4.0938490397310912E-001                  5.9057938983248026E-001                  1.3359987414615614E-157                  0.0000000000000000E+000                  0.0000000000000000E+000 
                                     345                  2.2337305097069582E-001                  2.3807798816317735E-001                  5.5549649988361818E+000                 -5.9845417388708926E+000                  7.7725439012471265E+000                  3.5706194408890855E-005                  4.0938490399933547E-001                  5.9057938980625568E-001                  2.4223024895415714E-157                  0.0000000000000000E+000                  0.0000000000000000E+000 
                                     346                  2.2337295168119084E-001                  2.3425192690418914E-001                  5.5590828635339040E+000                 -5.9723188430094094E+000                  7.7890784667113611E+000                  3.5706194407277460E-005                  4.0938490402428906E-001                  5.9057938978130364E-001                  4.3759098743926031E-157                  0.0000000000000000E+000                  0.0000000000000000E+000 
                                     347                  2.2337285239168586E-001                  2.3043250805207705E-001                  5.5652262205818603E+000                 -5.9546559279233069E+000                  7.8135810394076577E+000                  3.5706194404978477E-005                  4.0938490405984634E-001                  5.9057938974574875E-001                  1.0524931383808563E-156                  0.0000000000000000E+000                  0.0000000000000000E+000 
                                     348                  2.2337265381260865E-001                  2.2280293316520258E-001                  5.5713621975627783E+000                 -5.9357816209908707E+000                  7.8384157722872843E+000                  3.5706194402921434E-005                  4.0938490409166156E-001                  5.9057938971393553E-001                  2.5259282486770013E-156                  0.0000000000000000E+000                  0.0000000000000000E+000 
                                     349                  2.2337255452302260E-001                  2.1900297922882239E-001                  5.5754313824895503E+000                 -5.9236662464452472E+000                  7.8547691531566866E+000                  3.5706194401630813E-005                  4.0938490411162293E-001                  5.9057938969397550E-001                  4.4999658548208248E-156                  0.0000000000000000E+000                  0.0000000000000000E+000 
                                     350                  2.2337245523339105E-001                  2.1520936159701665E-001                  5.5794890849030736E+000                 -5.9115781549524513E+000                  7.8710790209401624E+000                  3.5706194400419536E-005                  4.0938490413035722E-001                  5.9057938967524237E-001                  7.9900061220482888E-156                  0.0000000000000000E+000                  0.0000000000000000E+000 
                                     351                  2.2337235594375954E-001                  2.1142199821321081E-001                  5.5835356646663792E+000                 -5.8995180531090297E+000                  7.8873461926702886E+000                  3.5706194399287121E-005                  4.0938490414787176E-001                  5.9057938965772894E-001                  1.4140461779394417E-155                  0.0000000000000000E+000                  0.0000000000000000E+000 
                                     352                  2.2337225665379110E-001                  2.0764078423920518E-001                  5.5875714853503409E+000                 -5.8874861451762905E+000                  7.9035714417110254E+000                  3.5706194398233107E-005                  4.0938490416417367E-001                  5.9057938964142809E-001                  2.4945255525895913E-155                  0.0000000000000000E+000                  0.0000000000000000E+000 
                                     353                  2.2337215736382265E-001                  2.0386563670992547E-001                  5.5915969170225184E+000                 -5.8754824483480386E+000                  7.9197555549822933E+000                  3.5706194397256966E-005                  4.0938490417927115E-001                  5.9057938962633161E-001                  4.3868192804896833E-155                  0.0000000000000000E+000                  0.0000000000000000E+000 
                                     354                  2.2337205807307958E-001                  2.0009642794355495E-001                  5.5956123174069994E+000                 -5.8635070808699652E+000                  7.9358992690565637E+000                  3.5706194396358054E-005                  4.0938490419317408E-001                  5.9057938961242962E-001                  7.6909032669023465E-155                  0.0000000000000000E+000                  0.0000000000000000E+000 
                                     355                  2.2337195878233654E-001                  1.9633308592598370E-001                  5.5996180265331787E+000                 -5.8515603084074757E+000                  7.9520032398629601E+000                  3.5706194395535327E-005                  4.0938490420589890E-001                  5.9057938959970557E-001                  1.3443046241429577E-154                  0.0000000000000000E+000                  0.0000000000000000E+000 
                                     356                  2.2337185949156513E-001                  1.9257550394740985E-001                  5.6036143918363921E+000                 -5.8396424099999349E+000                  7.9680681700080047E+000                  3.5706194394786387E-005                  4.0938490421748247E-001                  5.9057938958812273E-001                  2.3428139872631318E-154                  0.0000000000000000E+000                  0.0000000000000000E+000 
                                     357                  2.2337176020079375E-001                  1.8882357269251257E-001                  5.6076017203882307E+000                 -5.8277534753851272E+000                  7.9840947484915477E+000                  3.5706194394104390E-005                  4.0938490422803042E-001                  5.9057938957757550E-001                  4.0711988695813845E-154                  0.0000000000000000E+000                  0.0000000000000000E+000 
                                     358                  2.2337166090998689E-001                  1.8507717723129408E-001                  5.6115802076872674E+000                 -5.8158924692558251E+000                  8.0000836510622104E+000                  3.5706194393461973E-005                  4.0938490423796636E-001                  5.9057938956764011E-001                  7.0545667987228525E-154                  0.0000000000000000E+000                  0.0000000000000000E+000 
                                     359                  2.2337156161918009E-001                  1.8133621185360979E-001                  5.6174941105754268E+000                 -5.7984317503487972E+000                  8.0237970148967914E+000                  3.5706194391642377E-005                  4.0938490426610918E-001                  5.9057938953949918E-001                  1.5918379691189181E-153                  0.0000000000000000E+000                  0.0000000000000000E+000 
                                     360                  2.2337136303747296E-001                  1.7386598380522172E-001                  5.6232481267654544E+000                 -5.7781277705969547E+000                  8.0478403110471550E+000                  3.5706193784465647E-005                  4.0938491365701390E-001                  5.9057938014920164E-001                  3.5287073021965433E-153                  0.0000000000000000E+000                  0.0000000000000000E+000 
                                     361                  2.2337126374655875E-001                  1.7016088779053784E-001                  5.6270255924564481E+000                 -5.7646049502832035E+000                  8.0636823872138699E+000                  3.5706193783693390E-005                  4.0938491366895702E-001                  5.9057938013725930E-001                  5.9426539647881052E-153                  0.0000000000000000E+000                  0.0000000000000000E+000 
                                     362                  2.2337116445551355E-001                  1.6647653228321257E-001                  5.6326103269161019E+000                 -5.7443772997213198E+000                  8.0871757745973714E+000                  3.5706193023657882E-005                  4.0938492542282034E-001                  5.9057936838415603E-001                  1.2815619527718036E-152                  0.0000000000000000E+000                  0.0000000000000000E+000 
                                     363                  2.2337096587248051E-001                  1.5917161175723041E-001                  5.6381025252896428E+000                 -5.7221919882788335E+000                  8.1109726589856610E+000                  3.5706084691626162E-005                  4.0938659969312824E-001                  5.9057769422218009E-001                  2.7349144397188492E-152                  0.0000000000000000E+000                  0.0000000000000000E+000 
                                     364                  2.2337086658028463E-001                  1.5556747211686586E-001                  5.6417235313643870E+000                 -5.7076459247803486E+000                  8.1266453367398874E+000                  3.5705967773728679E-005                  4.0938840653437863E-001                  5.9057588749784762E-001                  4.4997952634319490E-152                  0.0000000000000000E+000                  0.0000000000000000E+000 
                                     365                  2.2337076728807329E-001                  1.5199456790857666E-001                  5.6453135054952437E+000                 -5.6929680564348875E+000                  8.1422691368944093E+000                  3.5704735490367559E-005                  4.0940745009351359E-001                  5.9055684517099605E-001                  7.3672354538252650E-152                  0.0000000000000000E+000                  0.0000000000000000E+000 
                                     366                  2.2337066799581365E-001                  1.4845448529277852E-001                  5.6488747915137294E+000                 -5.6781885038939715E+000                  8.1578413051851477E+000                  3.5704729963189472E-005                  4.0940753550977027E-001                  5.9055675976026656E-001                  1.2004833669038406E-151                  0.0000000000000000E+000                  0.0000000000000000E+000 
                                     367                  2.2337056870355396E-001                  1.4494855667450754E-001                  5.6524094140364003E+000                 -5.6633455799783912E+000                  8.1733590426961769E+000                  3.5704725186844849E-005                  4.0940760932274839E-001                  5.9055668595206479E-001                  1.9474020142795987E-151                  0.0000000000000000E+000                  0.0000000000000000E+000 
                                     368                  2.2337046941102823E-001                  1.4147778073638245E-001                  5.6559190378531419E+000                 -5.6484687508260309E+000                  8.1888195220680853E+000                  3.5704720820497667E-005                  4.0940767679968187E-001                  5.9055661847949770E-001                  3.1454197159484785E-151                  0.0000000000000000E+000                  0.0000000000000000E+000 
                                     369                  2.2337037011850253E-001                  1.3804292572797319E-001                  5.6594049873612047E+000                 -5.6335832029052408E+000                  8.2042199627683292E+000                  3.5704650010580208E-005                  4.0940877108648116E-001                  5.9055552426350832E-001                  5.0592521173321781E-151                  0.0000000000000000E+000                  0.0000000000000000E+000 
                                     370                  2.2337027082540595E-001                  1.3464451811938424E-001                  5.6628681375992365E+000                 -5.6187311006090326E+000                  8.2195576180215735E+000                  3.5697947974375756E-005                  4.0951234343914739E-001                  5.9045195861287825E-001                  8.1059507775541092E-151                  0.0000000000000000E+000                  0.0000000000000000E+000 
                                     371                  2.2337017153230931E-001                  1.3128278063424528E-001                  5.6671648110051418E+000                 -5.6003957305261043E+000                  8.2385653805527888E+000                  3.5696808330814405E-005                  4.0952995533267772E-001                  5.9043434785899152E-001                  1.4516975714684945E-150                  0.0000000000000000E+000                  0.0000000000000000E+000 
                                     372                  2.2337002259263131E-001                  1.2630754531884461E-001                  5.6722732262328890E+000                 -5.5786697493961990E+000                  8.2613224091990070E+000                  3.5550844927134887E-005                  4.1178565352819885E-001                  5.8817879562687403E-001                  2.9109309049027029E-150                  0.0000000000000000E+000                  0.0000000000000000E+000 
                                     373                  2.2336987365292560E-001                  1.2141092787336775E-001                  5.6764932744336187E+000                 -5.5600352546722371E+000                  8.2802328728588641E+000                  3.5550844927134108E-005                  4.1178565352821067E-001                  5.8817879562686226E-001                  5.1466952200195888E-150                  0.0000000000000000E+000                  0.0000000000000000E+000 
                                     374                  2.2336977435977917E-001                  1.1819466487847122E-001                  5.6798462465702908E+000                 -5.5453922341443196E+000                  8.2952200951530202E+000                  3.5550844927102015E-005                  4.1178565352870516E-001                  5.8817879562636777E-001                  8.0811971725489953E-150                  0.0000000000000000E+000                  0.0000000000000000E+000 
                                     375                  2.2336967506654790E-001                  1.1501557993689973E-001                  5.6831790573590020E+000                 -5.5308373834942772E+000                  8.3101304815216892E+000                  3.5550844926788830E-005                  4.1178565353352214E-001                  5.8817879562155106E-001                  1.2640876640387766E-149                  0.0000000000000000E+000                  0.0000000000000000E+000 
                                     376                  2.2336957577331656E-001                  1.1187341222390686E-001                  5.6864917891143447E+000                 -5.5163775199161851E+000                  8.3249620498089421E+000                  3.5550844914596123E-005                  4.1178565372105419E-001                  5.8817879543403118E-001                  1.9698817079480007E-149                  0.0000000000000000E+000                  0.0000000000000000E+000 
                                     377                  2.2336947647987818E-001                  1.0876783582458767E-001                  5.6897845782467371E+000                 -5.5020193346042241E+000                  8.3397129537208414E+000                  3.5550844907271490E-005                  4.1178565383371263E-001                  5.8817879532138018E-001                  3.0582616497578766E-149                  0.0000000000000000E+000                  0.0000000000000000E+000 
                                     378                  2.2336937718643976E-001                  1.0569848438918797E-001                  5.6946841389487410E+000                 -5.4811067901284183E+000                  8.3615341601803852E+000                  3.5550844897896062E-005                  4.1178565397791250E-001                  5.8817879517718963E-001                  5.8673169621754006E-149                  0.0000000000000000E+000                  0.0000000000000000E+000 
                                     379                  2.2336917859783786E-001                  9.9661727708591386E-002                  5.6995443176931273E+000                 -5.4595976892775084E+000                  8.3834696764585033E+000                  3.5550844887522300E-005                  4.1178565413746782E-001                  5.8817879501764470E-001                  1.1192120236906882E-148                  0.0000000000000000E+000                  0.0000000000000000E+000 
                                     380                  2.2336907930350591E-001                  9.6698337685756183E-002                  5.7027600912747953E+000                 -5.4457122273497998E+000                  8.3978829277538605E+000                  3.5550844657378644E-005                  4.1178565767724107E-001                  5.8817879147810159E-001                  1.7124014426413561E-148                  0.0000000000000000E+000                  0.0000000000000000E+000 
                                     381                  2.2336898000915031E-001                  9.3769182046105348E-002                  5.7059573017865892E+000                 -5.4319587378429315E+000                  8.4122084270946100E+000                  3.5550834822689849E-005                  4.1178580894175110E-001                  5.8817864022342614E-001                  2.6107080505256407E-148                  0.0000000000000000E+000                  0.0000000000000000E+000 
                                     382                  2.2336888071458319E-001                  9.0873658694606382E-002                  5.7091362194257913E+000                 -5.4183413392319082E+000                  8.4264451897263175E+000                  3.5550687444509666E-005                  4.1178807572301201E-001                  5.8817637358954356E-001                  3.9663502707199716E-148                  0.0000000000000000E+000                  0.0000000000000000E+000 
                                     383                  2.2336878142001609E-001                  8.8011149528324409E-002                  5.7122969405172901E+000                 -5.4048809711628776E+000                  8.4405924158812660E+000                  3.5544580138996715E-005                  4.1188201042669198E-001                  5.8808244499316897E-001                  6.0060725358807384E-148                  0.0000000000000000E+000                  0.0000000000000000E+000 
                                     384                  2.2336868212455324E-001                  8.5180867056552700E-002                  5.7154396262318619E+000                 -5.3915396404685918E+000                  8.4546494056304429E+000                  3.5544580130265628E-005                  4.1188201056097490E-001                  5.8808244485889483E-001                  9.0618260303750510E-148                  0.0000000000000000E+000                  0.0000000000000000E+000 
                                     385                  2.2336858282909036E-001                  8.2382324972453902E-002                  5.7201178561397308E+000                 -5.3721400089912601E+000                  8.4754336837044129E+000                  3.5544580117439685E-005                  4.1188201075823666E-001                  5.8808244466164594E-001                  1.6669049416329441E-147                  0.0000000000000000E+000                  0.0000000000000000E+000 
                                     386                  2.2336838423781996E-001                  7.6874203349515585E-002                  5.7247596973305024E+000                 -5.3523473003108855E+000                  8.4962763889885142E+000                  3.5544580104132025E-005                  4.1188201096290611E-001                  5.8808244445698976E-001                  3.0493844946909007E-147                  0.0000000000000000E+000                  0.0000000000000000E+000 
                                     387                  2.2336828494183025E-001                  7.4166972661710281E-002                  5.7278314308056562E+000                 -5.3395713531110891E+000                  8.5099678316280958E+000                  3.5544580096134923E-005                  4.1188201108590111E-001                  5.8808244433400270E-001                  4.5392797155217339E-147                  0.0000000000000000E+000                  0.0000000000000000E+000 
                                     388                  2.2336818564584054E-001                  7.1488868559330343E-002                  5.7308853310811818E+000                 -5.3269332516174144E+000                  8.5235671239257744E+000                  3.5544580088809050E-005                  4.1188201119857204E-001                  5.8808244422133915E-001                  6.7346743758296504E-147                  0.0000000000000000E+000                  0.0000000000000000E+000 
                                     389                  2.2336808634985084E-001                  6.8839264092729918E-002                  5.7339214268654803E+000                 -5.3144315345582624E+000                  8.5370742074403196E+000                  3.5544580082280927E-005                  4.1188201129897473E-001                  5.8808244412094302E-001                  9.9589049466906453E-147                  0.0000000000000000E+000                  0.0000000000000000E+000 
                                     390                  2.2336798705386113E-001                  6.6217543260282188E-002                  5.7369397976088550E+000                 -5.3020649812914780E+000                  8.5504891317402301E+000                  3.5544580076549393E-005                  4.1188201138712399E-001                  5.8808244403279941E-001                  1.4678599643995870E-146                  0.0000000000000000E+000                  0.0000000000000000E+000 
                                     391                  2.2336788775754363E-001                  6.3623090855385936E-002                  5.7399405610306866E+000                 -5.2898326319863767E+000                  8.5638120050154409E+000                  3.5544580070501904E-005                  4.1188201148013459E-001                  5.8808244393979492E-001                  2.1565028900107886E-146                  0.0000000000000000E+000                  0.0000000000000000E+000 
                                     392                  2.2336778846122618E-001                  6.1055316735382795E-002                  5.7444073738664221E+000                 -5.2720268341499628E+000                  8.5835103679567855E+000                  3.5544580061434910E-005                  4.1188201161958404E-001                  5.8808244380035446E-001                  3.8138639423401743E-146                  0.0000000000000000E+000                  0.0000000000000000E+000 
                                     393                  2.2336758986797983E-001                  5.5994639861574387E-002                  5.7488381967224944E+000                 -5.2539185567316924E+000                  8.6032329094063016E+000                  3.5544580041948836E-005                  4.1188201191927826E-001                  5.8808244350067973E-001                  6.7088033117166962E-146                  0.0000000000000000E+000                  0.0000000000000000E+000 
                                     394                  2.2336749057100064E-001                  5.3503394342386823E-002                  5.7532290623389111E+000                 -5.2366845149935894E+000                  8.6225268991385597E+000                  3.5544580020000024E-005                  4.1188201225684867E-001                  5.8808244316313130E-001                  1.1701186821005806E-145                  0.0000000000000000E+000                  0.0000000000000000E+000 
                                     395                  2.2336729197704233E-001                  4.8590893643678988E-002                  5.7575857934712378E+000                 -5.2191803486489228E+000                  8.6418363482195506E+000                  3.5544579990346518E-005                  4.1188201271291647E-001                  5.8808244270709320E-001                  2.0304201833543983E-145                  0.0000000000000000E+000                  0.0000000000000000E+000 
                                     396                  2.2336719268006314E-001                  4.6171075532295915E-002                  5.7604698027414845E+000                 -5.2078609496116659E+000                  8.6545239698180847E+000                  3.5544579945818911E-005                  4.1188201339774821E-001                  5.8808244202230597E-001                  2.9197815136621863E-145                  0.0000000000000000E+000                  0.0000000000000000E+000 
                                     397                  2.2336709338275376E-001                  4.3773952781576600E-002                  5.7633380829674747E+000                 -5.1966670563654427E+000                  8.6671226857690957E+000                  3.5544579945818864E-005                  4.1188201339774838E-001                  5.8808244202230586E-001                  4.1866348853822768E-145                  0.0000000000000000E+000                  0.0000000000000000E+000 
                                     398                  2.2336699408544439E-001                  4.1399002174149969E-002                  5.7676097992032940E+000                 -5.1803548533587271E+000                  8.6857557415386761E+000                  3.5544579945818850E-005                  4.1188201339774816E-001                  5.8808244202230608E-001                  7.1450010245390279E-145                  0.0000000000000000E+000                  0.0000000000000000E+000 
                                     399                  2.2336679549020988E-001                  3.6711370377971862E-002                  5.7718497167741489E+000                 -5.1638108313272051E+000                  8.7043937340100612E+000                  3.5544579945818810E-005                  4.1188201339774833E-001                  5.8808244202230586E-001                  1.2135500161787886E-144                  0.0000000000000000E+000                  0.0000000000000000E+000 
                                     400                  2.2336669619259261E-001                  3.4399877708251467E-002                  5.7746569480777739E+000                 -5.1531009090702202E+000                  8.7166435471416861E+000                  3.5544579945818932E-005                  4.1188201339774877E-001                  5.8808244202230542E-001                  1.7208586364665558E-144                  0.0000000000000000E+000                  0.0000000000000000E+000 
                                     401                  2.2336659689461616E-001                  3.2108543228986541E-002                  5.7774492130892758E+000                 -5.1425060788356811E+000                  8.7288078862395313E+000                  3.5544579945818328E-005                  4.1188201339775687E-001                  5.8808244202229731E-001                  2.4336656756165252E-144                  0.0000000000000000E+000                  0.0000000000000000E+000 
                                     402                  2.2336649759663965E-001                  2.9836910124414490E-002                  5.7802266106931253E+000                 -5.1320237789156584E+000                  8.7408875008238134E+000                  3.5544579945799999E-005                  4.1188201339803837E-001                  5.8808244202201587E-001                  3.4325578727844116E-144                  0.0000000000000000E+000                  0.0000000000000000E+000 
                                     403                  2.2336639829866317E-001                  2.7584528443357400E-002                  5.7843636336610800E+000                 -5.1167267000452794E+000                  8.7587590546251839E+000                  3.5544579944735427E-005                  4.1188201341441089E-001                  5.8808244200564430E-001                  5.7176444058676368E-144                  0.0000000000000000E+000                  0.0000000000000000E+000 
                                     404                  2.2336619970211369E-001                  2.3133934750669390E-002                  5.7898292447514610E+000                 -5.0963886080220577E+000                  8.7824243516585287E+000                  3.5544579916497178E-005                  4.1188201384871342E-001                  5.8808244157137013E-001                  1.1196827338506693E-143                  0.0000000000000000E+000                  0.0000000000000000E+000 
                                     405                  2.2336600110556418E-001                  1.8755448137147732E-002                  5.7938924028434950E+000                 -5.0812022528828402E+000                  8.8000468440896196E+000                  3.5544576795528844E-005                  4.1188206184891846E-001                  5.8808239357428604E-001                  1.8424621308696237E-143                  0.0000000000000000E+000                  0.0000000000000000E+000 
                                     406                  2.2336590180694094E-001                  1.6593063121655788E-002                  5.7965829121364818E+000                 -5.0713515578255270E+000                  8.8116356238721814E+000                  3.5544576423191585E-005                  4.1188206757543216E-001                  5.8808238784814471E-001                  2.5590196266843694E-143                  0.0000000000000000E+000                  0.0000000000000000E+000 
                                     407                  2.2336580250831767E-001                  1.4447484983481645E-002                  5.8005908943025695E+000                 -5.0569575004303644E+000                  8.8287880742177780E+000                  3.5544575825899858E-005                  4.1188207676171995E-001                  5.8808237866245416E-001                  4.1669403745086404E-143                  0.0000000000000000E+000                  0.0000000000000000E+000 
                                     408                  2.2336560391035890E-001                  1.0203690792671697E-002                  5.8058862388771058E+000                 -5.0378127644649435E+000                  8.8515016962276931E+000                  3.5544564249994686E-005                  4.1188225479747681E-001                  5.8808220063827321E-001                  7.9206164032075095E-143                  0.0000000000000000E+000                  0.0000000000000000E+000 
                                     409                  2.2336540531195864E-001                  6.0230031061884294E-003                  5.8111264667561073E+000                 -5.0190413120999455E+000                  8.8739120638416420E+000                  3.5543320269391582E-005                  4.1190138703665896E-001                  5.8806306964307165E-001                  1.4913908369486620E-142                  0.0000000000000000E+000                  0.0000000000000000E+000 
                                     410                  2.2336520671317317E-001                  1.9027012645572131E-003                  5.8163125268434426E+000                 -5.0006272575039050E+000                  8.8960261631277007E+000                  3.5542473605702473E-005                  4.1191440859799322E-001                  5.8805004892840107E-001                  2.7821942079077052E-142                  0.0000000000000000E+000                  0.0000000000000000E+000 
                                     411                  2.2336500811438775E-001                 -2.1597628279084596E-003                  5.8201685025426650E+000                 -4.9868706821576243E+000                  8.9124967483826403E+000                  3.5541782380679575E-005                  4.1192503958223836E-001                  5.8803941863538101E-001                  4.4171179927398991E-142                  0.0000000000000000E+000                  0.0000000000000000E+000 
                                     412                  2.2336490881465609E-001                 -4.1694265900325649E-003                  5.8227224574511647E+000                 -4.9779313316542639E+000                  8.9233364378025914E+000                  3.5541350084187006E-005                  4.1193168812884540E-001                  5.8803277052107039E-001                  5.9927030119101587E-142                  0.0000000000000000E+000                  0.0000000000000000E+000 
                                     413                  2.2336480951492441E-001                 -6.1655749482569374E-003                  5.8265282181312372E+000                 -4.9648494011804036E+000                  8.9393922572652791E+000                  3.5540789610324535E-005                  4.1194030781732049E-001                  5.8802415139306918E-001                  9.4264223203643555E-142                  0.0000000000000000E+000                  0.0000000000000000E+000 
                                     414                  2.2336461091464369E-001                 -1.0119770324041700E-002                  5.8315588801559812E+000                 -4.9474558075864863E+000                  8.9606593482358949E+000                  3.5539894865628727E-005                  4.1195406833944703E-001                  5.8801039176568737E-001                  1.7126098961465193E-141                  0.0000000000000000E+000                  0.0000000000000000E+000 
                                     415                  2.2336441231436294E-001                 -1.4023245121197228E-002                  5.8365405774448433E+000                 -4.9303887593539661E+000                  8.9816579676673900E+000                  3.5538888690519704E-005                  4.1196954250155976E-001                  5.8799491860974973E-001                  3.0857377689016595E-141                  0.0000000000000000E+000                  0.0000000000000000E+000 
                                     416                  2.2336421371325227E-001                 -1.7878243330040587E-002                  5.8402468961942766E+000                 -4.9176425199190987E+000                  8.9973027540902262E+000                  3.5538486781285911E-005                  4.1197572355104262E-001                  5.8798873796217610E-001                  4.7757415731564793E-141                  0.0000000000000000E+000                  0.0000000000000000E+000 
                                     417                  2.2336411441269691E-001                 -1.9787675675379569E-002                  5.8427027686919581E+000                 -4.9093537619817269E+000                  9.0076055576483274E+000                  3.5538215778167968E-005                  4.1197989136690749E-001                  5.8798457041731433E-001                  6.3721963736078562E-141                  0.0000000000000000E+000                  0.0000000000000000E+000 
                                     418                  2.2336401511214157E-001                 -2.1685809831079525E-002                  5.8463640530735530E+000                 -4.8972168392570463E+000                  9.0228756541956301E+000                  3.5537773503120193E-005                  4.1198669321104098E-001                  5.8797776901545595E-001                  9.7808890720963031E-141                  0.0000000000000000E+000                  0.0000000000000000E+000 
                                     419                  2.2336381651007184E-001                 -2.5450306304807577E-002                  5.8512075121307596E+000                 -4.8810884339314926E+000                  9.0431091132385433E+000                  3.5537315639880710E-005                  4.1199373478923834E-001                  5.8797072789512184E-001                  1.7213272251235944E-140                  0.0000000000000000E+000                  0.0000000000000000E+000 
                                     420                  2.2336361790800210E-001                 -2.9172585333527661E-002                  5.8560078665373982E+000                 -4.8652598030334975E+000                  9.0631007284252441E+000                  3.5536972913450561E-005                  4.1199900564415698E-001                  5.8796545738292960E-001                  3.0071419903632021E-140                  0.0000000000000000E+000                  0.0000000000000000E+000 
                                     421                  2.2336341930536277E-001                 -3.2854623391773995E-002                  5.8607663586391334E+000                 -4.8497258740656761E+000                  9.0828569555311951E+000                  3.5535842012921719E-005                  4.1201639654986960E-001                  5.8794806760811746E-001                  5.2161936563232245E-140                  0.0000000000000000E+000                  0.0000000000000000E+000 
                                     422                  2.2336322070202744E-001                 -3.6498341260594785E-002                  5.8654840430439403E+000                 -4.8344723504814331E+000                  9.1023841080571231E+000                  3.5535824190912937E-005                  4.1201667061436442E-001                  5.8794779356144466E-001                  8.9850494452101998E-140                  0.0000000000000000E+000                  0.0000000000000000E+000 
                                     423                  2.2336302209824505E-001                 -4.0105529314652222E-002                  5.8701617292719845E+000                 -4.8194984664832585E+000                  9.1216883819416257E+000                  3.5533053187788863E-005                  4.1205928272096087E-001                  5.8790518422585136E-001                  1.5373732396570085E-139                  0.0000000000000000E+000                  0.0000000000000000E+000 
                                     424                  2.2336282349393208E-001                 -4.3677975763052886E-002                  5.8748001500238605E+000                 -4.8047769405444898E+000                  9.1407758818588007E+000                  3.5533052333244421E-005                  4.1205929586202517E-001                  5.8790517108564155E-001                  2.6129151768064676E-139                  0.0000000000000000E+000                  0.0000000000000000E+000 
                                     425                  2.2336262488899142E-001                 -4.7217242937882840E-002                  5.8782549487563953E+000                 -4.7937732922078009E+000                  9.1550097362706513E+000                  3.5533051477314931E-005                  4.1205930902438753E-001                  5.8790515792413522E-001                  3.8745896912738220E-139                  0.0000000000000000E+000                  0.0000000000000000E+000 
                                     426                  2.2336252558652109E-001                 -4.8974489183662318E-002                  5.8805456492000658E+000                 -4.7866018585382006E+000                  9.1643953206665394E+000                  3.5533050791567309E-005                  4.1205931956971753E-001                  5.8790514737949096E-001                  5.0270323597623117E-139                  0.0000000000000000E+000                  0.0000000000000000E+000 
                                     427                  2.2336242628405070E-001                 -5.0724019119971583E-002                  5.8839628222203952E+000                 -4.7760776812855106E+000                  9.1783231904290421E+000                  3.5533049598899573E-005                  4.1205933791039367E-001                  5.8790512904000747E-001                  7.4042953407628959E-139                  0.0000000000000000E+000                  0.0000000000000000E+000 
                                     428                  2.2336222767836997E-001                 -5.4201473916364352E-002                  5.8884872171403142E+000                 -4.7620677987899152E+000                  9.1967954163936394E+000                  3.5533048032148964E-005                  4.1205936200364562E-001                  5.8790510494832215E-001                  1.2347468530472147E-138                  0.0000000000000000E+000                  0.0000000000000000E+000 
                                     429                  2.2336202907268923E-001                 -5.7650058179303937E-002                  5.8929749633320041E+000                 -4.7482732622637744E+000                  9.2150738708005093E+000                  3.5533029609321099E-005                  4.1205964529760170E-001                  5.8790482167278890E-001                  2.0466724312762927E-138                  0.0000000000000000E+000                  0.0000000000000000E+000 
                                     430                  2.2336183046614572E-001                 -6.1071055453768543E-002                  5.8963182998953743E+000                 -4.7379546045332512E+000                  9.2287116028613809E+000                  3.5529560216598464E-005                  4.1211299505263571E-001                  5.8785147538714777E-001                  2.9797752611528969E-138                  0.0000000000000000E+000                  0.0000000000000000E+000 
                                     431                  2.2336173116235433E-001                 -6.2771238680904173E-002                  5.8985355314776209E+000                 -4.7312148121768480E+000                  9.2377095858527376E+000                  3.5528851970979296E-005                  4.1212388571948594E-001                  5.8784058542854312E-001                  3.8196440733179502E-138                  0.0000000000000000E+000                  0.0000000000000000E+000 
                                     432                  2.2336163185856289E-001                 -6.4464979052248350E-002                  5.9018438569065887E+000                 -4.7213084338264188E+000                  9.2510700823559304E+000                  3.5528219555825712E-005                  4.1213361033667095E-001                  5.8783086144377328E-001                  5.5264764323903464E-138                  0.0000000000000000E+000                  0.0000000000000000E+000 
                                     433                  2.2336143325098010E-001                 -6.7834420418051114E-002                  5.9062257554032831E+000                 -4.7081006410045294E+000                  9.2687989501721777E+000                  3.5528216600144256E-005                  4.1213365578567968E-001                  5.8783081599772014E-001                  9.0034758947076088E-138                  0.0000000000000000E+000                  0.0000000000000000E+000 
                                     434                  2.2336123464339736E-001                 -7.1179621391685474E-002                  5.9127309382941888E+000                 -4.6890559560746894E+000                  9.2948736314439060E+000                  3.5527580454825543E-005                  4.1214343766924211E-001                  5.8782103475030301E-001                  1.8504515166637057E-137                  0.0000000000000000E+000                  0.0000000000000000E+000 
                                     435                  2.2336083742387386E-001                 -7.7807017416508015E-002                  5.9191711383832546E+000                 -4.6695132971581881E+000                  9.3209737150697087E+000                  3.5523512060971789E-005                  4.1220599179783329E-001                  5.8775848469010572E-001                  3.7696628962902303E-137                  0.0000000000000000E+000                  0.0000000000000000E+000 
                                     436                  2.2336063881411211E-001                 -8.1085384325897000E-002                  5.9234225323154170E+000                 -4.6569783623531267E+000                  9.3380391891014671E+000                  3.5523511943049610E-005                  4.1220599361093790E-001                  5.8775848287711907E-001                  6.0130671521119980E-137                  0.0000000000000000E+000                  0.0000000000000000E+000 
                                     437                  2.2336044020435039E-001                 -8.4343203824084681E-002                  5.9276401971521855E+000                 -4.6445771206377477E+000                  9.3549498921749841E+000                  3.5523511864367968E-005                  4.1220599482070208E-001                  5.8775848166743350E-001                  9.5416783069893983E-137                  0.0000000000000000E+000                  0.0000000000000000E+000 
                                     438                  2.2336024159458864E-001                 -8.7581149330977104E-002                  5.9318230196974628E+000                 -4.6322927674155752E+000                  9.3717100504483959E+000                  3.5523511804425750E-005                  4.1220599574233968E-001                  5.8775848074585590E-001                  1.5061663339684722E-136                  0.0000000000000000E+000                  0.0000000000000000E+000 
                                     439                  2.2336004298482690E-001                 -9.0799772573623150E-002                  5.9359731881367344E+000                 -4.6201302322847360E+000                  9.3883237484414757E+000                  3.5523511754011121E-005                  4.1220599651748629E-001                  5.8775847997075970E-001                  2.3656446442555394E-136                  0.0000000000000000E+000                  0.0000000000000000E+000 
                                     440                  2.2335984437456363E-001                 -9.3999673966382313E-002                  5.9400915055516883E+000                 -4.6080855770345224E+000                  9.4047949771605133E+000                  3.5523511709811336E-005                  4.1220599719707723E-001                  5.8775847929121294E-001                  3.6975134277499703E-136                  0.0000000000000000E+000                  0.0000000000000000E+000 
                                     441                  2.2335964576253534E-001                 -9.7181441180395359E-002                  5.9441786801966376E+000                 -4.5961547812166108E+000                  9.4211275229477494E+000                  3.5523511670176774E-005                  4.1220599780647565E-001                  5.8775847868185416E-001                  5.7518062190249262E-136                  0.0000000000000000E+000                  0.0000000000000000E+000 
                                     442                  2.2335944714984399E-001                 -1.0034559829122748E-001                  5.9482353601363682E+000                 -4.5843342480289033E+000                  9.4373249897340798E+000                  3.5523511634116020E-005                  4.1220599836092525E-001                  5.8775847812744064E-001                  8.9059421608019273E-136                  0.0000000000000000E+000                  0.0000000000000000E+000 
                                     443                  2.2335924853639241E-001                 -1.0349266608966659E-001                  5.9542616408523372E+000                 -4.5671819065308306E+000                  9.4612063729212910E+000                  3.5523511584076424E-005                  4.1220599913030570E-001                  5.8775847735811015E-001                  1.6994126320528970E-135                  0.0000000000000000E+000                  0.0000000000000000E+000 
                                     444                  2.2335885130760424E-001                 -1.0974231640722951E-001                  5.9602288667443073E+000                 -4.5494873289760092E+000                  9.4851476246694766E+000                  3.5523511540967868E-005                  4.1220599979311823E-001                  5.8775847669534076E-001                  3.2185736844760218E-135                  0.0000000000000000E+000                  0.0000000000000000E+000 
                                     445                  2.2335865269258925E-001                 -1.1284102311431092E-001                  5.9641698605393163E+000                 -4.5380745628263339E+000                  9.5008392029888515E+000                  3.5523511514177056E-005                  4.1220600020503867E-001                  5.8775847628344713E-001                  4.8967859312625110E-135                  0.0000000000000000E+000                  0.0000000000000000E+000 
                                     446                  2.2335845407690089E-001                 -1.1592451318927768E-001                  5.9700269186062620E+000                 -4.5214903049939190E+000                  9.5239940409727417E+000                  3.5523511476235848E-005                  4.1220600078840108E-001                  5.8775847570012263E-001                  9.1079342094185776E-135                  0.0000000000000000E+000                  0.0000000000000000E+000 
                                     447                  2.2335805684474097E-001                 -1.2205198586979649E-001                  5.9758303071646006E+000                 -4.5043781404248886E+000                  9.5472193656049118E+000                  3.5523511442336234E-005                  4.1220600130962226E-001                  5.8775847517893542E-001                  1.6826903809876083E-134                  0.0000000000000000E+000                  0.0000000000000000E+000 
                                     448                  2.2335785822723728E-001                 -1.2509229997515778E-001                  5.9796648616311616E+000                 -4.4933260200001603E+000                  9.5624540514918497E+000                  3.5523511420930729E-005                  4.1220600163874116E-001                  5.8775847484983790E-001                  2.5192712453959698E-134                  0.0000000000000000E+000                  0.0000000000000000E+000 
                                     449                  2.2335765960923396E-001                 -1.2811899041364844E-001                  5.9853664268307964E+000                 -4.4772463772858124E+000                  9.5849519075087901E+000                  3.5523511390262946E-005                  4.1220600211027153E-001                  5.8775847437833817E-001                  4.5774457710818317E-134                  0.0000000000000000E+000                  0.0000000000000000E+000 
                                     450                  2.2335726237046771E-001                 -1.3413717245554344E-001                  5.9910198347481822E+000                 -4.4606555100942638E+000                  9.6075294468621344E+000                  3.5523511362231556E-005                  4.1220600254126627E-001                  5.8775847394737157E-001                  8.2673087970273309E-134                  0.0000000000000000E+000                  0.0000000000000000E+000 
                                     451                  2.2335706375032210E-001                 -1.3712516111513059E-001                  5.9947570862741681E+000                 -4.4499277853531698E+000                  9.6223501213765683E+000                  3.5523511344340208E-005                  4.1220600281635356E-001                  5.8775847367230205E-001                  1.2197342838712375E-133                  0.0000000000000000E+000                  0.0000000000000000E+000 
                                     452                  2.2335686512906350E-001                 -1.4010093107004398E-001                  5.9984713720008944E+000                 -4.4392761240388081E+000                  9.6370733766440573E+000                  3.5523511327135694E-005                  4.1220600308088029E-001                  5.8775847340779253E-001                  1.7933384219879073E-133                  0.0000000000000000E+000                  0.0000000000000000E+000 
                                     453                  2.2335666650446578E-001                 -1.4306483805767872E-001                  6.0021631992938689E+000                 -4.4286987133647804E+000                  9.6517014568986692E+000                  3.5523511310559226E-005                  4.1220600333575058E-001                  5.8775847315293883E-001                  3.1142998441944316E-133                  7.8998066262080125E-137                  0.0000000000000000E+000 
                                     454                  2.2335646787986804E-001                 -1.4601714522213402E-001                  6.0058330784230014E+000                 -4.4181937951573502E+000                  9.6662366008842948E+000                  3.5523511294559830E-005                  4.1220600358174825E-001                  5.8775847290695715E-001                  4.5482840363887870E-133                  1.1821947080548676E-136                  0.0000000000000000E+000 
                                     455                  2.2335626925114174E-001                 -1.4895821803390258E-001                  6.0094814919715587E+000                 -4.4077596495563327E+000                  9.6806809593565983E+000                  3.5523511279094181E-005                  4.1220600381953926E-001                  5.8775847266918158E-001                  6.6210538504166380E-133                  1.7630430455678027E-136                  0.0000000000000000E+000 
                                     456                  2.2335607062241544E-001                 -1.5188829079378516E-001                  6.0149113854341669E+000                 -4.3925478881576501E+000                  9.7020407621201841E+000                  3.5523511256603979E-005                  4.1220600416533582E-001                  5.8775847232340750E-001                  1.1548245143217286E-132                  3.1872526814163270E-136                  0.0000000000000000E+000 
                                     457                  2.2335567334623185E-001                 -1.5772057520173158E-001                  6.0203028105885155E+000                 -4.3768531501855081E+000                  9.7234957436586047E+000                  3.5523511235475081E-005                  4.1220600449020167E-001                  5.8775847199856290E-001                  2.0046516904350136E-132                  5.7323331177517486E-136                  0.0000000000000000E+000 
                                     458                  2.2335547470333819E-001                 -1.6061954340580523E-001                  6.0238699527427135E+000                 -4.3666842986716894E+000                  9.7375979816425868E+000                  3.5523511221824088E-005                  4.1220600470009161E-001                  5.8775847178868657E-001                  2.8825895695434458E-132                  8.4377069976102557E-136                  0.0000000000000000E+000 
                                     459                  2.2335527605843647E-001                 -1.6350863378505601E-001                  6.0291807539819278E+000                 -4.3518458837272389E+000                  9.7584636797043505E+000                  3.5523511201907863E-005                  4.1220600500631221E-001                  5.8775847148248594E-001                  4.9382452016712874E-132                  1.4964886355368939E-135                  0.0000000000000000E+000 
                                     460                  2.2335487876574098E-001                 -1.6926167785362264E-001                  6.0362009498393547E+000                 -4.3318557392134496E+000                  9.7862001376105887E+000                  3.5523511176753424E-005                  4.1220600539307245E-001                  5.8775847109575086E-001                  1.0036928937520968E-131                  3.1835797473807411E-135                  0.0000000000000000E+000 
                                     461                  2.2335448147304549E-001                 -1.7497793654432761E-001                  6.0431485484602314E+000                 -4.3120933442613012E+000                  9.8136368026599055E+000                  3.5523511152953404E-005                  4.1220600575900801E-001                  5.8775847072983911E-001                  2.0177801304491267E-131                  6.6941378644187375E-135                  0.0000000000000000E+000 
                                     462                  2.2335408417845595E-001                 -1.8065924334209105E-001                  6.0483169518500848E+000                 -4.2971275018997801E+000                  9.8341565353464784E+000                  3.5523511136084242E-005                  4.1220600601837865E-001                  5.8775847047048524E-001                  3.3865129626352976E-131                  1.1614974809652685E-134                  0.0000000000000000E+000 
                                     463                  2.2335388553116114E-001                 -1.8348565196669706E-001                  6.0517386293140278E+000                 -4.2874138852276076E+000                  9.8476585238332657E+000                  3.5523511125146505E-005                  4.1220600618655118E-001                  5.8775847030232375E-001                  4.7639953351199789E-131                  1.6702004178205489E-134                  0.0000000000000000E+000 
                                     464                  2.2335368688386639E-001                 -1.8630395992719911E-001                  6.0568359321319392E+000                 -4.2732161001845208E+000                  9.8676567219322830E+000                  3.5523511109150159E-005                  4.1220600643250188E-001                  5.8775847005638893E-001                  7.9034384701338173E-131                  2.8626411215344829E-134                  0.0000000000000000E+000 
                                     465                  2.2335328958927686E-001                 -1.9192028490679325E-001                  6.0619040269575724E+000                 -4.2585609947700673E+000                  9.8877662148607328E+000                  3.5523511093974785E-005                  4.1220600666582968E-001                  5.8775846982307633E-001                  1.3065669199893690E-130                  4.8876677355748610E-134                  0.0000000000000000E+000 
                                     466                  2.2335309094198211E-001                 -1.9471543303529104E-001                  6.0652602398022593E+000                 -4.2490415988815027E+000                  9.9010046930495523E+000                  3.5523511084129877E-005                  4.1220600681719949E-001                  5.8775846967171641E-001                  1.8200228691973768E-130                  6.9550618534414478E-134                  0.0000000000000000E+000 
                                     467                  2.2335289229468733E-001                 -1.9750322186264513E-001                  6.0702614064043834E+000                 -4.2351173825391264E+000                  9.9206216778289296E+000                  3.5523511069728236E-005                  4.1220600703863092E-001                  5.8775846945029930E-001                  2.9761805086488352E-130                  1.1738956014880924E-133                  0.0000000000000000E+000 
                                     468                  2.2335249500009777E-001                 -2.0306051518097401E-001                  6.0768814013379577E+000                 -4.2163307523556108E+000                  9.9467375451125424E+000                  3.5523511051467954E-005                  4.1220600731939055E-001                  5.8775846916955798E-001                  5.6955631996843640E-130                  2.3421958497985551E-133                  0.0000000000000000E+000 
                                     469                  2.2335209770550823E-001                 -2.0859029141126462E-001                  6.0818115213740569E+000                 -4.2020857678560519E+000                  9.9662934055013483E+000                  3.5523511038497298E-005                  4.1220600751882003E-001                  5.8775846897014150E-001                  9.2221680275797987E-130                  3.9115870042364021E-133                  0.0000000000000000E+000 
                                     470                  2.2335189905821348E-001                 -2.1134374191611408E-001                  6.0850776720226643E+000                 -4.1928229928523733E+000                  9.9791759207475828E+000                  3.5523511030081701E-005                  4.1220600764821341E-001                  5.8775846884075644E-001                  1.2673661985026966E-129                  5.4864813874367960E-133                  0.0000000000000000E+000 
                                     471                  2.2335170041091870E-001                 -2.1409078371728751E-001                  6.0899465627274418E+000                 -4.1792607166810258E+000                  9.9982774698738517E+000                  3.5523511017773885E-005                  4.1220600783745126E-001                  5.8775846865153092E-001                  2.0317412684432548E-129                  9.0666058901359333E-133                  0.0000000000000000E+000 
                                     472                  2.2335130311632914E-001                 -2.1956915816715319E-001                  6.0963954993131564E+000                 -4.1609520052465605E+000                  1.0023723449367019E+001                  3.5523511002181052E-005                  4.1220600807719793E-001                  5.8775846841179991E-001                  3.7894722547745795E-129                  1.7601282222928246E-132                  0.0000000000000000E+000 
                                     473                  2.2335090582173961E-001                 -2.2502349936799862E-001                  6.1027912003567835E+000                 -4.1427875994081687E+000                  1.0048963699286197E+001                  3.5523510987400612E-005                  4.1220600830445353E-001                  5.8775846818455912E-001                  7.0114739552940293E-129                  3.3879525599753139E-132                  0.0000000000000000E+000 
                                     474                  2.2335050852715008E-001                 -2.3045483483043963E-001                  6.1075580817565234E+000                 -4.1290034099032953E+000                  1.0067879650020156E+001                  3.5523510976916214E-005                  4.1220600846565569E-001                  5.8775846802336740E-001                  1.1077003550190572E-128                  5.5117370370482966E-132                  0.0000000000000000E+000 
                                     475                  2.2335030987985532E-001                 -2.3316077069270422E-001                  6.1107176297536929E+000                 -4.1200292504082254E+000                  1.0080350223296756E+001                  3.5523510970119391E-005                  4.1220600857015977E-001                  5.8775846791887010E-001                  1.4980432832579466E-128                  7.5999061533826545E-132                  0.0000000000000000E+000 
                                     476                  2.2335011123256052E-001                 -2.3586132615567645E-001                  6.1154299091902029E+000                 -4.1068744717396983E+000                  1.0098854585257621E+001                  3.5523510960189577E-005                  4.1220600872283486E-001                  5.8775846776620488E-001                  2.3456669629870130E-128                  1.2248058745094680E-131                  0.0000000000000000E+000 
                                     477                  2.2334971393797098E-001                 -2.4124951316650659E-001                  6.1216764835371604E+000                 -4.0891061331508469E+000                  1.0123523644216544E+001                  3.5523510947633330E-005                  4.1220600891589260E-001                  5.8775846757315975E-001                  4.2434478645815030E-128                  2.3016770554827885E-131                  0.0000000000000000E+000 
                                     478                  2.2334931664338145E-001                 -2.4661746635945642E-001                  6.1278771320190923E+000                 -4.0714604121224287E+000                  1.0148016723267618E+001                  3.5523510935745331E-005                  4.1220600909867566E-001                  5.8775846739038862E-001                  7.6231249834598425E-128                  4.2932386214848575E-131                  0.0000000000000000E+000 
                                     479                  2.2334891934879189E-001                 -2.5196603986369515E-001                  6.1340338748045831E+000                 -4.0539329855395785E+000                  1.0172340405350853E+001                  3.5523510924487714E-005                  4.1220600927176632E-001                  5.8775846721730918E-001                  1.3602561438898247E-127                  7.9507550047604255E-131                  0.0000000000000000E+000 
                                     480                  2.2334852205420236E-001                 -2.5729605692196261E-001                  6.1401488887419102E+000                 -4.0365214596597596E+000                  1.0196500979181250E+001                  3.5523510913822065E-005                  4.1220600943575547E-001                  5.8775846705333068E-001                  2.4115470060701076E-127                  1.4622981959382039E-130                  0.0000000000000000E+000 
                                     481                  2.2334812475961285E-001                 -2.6260833348150225E-001                  6.1447135304854292E+000                 -4.0233053321496746E+000                  1.0214626818156006E+001                  3.5523510906249590E-005                  4.1220600955218539E-001                  5.8775846693690836E-001                  3.6933778631465082E-127                  2.3015716461606677E-130                  0.0000000000000000E+000 
                                     482                  2.2334792611231807E-001                 -2.6525679686943743E-001                  6.1477418415506362E+000                 -4.0146910145609276E+000                  1.0226588014039294E+001                  3.5523510901336108E-005                  4.1220600962773235E-001                  5.8775846686136624E-001                  4.8949820993774867E-127                  3.1059744540098092E-130                  0.0000000000000000E+000 
                                     483                  2.2334772746502332E-001                 -2.6790114661223957E-001                  6.1522627118459203E+000                 -4.0020504235142251E+000                  1.0244352934391969E+001                  3.5523510894150368E-005                  4.1220600973821619E-001                  5.8775846675088972E-001                  7.4413214298528247E-127                  4.8503879465715408E-130                  0.0000000000000000E+000 
                                     484                  2.2334733017043376E-001                 -2.7318043923831103E-001                  6.1582659433816636E+000                 -3.9849804082661886E+000                  1.0268058988673115E+001                  3.5523510885039431E-005                  4.1220600987830075E-001                  5.8775846661081421E-001                  1.2958527865731231E-126                  8.7524681240841621E-130                  0.0000000000000000E+000 
                                     485                  2.2334693287584423E-001                 -2.7844449993958809E-001                  6.1642358902693912E+000                 -3.9680194082969926E+000                  1.0291624644280853E+001                  3.5523510876385539E-005                  4.1220601001135804E-001                  5.8775846647776553E-001                  2.2442561586313784E-126                  1.5701501077726333E-129                  0.0000000000000000E+000 
                                     486                  2.2334653558125470E-001                 -2.8369415284500138E-001                  6.1701741716138914E+000                 -3.9511652337259493E+000                  1.0315055057136888E+001                  3.5523510868165539E-005                  4.1220601013774411E-001                  5.8775846635138773E-001                  3.8661991198066213E-126                  2.8009016414059953E-129                  0.0000000000000000E+000 
                                     487                  2.2334613828666514E-001                 -2.8893021890015647E-001                  6.1760821662913132E+000                 -3.9344152896831490E+000                  1.0338355208103348E+001                  3.5523510860360693E-005                  4.1220601025774695E-001                  5.8775846623139272E-001                  6.6262091645112909E-126                  4.9691211940827400E-129                  0.0000000000000000E+000 
                                     488                  2.2334574099207560E-001                 -2.9415351114571786E-001                  6.1819609885177664E+000                 -3.9177653866761597E+000                  1.0361529915605539E+001                  3.5523510852956649E-005                  4.1220601037158733E-001                  5.8775846611755966E-001                  1.1300041623960920E-125                  8.7691069912236545E-129                  0.0000000000000000E+000 
                                     489                  2.2334534369748607E-001                 -2.9936481534738635E-001                  6.1878115195463597E+000                 -3.9012106295211675E+000                  1.0384583843147347E+001                  3.5523510845942965E-005                  4.1220601047942573E-001                  5.8775846600972836E-001                  1.9177192830895333E-125                  1.5395181529841281E-128                  0.0000000000000000E+000 
                                     490                  2.2334494640289651E-001                 -3.0456488096384071E-001                  6.1936345073998771E+000                 -3.8847465260865621E+000                  1.0407521504279542E+001                  3.5523510839312100E-005                  4.1220601058137812E-001                  5.8775846590778258E-001                  3.2391436152751446E-125                  2.6891878084886387E-128                  0.0000000000000000E+000 
                                     491                  2.2334454910830698E-001                 -3.0975442533659292E-001                  6.1979888898143010E+000                 -3.8722414332119142E+000                  1.0424752308985591E+001                  3.5523510834629004E-005                  4.1220601065338269E-001                  5.8775846583578262E-001                  4.7888162890304535E-125                  4.0765141108935679E-128                  0.0000000000000000E+000 
                                     492                  2.2334435046101223E-001                 -3.1234431194538365E-001                  6.2008803536171175E+000                 -3.8640778189480383E+000                  1.0436135978422422E+001                  3.5523510831602670E-005                  4.1220601069991397E-001                  5.8775846578925450E-001                  6.2021760179978934E-125                  5.3678836990179581E-128                  0.0000000000000000E+000 
                                     493                  2.2334415181371745E-001                 -3.1493182918605800E-001                  6.2052005453393768E+000                 -3.8520802035777608E+000                  1.0453061939951100E+001                  3.5523510827199420E-005                  4.1220601076761576E-001                  5.8775846572155710E-001                  9.1142135428004975E-125                  8.0854465407405098E-128                  0.0000000000000000E+000 
                                     494                  2.2334375451912789E-001                 -3.2010236328401848E-001                  6.2109446207384167E+000                 -3.8358599939460496E+000                  1.0475676168499483E+001                  3.5523510821690921E-005                  4.1220601085231134E-001                  5.8775846563686696E-001                  1.5186302686366849E-124                  1.3920167379346149E-127                  0.0000000000000000E+000 
                                     495                  2.2334335722453835E-001                 -3.2526431577743053E-001                  6.2166634832711738E+000                 -3.8197115948103404E+000                  1.0498190798606061E+001                  3.5523510816551200E-005                  4.1220601093133680E-001                  5.8775846555784672E-001                  2.5193940915347044E-124                  2.3854659011021135E-127                  0.0000000000000000E+000 
                                     496                  2.2334295992994882E-001                 -3.3041825766114119E-001                  6.2209411019498786E+000                 -3.8074354457905706E+000                  1.0515112501617764E+001                  3.5523510812976524E-005                  4.1220601098629894E-001                  5.8775846550288802E-001                  3.6756945189484045E-124                  3.5654353381457648E-127                  0.0000000000000000E+000 
                                     497                  2.2334276128265407E-001                 -3.3299126494650400E-001                  6.2237820506751351E+000                 -3.7994152939204211E+000                  1.0526296753664653E+001                  3.5523510810685883E-005                  4.1220601102151860E-001                  5.8775846546767063E-001                  4.7192623013127340E-124                  4.6515689338928953E-127                  0.0000000000000000E+000 
                                     498                  2.2334256263535929E-001                 -3.3556247285256163E-001                  6.2280274252875580E+000                 -3.7876200168187037E+000                  1.0542933094207681E+001                  3.5523510807381946E-005                  4.1220601107231797E-001                  5.8775846541687460E-001                  6.8463236430677437E-124                  6.9110509264441871E-127                  0.0000000000000000E+000 
                                     499                  2.2334216534076973E-001                 -3.4070197291847421E-001                  6.2336732713036609E+000                 -3.7716598152663345E+000                  1.0565171093128779E+001                  3.5523510803326420E-005                  4.1220601113467348E-001                  5.8775846535452314E-001                  1.1216299851674787E-123                  1.1685979023671435E-126                  0.0000000000000000E+000 
                                     500                  2.2334176804618019E-001                 -3.4583495147777077E-001                  6.2392957837787275E+000                 -3.7557546898202392E+000                  1.0587324051432145E+001                  3.5523510799623870E-005                  4.1220601119160177E-001                  5.8775846529759868E-001                  1.8301964638615576E-123                  1.9675595565928063E-126                  0.0000000000000000E+000 
                                     501                  2.2334137075159069E-001                 -3.5096184366469635E-001                  6.2448955279778744E+000                 -3.7399015574895338E+000                  1.0609395293442143E+001                  3.5523510796269565E-005                  4.1220601124317557E-001                  5.8775846524602815E-001                  2.9746712149883571E-123                  3.2989218650186621E-126                  0.0000000000000000E+000 
                                     502                  2.2334097345700110E-001                 -3.5608306172076620E-001                  6.2504731956781656E+000                 -3.7240968142155362E+000                  1.0631388027187597E+001                  3.5523510793258607E-005                  4.1220601128947038E-001                  5.8775846519973629E-001                  4.8163166664860031E-123                  5.5086069308408938E-126                  0.0000000000000000E+000 
                                     503                  2.2334057616241160E-001                 -3.6119898812456336E-001                  6.2560297077272953E+000                 -3.7083383811249688E+000                  1.0653305346785951E+001                  3.5523510790585696E-005                  4.1220601133056761E-001                  5.8775846515864183E-001                  7.7691471592363871E-123                  9.1619457478598677E-126                  0.0000000000000000E+000 
                                     504                  2.2334017886782206E-001                 -3.6630999300328554E-001                  6.2615662408965713E+000                 -3.6926265400020957E+000                  1.0675150237995124E+001                  3.5523510788245093E-005                  4.1220601136655527E-001                  5.8775846512265650E-001                  1.2487258103878187E-122                  1.5179821842168315E-125                  0.0000000000000000E+000 
                                     505                  2.2333978157323250E-001                 -3.7141646206860196E-001                  6.2670861001025235E+000                 -3.6769757788502164E+000                  1.0696925588780914E+001                  3.5523510786230653E-005                  4.1220601139752833E-001                  5.8775846509168539E-001                  2.0003549282542931E-122                  2.5060982886685533E-125                  0.0000000000000000E+000 
                                     506                  2.2333938427864297E-001                 -3.7651896708358140E-001                  6.2725884691669611E+000                 -3.6613706932801913E+000                  1.0718634232371544E+001                  3.5523510784538321E-005                  4.1220601142354851E-001                  5.8775846506566687E-001                  3.1936829330287994E-122                  4.1226774437334507E-125                  0.0000000000000000E+000 
                                     507                  2.2333898698405344E-001                 -3.8161791487495250E-001                  6.2780746511392032E+000                 -3.6458105838823767E+000                  1.0740278919269246E+001                  3.5523510783168933E-005                  4.1220601144460334E-001                  5.8775846504461349E-001                  5.0824982990647920E-122                  6.7588093537879193E-125                  0.0000000000000000E+000 
                                     508                  2.2333858968946388E-001                 -3.8671371763051482E-001                  6.2821845383282966E+000                 -3.6339722186363961E+000                  1.0756566197795753E+001                  3.5523510782395057E-005                  4.1220601145650215E-001                  5.8775846503271545E-001                  7.1928467890351170E-122                  9.7797417459401311E-125                  0.0000000000000000E+000 
                                     509                  2.2333839104216910E-001                 -3.8925951287483213E-001                  6.2849166061251855E+000                 -3.6262293436842929E+000                  1.0767341343664370E+001                  3.5523510781966729E-005                  4.1220601146308783E-001                  5.8775846502613027E-001                  9.0528939071869739E-122                  1.2491125915996343E-124                  0.0000000000000000E+000 
                                     510                  2.2333819239487435E-001                 -3.9180468435868271E-001                  6.2890031641257247E+000                 -3.6148301848363791E+000                  1.0783383854316545E+001                  3.5523510781451178E-005                  4.1220601147101466E-001                  5.8775846501820395E-001                  1.2753964212515904E-121                  1.7988267324996535E-124                  0.0000000000000000E+000 
                                     511                  2.2333779510028481E-001                 -3.9689547270434311E-001                  6.2944252445533735E+000                 -3.5992474005035042E+000                  1.0804852196135087E+001                  3.5523507488569111E-005                  4.1220606210048444E-001                  5.8775841439202692E-001                  2.0087818730616254E-121                  2.9166022727436880E-124                  0.0000000000000000E+000 
                                     512                  2.2333739780569525E-001                 -4.0198255895767376E-001                  6.2998024287275127E+000                 -3.5834801118880542E+000                  1.0826266548712839E+001                  3.5523404467615167E-005                  4.1220764608600524E-001                  5.8775683050952710E-001                  3.1487807574109964E-121                  4.7046828833994487E-124                  0.0000000000000000E+000 
                                     513                  2.2333700051110572E-001                 -4.0706361611955683E-001                  6.3051352294811851E+000                 -3.5675415733433775E+000                  1.0847628478289364E+001                  3.5516628390437568E-005                  4.1231182584750670E-001                  5.8765265752410278E-001                  4.9136740875010943E-121                  7.5491920513669450E-124                  0.0000000000000000E+000 
                                     514                  2.2333660321651619E-001                 -4.1213640019210740E-001                  6.3104243505537410E+000                 -3.5514054454092858E+000                  1.0868939035701651E+001                  3.5516628386592845E-005                  4.1231182590660675E-001                  5.8765265746500672E-001                  7.6309368180075873E-121                  1.2056428688911999E-123                  0.0000000000000000E+000 
                                     515                  2.2333620592192666E-001                 -4.1719828606226628E-001                  6.3156708245115585E+000                 -3.5350940351220790E+000                  1.0890198713135415E+001                  3.5516628382748129E-005                  4.1231182596570642E-001                  5.8765265740591088E-001                  1.1797750471798027E-120                  1.9162057873035741E-123                  0.0000000000000000E+000 
                                     516                  2.2333580862733710E-001                 -4.2224683661920104E-001                  6.3195808566511031E+000                 -3.5225421324909263E+000                  1.0906201619510176E+001                  3.5516628379864551E-005                  4.1231182601003175E-001                  5.8765265736158834E-001                  1.6321311069113804E-120                  2.7059073572050776E-123                  0.0000000000000000E+000 
                                     517                  2.2333560998004234E-001                 -4.2476422518849466E-001                  6.3221735123956337E+000                 -3.5142706942950195E+000                  1.0916791575427501E+001                  3.5516628377942199E-005                  4.1231182603958155E-001                  5.8765265733204053E-001                  2.0227938762673694E-120                  3.3994333177441449E-123                  0.0000000000000000E+000 
                                     518                  2.2333541133274756E-001                 -4.2727741157384852E-001                  6.3260410150101096E+000                 -3.5019965716256758E+000                  1.0932562038989859E+001                  3.5516628375058615E-005                  4.1231182608390687E-001                  5.8765265728771809E-001                  2.7834899099489744E-120                  4.7733152625505582E-123                  0.0000000000000000E+000 
                                     519                  2.2333501403815803E-001                 -4.3229224297973484E-001                  6.3311643450266226E+000                 -3.4852082982447077E+000                  1.0953667028951951E+001                  3.5516628371213851E-005                  4.1231182614300693E-001                  5.8765265722862181E-001                  4.2480201216678694E-120                  7.4817659233375521E-123                  0.0000000000000000E+000 
                                     520                  2.2333461674356847E-001                 -4.3728662853401273E-001                  6.3362486271870946E+000                 -3.4682835157593761E+000                  1.0974718568911410E+001                  3.5516628306273081E-005                  4.1231182714124998E-001                  5.8765265623044383E-001                  6.4563745916716267E-120                  1.1675137263456046E-122                  0.0000000000000000E+000 
                                     521                  2.2333421944897894E-001                 -4.4225834824093246E-001                  6.3412947768819432E+000                 -3.4512347734008864E+000                  1.0995715034590395E+001                  3.5516628277990014E-005                  4.1231182757600671E-001                  5.8765265579571535E-001                  9.7730638334503474E-120                  1.8139762271785201E-122                  0.0000000000000000E+000 
                                     522                  2.2333382215438941E-001                 -4.4720528189886488E-001                  6.3463036927355594E+000                 -3.4340752222467632E+000                  1.1016654492110712E+001                  3.5516628249706832E-005                  4.1231182801076405E-001                  5.8765265536098621E-001                  1.4734838772584742E-119                  2.8063950607709104E-122                  0.0000000000000000E+000 
                                     523                  2.2333342485979985E-001                 -4.5212542089899310E-001                  6.3500390388814507E+000                 -3.4209447860949433E+000                  1.1032408034604542E+001                  3.5516628228494498E-005                  4.1231182833683205E-001                  5.8765265503493946E-001                  2.0009915041665900E-119                  3.8848682972710492E-122                  0.0000000000000000E+000 
                                     524                  2.2333322621250509E-001                 -4.5457383854961242E-001                  6.3525169149993319E+000                 -3.4123021981592974E+000                  1.1042831334164493E+001                  3.5516628214352924E-005                  4.1231182855421045E-001                  5.8765265481757523E-001                  2.4498791419784371E-119                  4.8171169918423453E-122                  0.0000000000000000E+000 
                                     525                  2.2333302756521031E-001                 -4.5701489122028083E-001                  6.3562148188882039E+000                 -3.3994946569376654E+000                  1.1058350781284183E+001                  3.5516383870781120E-005                  4.1231558450407979E-001                  5.8764889911204943E-001                  3.3109340016756756E-119                  6.6342614010561379E-122                  0.0000000000000000E+000 
                                     526                  2.2333263027062081E-001                 -4.6187602559567814E-001                  6.3611166091161300E+000                 -3.3820811382102205E+000                  1.1079104874366667E+001                  3.5516383566658128E-005                  4.1231558917893429E-001                  5.8764889443749913E-001                  4.9345483618019228E-119                  1.0137561056001602E-121                  0.0000000000000000E+000 
                                     527                  2.2333223297603122E-001                 -4.6670505242276933E-001                  6.3659839785240999E+000                 -3.3646085316000058E+000                  1.1099791934871327E+001                  3.5516383262535115E-005                  4.1231559385378852E-001                  5.8764888976294893E-001                  7.3268578126456817E-119                  1.5428837501634195E-121                  0.0000000000000000E+000 
                                     528                  2.2333183568144171E-001                 -4.7150044223132609E-001                  6.3708171687606887E+000                 -3.3470874832167121E+000                  1.1120409043720871E+001                  3.5516382958412137E-005                  4.1231559852864269E-001                  5.8764888508839896E-001                  1.0838600387199429E-118                  2.3388634080820967E-121                  0.0000000000000000E+000 
                                     529                  2.2333143838685218E-001                 -4.7626076862348193E-001                  6.3756162572186534E+000                 -3.3295276873539095E+000                  1.1140953183470788E+001                  3.5516382657086935E-005                  4.1231560316049026E-001                  5.8764888045685271E-001                  1.5974263907054960E-118                  3.5314794844567761E-121                  0.0000000000000000E+000 
                                     530                  2.2333104109226265E-001                 -4.8098470044143082E-001                  6.3803811793302243E+000                 -3.3119379869101606E+000                  1.1161421263423570E+001                  3.5516382347368349E-005                  4.1231560792135813E-001                  5.8764887569629454E-001                  2.3456543978698840E-118                  5.3112016743680021E-121                  0.0000000000000000E+000 
                                     531                  2.2333064379767309E-001                 -4.8567099481101089E-001                  6.3874557195548007E+000                 -3.2862097577058580E+000                  1.1191656515434699E+001                  3.5516381871599226E-005                  4.1231561523468618E-001                  5.8764886838344221E-001                  4.1358439028845813E-118                  9.7018811865453055E-121                  0.0000000000000000E+000 
                                     532                  2.2332984920849402E-001                 -4.9493946964139784E-001                  6.3944653126988635E+000                 -3.2590058575079279E+000                  1.1222354961359343E+001                  3.5516381380267397E-005                  4.1231562278723877E-001                  5.8764886083138101E-001                  7.2629904844052060E-118                  1.7642200116571027E-120                  0.0000000000000000E+000 
                                     533                  2.2332945191390446E-001                 -4.9950596480300374E-001                  6.3979403619205666E+000                 -3.2456112733211748E+000                  1.1237542139003121E+001                  3.5516381135475797E-005                  4.1231562655007531E-001                  5.8764885706878922E-001                  9.5900115689452475E-118                  2.3699320800988119E-120                  0.0000000000000000E+000 
                                     534                  2.2332925326660968E-001                 -5.0177281072621871E-001                  6.4002451050028828E+000                 -3.2368031529125414E+000                  1.1247584835240827E+001                  3.5516380972747669E-005                  4.1231562905146540E-001                  5.8764885456756177E-001                  1.1524873224832223E-117                  2.8807324615022605E-120                  0.0000000000000000E+000 
                                     535                  2.2332905461931493E-001                 -5.0402912014343504E-001                  6.4036837318070683E+000                 -3.2237619263240829E+000                  1.1262528648553829E+001                  3.5516380728976046E-005                  4.1231563279862321E-001                  5.8764885082064788E-001                  1.5148953665779749E-117                  3.8514037096680171E-120                  0.0000000000000000E+000 
                                     536                  2.2332865732472540E-001                 -5.0851122587655084E-001                  6.4082372134738739E+000                 -3.2061434098052972E+000                  1.1282475113397103E+001                  3.5516380404976985E-005                  4.1231563777900404E-001                  5.8764884584059096E-001                  2.1754069338554210E-117                  5.6559787872096557E-120                  0.0000000000000000E+000 
                                     537                  2.2332826003013584E-001                 -5.1294981514225224E-001                  6.4149923931031658E+000                 -3.1803824768687710E+000                  1.1311917391813765E+001                  3.5516379920493926E-005                  4.1231564522627984E-001                  5.8764883839379967E-001                  3.7101733178533160E-117                  9.9709665299426198E-120                  0.0000000000000000E+000 
                                     538                  2.2332746544095677E-001                 -5.2170479608456155E-001                  6.4216703568763904E+000                 -3.1533546145671214E+000                  1.1341727364504267E+001                  3.5516379435631945E-005                  4.1231565267937947E-001                  5.8764883094118492E-001                  6.2963969567549189E-117                  1.7481505243111500E-119                  0.0000000000000000E+000 
                                     539                  2.2332706814636721E-001                 -5.2600843139021614E-001                  6.4260740955691267E+000                 -3.1358377728525606E+000                  1.1361264424263915E+001                  3.5516379112390579E-005                  4.1231565764811290E-001                  5.8764882597277479E-001                  8.9059036626504573E-117                  2.5261176650297155E-119                  0.0000000000000000E+000 
                                     540                  2.2332667085177768E-001                 -5.3026599115647810E-001                  6.4304393285642893E+000                 -3.1183607210839632E+000                  1.1380691481692004E+001                  3.5516371554308727E-005                  4.1231577382783435E-001                  5.8764870980061135E-001                  1.2548968829488420E-116                  3.6354798914033401E-119                  0.0000000000000000E+000 
                                     541                  2.2332627355718815E-001                 -5.3447700729259140E-001                  6.4347658778129775E+000                 -3.1009297324296901E+000                  1.1400005828822351E+001                  3.5516371554308727E-005                  4.1231577382783435E-001                  5.8764870980061135E-001                  1.7615047068755115E-116                  5.2108170196586777E-119                  0.0000000000000000E+000 
                                     542                  2.2332587626259859E-001                 -5.3864108569735980E-001                  6.4390536145521606E+000                 -3.0835510885152853E+000                  1.1419204859854723E+001                  3.5516371554308727E-005                  4.1231577382783435E-001                  5.8764870980061135E-001                  2.4632504463004619E-116                  7.4385703084337253E-119                  0.0000000000000000E+000 
                                     543                  2.2332547896800906E-001                 -5.4275790628439513E-001                  6.4433024576568201E+000                 -3.0662309743663707E+000                  1.1438286079366380E+001                  3.5516371554308727E-005                  4.1231577382783435E-001                  5.8764870980061135E-001                  3.4315224796539250E-116                  1.0575913890218944E-118                  0.0000000000000000E+000 
                                     544                  2.2332508167341952E-001                 -5.4682722182024590E-001                  6.4496006829667900E+000                 -3.0409211516488099E+000                  1.1466425962366898E+001                  3.5516371554308727E-005                  4.1231577382783435E-001                  5.8764870980061135E-001                  5.5946247661483896E-116                  1.7769294555759162E-118                  0.0000000000000000E+000 
                                     545                  2.2332428708424043E-001                 -5.5483128653537472E-001                  6.4558131555330913E+000                 -3.0146459672182808E+000                  1.1494809971075332E+001                  3.5516371554308727E-005                  4.1231577382783441E-001                  5.8764870980061135E-001                  9.0693188209060335E-116                  2.9669293686689515E-118                  0.0000000000000000E+000 
                                     546                  2.2332388978965093E-001                 -5.5875721525117028E-001                  6.4599072134440778E+000                 -2.9976208519267318E+000                  1.1513398427357632E+001                  3.5516371554308727E-005                  4.1231577382783435E-001                  5.8764870980061135E-001                  1.2446789224179947E-115                  4.1515961744488080E-118                  0.0000000000000000E+000 
                                     547                  2.2332349249506139E-001                 -5.6263535739225590E-001                  6.4639626512367085E+000                 -2.9806829975210309E+000                  1.1531858412878304E+001                  3.5516371554308727E-005                  4.1231577382783435E-001                  5.8764870980061135E-001                  1.7019062208477449E-115                  5.7864814098728651E-118                  0.0000000000000000E+000 
                                     548                  2.2332309520047183E-001                 -5.6646580092354193E-001                  6.4679796984408338E+000                 -2.9638378145967930E+000                  1.1550188221060134E+001                  3.5516371554308727E-005                  4.1231577382783435E-001                  5.8764870980061135E-001                  2.3185838806616170E-115                  8.0337831781526215E-118                  0.0000000000000000E+000 
                                     549                  2.2332269790588230E-001                 -5.7024869517171051E-001                  6.4739333756003310E+000                 -2.9392339668256713E+000                  1.1577207130881495E+001                  3.5516371554308727E-005                  4.1231577382783435E-001                  5.8764870980061135E-001                  3.6576924306428935E-115                  1.3032882422487736E-117                  0.0000000000000000E+000 
                                     550                  2.2332190331670321E-001                 -5.7767949511811301E-001                  6.4798015807556890E+000                 -2.9138828188449502E+000                  1.1604389541337062E+001                  3.5516371554308727E-005                  4.1231577382783435E-001                  5.8764870980061135E-001                  5.7366886357750671E-115                  2.1009059837747403E-117                  0.0000000000000000E+000 
                                     551                  2.2332150602211367E-001                 -5.8132115465661804E-001                  6.4836686071740326E+000                 -2.8974589127443795E+000                  1.1622185199004601E+001                  3.5516371554308727E-005                  4.1231577382783435E-001                  5.8764870980061135E-001                  7.7046204038588124E-115                  2.8728859318542521E-117                  0.0000000000000000E+000 
                                     552                  2.2332110872752414E-001                 -5.8491642137120192E-001                  6.4894005004342832E+000                 -2.8734764166121005E+000                  1.1648411615448632E+001                  3.5516371554308727E-005                  4.1231577382783435E-001                  5.8764870980061135E-001                  1.1902199103153068E-114                  4.5577186798345373E-117                  0.0000000000000000E+000 
                                     553                  2.2332031413834505E-001                 -5.9197517098214081E-001                  6.4950494545042217E+000                 -2.8488775475655399E+000                  1.1674755903095480E+001                  3.5515948263088848E-005                  4.1232228053993647E-001                  5.8764220351180052E-001                  1.8281772160586403E-114                  7.1856709149340483E-117                  0.0000000000000000E+000 
                                     554                  2.2331991684375552E-001                 -5.9543382976143744E-001                  6.4987725081879120E+000                 -2.8329405302814887E+000                  1.1692001264065002E+001                  3.5515732569966719E-005                  4.1232559606854696E-001                  5.8763888819888299E-001                  2.4221120478071060E-114                  9.6846920783894079E-117                  0.0000000000000000E+000 
                                     555                  2.2331951954916598E-001                 -5.9884796051197675E-001                  6.5024605929549919E+000                 -2.8171327799589627E+000                  1.1709107432099019E+001                  3.5515604043511940E-005                  4.1232757168476908E-001                  5.8763691271118734E-001                  3.1984230797838435E-114                  1.3007170629032106E-116                  0.0000000000000000E+000 
                                     556                  2.2331912225457642E-001                 -6.0221810930765007E-001                  6.5061141700493108E+000                 -2.8014571565120683E+000                  1.1726074101347843E+001                  3.5515413520128290E-005                  4.1233050019978551E-001                  5.8763398438669434E-001                  4.2098386153288048E-114                  1.7409162297637933E-116                  0.0000000000000000E+000 
                                     557                  2.2331872495998689E-001                 -6.0554485067555064E-001                  6.5115313683511618E+000                 -2.7785694276371578E+000                  1.1751076247195439E+001                  3.5515045072481007E-005                  4.1233616350403551E-001                  5.8762832145089194E-001                  6.3138754666176915E-114                  2.6763506281642230E-116                  0.0000000000000000E+000 
                                     558                  2.2331793037080780E-001                 -6.1207494255561634E-001                  6.5168703325524939E+000                 -2.7552219235941555E+000                  1.1776140940030507E+001                  3.5515044986976378E-005                  4.1233616481794799E-001                  5.8762832013706501E-001                  9.4174769312283863E-114                  4.0900758245042480E-116                  0.0000000000000000E+000 
                                     559                  2.2331753307621827E-001                 -6.1527505378611858E-001                  6.5203897209443600E+000                 -2.7400884285605223E+000                  1.1792549431267124E+001                  3.5515044929973338E-005                  4.1233616569388937E-001                  5.8762831926118064E-001                  1.2240340997029752E-113                  5.4015965289107400E-116                  0.0000000000000000E+000 
                                     560                  2.2331713578162876E-001                 -6.1843420708427632E-001                  6.5247431160258156E+000                 -2.7215061863251893E+000                  1.1812792449442124E+001                  3.5515044858719490E-005                  4.1233616678881663E-001                  5.8762831816632466E-001                  1.6909051498492231E-113                  7.6102328631982322E-116                  0.0000000000000000E+000 
                                     561                  2.2331653983974442E-001                 -6.2309870632812936E-001                  6.5298984959385944E+000                 -2.6993058223745319E+000                  1.1836887504728752E+001                  3.5515044773214875E-005                  4.1233616810272877E-001                  5.8762831685249806E-001                  2.4771581155404139E-113                  1.1410990536508595E-115                  0.0000000000000000E+000 
                                     562                  2.2331594389786014E-001                 -6.2767449332920677E-001                  6.5349811359411083E+000                 -2.6774109146254830E+000                  1.1860671873572723E+001                  3.5515044687710300E-005                  4.1233616941664103E-001                  5.8762831553867123E-001                  3.6048542478524928E-113                  1.6989061532421255E-115                  0.0000000000000000E+000 
                                     563                  2.2331534795597580E-001                 -6.3216369434196207E-001                  6.5399915978173802E+000                 -2.6558182937669401E+000                  1.1884147578330598E+001                  3.5515044602205692E-005                  4.1233617073055329E-001                  5.8762831422484452E-001                  5.2115420222083360E-113                  2.5117935409532951E-115                  0.0000000000000000E+000 
                                     564                  2.2331475201409151E-001                 -6.3656841079257298E-001                  6.5449304199036868E+000                 -2.6345241879063157E+000                  1.1907316997905200E+001                  3.5514987454722318E-005                  4.1233704889137124E-001                  5.8762743612117396E-001                  7.4857356616366813E-113                  3.6881899156079487E-115                  0.0000000000000000E+000 
                                     565                  2.2331415607220717E-001                 -6.4089071169503442E-001                  6.5497981391137339E+000                 -2.6135239570316071E+000                  1.1930182825062653E+001                  3.5514985909567269E-005                  4.1233707263510533E-001                  5.8762741237898508E-001                  1.0684025843100150E-112                  5.3790513312710341E-115                  0.0000000000000000E+000 
                                     566                  2.2331356013032289E-001                 -6.4513262395100002E-001                  6.5545953180992971E+000                 -2.5928130196272483E+000                  1.1952748025871976E+001                  3.5514984364412179E-005                  4.1233709637883970E-001                  5.8762738863679587E-001                  1.5153491099155560E-112                  7.7930491878302991E-115                  0.0000000000000000E+000 
                                     567                  2.2331296418843855E-001                 -6.4929613233446781E-001                  6.5593226232115036E+000                 -2.5723867949856754E+000                  1.1975015803080783E+001                  3.5514982819257055E-005                  4.1233712012257429E-001                  5.8762736489460643E-001                  2.1360632287188236E-112                  1.1216764048835261E-114                  0.0000000000000000E+000 
                                     568                  2.2331236824655426E-001                 -6.5338317899659037E-001                  6.5647520509642705E+000                 -2.5490596616479171E+000                  1.2000546146902279E+001                  3.5514981016576112E-005                  4.1233714782359754E-001                  5.8762733719538596E-001                  3.1632876166020630E-112                  1.7012124066711641E-114                  0.0000000000000000E+000 
                                     569                  2.2331157365737517E-001                 -6.5871830028949963E-001                  6.5708416400600349E+000                 -2.5226762871212789E+000                  1.2029334141051171E+001                  3.5514978956369316E-005                  4.1233717948191007E-001                  5.8762730553913356E-001                  4.9076303921198448E-112                  2.7106360865423845E-114                  0.0000000000000000E+000 
                                     570                  2.2331077906819610E-001                 -6.6392515005581265E-001                  6.5753289947133666E+000                 -2.5029714926588813E+000                  1.2050716181709152E+001                  3.5514977411214220E-005                  4.1233720322564449E-001                  5.8762728179694435E-001                  6.7792614428665890E-112                  3.8184129193980064E-114                  0.0000000000000000E+000 
                                     571                  2.2331038177360654E-001                 -6.6648080243207775E-001                  6.5782867099482658E+000                 -2.4901523560095367E+000                  1.2064728423189115E+001                  3.5514976381110829E-005                  4.1233721905480064E-001                  5.8762726596881820E-001                  8.3803582135766335E-112                  4.7813585217962774E-114                  0.0000000000000000E+000 
                                     572                  2.2330998447901701E-001                 -6.6900605096932420E-001                  6.5826726899952108E+000                 -2.4713680795301771E+000                  1.2085398206760386E+001                  3.5514974835955678E-005                  4.1233724279853518E-001                  5.8762724222662888E-001                  1.1461544173123871E-111                  6.6649463910476281E-114                  0.0000000000000000E+000 
                                     573                  2.2330918988983792E-001                 -6.7396930887307915E-001                  6.5884173265834676E+000                 -2.4464554609418294E+000                  1.2112695044950730E+001                  3.5494694092977107E-005                  4.1264877556649115E-001                  5.8731572973941581E-001                  1.7273278518642314E-111                  1.0283725932613511E-113                  0.0000000000000000E+000 
                                     574                  2.2330839530065888E-001                 -6.7881741644965188E-001                  6.5926513139837617E+000                 -2.4278548226978725E+000                  1.2132963193272959E+001                  3.5485284146012210E-005                  4.1279321186632012E-001                  5.8717130284953389E-001                  2.3354598761576331E-111                  1.4151708648300864E-113                  0.0000000000000000E+000 
                                     575                  2.2330799800606929E-001                 -6.8119864464690716E-001                  6.5954429105685959E+000                 -2.4157464725371582E+000                  1.2146252149519647E+001                  3.5476768139139261E-005                  4.1292381419673752E-001                  5.8704070903512329E-001                  2.8472133011783770E-111                  1.7451395668221833E-113                  0.0000000000000000E+000 
                                     576                  2.2330760071147979E-001                 -6.8355258541994623E-001                  6.5995840164524102E+000                 -2.3979951595469013E+000                  1.2165864361449870E+001                  3.5460630065485390E-005                  4.1317118488815996E-001                  5.8679335448177450E-001                  3.8160294935446544E-111                  2.3783928881221463E-113                  0.0000000000000000E+000 
                                     577                  2.2330680612230072E-001                 -6.8818210237670174E-001                  6.6050117748646677E+000                 -2.3743984444470771E+000                  1.2191758486622451E+001                  3.5459978063422001E-005                  4.1318116877089955E-001                  5.8678337125103708E-001                  5.5948078280508931E-111                  3.5687036691706824E-113                  0.0000000000000000E+000 
                                     578                  2.2330601153312163E-001                 -6.9270766316111188E-001                  6.6103417269153910E+000                 -2.3512438148770061E+000                  1.2217205315365156E+001                  3.5459321403285226E-005                  4.1319122390492158E-001                  5.8677331677367506E-001                  8.1349764057003844E-111                  5.3078163558763771E-113                  0.0000000000000000E+000 
                                     579                  2.2330521694394254E-001                 -6.9713298510908717E-001                  6.6155768627318130E+000                 -2.3285222796229696E+000                  1.2242214947026000E+001                  3.5458678717368405E-005                  4.1320106528509665E-001                  5.8676347603618595E-001                  1.1733999865513688E-110                  7.8276070951196159E-113                  0.0000000000000000E+000 
                                     580                  2.2330442235476347E-001                 -7.0146166094349394E-001                  6.6207199580590732E+000                 -2.3062241573748454E+000                  1.2266797467497566E+001                  3.5458050005671450E-005                  4.1321069291142498E-001                  5.8675384903856931E-001                  1.6794567723411564E-110                  1.1449100749775649E-112                  0.0000000000000000E+000 
                                     581                  2.2330362776558438E-001                 -7.0569715310590198E-001                  6.6245160644851175E+000                 -2.2896162716502775E+000                  1.2285046438282631E+001                  3.5457528397610798E-005                  4.1321867958245562E-001                  5.8674586288914676E-001                  2.1873216250131399E-110                  1.5151113134963890E-112                  0.0000000000000000E+000 
                                     582                  2.2330323047099485E-001                 -7.0778047300213698E-001                  6.6270213077887599E+000                 -2.2787810315132533E+000                  1.2297024438693404E+001                  3.5457155815846109E-005                  4.1322438403664846E-001                  5.8674015880753572E-001                  2.6022704441631268E-110                  1.8215714796052322E-112                  0.0000000000000000E+000 
                                     583                  2.2330283317640529E-001                 -7.0984175639912561E-001                  6.6307412259622227E+000                 -2.2628632496805139E+000                  1.2314720101516786E+001                  3.5456582968979250E-005                  4.1323315447178416E-001                  5.8673138894524679E-001                  3.3648332033026342E-110                  2.3922987390158466E-112                  0.0000000000000000E+000 
                                     584                  2.2330203858722622E-001                 -7.1390076337122976E-001                  6.6356230002848582E+000                 -2.2417732774155277E+000                  1.2338080995617497E+001                  3.5455753960130513E-005                  4.1324584590325097E-001                  5.8671869834278889E-001                  4.7120787132400844E-110                  3.4190435922771100E-112                  0.0000000000000000E+000 
                                     585                  2.2330124399804713E-001                 -7.1787617434198414E-001                  6.6404222451089225E+000                 -2.2210647698006167E+000                  1.2361054336894490E+001                  3.5454855080182248E-005                  4.1325960610395296E-001                  5.8670493904096688E-001                  6.5538645059303988E-110                  4.8511916617663895E-112                  0.0000000000000000E+000 
                                     586                  2.2330044940886809E-001                 -7.2177092186847147E-001                  6.6451410312192154E+000                 -2.2007268021575470E+000                  1.2383649678928533E+001                  3.5453979490600527E-005                  4.1327301004824285E-001                  5.8669153597226653E-001                  9.0553642936470747E-110                  6.8350605771533166E-112                  0.0000000000000000E+000 
                                     587                  2.2329965481968900E-001                 -7.2558780895784092E-001                  6.6497813349521717E+000                 -2.1807487982903768E+000                  1.2405876403833652E+001                  3.5453103901018846E-005                  4.1328641399253274E-001                  5.8667813290356619E-001                  1.2431494371362719E-109                  9.5648091485950631E-112                  0.0000000000000000E+000 
                                     588                  2.2329886023050990E-001                 -7.2932951521090739E-001                  6.6543450498404777E+000                 -2.1611202947823487E+000                  1.2427743708688663E+001                  3.5452228311437158E-005                  4.1329981793682258E-001                  5.8666472983486595E-001                  1.6960210694530529E-109                  1.3296480187861551E-111                  0.0000000000000000E+000 
                                     589                  2.2329806564133084E-001                 -7.3299860076547463E-001                  6.6588336756162469E+000                 -2.1418625377537883E+000                  1.2449260594714191E+001                  3.5435866974973246E-005                  4.1355010483261756E-001                  5.8641445930040748E-001                  2.3010027335472394E-109                  1.8356344490653740E-111                  0.0000000000000000E+000 
                                     590                  2.2329727105215175E-001                 -7.3659777532596682E-001                  6.6632491058116736E+000                 -2.1228992971195004E+000                  1.2470435909295688E+001                  3.5435648314755967E-005                  4.1355344971064334E-001                  5.8641111464104190E-001                  3.1018302879018476E-109                  2.5196640367874392E-111                  0.0000000000000000E+000 
                                     591                  2.2329647646297265E-001                 -7.4012908508139730E-001                  6.6665117116491723E+000                 -2.1087789236778676E+000                  1.2486160671449531E+001                  3.5435484319592971E-005                  4.1355595836916270E-001                  5.8640860614651769E-001                  3.8664897612397766E-109                  3.1829557721949680E-111                  0.0000000000000000E+000 
                                     592                  2.2329607916838312E-001                 -7.4186969508912692E-001                  6.6686667004237732E+000                 -2.0995393999964107E+000                  1.2496498672717337E+001                  3.5435374989484290E-005                  4.1355763080817531E-001                  5.8640693381683517E-001                  4.4701774869554839E-109                  3.7124012318860032E-111                  0.0000000000000000E+000 
                                     593                  2.2329568187379359E-001                 -7.4359418097651375E-001                  6.6718693342726212E+000                 -2.0859285842780464E+000                  1.2511795293659034E+001                  3.5435210994321294E-005                  4.1356013946669495E-001                  5.8640442532231074E-001                  5.5421027484848716E-109                  4.6630023574450872E-111                  0.0000000000000000E+000 
                                     594                  2.2329488728461450E-001                 -7.4699639355116909E-001                  6.6760770452213354E+000                 -2.0679005324905098E+000                  1.2531996437501141E+001                  3.5434944165794985E-005                  4.1356422128127113E-001                  5.8640034377456307E-001                  7.3478772100656929E-109                  6.2888336862854474E-111                  0.0000000000000000E+000 
                                     595                  2.2329409269543543E-001                 -7.5033717637697184E-001                  6.6802190509847064E+000                 -2.0501671424007029E+000                  1.2551889051464196E+001                  3.5434727296221146E-005                  4.1356753876388602E-001                  5.8639702650881775E-001                  9.6913635074833479E-109                  8.4347948254264620E-111                  0.0000000000000000E+000 
                                     596                  2.2329329810625634E-001                 -7.5361849456538466E-001                  6.6842970643448369E+000                 -2.0327205044777519E+000                  1.2571480859223140E+001                  3.5434560385599788E-005                  4.1357009191453920E-001                  5.8639447352507523E-001                  1.2717759948620717E-108                  1.1252526068405552E-110                  0.0000000000000000E+000 
                                     597                  2.2329250351707725E-001                 -7.5684223164266951E-001                  6.6883127681766830E+000                 -2.0155530622679132E+000                  1.2590779372253511E+001                  3.5434425527496262E-005                  4.1357215468733960E-001                  5.8639241088713290E-001                  1.6607508748349678E-108                  1.4933633227511062E-110                  0.0000000000000000E+000 
                                     598                  2.2329170892789821E-001                 -7.6001019412140092E-001                  6.6935778757258273E+000                 -1.9932870495187340E+000                  1.2615948829880802E+001                  3.5434312686756872E-005                  4.1357388046270938E-001                  5.8639068522460391E-001                  2.3525521700601256E-108                  2.1606193828052614E-110                  0.0000000000000000E+000 
                                     599                  2.2329038461259973E-001                 -7.6517250108529178E-001                  6.6984086499089832E+000                 -1.9724080651897309E+000                  1.2639348800730675E+001                  3.5434131259900945E-005                  4.1357665542365213E-001                  5.8638791044508798E-001                  3.2380297759873004E-108                  3.0318662393545023E-110                  0.0000000000000000E+000 
                                     600                  2.2328972245495049E-001                 -7.6769880304232008E-001                  6.7015841256318405E+000                 -1.9588714752243395E+000                  1.2654621707179317E+001                  3.5434003148647670E-005                  4.1357861489228781E-001                  5.8638595110456349E-001                  3.9906989034836583E-108                  3.7842305273311102E-110                  0.0000000000000000E+000 
                                     601                  2.2328906029730128E-001                 -7.7019038770526194E-001                  6.7047212018199946E+000                 -1.9455077709559383E+000                  1.2669712273458352E+001                  3.5433874298313798E-005                  4.1358058565756867E-001                  5.8638398046813300E-001                  4.9036634918591323E-108                  4.7083669608766933E-110                  0.0000000000000000E+000 
                                     602                  2.2328839813965207E-001                 -7.7264812849589171E-001                  6.7078207385702395E+000                 -1.9323133855079533E+000                  1.2684624224457087E+001                  3.5433726185173658E-005                  4.1358285101693459E-001                  5.8638171525688021E-001                  6.0079727165740980E-108                  5.8401183689181286E-110                  0.0000000000000000E+000 
                                     603                  2.2328773598200280E-001                 -7.7507287060942442E-001                  6.7124066837291512E+000                 -1.9130314980839580E+000                  1.2706546297636692E+001                  3.5433478331721804E-005                  4.1358664184809651E-001                  5.8637792467357175E-001                  8.1032586666267132E-108                  8.0211770738166156E-110                  0.0000000000000000E+000 
                                     604                  2.2328641166670435E-001                 -7.7982807440785329E-001                  6.7183895578662369E+000                 -1.8876004821851475E+000                  1.2735349609072358E+001                  3.5433106119934554E-005                  4.1359233473899587E-001                  5.8637223215488421E-001                  1.1963195907332576E-107                  1.2124780975142232E-109                  0.0000000000000000E+000 
                                     605                  2.2328508735140587E-001                 -7.8446063121751153E-001                  6.7227826145161007E+000                 -1.8687520185449005E+000                  1.2756632201126518E+001                  3.5432829758566309E-005                  4.1359656143806445E-001                  5.8636800573217696E-001                  1.5915550041005144E-107                  1.6411445277807817E-109                  0.0000000000000000E+000 
                                     606                  2.2328442519375666E-001                 -7.8673212970851436E-001                  6.7256735891505475E+000                 -1.8565018141197602E+000                  1.2770545966353707E+001                  3.5432646815032547E-005                  4.1359935930974195E-001                  5.8636520804344294E-001                  1.9189072929724707E-107                  2.0012490110083408E-109                  0.0000000000000000E+000 
                                     607                  2.2328376303610742E-001                 -7.8897515486641423E-001                  6.7299544539345320E+000                 -1.8385698833594575E+000                  1.2791024042943604E+001                  3.5432375176690661E-005                  4.1360351355817715E-001                  5.8636105406664618E-001                  2.5283855917455728E-107                  2.6813927239714204E-109                  0.0000000000000000E+000 
                                     608                  2.2328243872080894E-001                 -7.9337959798695568E-001                  6.7341553436767105E+000                 -1.8206130798416928E+000                  1.2811370674479127E+001                  3.5432101286188179E-005                  4.1360770219799931E-001                  5.8635686570071455E-001                  3.3145313657330059E-107                  3.5731660714101294E-109                  0.0000000000000000E+000 
                                     609                  2.2328177656315973E-001                 -7.9554115112843671E-001                  6.7369212076911342E+000                 -1.8089293417227099E+000                  1.2824682562098776E+001                  3.5431917861628730E-005                  4.1361050729207671E-001                  5.8635406079006169E-001                  3.9583711405812386E-107                  4.3134017283250407E-109                  0.0000000000000000E+000 
                                     610                  2.2328111440551049E-001                 -7.9767679121921520E-001                  6.7410187939492552E+000                 -1.7918089256873719E+000                  1.2844288754312391E+001                  3.5431641478452795E-005                  4.1361473393448617E-001                  5.8634983442403543E-001                  5.1437424901991063E-107                  5.6949235973073126E-109                  0.0000000000000000E+000 
                                     611                  2.2327979009021201E-001                 -8.0187365751493289E-001                  6.7463750040740704E+000                 -1.7692201918156150E+000                  1.2870075324776215E+001                  3.5431269795513499E-005                  4.1362041786477177E-001                  5.8634415086543279E-001                  7.2397864049085964E-107                  8.1833628389887210E-109                  0.0000000000000000E+000 
                                     612                  2.2327846577491356E-001                 -8.0597364350042711E-001                  6.7516201505219149E+000                 -1.7471322750307401E+000                  1.2895326110664719E+001                  3.5430895462686800E-005                  4.1362614223465954E-001                  5.8633842686987769E-001                  1.0105256134117038E-106                  1.1655531208139035E-108                  0.0000000000000000E+000 
                                     613                  2.2327714145961508E-001                 -8.0998098257939222E-001                  6.7554797126783788E+000                 -1.7307478400269167E+000                  1.2914008147229131E+001                  3.5430611416480634E-005                  4.1363048577377537E-001                  5.8633408361480810E-001                  1.2909819435820504E-106                  1.5112789049484961E-108                  0.0000000000000000E+000 
                                     614                  2.2327647930196584E-001                 -8.1195076318156290E-001                  6.7580229893184356E+000                 -1.7200653956768541E+000                  1.2926247798972014E+001                  3.5430420232315672E-005                  4.1363340924790337E-001                  5.8633116033186439E-001                  1.5161804335394390E-106                  1.7922940428338938E-108                  0.0000000000000000E+000 
                                     615                  2.2327581714431663E-001                 -8.1389886796795363E-001                  6.7611540115131508E+000                 -1.7069822049258923E+000                  1.2941276264800495E+001                  3.5430179407695871E-005                  4.1363709174789015E-001                  5.8632747807270214E-001                  1.8470912095585081E-106                  2.2097786444212463E-108                  0.0000000000000000E+000 
                                     616                  2.2327483118812472E-001                 -8.1676064882866450E-001                  6.7648473238695743E+000                 -1.6914898753807430E+000                  1.2959052880011015E+001                  3.5429893729246848E-005                  4.1364146008049502E-001                  5.8632311002577575E-001                  2.3305176363105018E-106                  2.8277107887226585E-108                  0.0000000000000000E+000 
                                     617                  2.2327384523193283E-001                 -8.1957683406880200E-001                  6.7702946494817757E+000                 -1.6689597487352605E+000                  1.2985070723635939E+001                  3.5429467268157790E-005                  4.1364798105823780E-001                  5.8631658947449405E-001                  3.2778648979341041E-106                  4.0604544386240441E-108                  0.0000000000000000E+000 
                                     618                  2.2327187331954901E-001                 -8.2508010596291281E-001                  6.7756087689708568E+000                 -1.6464187336083629E+000                  1.3010856481704920E+001                  3.5429041109064594E-005                  4.1365449730224008E-001                  5.8631007365665089E-001                  4.5724795557787939E-106                  5.7794323904641659E-108                  0.0000000000000000E+000 
                                     619                  2.2327088736335712E-001                 -8.2776765317290135E-001                  6.7790946793161329E+000                 -1.6318447820861903E+000                  1.3027636438357577E+001                  3.5428758575577170E-005                  4.1365881733518728E-001                  5.8630575390623707E-001                  5.6818370528688218E-106                  7.2768645619122222E-108                  0.0000000000000000E+000 
                                     620                  2.2326990140716521E-001                 -8.3041483904231861E-001                  6.7842402637882220E+000                 -1.6106129637240045E+000                  1.3052226130907087E+001                  3.5428337134208110E-005                  4.1366526119002639E-001                  5.8629931047283934E-001                  7.8173223616972381E-106                  1.0207861274906684E-107                  0.0000000000000000E+000 
                                     621                  2.2326792949478139E-001                 -8.3559455385621395E-001                  6.7892655854190620E+000                 -1.5893785927869823E+000                  1.3076603432092451E+001                  3.5427915702723295E-005                  4.1367170478318127E-001                  5.8629286730111607E-001                  1.0676528864741983E-105                  1.4207047630316776E-107                  0.0000000000000000E+000 
                                     622                  2.2326694353858947E-001                 -8.3812751261606167E-001                  6.7925645471091665E+000                 -1.5756255312022978E+000                  1.3092486231125608E+001                  3.5427637777122237E-005                  4.1367595410978675E-001                  5.8628861825243606E-001                  1.3087726573817702E-105                  1.7632082324745888E-107                  0.0000000000000000E+000 
                                     623                  2.2326595758239756E-001                 -8.4062452194909021E-001                  6.7974378707578786E+000                 -1.5555579298098607E+000                  1.3115787757350352E+001                  3.5427225431803804E-005                  4.1368225849644907E-001                  5.8628231427811905E-001                  1.7656168995772204E-105                  2.4223666315375868E-107                  0.0000000000000000E+000 
                                     624                  2.2326398567001374E-001                 -8.4551611347912436E-001                  6.8037784065256117E+000                 -1.5291557764559576E+000                  1.3146331726682575E+001                  3.5426680967347333E-005                  4.1369058270316461E-001                  5.8627399061586805E-001                  2.6045894896428744E-105                  3.6587114546297097E-107                  0.0000000000000000E+000 
                                     625                  2.2326201375762991E-001                 -8.5027521728755107E-001                  6.8084219175391834E+000                 -1.5096322042836163E+000                  1.3168849695078974E+001                  3.5426274982120613E-005                  4.1369678964114565E-001                  5.8626778408387226E-001                  3.4604198761290563E-105                  4.9453115550092782E-107                  0.0000000000000000E+000 
                                     626                  2.2326102780143803E-001                 -8.5260664671131536E-001                  6.8114734347324131E+000                 -1.4969582785844102E+000                  1.3183545147579220E+001                  3.5426005421240479E-005                  4.1370091080348431E-001                  5.8626366319109446E-001                  4.1672656958601056E-105                  6.0230426997158554E-107                  0.0000000000000000E+000 
                                     627                  2.2326004184524614E-001                 -8.5490754254387014E-001                  6.8159859365838198E+000                 -1.4784266157369050E+000                  1.3205137888732740E+001                  3.5425596416574528E-005                  4.1370716388930251E-001                  5.8625741051428093E-001                  5.4791116026798264E-105                  8.0519626068555209E-107                  0.0000000000000000E+000 
                                     628                  2.2325806993286232E-001                 -8.5942199714148115E-001                  6.8218664865844989E+000                 -1.4540279872978714E+000                  1.3233471696012463E+001                  3.5425071553225280E-005                  4.1371518794594309E-001                  5.8624938698250362E-001                  7.8219874265402948E-105                  1.1746128297594835E-106                  0.0000000000000000E+000 
                                     629                  2.2325609802047849E-001                 -8.6382329912107703E-001                  6.8261796470677787E+000                 -1.4359703796521854E+000                  1.3254382951421674E+001                  3.5424690620136361E-005                  4.1372101138698963E-001                  5.8624356392239019E-001                  1.0150656519562771E-104                  1.5485785081240713E-106                  0.0000000000000000E+000 
                                     630                  2.2325511206428658E-001                 -8.6598277035668081E-001                  6.8290166781213895E+000                 -1.4242248331405165E+000                  1.3268049533957939E+001                  3.5424440603129175E-005                  4.1372483339748617E-001                  5.8623974216191077E-001                  1.2040054045251136E-104                  1.8559650153397263E-106                  0.0000000000000000E+000 
                                     631                  2.2325412610809470E-001                 -8.6811601690174167E-001                  6.8332158075773970E+000                 -1.4070191322868730E+000                  1.3288157769954100E+001                  3.5424071485196504E-005                  4.1373047598793017E-001                  5.8623409994058462E-001                  1.5485292112660184E-104                  2.4238666855876860E-106                  0.0000000000000000E+000 
                                     632                  2.2325215419571087E-001                 -8.7230724032156759E-001                  6.8386955995485570E+000                 -1.3843505744059277E+000                  1.3314568839350553E+001                  3.5423576312219534E-005                  4.1373804546145682E-001                  5.8622653096223099E-001                  2.1493136228685425E-104                  3.4319185664705565E-106                  0.0000000000000000E+000 
                                     633                  2.2325018228332705E-001                 -8.7640079045342167E-001                  6.8440530046190693E+000                 -1.3622066257806498E+000                  1.3340393892633102E+001                  3.5423101166213816E-005                  4.1374530855827507E-001                  5.8621926834055871E-001                  2.9578846143490298E-104                  4.8155194116530877E-106                  0.0000000000000000E+000 
                                     634                  2.2324821037094322E-001                 -8.8040113742606585E-001                  6.8492930030403318E+000                 -1.3405638990318569E+000                  1.3365657603778079E+001                  3.5422637907092919E-005                  4.1375238981536705E-001                  5.8621218754672588E-001                  4.0376694496718164E-104                  6.6989087049017869E-106                  0.0000000000000000E+000 
                                     635                  2.2324623845855940E-001                 -8.8431245464143726E-001                  6.8531443102566634E+000                 -1.3245246613312449E+000                  1.3384332504908174E+001                  3.5422301799581319E-005                  4.1375752730919707E-001                  5.8620705038900334E-001                  5.0733699558164438E-104                  8.5346841111399155E-106                  0.0000000000000000E+000 
                                     636                  2.2324525250236751E-001                 -8.8623561517871030E-001                  6.8556807498014427E+000                 -1.3140628261515348E+000                  1.3396562448753304E+001                  3.5422082985566817E-005                  4.1376087186497285E-001                  5.8620370605204153E-001                  5.8934039228552365E-104                  1.0004878722901479E-105                  0.0000000000000000E+000 
                                     637                  2.2324426654617560E-001                 -8.8813797230155866E-001                  6.8594396360145362E+000                 -1.2986977296088158E+000                  1.3414591663743813E+001                  3.5421761285386644E-005                  4.1376578892286475E-001                  5.8619878931584979E-001                  7.3528502432092223E-104                  1.2651723950461721E-105                  0.0000000000000000E+000 
                                     638                  2.2324229463379178E-001                 -8.9188268557555528E-001                  6.8643542508173176E+000                 -1.2784318884318062E+000                  1.3438305205794309E+001                  3.5421334275143744E-005                  4.1377231560546179E-001                  5.8619226306026306E-001                  9.8153385679312101E-104                  1.7187960158122257E-105                  0.0000000000000000E+000 
                                     639                  2.2324032272140795E-001                 -8.9554934256209873E-001                  6.8691685533071798E+000                 -1.2585869545870534E+000                  1.3461542520363219E+001                  3.5420911361845362E-005                  4.1377877963487614E-001                  5.8618579945376204E-001                  1.3013413171005829E-103                  2.3182264082080747E-105                  0.0000000000000000E+000 
                                     640                  2.2323835080902413E-001                 -8.9914115393856020E-001                  6.8738862426322749E+000                 -1.2391457514406081E+000                  1.3484321957665392E+001                  3.5420502031432271E-005                  4.1378503590610372E-001                  5.8617954359186486E-001                  1.7140948935869422E-103                  3.1050824022943819E-105                  0.0000000000000000E+000 
                                     641                  2.2323637889664030E-001                 -9.0266113599622266E-001                  6.8785108229074847E+000                 -1.2200921632756394E+000                  1.3506660859577192E+001                  3.5420088560674463E-005                  4.1379135546937673E-001                  5.8617322444206255E-001                  2.2436286209289302E-103                  4.1314007773955197E-105                  0.0000000000000000E+000 
                                     642                  2.2323440698425648E-001                 -9.0611212627068094E-001                  6.8819164808893953E+000                 -1.2059524163141464E+000                  1.3523199734178338E+001                  3.5419791427560349E-005                  4.1379589678867523E-001                  5.8616868341989714E-001                  2.7348328816675007E-103                  5.0968109987201492E-105                  0.0000000000000000E+000 
                                     643                  2.2323342102806459E-001                 -9.0781235995453236E-001                  6.8841621368394010E+000                 -1.1967048883609057E+000                  1.3534052312494849E+001                  3.5419599353868877E-005                  4.1379883234500431E-001                  5.8616574805564181E-001                  3.1148898360026188E-103                  5.8512274348316248E-105                  0.0000000000000000E+000 
                                     644                  2.2323243507187271E-001                 -9.0949634200872020E-001                  6.8874940893419989E+000                 -1.1830891669534371E+000                  1.3550081226603119E+001                  3.5419315245780280E-005                  4.1380317447424347E-001                  5.8616140621051072E-001                  3.7759911960767838E-103                  7.1766994503555442E-105                  0.0000000000000000E+000 
                                     645                  2.2323046315948888E-001                 -9.1281721249322190E-001                  6.8918585859625754E+000                 -1.1651103720321576E+000                  1.3571193441905136E+001                  3.5418950161230923E-005                  4.1380875404299805E-001                  5.8615582700684077E-001                  4.8572215442896513E-103                  9.3741592735925989E-105                  0.0000000000000000E+000 
                                     646                  2.2322849124710506E-001                 -9.1607665983422415E-001                  6.8961422987865273E+000                 -1.1474632206275828E+000                  1.3591925720560827E+001                  3.5418600137066492E-005                  4.1381410327310392E-001                  5.8615047812675902E-001                  6.2146284575742831E-103                  1.2175004670631538E-104                  0.0000000000000000E+000 
                                     647                  2.2322651933472124E-001                 -9.1927693060440174E-001                  6.9003479398545418E+000                 -1.1301356192494474E+000                  1.3612291301364264E+001                  3.5418257623077655E-005                  4.1381933771095153E-001                  5.8614524403142543E-001                  7.9104176135723584E-103                  1.5726310897724299E-104                  0.0000000000000000E+000 
                                     648                  2.2322454742233741E-001                 -9.2242014982127996E-001                  6.9044780920900184E+000                 -1.1131161079934397E+000                  1.3632302757619033E+001                  3.5417921413307920E-005                  4.1382447577681175E-001                  5.8614010630177493E-001                  1.0018962023159311E-102                  2.0206565092215924E-104                  0.0000000000000000E+000 
                                     649                  2.2322257550995359E-001                 -9.2550832945240669E-001                  6.9085352153044077E+000                 -1.0963937985019285E+000                  1.3651972039730094E+001                  3.5417603881792563E-005                  4.1382932824321367E-001                  5.8613525415290457E-001                  1.2628820620725572E-102                  2.5831448093910872E-104                  0.0000000000000000E+000 
                                     650                  2.2322060359756976E-001                 -9.2854337606171478E-001                  6.9125216517929831E+000                 -1.0799583842129743E+000                  1.3671310514527431E+001                  3.5417303990850738E-005                  4.1383391097679489E-001                  5.8613067171921429E-001                  1.5845044873512417E-102                  3.2860481953576472E-104                  0.0000000000000000E+000 
                                     651                  2.2321863168518594E-001                 -9.3152709815744106E-001                  6.9164396329938898E+000                 -1.0638001159055219E+000                  1.3690329001665921E+001                  3.5417000986866543E-005                  4.1383854131028552E-001                  5.8612604168872762E-001                  1.9791794508145978E-102                  4.1604670104180852E-104                  0.0000000000000000E+000 
                                     652                  2.2321665977280214E-001                 -9.3446121301845420E-001                  6.9202912863851855E+000                 -1.0479096834553565E+000                  1.3709037807361076E+001                  3.5416694869839966E-005                  4.1384321924368583E-001                  5.8612136406144433E-001                  2.4615265086148176E-102                  5.2435312197666594E-104                  0.0000000000000000E+000 
                                     653                  2.2321468786041831E-001                 -9.3734735240159939E-001                  6.9240786420681344E+000                 -1.0322782217802406E+000                  1.3727446755587179E+001                  3.5416389790494147E-005                  4.1384788131044975E-001                  5.8611670229975976E-001                  1.8191164030280198E-201                  6.5794030794856490E-104                  0.0000000000000000E+000 
                                     654                  2.2321271594803449E-001                 -9.4018706802893992E-001                  6.9296539443641390E+000                 -1.0095484760579416E+000                  1.3754348653457658E+001                  3.5413523926967154E-005                  4.1389166974334846E-001                  5.8607291673272455E-001                  4.1708221419993263E-102                  9.1732201701484508E-104                  0.0000000000000000E+000 
                                     655                  2.2320877212326684E-001                 -9.4573507594507189E-001                  6.9350735986553795E+000                 -9.8685557358667286E-001                  1.3780968637123443E+001                  3.5413482914504522E-005                  4.1389229637456848E-001                  5.8607229014251705E-001                  5.6572604634493029E-102                  1.2675184423526494E-103                  0.0000000000000000E+000 
                                     656                  2.2320680021088302E-001                 -9.4844414471350880E-001                  6.9386223165125855E+000                 -9.7217872829183583E-001                  1.3798267939638016E+001                  3.5413455989331432E-005                  4.1389270776585951E-001                  5.8607187877815115E-001                  6.9000448191141686E-102                  1.5647838254677929E-103                  0.0000000000000000E+000 
                                     657                  2.2320482829849919E-001                 -9.5111228827087069E-001                  6.9421156191652287E+000                 -9.5772247934109034E-001                  1.3815310207706002E+001                  3.5413429975183579E-005                  4.1389310523840328E-001                  5.8607148133162146E-001                  8.3861592623877146E-102                  1.9245374183123433E-103                  0.0000000000000000E+000 
                                     658                  2.2320285638611537E-001                 -9.5374072786156694E-001                  6.9455550572428413E+000                 -9.4348016485875630E-001                  1.3832102911897724E+001                  3.5413402477366100E-005                  4.1389352537862090E-001                  5.8607106121890173E-001                  1.0157510914343346E-101                  2.3584173689205188E-103                  0.0000000000000000E+000 
                                     659                  2.2320088447373154E-001                 -9.5633063010611596E-001                  6.9506256056953966E+000                 -9.2270670476114380E-001                  1.3856697692218367E+001                  3.5413359252413829E-005                  4.1389418581251214E-001                  5.8607040082823547E-001                  1.3455905284340923E-101                  3.1783390316224493E-103                  0.0000000000000000E+000 
                                     660                  2.2319694064896389E-001                 -9.6140069424260421E-001                  6.9571980676495331E+000                 -8.9541464295065876E-001                  1.3888880515036114E+001                  3.5413298530335036E-005                  4.1389511358221370E-001                  5.8606947311925595E-001                  1.9363091424998600E-101                  4.6761595560899213E-103                  0.0000000000000000E+000 
                                     661                  2.2319299682419624E-001                 -9.6632926002902997E-001                  6.9619936337509145E+000                 -8.7525762319268774E-001                  1.3912567119672172E+001                  3.5413236509294403E-005                  4.1389606117754274E-001                  5.8606852558594791E-001                  2.5241746993072529E-101                  6.1948917869231370E-103                  0.0000000000000000E+000 
                                     662                  2.2319102491181242E-001                 -9.6874228532963447E-001                  6.9651390897897505E+000                 -8.6217411805358080E-001                  1.3928002934998819E+001                  3.5413152562322402E-005                  4.1389734375596504E-001                  5.8606724309147262E-001                  3.0013063261263914E-101                  7.4439403449028127E-103                  0.0000000000000000E+000 
                                     663                  2.2318905299942859E-001                 -9.7112278868507784E-001                  6.9697818965404554E+000                 -8.4304554525253195E-001                  1.3950653013041785E+001                  3.5412853080989115E-005                  4.1390191934783110E-001                  5.8606266779908789E-001                  3.8710686564737107E-101                  9.7512295383415610E-103                  0.0000000000000000E+000 
                                     664                  2.2318510917466095E-001                 -9.7579076909422224E-001                  6.9758111154318065E+000                 -8.1788507914230624E-001                  1.3980333571823502E+001                  3.5412840610543480E-005                  4.1390210987312298E-001                  5.8606247728626648E-001                  5.3847862931296214E-101                  1.3839696790290755E-102                  0.0000000000000000E+000 
                                     665                  2.2318116534989332E-001                 -9.8033848216412367E-001                  6.9802179984723942E+000                 -7.9927926325478060E-001                  1.4002210010122637E+001                  3.5412831257709265E-005                  4.1390225276709197E-001                  5.8606233440165034E-001                  6.8516713095468460E-101                  1.7869614927606732E-102                  0.0000000000000000E+000 
                                     666                  2.2317919343750950E-001                 -9.8256865041866037E-001                  6.9831115832288564E+000                 -7.8717593132845320E-001                  1.4016490725525859E+001                  3.5412825022486356E-005                  4.1390234802973869E-001                  5.8606223914523881E-001                  8.0208168418866353E-101                  2.1120487700885172E-102                  0.0000000000000000E+000 
                                     667                  2.2317722152512567E-001                 -9.8477098428562337E-001                  6.9873870635511572E+000                 -7.6944409208651687E-001                  1.4037479603679078E+001                  3.5412815669652073E-005                  4.1390249092370796E-001                  5.8606209626062244E-001                  1.0114125063783417E-100                  2.7011966657989490E-102                  0.0000000000000000E+000 
                                     668                  2.2317327770035802E-001                 -9.8909572387911526E-001                  6.9929480858681341E+000                 -7.4609867090330717E-001                  1.4065017168858020E+001                  3.5412797019920649E-005                  4.1390277585703333E-001                  5.8606181134594681E-001                  7.4900560066681298E-201                  3.7185696622188152E-102                  0.0000000000000000E+000 
                                     669                  2.2316933387559038E-001                 -9.9331690696530028E-001                  6.9970188450634145E+000                 -7.2881672303826317E-001                  1.4085339203576437E+001                  3.5412796937833432E-005                  4.1390277711117124E-001                  5.8606181009189096E-001                  1.7039721804783094E-100                  4.6975453225032265E-102                  0.0000000000000000E+000 
                                     670                  2.2316736196320655E-001                 -9.9538979107286119E-001                  6.9996941733982689E+000                 -7.1755345273253579E-001                  1.4098624843534418E+001                  3.5412796878259694E-005                  4.1390277802134606E-001                  5.8606180918177575E-001                  1.9683910420548105E-100                  5.4743650240347763E-102                  7.1027054279407727E-058 
                                     671                  2.2316539005082273E-001                 -9.9743856635792538E-001                  7.0036507123950287E+000                 -7.0102354073631201E-001                  1.4118178395428586E+001                  3.5412796781625649E-005                  4.1390277949773280E-001                  5.8606180770548555E-001                  2.4346410932324367E-100                  6.8593841324395081E-102                  5.1762359419859822E-057 
                                     672                  2.2316144622605508E-001                 -1.0014666578331475E+000                  7.0088039593905096E+000                 -6.7924205447657449E-001                  1.4143860158415466E+001                  3.5412796698845404E-005                  4.1390278076245951E-001                  5.8606180644084160E-001                  3.2105522433681225E-100                  9.1989915797972307E-102                  1.1212897494750088E-056 
                                     673                  2.2315750240128743E-001                 -1.0054045832254153E+000                  7.0138327096253565E+000                 -6.5793485865500023E-001                  1.4168977409336076E+001                  3.5412796657281355E-005                  4.1390278139748010E-001                  5.8606180580586265E-001                  4.2022978984770748E-100                  1.2239369699947153E-101                  2.3783135149696875E-056 
                                     674                  2.2315355857651978E-001                 -1.0092562189840275E+000                  7.0175200438373579E+000                 -6.4214298740653719E-001                  1.4187539213149613E+001                  3.5412796621461409E-005                  4.1390278194474184E-001                  5.8606180525863671E-001                  5.1184209019678083E-100                  1.5087231575658391E-101                  4.1241522716780366E-056 
                                     675                  2.2315158666413598E-001                 -1.0111505330275403E+000                  7.0199458759573030E+000                 -6.3182905446969662E-001                  1.4199694429891773E+001                  3.5412796595426313E-005                  4.1390278234250888E-001                  5.8606180486089565E-001                  5.8250004981727088E-100                  1.7305528168029508E-101                  5.9173804830116826E-056 
                                     676                  2.2314961475175216E-001                 -1.0130246242199850E+000                  7.0235370395207690E+000                 -6.1666239803663492E-001                  1.4217612580488877E+001                  3.5412796553141127E-005                  4.1390278298854771E-001                  5.8606180421489917E-001                  7.0496871880923290E-100                  2.1188746396522637E-101                  1.0082308483243620E-055 
                                     677                  2.2314567092698454E-001                 -1.0167143239361116E+000                  7.0282214965936287E+000                 -5.9665755649001329E-001                  1.4241175021740743E+001                  3.5412796497838299E-005                  4.1390278383347046E-001                  5.8606180337003178E-001                  9.0407813834295099E-100                  2.7587251326599000E-101                  2.0185168485800798E-055 
                                     678                  2.2314172710221689E-001                 -1.0203279368537255E+000                  7.0327999287023086E+000                 -5.7705069631185624E-001                  1.4264260829209903E+001                  3.5412792032656487E-005                  4.1390285205306043E-001                  5.8606173515490689E-001                  1.1522214963532471E-099                  3.5681161651265099E-101                  3.9705783271333621E-055 
                                     679                  2.2313778327744924E-001                 -1.0238684516440146E+000                  7.0372762587466280E+000                 -5.5782554371143567E-001                  1.4286888747305760E+001                  3.5412789037434300E-005                  4.1390289781442824E-001                  5.8606168939653425E-001                  1.4597277518177516E-099                  4.5858080155117311E-101                  7.6796317412980887E-055 
                                     680                  2.2313383945268159E-001                 -1.0273386779489930E+000                  7.0426722151217200E+000                 -5.3864299515420888E-001                  1.4314224363466771E+001                  3.3423995852389275E-005                  4.4309822647566782E-001                  5.5686834952847986E-001                  0.0000000000000000E+000                  0.0000000000000000E+000                  2.0429820236723250E-054 
                                     681                  2.2312800723725593E-001                 -1.0323954101317134E+000                  7.0473350161062385E+000                 -5.1808208145383405E-001                  1.4338377721253735E+001                  3.3341550734652725E-005                  4.4413489008409007E-001                  5.5583176836517523E-001                  2.6374873562893795E-099                  7.5540924671552520E-101                  4.0810062677148060E-054 
                                     682                  2.2312509112954310E-001                 -1.0348705149090134E+000                  7.0503904993618605E+000                 -5.0473312828642092E-001                  1.4354112802665282E+001                  3.3286587322828331E-005                  4.4482599915637178E-001                  5.5514071425630540E-001                  3.1016733823759188E-099                  8.9453425478328365E-101                  6.4113199486400775E-054 
                                     683                  2.2312217502183029E-001                 -1.0373118049021555E+000                  7.0548961094886247E+000                 -4.8521302087189999E-001                  1.4377195340970459E+001                  3.3203965391440535E-005                  4.4587470406667118E-001                  5.5409209196793741E-001                  3.9357588550546013E-099                  1.1465672058621193E-100                  1.2452042296616713E-053 
                                     684                  2.2311634280640463E-001                 -1.0420976129508861E+000                  7.0607342955768226E+000                 -4.5953555385200590E-001                  1.4407440353117678E+001                  3.3094392195094386E-005                  4.4723283960747939E-001                  5.5273406600032549E-001                  5.3578822510110488E-099                  1.5812823822125762E-100                  2.9393229858540699E-053 
                                     685                  2.2311051059097897E-001                 -1.0467582850538870E+000                  7.0649916599700173E+000                 -4.4054486139486715E-001                  1.4429730797429372E+001                  3.3012570903369570E-005                  4.4822717588656658E-001                  5.5173981154253005E-001                  6.7087268011970239E-099                  1.9987227883708715E-100                  5.4936664727013399E-053 
                                     686                  2.2310759448326617E-001                 -1.0490431493658230E+000                  7.0677839391973150E+000                 -4.2818636887466327E-001                  1.4444277680565889E+001                  3.2958127976034851E-005                  4.4888252659874367E-001                  5.5108451527328028E-001                  7.7704410925476348E-099                  2.3293352922803785E-100                  8.2678165197826256E-053 
                                     687                  2.2310467837555334E-001                 -1.0512990144878422E+000                  7.0719049556033067E+000                 -4.1007352001079522E-001                  1.4465652123297804E+001                  3.2876620485755321E-005                  4.4985424245618866E-001                  5.5011288092332555E-001                  9.6445811847290568E-099                  2.9174132612843123E-100                  1.5084674963644309E-052 
                                     688                  2.2309884616012768E-001                 -1.0557273864591643E+000                  7.0759209446249409E+000                 -3.9199370580980847E-001                  1.4486850911579436E+001                  3.2795249530643178E-005                  4.5081645836974737E-001                  5.4915074638072192E-001                  1.1910713872179363E-098                  3.6344907419397018E-100                  2.7115956965724678E-052 
                                     689                  2.2309593005241485E-001                 -1.0579003333791968E+000                  7.0785561932339496E+000                 -3.8021163913074851E-001                  1.4500699544159053E+001                  3.2741164623440196E-005                  4.5144563145451927E-001                  5.4852162738085730E-001                  1.3673167035646122E-098                  4.1962457715411128E-100                  3.9792194995681685E-052 
                                     690                  2.2309301394470205E-001                 -1.0600469101975176E+000                  7.0824472924569211E+000                 -3.6292119801725059E-001                  1.4521067575268155E+001                  3.2660280856943377E-005                  4.5237093479527613E-001                  5.4759640492386685E-001                  1.6752016920369769E-098                  5.1847542615361748E-100                  6.9980632987266826E-052 
                                     691                  2.2308718172927638E-001                 -1.0642640715634943E+000                  7.0874984210725085E+000                 -3.4013896095380047E-001                  1.4547807626756173E+001                  3.2552635824652907E-005                  4.5359015349848791E-001                  5.4637729386568745E-001                  2.1806696397875406E-098                  6.8228881717082534E-100                  1.4554911810469119E-051 
                                     692                  2.2308134951385070E-001                 -1.0683826015184523E+000                  7.0911879952079522E+000                 -3.2325747086473233E-001                  1.4567553417907849E+001                  3.2472193132184816E-005                  4.5448129920043606E-001                  5.4548622860643170E-001                  2.6439491908379459E-098                  8.3381068508376687E-100                  2.4837446055715757E-051 
                                     693                  2.2307843340613787E-001                 -1.0704058748623120E+000                  7.0936105727182159E+000                 -3.1223705109112027E-001                  1.4580470389780229E+001                  3.2418699664974165E-005                  4.5506460522760783E-001                  5.4490297607272720E-001                  2.9992614644820996E-098                  9.5078743736633095E-100                  3.5241137393379194E-051 
                                     694                  2.2307551729842504E-001                 -1.0724060563458766E+000                  7.0971898324566460E+000                 -2.9603917817506220E-001                  1.4599492503407086E+001                  3.2338563077522970E-005                  4.5593239162035432E-001                  5.4403526981656813E-001                  3.6115132118889110E-098                  1.1536441492701193E-099                  5.9010028463020809E-051 
                                     695                  2.2306968508299940E-001                 -1.0763396755920953E+000                  7.1018399595780410E+000                 -2.7467648938318517E-001                  1.4624489388816256E+001                  3.2231976391327711E-005                  4.5706478898715158E-001                  5.4290297903645701E-001                  4.5978361362729971E-098                  1.4832769389632278E-099                  1.1524479021675777E-050 
                                     696                  2.2306385286757374E-001                 -1.0801864866881283E+000                  7.1063662594893957E+000                 -2.5374517000902647E-001                  1.4648953739729967E+001                  3.2125686339993609E-005                  4.5817014431441438E-001                  5.4179772999924558E-001                  5.8139546459498185E-098                  1.8936314870157268E-099                  2.2078831965705392E-050 
                                     697                  2.2305802065214811E-001                 -1.0839499308027252E+000                  7.1107732567977582E+000                 -2.3322433496254927E-001                  1.4672907271194834E+001                  3.2020060262987941E-005                  4.5923180221329940E-001                  5.4073617772643767E-001                  7.3038716164231121E-098                  2.4012584711928565E-099                  4.1523569593706632E-050 
                                     698                  2.2305218843672245E-001                 -1.0876332151242400E+000                  7.1150652252231650E+000                 -2.1310523505346077E-001                  1.4696370363615127E+001                  3.1913325351733745E-005                  4.6031182857791997E-001                  5.3965625809672835E-001                  9.1193390652862079E-098                  3.0249044130492670E-099                  7.6747052183554802E-050 
                                     699                  2.2304635622129679E-001                 -1.0912394239280392E+000                  7.1192462684910245E+000                 -1.9335861852517591E-001                  1.4719362184856056E+001                  3.1808662057713229E-005                  4.6131592175430702E-001                  5.3865226958363532E-001                  1.1317119938675074E-097                  3.7872608613767540E-099                  1.3942671305151634E-049 
                                     700                  2.2304052400587115E-001                 -1.0947713525380014E+000                  7.1233203427009206E+000                 -1.7397361531683658E-001                  1.4741900762885724E+001                  3.1705290895450356E-005                  4.6227404522797555E-001                  5.3769424948112898E-001                  1.3963658467234940E-097                  4.7136737834027040E-099                  2.4918360785004824E-049 
                                     701                  2.2303469179044549E-001                 -1.0982316681501523E+000                  7.1272911962650873E+000                 -1.5493352769579494E-001                  1.4764003081682468E+001                  3.1603567650537804E-005                  4.6316758930784324E-001                  5.3680080712450629E-001                  1.7133127440068252E-097                  5.8336188356727095E-099                  4.3834218631355747E-049 
                                     702                  2.2302885957501986E-001                 -1.1016228673863069E+000                  7.1311623880368655E+000                 -1.3622768114856273E-001                  1.4785685156927070E+001                  3.1502977173472453E-005                  4.6401519602524993E-001                  5.3595330099757654E-001                  2.0910087208471213E-097                  7.1802575793245831E-099                  7.5951698299042985E-049 
                                     703                  2.2302302735959420E-001                 -1.1049473291144227E+000                  7.1349372727087630E+000                 -1.1784515024294157E-001                  1.4806962112723134E+001                  3.1403382839132836E-005                  4.6482840311323786E-001                  5.3514019350392306E-001                  2.5389440494971039E-097                  8.7911507804180299E-099                  1.2970841337886474E-048 
                                     704                  2.2301719514416854E-001                 -1.1082073159486714E+000                  7.1386190276855483E+000                 -9.9774104601950450E-002                  1.4827848249416745E+001                  3.1304784647518946E-005                  4.6560721057180743E-001                  5.3436148464354505E-001                  3.0676842777354662E-097                  1.0708836864100352E-098                  2.1844294092606849E-048 
                                     705                  2.2301136292874291E-001                 -1.1114049709901792E+000                  7.1422106813342392E+000                 -8.2001660611699709E-002                  1.4848357102871008E+001                  3.1207431037539206E-005                  4.6633920627063552E-001                  5.3362958629832691E-001                  3.6888962573698279E-097                  1.2981510806503731E-098                  3.6294138950709641E-048 
                                     706                  2.2300553071331725E-001                 -1.1145423139312196E+000                  7.1453659655681490E+000                 -6.6222362946217639E-002                  1.4866528587452894E+001                  3.1120345611534997E-005                  4.6697866682266814E-001                  5.3299021283172032E-001                  4.3378037356939343E-097                  1.5373511390980717E-098                  5.6679843881361899E-048 
                                     707                  2.2300086494097671E-001                 -1.1170099630841965E+000                  7.1481153004962126E+000                 -5.2417339036367416E-002                  1.4882416870728997E+001                  3.1043771616027252E-005                  4.6751581857143398E-001                  5.3245313765695002E-001                  4.9947733980991929E-097                  1.7812737784402884E-098                  8.3528390561092950E-048 
                                     708                  2.2299619916863619E-001                 -1.1194411976861396E+000                  7.1521535474406761E+000                 -3.2201600139437861E-002                  1.4905711969212447E+001                  3.0930067153298849E-005                  4.6827826639806391E-001                  5.3169080353478271E-001                  6.1404620599205204E-097                  2.2102449339039429E-098                  1.4737534891974848E-047 
                                     709                  2.2298686762395512E-001                 -1.1241990428231621E+000                  7.1566919013922234E+000                 -8.8218065161697456E-003                  1.4932485215351337E+001                  3.0799114688915213E-005                  4.6910898611850027E-001                  5.3086021476681089E-001                  7.7512004241326299E-097                  2.8195079466877616E-098                  2.7926261321943079E-047 
                                     710                  2.2297988672773597E-001                 -1.1276691203939258E+000                  7.1604638768460553E+000                  1.0713921994405112E-002                  1.4954843827879778E+001                  3.0688200683570627E-005                  4.6977562418403629E-001                  5.3019368761528018E-001                  9.4042299892493227E-097                  3.4511090047170345E-098                  4.7448702938168686E-047 
                                     711                  2.2297290583151683E-001                 -1.1310661912875841E+000                  7.1641299420674951E+000                  2.9902468440821325E-002                  1.4976765872755152E+001                  3.0578086873303254E-005                  4.7041196582525646E-001                  5.2955745608787019E-001                  1.1348228974252377E-096                  4.2005231110415408E-098                  7.9393895770046634E-047 
                                     712                  2.2296592493529768E-001                 -1.1343928021053740E+000                  7.1676935236561787E+000                  4.8757413604389135E-002                  1.4998267137496001E+001                  3.0468844309524551E-005                  4.7101489642787497E-001                  5.2895463472781556E-001                  1.3622851851915733E-096                  5.0851399706619217E-098                  1.3089991922464349E-046 
                                     713                  2.2295894403907857E-001                 -1.1376513580941205E+000                  7.1707175185008660E+000                  6.4988738870556020E-002                  1.5016727924230693E+001                  3.0374151185732540E-005                  4.7151772367163614E-001                  5.2845190217717808E-001                  1.5910566697357296E-096                  5.9819035952056728E-098                  2.0010014138420067E-046 
                                     714                  2.2295374412671176E-001                 -1.1400355825360589E+000                  7.1732444849277632E+000                  7.8618291010942046E-002                  1.5032221769859996E+001                  3.0293577176674333E-005                  4.7193548774789146E-001                  5.2803421867493183E-001                  1.8113099411345430E-096                  6.8510153937531854E-098                  2.8516946718201660E-046 
                                     715                  2.2294854421434496E-001                 -1.1423842256581962E+000                  7.1769509175745378E+000                  9.8592994255667768E-002                  1.5054946519972328E+001                  3.0173447499819238E-005                  4.7253262600215712E-001                  5.2743720055034304E-001                  2.1897582294030529E-096                  8.3561912220305483E-098                  4.7887740192206768E-046 
                                     716                  2.2293814438961140E-001                 -1.1469791052983158E+000                  7.1805153475322188E+000                  1.1851698195533197E-001                  1.5077449774617563E+001                  3.0054098536893540E-005                  4.7310006425797096E-001                  5.2686988164349213E-001                  2.6313774473411839E-096                  1.0127684836697578E-097                  7.8998794872145475E-046 
                                     717                  2.2293294447724463E-001                 -1.1492260728346952E+000                  7.1828393801677093E+000                  1.3149790716523635E-001                  1.5092124525444291E+001                  2.9974587252328005E-005                  4.7347454966476760E-001                  5.2649547574798006E-001                  2.9655714741593906E-096                  1.1477494465242076E-097                  1.0941571817284629E-045 
                                     718                  2.2292774456487782E-001                 -1.1514407399091684E+000                  7.1862487241623825E+000                  1.5054440405930397E-001                  1.5113670991303856E+001                  2.9855402361557089E-005                  4.7403056762934409E-001                  5.2593957696829441E-001                  3.5331550308092890E-096                  1.3785556428896318E-097                  1.7629077233620110E-045 
                                     719                  2.2291734474014427E-001                 -1.1557769089253269E+000                  7.1906136147167858E+000                  1.7562492472750330E-001                  1.5141901505496239E+001                  2.9697263273278484E-005                  4.7473991769366680E-001                  5.2523038504305997E-001                  4.4259577170824425E-096                  1.7449523423779126E-097                  3.2520196959170621E-045 
                                     720                  2.2290694491541069E-001                 -1.1599924579958363E+000                  7.1937568531041638E+000                  1.9419057606017776E-001                  1.5162705169653650E+001                  2.9578250537483911E-005                  4.7528342543626584E-001                  5.2468699631319660E-001                  5.2101446317650758E-096                  2.0692758060162394E-097                  5.0615652629598113E-045 
                                     721                  2.2290174500304394E-001                 -1.1620563613029868E+000                  7.1958063757983766E+000                  2.0630879952004627E-001                  1.5176292137626529E+001                  2.9498797749145207E-005                  4.7564737328783535E-001                  5.2432312791441549E-001                  5.7942021093963236E-096                  2.3122000339233336E-097                  6.7515017904668555E-045 
                                     722                  2.2289654509067713E-001                 -1.1640920936463415E+000                  7.1988130613153478E+000                  2.2412114276443409E-001                  1.5196269757080502E+001                  2.9379768001036303E-005                  4.7618616421587479E-001                  5.2378445601612422E-001                  6.7706014966313497E-096                  2.7206687570514577E-097                  1.0297343021711275E-044 
                                     723                  2.2288614526594358E-001                 -1.1680820364883289E+000                  7.2026603266325235E+000                  2.4758805052681693E-001                  1.5222470009617108E+001                  2.9220064215420197E-005                  4.7693556372190982E-001                  5.2303521621387472E-001                  8.2742979437536265E-096                  3.3537721082407052E-097                  1.7713432407270573E-044 
                                     724                  2.2287574544121000E-001                 -1.1719663281864576E+000                  7.2063476414504803E+000                  2.7056344733767512E-001                  1.5248051999895738E+001                  2.9059412786466230E-005                  4.7771359788015583E-001                  5.2225734270705770E-001                  1.0036322751383062E-095                  4.1007996648835175E-097                  2.9831344506262020E-044 
                                     725                  2.2286534561647645E-001                 -1.1757493432485027E+000                  7.2098807849625226E+000                  2.9306404455602775E-001                  1.5273041817894462E+001                  2.8896890698734629E-005                  4.7855359179897300E-001                  5.2141751131032832E-001                  1.2087090918321325E-095                  4.9749979981562498E-097                  4.9238967059534939E-044 
                                     726                  2.2285494579174284E-001                 -1.1794352254002203E+000                  7.2132653038310206E+000                  3.1511259527094632E-001                  1.5297463922395444E+001                  2.8733073145594546E-005                  4.7943470483789297E-001                  5.2053656208896149E-001                  1.4457317304132446E-095                  5.9905633992714858E-097                  7.9713386425462502E-044 
                                     727                  2.2284454596700928E-001                 -1.1830278449883478E+000                  7.2156986082409906E+000                  3.3145412271397184E-001                  1.5315493874163511E+001                  2.8608593193811516E-005                  4.8015079917892189E-001                  5.1982059222788424E-001                  1.6461675800431584E-095                  6.8517273441165978E-097                  1.1294974085565512E-043 
                                     728                  2.2283934605464251E-001                 -1.1847901478932585E+000                  7.2172844751577072E+000                  3.4214799149902736E-001                  1.5327298250282498E+001                  2.8524571544206775E-005                  4.8066314972193547E-001                  5.1930832570652030E-001                  1.7917059216243815E-095                  7.4778899947753391E-097                  1.4177915675486560E-043 
                                     729                  2.2283414614227570E-001                 -1.1865305145695182E+000                  7.2196097821137899E+000                  3.5790800139043671E-001                  1.5344695050446248E+001                  2.8397948182253080E-005                  4.8144444018087285E-001                  5.1852716187094483E-001                  2.0289126110332360E-095                  8.5008490709240196E-097                  1.9789475796188811E-043 
                                     730                  2.2282374631754215E-001                 -1.1899474695842613E+000                  7.2225794691270160E+000                  3.7868502591567083E-001                  1.5367546331924977E+001                  2.8226429090264578E-005                  4.8260090639854158E-001                  5.1737086717236813E-001                  2.3818751997111956E-095                  1.0022843537011565E-096                  3.0396175129732708E-043 
                                     731                  2.2281334649280857E-001                 -1.1932816525328742E+000                  7.2254205104758391E+000                  3.9906600000609116E-001                  1.5389913946551717E+001                  2.8052025093043656E-005                  4.8387637310343529E-001                  5.1609557487147173E-001                  0.0000000000000000E+000                  0.0000000000000000E+000                  4.5948909764714733E-043 
                                     732                  2.2280294666807501E-001                 -1.1965362105396524E+000                  7.2281374572899173E+000                  4.1906921020173843E-001                  1.5411815997111612E+001                  2.7875761105746360E-005                  4.8524088537942511E-001                  5.1473123885946914E-001                  3.2278517147657842E-095                  1.3666191318898011E-096                  6.8393730101459836E-043 
                                     733                  2.2279254684334140E-001                 -1.1997140934649408E+000                  7.2307347148546182E+000                  4.3870445520228141E-001                  1.5433269592183910E+001                  2.7697049780649871E-005                  4.8671862720079223E-001                  5.1325367574942704E-001                  3.7277294480095191E-095                  1.5812121903459907E-096                  1.0031664916342226E-042 
                                     734                  2.2278214701860785E-001                 -1.2028181235265820E+000                  7.2332165772014330E+000                  4.5799344865086505E-001                  1.5454290923853808E+001                  2.7517215593489388E-005                  4.8824281758654015E-001                  5.1172966519786645E-001                  4.2829620128050041E-095                  1.8191608761645888E-096                  1.4502665834631542E-042 
                                     735                  2.2277174719387430E-001                 -1.2058509148909629E+000                  7.2367676415590765E+000                  4.8602938307615123E-001                  1.5484842170430149E+001                  2.7244556350753101E-005                  4.9065539078442172E-001                  5.0931736465922750E-001                  5.2302936059990489E-095                  2.2236956983324292E-096                  2.4634749580187707E-042 
                                     736                  2.2275094754440716E-001                 -1.2117144473996044E+000                  7.2400125523881300E+000                  5.1388998112378292E-001                  1.5514912254843194E+001                  2.6970299134205651E-005                  4.9312758608544827E-001                  5.0684544361541750E-001                  6.3121353255605781E-095                  2.6832392523976958E-096                  4.0421327717731166E-042 
                                     737                  2.2274054771967358E-001                 -1.2145480385180918E+000                  7.2415597714349227E+000                  5.2749415710549830E-001                  1.5529571785343670E+001                  2.6833037647797452E-005                  4.9436088201087253E-001                  5.0561228495147970E-001                  6.9092209715366799E-095                  2.9362270662030755E-096                  5.1261812411047852E-042 
                                     738                  2.2273534780730678E-001                 -1.2159413513073678E+000                  7.2425665923495943E+000                  5.3643083996768415E-001                  1.5539198114600385E+001                  2.6741459121853597E-005                  4.9518158504110776E-001                  5.0479167349977039E-001                  7.3291805857826890E-095                  3.1139094103051121E-096                  5.9855370881335783E-042 
                                     739                  2.2273014789494003E-001                 -1.2173194142068420E+000                  7.2440405557380503E+000                  5.4964367291795724E-001                  1.5553425229301730E+001                  2.6603940081993837E-005                  4.9641634516550165E-001                  5.0355705089441638E-001                  7.9929509095267924E-095                  3.3942222665061026E-096                  7.5147832951779071E-042 
                                     740                  2.2271974807020642E-001                 -1.2200309534727083E+000                  7.2459151407405882E+000                  5.6709832522024517E-001                  1.5572148935695765E+001                  2.6420766624471300E-005                  4.9804361592767576E-001                  5.0192996330569972E-001                  8.9383270929330348E-095                  3.7924701547194459E-096                  1.0067576972459687E-041 
                                     741                  2.2270934824547287E-001                 -1.2226843916959025E+000                  7.2485917347491036E+000                  5.9256961860183610E-001                  1.5599440662422992E+001                  2.6146186231933039E-005                  5.0046073661303669E-001                  4.9951311720073133E-001                  1.0498544802381408E-094                  4.4475220683211325E-096                  1.5324092392077290E-041 
                                     742                  2.2268854859600576E-001                 -1.2278253313841381E+000                  7.2510236409037523E+000                  6.1792124282777949E-001                  1.5626323136584038E+001                  2.5876595438990517E-005                  5.0257724119495262E-001                  4.9739688220960843E-001                  1.2209303968370762E-094                  5.1671744657088529E-096                  2.2654941934848764E-041 
                                     743                  2.2267814877127218E-001                 -1.2303149001147158E+000                  7.2521802794224390E+000                  6.3034537784556910E-001                  1.5639457874371827E+001                  2.5743588376611237E-005                  5.0350868966702622E-001                  4.9646556674459719E-001                  1.3126544995455931E-094                  5.5546646406012328E-096                  2.7313689677766792E-041 
                                     744                  2.2267294885890540E-001                 -1.2315402112066434E+000                  7.2529320001643205E+000                  6.3851140547164709E-001                  1.5648094517130689E+001                  2.5654817836490731E-005                  5.0418345103576756E-001                  4.9579089414639599E-001                  1.3763827208322233E-094                  5.8221966042917445E-096                  3.0867463239052103E-041 
                                     745                  2.2266774894653862E-001                 -1.2327528663504304E+000                  7.2540310263945988E+000                  6.5056636884125418E-001                  1.5660875358259108E+001                  2.5520013983400429E-005                  5.0545712646393559E-001                  4.9451735352208104E-001                  0.0000000000000000E+000                  0.0000000000000000E+000                  3.6991196928774193E-041 
                                     746                  2.2265734912180504E-001                 -1.2351412841498977E+000                  7.2554242935715374E+000                  6.6658112838361105E-001                  1.5677710320210990E+001                  2.5345322745574050E-005                  5.0652566319442371E-001                  4.9344899148283072E-001                  0.0000000000000000E+000                  0.0000000000000000E+000                  4.6531443601848949E-041 
                                     747                  2.2264694929707149E-001                 -1.2374811348145951E+000                  7.2574080256968232E+000                  6.9010643822830109E-001                  1.5702308065787994E+001                  2.5089283069266737E-005                  5.0740510911408920E-001                  4.9256980160284158E-001                  0.0000000000000000E+000                  0.0000000000000000E+000                  6.4463823111147619E-041 
                                     748                  2.2262614964760438E-001                 -1.2420205367657811E+000                  7.2591963780152629E+000                  7.1340262430747403E-001                  1.5726551460344560E+001                  2.4839066869138265E-005                  5.0870872935272915E-001                  4.9126643158040173E-001                  0.0000000000000000E+000                  0.0000000000000000E+000                  8.7572976862471532E-041 
                                     749                  2.2261574982287080E-001                 -1.2442224389419443E+000                  7.2603250886255530E+000                  7.2864812208065466E-001                  1.5742303056862092E+001                  2.4676419905080283E-005                  5.0890885816988685E-001                  4.9106646541020804E-001                  0.0000000000000000E+000                  0.0000000000000000E+000                  1.0611901888511412E-040 
                                     750                  2.2260534999813725E-001                 -1.2463806447121191E+000                  7.2613930862868141E+000                  7.4367211965692681E-001                  1.5757802368652889E+001                  2.4517567729420610E-005                  5.0920905139562456E-001                  4.9076643103664608E-001                  0.0000000000000000E+000                  0.0000000000000000E+000                  1.2769942902144687E-040 
                                     751                  2.2259495017340364E-001                 -1.2484964712334314E+000                  7.2624020651738102E+000                  7.5853527905887708E-001                  1.5773056222196811E+001                  2.4359822696648824E-005                  5.0920905139562445E-001                  4.9076658878167889E-001                  0.0000000000000000E+000                  0.0000000000000000E+000                  1.5231453571374560E-040 
                                     752                  2.2258455034867008E-001                 -1.2505709187802680E+000                  7.2638286554370994E+000                  7.8044711064791661E-001                  1.5795388335540066E+001                  2.4126763256022057E-005                  5.0836036030428833E-001                  4.9161551293245564E-001                  0.0000000000000000E+000                  0.0000000000000000E+000                  1.9524134279656624E-040 
                                     753                  2.2256375069920298E-001                 -1.2545996198739295E+000                  7.2650906542439300E+000                  8.0227131613875269E-001                  1.5817408928790215E+001                  2.3895434207987996E-005                  5.0698960695355599E-001                  4.9298649761223601E-001                  0.0000000000000000E+000                  0.0000000000000000E+000                  2.4506284368393068E-040 
                                     754                  2.2255335087446940E-001                 -1.2565553013900381E+000                  7.2658775726290203E+000                  8.1654922584550471E-001                  1.5831743652829484E+001                  2.3742459455024157E-005                  5.0576448095820370E-001                  4.9421177658234128E-001                  0.0000000000000000E+000                  0.0000000000000000E+000                  2.8262114810285165E-040 
                                     755                  2.2254295104973584E-001                 -1.2584732225546944E+000                  7.2667919434613477E+000                  8.3409924495535381E-001                  1.5849278931141397E+001                  2.3552809952696899E-005                  5.0394824710764941E-001                  4.9602820008239790E-001                  0.0000000000000000E+000                  0.0000000000000000E+000                  3.3424771267839106E-040 
                                     756                  2.2252741668139342E-001                 -1.2612697325846003E+000                  7.2677692883005198E+000                  8.5487476823261843E-001                  1.5869905500422531E+001                  2.3326788572353971E-005                  5.0153120788948580E-001                  4.9844546532194189E-001                  0.0000000000000000E+000                  0.0000000000000000E+000                  4.0251221461451670E-040 
                                     757                  2.2251188231305097E-001                 -1.2639868706584865E+000                  7.2686283188663747E+000                  8.7535040862279168E-001                  1.5890082891506664E+001                  2.3102394534462995E-005                  4.9875669380529597E-001                  5.0122020380016963E-001                  0.0000000000000000E+000                  0.0000000000000000E+000                  4.7697052979879254E-040 
                                     758                  2.2249634794470857E-001                 -1.2666272891000463E+000                  7.2693678045616412E+000                  8.9548976620076448E-001                  1.5909826988693339E+001                  2.2878228969861978E-005                  4.9603687793688311E-001                  5.0394024383414704E-001                  0.0000000000000000E+000                  0.0000000000000000E+000                  5.5738446372701817E-040 
                                     759                  2.2248081357636612E-001                 -1.2691938060399630E+000                  7.2699856137738381E+000                  9.1533525233031265E-001                  1.5929152882857981E+001                  2.2655007418872393E-005                  4.9315680807291845E-001                  5.0682053691966267E-001                  0.0000000000000000E+000                  0.0000000000000000E+000                  6.4150953408076006E-040 
                                     760                  2.2246527920802370E-001                 -1.2716889259186086E+000                  7.2704786657567562E+000                  9.3484175917482848E-001                  1.5948074893440875E+001                  2.2431266589370136E-005                  4.9056411997691168E-001                  5.0941344875649897E-001                  0.0000000000000000E+000                  0.0000000000000000E+000                  7.2877691704767143E-040 
                                     761                  2.2244974483968130E-001                 -1.2741153545621189E+000                  7.2708431144432764E+000                  9.5404384273049381E-001                  1.5966606675094610E+001                  2.2206963670937686E-005                  4.8815237542490048E-001                  5.1182541761142852E-001                  0.0000000000000000E+000                  0.0000000000000000E+000                  8.1650680520450804E-040 
                                     762                  2.2243421047133885E-001                 -1.2764755373095991E+000                  7.2710747373029960E+000                  9.7295419569506847E-001                  1.5984761235321709E+001                  2.1982962276595511E-005                  4.8596415162212236E-001                  5.1401386541560101E-001                  0.0000000000000000E+000                  0.0000000000000000E+000                  9.0210962814422176E-040 
                                     763                  2.2241867610299645E-001                 -1.2787717927207125E+000                  7.2711573373981127E+000                  9.8934294483008467E-001                  1.6000301319753991E+001                  2.1789974638057192E-005                  4.8350486626584027E-001                  5.1647334375952170E-001                  0.0000000000000000E+000                  0.0000000000000000E+000                  9.6801185456338445E-040 
                                     764                  2.2240714127165814E-001                 -1.2804363258249949E+000                  7.2711507164424800E+000                  1.0028433273889072E+000                  1.6013314548888896E+001                  2.1619990773612185E-005                  4.8350486626584038E-001                  5.1647351374338601E-001                  0.0000000000000000E+000                  0.0000000000000000E+000                  1.0307668250566209E-039 
                                     765                  2.2239560644031989E-001                 -1.2820683892850229E+000                  7.2710234017880930E+000                  1.0227663343294731E+000                  1.6032409099529467E+001                  2.1357407027354352E-005                  4.8350486626584038E-001                  5.1647377632713232E-001                  0.0000000000000000E+000                  0.0000000000000000E+000                  1.1170765203245203E-039 
                                     766                  2.2237253677764329E-001                 -1.2852382526626691E+000                  7.2705337251785620E+000                  1.0490689765439005E+000                  1.6057323672351593E+001                  2.1007190436273058E-005                  4.8366755090914842E-001                  5.1631144190041534E-001                  0.0000000000000000E+000                  0.0000000000000000E+000                  1.2023007121533831E-039 
                                     767                  2.2234946711496673E-001                 -1.2882866100758343E+000                  7.2697365796210791E+000                  1.0749514776057401E+000                  1.6081536278429397E+001                  2.0622218945207823E-005                  4.8383023555245636E-001                  5.1614914222859842E-001                  0.0000000000000000E+000                  0.0000000000000000E+000                  1.2505535000733072E-039 
                                     768                  2.2232639745229016E-001                 -1.2912185456660337E+000                  7.2686318368301768E+000                  1.1003316998714139E+000                  1.6105078628287863E+001                  2.0207942665935485E-005                  4.8478196771664389E-001                  5.1519782434069017E-001                  0.0000000000000000E+000                  0.0000000000000000E+000                  1.2626276693353026E-039 
                                     769                  2.2230332778961359E-001                 -1.2940395526934731E+000                  7.2672649735733446E+000                  1.1253204366701945E+000                  1.6127980424801944E+001                  1.9788901017994062E-005                  4.8562852098523829E-001                  5.1435169011374371E-001                  0.0000000000000000E+000                  0.0000000000000000E+000                  1.2370528016135386E-039 
                                     770                  2.2228025812693702E-001                 -1.2967542379094956E+000                  7.2657020563459547E+000                  1.1498487091567715E+000                  1.6150269419559482E+001                  1.9365094001383593E-005                  4.8654213709666028E-001                  5.1343849780933826E-001                  0.0000000000000000E+000                  0.0000000000000000E+000                  1.1850683631419353E-039 
                                     771                  2.2225718846426043E-001                 -1.2993675037918790E+000                  7.2644471026118023E+000                  1.1679640559192834E+000                  1.6166646949405745E+001                  1.9052343720022144E-005                  4.8722829532507023E-001                  5.1275265233120981E-001                  0.0000000000000000E+000                  0.0000000000000000E+000                  1.1359624971592765E-039 
                                     772                  2.2224565363292217E-001                 -1.3006376916013256E+000                  7.2636013691417833E+000                  1.1798279296797822E+000                  1.6177354436926983E+001                  1.8852852225219561E-005                  4.8765736183575142E-001                  5.1232378531202338E-001                  0.0000000000000000E+000                  0.0000000000000000E+000                  1.1019462218651258E-039 
                                     773                  2.2223411880158386E-001                 -1.3018844420260363E+000                  7.2623401219589310E+000                  1.1972849850593703E+000                  1.6193112316951346E+001                  1.8555506625626722E-005                  4.8833076158458477E-001                  5.1165068290878968E-001                  0.0000000000000000E+000                  0.0000000000000000E+000                  1.0520662361588141E-039 
                                     774                  2.2221104913890730E-001                 -1.3043102564464217E+000                  7.2607700177667347E+000                  1.2200270261010608E+000                  1.6213713783127599E+001                  1.8193279468272204E-005                  4.8900161925316077E-001                  5.1098018746737095E-001                  0.0000000000000000E+000                  0.0000000000000000E+000                  9.9672682212991488E-040 
                                     775                  2.2218797947623073E-001                 -1.3066505212618222E+000                  7.2594283641220114E+000                  1.2419621887540504E+000                  1.6233798830373861E+001                  1.7865916500557344E-005                  4.8968347449723443E-001                  5.1029865958626508E-001                  0.0000000000000000E+000                  0.0000000000000000E+000                  9.6364694548162101E-040 
                                     776                  2.2216490981355416E-001                 -1.3089111618200295E+000                  7.2584210578288415E+000                  1.2630817012403219E+000                  1.6253388841386187E+001                  1.7599849118970075E-005                  4.8984225367744860E-001                  5.1014014647343242E-001                  0.0000000000000000E+000                  0.0000000000000000E+000                  9.5835760009621518E-040 
                                     777                  2.2214184015087757E-001                 -1.3110978318491431E+000                  7.2577988001246254E+000                  1.2832665068230076E+000                  1.6272504324373326E+001                  1.7392099390511611E-005                  4.9008042244777000E-001                  5.0990218545283950E-001                  0.0000000000000000E+000                  0.0000000000000000E+000                  9.8884712415958616E-040 
                                     778                  2.2211877048820106E-001                 -1.3132164693788348E+000                  7.2575902748000871E+000                  1.3025579497510924E+000                  1.6291165038980782E+001                  1.7228147650689481E-005                  4.9008042244777000E-001                  5.0990234940457935E-001                  0.0000000000000000E+000                  0.0000000000000000E+000                  1.0599900081136763E-039 
                                     779                  2.2209570082552446E-001                 -1.3152724898330406E+000                  7.2577498229521025E+000                  1.3209962791460903E+000                  1.6309389972872282E+001                  1.7121606528781858E-005                  4.9006108253182995E-001                  5.0992179586164132E-001                  0.0000000000000000E+000                  0.0000000000000000E+000                  1.1765598729500222E-039 
                                     780                  2.2207263116284789E-001                 -1.3172708366093964E+000                  7.2581746190717720E+000                  1.3387119882801248E+000                  1.6327197332591748E+001                  1.7032545172168720E-005                  4.9004174261588973E-001                  5.0994122483893811E-001                  0.0000000000000000E+000                  0.0000000000000000E+000                  1.3385894400800637E-039 
                                     781                  2.2204956150017133E-001                 -1.3192156145268956E+000                  7.2589823232647053E+000                  1.3642347486654773E+000                  1.6353053219890292E+001                  1.6922259490974981E-005                  4.8988962010783316E-001                  5.1009345763267588E-001                  0.0000000000000000E+000                  0.0000000000000000E+000                  1.6445653554410972E-039 
                                     782                  2.2200342217481819E-001                 -1.3229558239274641E+000                  7.2593140269083207E+000                  1.3896125693974739E+000                  1.6378281690790718E+001                  1.6798503183101032E-005                  4.8979465893597712E-001                  5.1018854256083979E-001                  0.0000000000000000E+000                  0.0000000000000000E+000                  1.9207452092883589E-039 
                                     783                  2.2198035251214160E-001                 -1.3247538864809569E+000                  7.2591380110336683E+000                  1.4064163761449158E+000                  1.6394582815070589E+001                  1.6666567682900629E-005                  4.8979465893597712E-001                  5.1018867449633998E-001                  0.0000000000000000E+000                  0.0000000000000000E+000                  2.0423783951713936E-039 
                                     784                  2.2195728284946503E-001                 -1.3265050429873615E+000                  7.2580678472290385E+000                  1.4317162694826464E+000                  1.6418308905770687E+001                  1.6394517490173342E-005                  4.8996591880786761E-001                  5.1001768667464220E-001                  0.0000000000000000E+000                  0.0000000000000000E+000                  2.0596650828871936E-039 
                                     785                  2.2191114352411190E-001                 -1.3298679827750035E+000                  7.2548307683391142E+000                  1.4586378680969156E+000                  1.6441490134356279E+001                  1.5964623285518970E-005                  4.9107469489895150E-001                  5.0890934047776293E-001                  0.0000000000000000E+000                  0.0000000000000000E+000                  1.6733703054732527E-039 
                                     786                  2.2188807386143533E-001                 -1.3314757794830672E+000                  7.2518986974558324E+000                  1.4769371146415138E+000                  1.6456499619997395E+001                  1.5606629597343345E-005                  4.9192053564782784E-001                  5.0806385772257490E-001                  0.0000000000000000E+000                  0.0000000000000000E+000                  1.3445100666398750E-039 
                                     787                  2.2186500419875874E-001                 -1.3330341880664147E+000                  7.2463723067805619E+000                  1.5046370171736447E+000                  1.6478385967402886E+001                  1.4962542737470754E-005                  4.9512799906688248E-001                  5.0485703839038010E-001                  0.0000000000000000E+000                  0.0000000000000000E+000                  8.6859592576682798E-040 
                                     788                  2.2181886487340560E-001                 -1.3360044787466894E+000                  7.2368687556169595E+000                  1.5428057272191769E+000                  1.6506685486273536E+001                  1.4101070039917555E-005                  5.0011166078559566E-001                  4.9987423814436438E-001                  0.0000000000000000E+000                  0.0000000000000000E+000                  3.8800500305956521E-040 
                                     789                  2.2177272554805250E-001                 -1.3387793894613451E+000                  7.2278937630235847E+000                  1.5792099539982043E+000                  1.6533914370907240E+001                  1.3376965896767278E-005                  5.0569835676359831E-001                  4.9428826627050493E-001                  0.0000000000000000E+000                  0.0000000000000000E+000                  1.8125886285230700E-040 
                                     790                  2.2172658622269936E-001                 -1.3413789945252659E+000                  7.2238615542635642E+000                  1.6030111112417345E+000                  1.6553725652169792E+001                  1.3034829903460661E-005                  5.0971603599539872E-001                  4.9027092917469783E-001                  0.0000000000000000E+000                  0.0000000000000000E+000                  1.3435861648700697E-040 
                                     791                  2.2170351656002277E-001                 -1.3426259488711156E+000                  7.2222985659788907E+000                  1.6172940933336328E+000                  1.6566591754896919E+001                  1.2892777761996149E-005                  5.1258281035615183E-001                  4.8740429686608622E-001                  0.0000000000000000E+000                  0.0000000000000000E+000                  1.2348729629896427E-040 
                                     792                  2.2168044689734620E-001                 -1.3438428728603822E+000                  7.2215948547503270E+000                  1.6364520230885189E+000                  1.6585406666742809E+001                  1.2763501863577403E-005                  5.1698601899585039E-001                  4.8300121750228608E-001                  0.0000000000000000E+000                  0.0000000000000000E+000                  1.2871708014526701E-040 
                                     793                  2.2163430757199307E-001                 -1.3462006023601252E+000                  7.2238097606769722E+000                  1.6578345561779115E+000                  1.6609793612836430E+001                  1.2698966296421752E-005                  5.2336434075369453E-001                  4.7662296028000906E-001                  0.0000000000000000E+000                  0.0000000000000000E+000                  1.8842257395996124E-040 
                                     794                  2.2158816824663990E-001                 -1.3484813088944569E+000                  7.2257814052827989E+000                  1.6785149868155653E+000                  1.6633355982213310E+001                  1.2634430729266090E-005                  5.3049543119446119E-001                  4.6949193437480952E-001                  0.0000000000000000E+000                  0.0000000000000000E+000                  2.6864279586907762E-040 
                                     795                  2.2154202892128677E-001                 -1.3506899403983623E+000                  7.2270967535367081E+000                  1.6991951152068454E+000                  1.6656148332552750E+001                  1.2513276124530188E-005                  5.3704363329073890E-001                  4.6294385343313660E-001                  0.0000000000000000E+000                  0.0000000000000000E+000                  3.5526379947989003E-040 
                                     796                  2.2149588959593364E-001                 -1.3528277204365706E+000                  7.2273452735281225E+000                  1.7203112523610027E+000                  1.6678219292576365E+001                  1.2357920397893485E-005                  5.4331923331869558E-001                  4.5666840876090653E-001                  0.0000000000000000E+000                  0.0000000000000000E+000                  4.1857901473142328E-040 
                                     797                  2.2144975027058053E-001                 -1.3548938282125089E+000                  7.2268966424674241E+000                  1.7414976346025848E+000                  1.6699612020270077E+001                  1.2135310924218631E-005                  5.4941745612911519E-001                  4.5057040855996056E-001                  0.0000000000000000E+000                  0.0000000000000000E+000                  4.5687199738787821E-040 
                                     798                  2.2140361094522737E-001                 -1.3568893629917580E+000                  7.2248584256802673E+000                  1.7637017425435317E+000                  1.6720365330280622E+001                  1.1848469768991608E-005                  5.5557542577778640E-001                  4.4441272575244462E-001                  0.0000000000000000E+000                  0.0000000000000000E+000                  4.2179371714542528E-040 
                                     799                  2.2135747161987424E-001                 -1.3588112665905079E+000                  7.2239370650821115E+000                  1.7841974476496960E+000                  1.6740513523032586E+001                  1.1574980332985874E-005                  5.6108940938860252E-001                  4.3889901563106448E-001                  0.0000000000000000E+000                  0.0000000000000000E+000                  4.3427843271388943E-040 
                                     800                  2.2131133229452107E-001                 -1.3606686649529793E+000                  7.2202796955433097E+000                  1.8162724489702686E+000                  1.6769555705983009E+001                  1.1182548471272274E-005                  5.6850173675435456E-001                  4.3148708069717412E-001                  0.0000000000000000E+000                  0.0000000000000000E+000                  3.5474320382135839E-040 
                                     801                  2.2121905364381481E-001                 -1.3641835472385837E+000                  7.2180837084683702E+000                  1.8460936110639043E+000                  1.6797632872445888E+001                  1.0858855088467223E-005                  5.7407640624155198E-001                  4.2591273490335957E-001                  0.0000000000000000E+000                  0.0000000000000000E+000                  3.3254060620238419E-040 
                                     802                  2.2117291431846170E-001                 -1.3658540452217074E+000                  7.2167544528287726E+000                  1.8652465767682544E+000                  1.6815656714759090E+001                  1.0659661285922894E-005                  5.7700297758713182E-001                  4.2298636275158230E-001                  0.0000000000000000E+000                  0.0000000000000000E+000                  3.2070410241138978E-040 
                                     803                  2.2112677499310854E-001                 -1.3674707246376481E+000                  7.2155433436739589E+000                  1.8838575259193058E+000                  1.6833213094778753E+001                  1.0471408244036390E-005                  5.7954285806621375E-001                  4.2044667052554219E-001                  0.0000000000000000E+000                  0.0000000000000000E+000                  3.1182477205049865E-040 
                                     804                  2.2108063566775540E-001                 -1.3690367078168881E+000                  7.2170566238743881E+000                  1.8991756660729564E+000                  1.6850324120979501E+001                  1.0307718346159191E-005                  5.8181345040090626E-001                  4.1817624188074753E-001                  0.0000000000000000E+000                  0.0000000000000000E+000                  4.0118576336124637E-040 
                                     805                  2.2103449634240224E-001                 -1.3705646606862179E+000                  7.2168120680677541E+000                  1.9239818156002455E+000                  1.6875121366482123E+001                  1.0094934358022485E-005                  5.8486181109065716E-001                  4.1512809397498485E-001                  0.0000000000000000E+000                  0.0000000000000000E+000                  4.4809035987080054E-040 
                                     806                  2.2094221769169597E-001                 -1.3734956675953525E+000                  7.2188941346143247E+000                  1.9534106057347629E+000                  1.6906929917349185E+001                  9.8765664725886006E-006                  5.8782438272320103E-001                  4.1216574071032641E-001                  0.0000000000000000E+000                  0.0000000000000000E+000                  6.5957185147452604E-040 
                                     807                  2.2084993904098971E-001                 -1.3762893417662097E+000                  7.2217963396310623E+000                  1.9731521866306212E+000                  1.6929904791072492E+001                  9.7262656271583065E-006                  5.9014312392337287E-001                  4.0984714981100001E-001                  0.0000000000000000E+000                  0.0000000000000000E+000                  1.0083791627664928E-039 
                                     808                  2.2080379971563657E-001                 -1.3776433799149499E+000                  7.2224677986130024E+000                  1.9871409725849332E+000                  1.6944750686480859E+001                  9.6345814961519211E-006                  5.9184679506884452E-001                  4.0814357034965931E-001                  0.0000000000000000E+000                  0.0000000000000000E+000                  1.1719821109267603E-039 
                                     809                  2.2075766039028341E-001                 -1.3789666795482067E+000                  7.2252197062640846E+000                  2.0056951690471863E+000                  1.6966360381743936E+001                  9.5279990836334056E-006                  5.9390575068144125E-001                  4.0608472131947515E-001                  0.0000000000000000E+000                  0.0000000000000000E+000                  1.7486064935232344E-039 
                                     810                  2.2066538173957720E-001                 -1.3815368982348073E+000                  7.2217812249875903E+000                  2.0365508448867797E+000                  1.6994216719320168E+001                  9.3210672004010015E-006                  5.9901947014748735E-001                  4.0097120878531223E-001                  0.0000000000000000E+000                  0.0000000000000000E+000                  1.4386478064048000E-039 
                                     811                  2.2057310308887101E-001                 -1.3839725985983971E+000                  7.2218891401954508E+000                  2.0559671023310391E+000                  1.7014425910259618E+001                  9.1337340160616251E-006                  6.0420009648820927E-001                  3.9579076977777472E-001                  0.0000000000000000E+000                  0.0000000000000000E+000                  1.6439835123153996E-039 
                                     812                  2.2052696376351791E-001                 -1.3851518433373733E+000                  7.2240505802000143E+000                  2.0662122865779073E+000                  1.7027531278174006E+001                  8.9855218078540258E-006                  6.0847213930028654E-001                  3.9151887517790562E-001                  0.0000000000000000E+000                  0.0000000000000000E+000                  2.2329092968464396E-039 
                                     813                  2.2048082443816483E-001                 -1.3863129425102168E+000                  7.2209951101135328E+000                  2.0874687202162900E+000                  1.7046671740083855E+001                  8.7282183675706164E-006                  6.1610764139579710E-001                  3.8388363038583528E-001                  0.0000000000000000E+000                  0.0000000000000000E+000                  1.8485617267526400E-039 
                                     814                  2.2038854578745862E-001                 -1.3885503104993133E+000                  7.2219250692417472E+000                  2.1108855618384856E+000                  1.7071428098261315E+001                  8.5504296445948711E-006                  6.1930721365635866E-001                  3.8068423591399669E-001                  0.0000000000000000E+000                  0.0000000000000000E+000                  2.3324721348436087E-039 
                                     815                  2.2029626713675241E-001                 -1.3907026234672499E+000                  7.2262061795763843E+000                  2.1304419717530920E+000                  1.7095295566941598E+001                  8.5069501361669210E-006                  6.1903742156103581E-001                  3.8095407148882798E-001                  0.0000000000000000E+000                  0.0000000000000000E+000                  4.0806658820751432E-039 
                                     816                  2.2020398848604622E-001                 -1.3927905228544524E+000                  7.2299106624115899E+000                  2.1497706042457683E+000                  1.7118337815485035E+001                  8.4553802803231659E-006                  6.1874340521182591E-001                  3.8124813940789382E-001                  0.0000000000000000E+000                  0.0000000000000000E+000                  6.6896807478141985E-039 
                                     817                  2.2011170983534001E-001                 -1.3948161121284177E+000                  7.2306955853665338E+000                  2.1713069669595391E+000                  1.7140611424565623E+001                  8.2714989029609944E-006                  6.1887915198716137E-001                  3.8111257651393571E-001                  0.0000000000000000E+000                  0.0000000000000000E+000                  8.1070696358374268E-039 
                                     818                  2.2001943118463380E-001                 -1.3967703843696024E+000                  7.2273382512349293E+000                  2.1964013734259598E+000                  1.7162164791016977E+001                  7.9329206699832505E-006                  6.1927284228941071E-001                  3.8071922478991926E-001                  0.0000000000000000E+000                  0.0000000000000000E+000                  6.4083681727454994E-039 
                                     819                  2.1992715253392761E-001                 -1.3986394560358293E+000                  7.2320101377776203E+000                  2.2124662838583893E+000                  1.7183038444517553E+001                  7.8609081130627623E-006                  6.1927284228941049E-001                  3.8071929680247640E-001                  0.0000000000000000E+000                  0.0000000000000000E+000                  1.1483454045666087E-038 
                                     820                  2.1983487388322143E-001                 -1.4004637771112731E+000                  7.2354076830341354E+000                  2.2306625385077639E+000                  1.7203276106699018E+001                  7.7888955561422893E-006                  6.1044084796702314E-001                  3.8955136313742067E-001                  0.0000000000000000E+000                  0.0000000000000000E+000                  1.7343741525577448E-038 
                                     821                  2.1974259523251524E-001                 -1.4022351037615939E+000                  7.2357247875678006E+000                  2.2500313936559766E+000                  1.7222915455923712E+001                  7.7168829992218197E-006                  6.1044084796702347E-001                  3.8955143514997725E-001                  0.0000000000000000E+000                  0.0000000000000000E+000                  1.9763748896836230E-038 
                                     822                  2.1965031658180906E-001                 -1.4039496880464886E+000                  7.2383764682544554E+000                  2.2614043118969303E+000                  1.7237299132843585E+001                  7.5778049552593979E-006                  6.1213785167381174E-001                  3.8785457052123296E-001                  0.0000000000000000E+000                  0.0000000000000000E+000                  2.8015136116255168E-038 
                                     823                  2.1960417725645595E-001                 -1.4047922339000321E+000                  7.2370151227495967E+000                  2.2720319759507976E+000                  1.7246700188222000E+001                  7.4855984161750700E-006                  6.1345528485879486E-001                  3.8653722954278902E-001                  0.0000000000000000E+000                  0.0000000000000000E+000                  2.5705437290519021E-038 
                                     824                  2.1955803793110290E-001                 -1.4056191665160469E+000                  7.2396091066113470E+000                  2.2823786676282944E+000                  1.7260531340618609E+001                  7.3208645513939681E-006                  6.1834545581565181E-001                  3.8164722331979684E-001                  0.0000000000000000E+000                  0.0000000000000000E+000                  3.6580407528174914E-038 
                                     825                  2.1946575928039672E-001                 -1.4072478441830614E+000                  7.2327752206240898E+000                  2.3075113577982700E+000                  1.7278569073065391E+001                  7.0784355349582588E-006                  6.1834545581565203E-001                  3.8164746574881303E-001                  0.0000000000000000E+000                  0.0000000000000000E+000                  1.9962056903775551E-038 
                                     826                  2.1937348062969053E-001                 -1.4088019364913746E+000                  7.2323995435327451E+000                  2.3245735521678452E+000                  1.7296124869851710E+001                  6.8044146364101399E-006                  6.1626488569121363E-001                  3.8372830989414997E-001                  0.0000000000000000E+000                  0.0000000000000000E+000                  2.0678035419268441E-038 
                                     827                  2.1928120197898435E-001                 -1.4103120550653925E+000                  7.2257419445275142E+000                  2.3508643664357307E+000                  1.7321247260346055E+001                  6.3574563259664904E-006                  6.1647699786943266E-001                  3.8351664467424140E-001                  0.0000000000000000E+000                  0.0000000000000000E+000                  1.1541441548476230E-038 
                                     828                  2.1909977484824147E-001                 -1.4131489072543444E+000                  7.2170453328305930E+000                  2.3773223074140488E+000                  1.7345451933909668E+001                  5.8657643542943820E-006                  6.2127824359044093E-001                  3.7871589064520483E-001                  0.0000000000000000E+000                  0.0000000000000000E+000                  5.2667689337899890E-039 
                                     829                  2.1900906128287004E-001                 -1.4145029753878460E+000                  7.2130400544768838E+000                  2.3950919022227133E+000                  1.7361053709438060E+001                  5.5879495120309738E-006                  6.2452320457186061E-001                  3.7547120747862739E-001                  0.0000000000000000E+000                  0.0000000000000000E+000                  3.7863980296573066E-039 
                                     830                  2.1891834771749860E-001                 -1.4158147820501557E+000                  7.2079472416375339E+000                  2.4216689739715669E+000                  1.7383709433607276E+001                  5.2090904163044412E-006                  6.2958925334919968E-001                  3.7040553756038397E-001                  0.0000000000000000E+000                  0.0000000000000000E+000                  2.5469444304143715E-039 
                                     831                  2.1873692058675573E-001                 -1.4183153427076096E+000                  7.1973595129056323E+000                  2.4528879763790843E+000                  1.7405713009589242E+001                  4.6896162370935974E-006                  6.3438213278778810E-001                  3.6561317759597478E-001                  0.0000000000000000E+000                  0.0000000000000000E+000                  9.5551772888033044E-040 
                                     832                  2.1864620702138429E-001                 -1.4194937925742641E+000                  7.1986902402627138E+000                  2.4655211476375039E+000                  1.7419931441795974E+001                  4.3915826898438615E-006                  6.3438213278778821E-001                  3.6561347562952196E-001                  0.0000000000000000E+000                  0.0000000000000000E+000                  1.1804551853067949E-039 
                                     833                  2.1855549345601288E-001                 -1.4206477148252892E+000                  7.1905977063307356E+000                  2.4936635272102055E+000                  1.7440628051885046E+001                  4.0169562273055497E-006                  6.3309743728196310E-001                  3.6689854576180958E-001                  0.0000000000000000E+000                  0.0000000000000000E+000                  5.5465922409891117E-040 
                                     834                  2.1837406632527001E-001                 -1.4228358505995209E+000                  7.1857495492471699E+000                  2.5243564929254902E+000                  1.7467268070652839E+001                  3.5900464670846411E-006                  6.3200773499242635E-001                  3.6798867496110654E-001                  0.0000000000000000E+000                  0.0000000000000000E+000                  3.7752373164285687E-040 
                                     835                  2.1819263919452717E-001                 -1.4249048839561202E+000                  7.1795172812862376E+000                  2.5548729446380634E+000                  1.7492816313150804E+001                  3.1533148029912505E-006                  6.3340125823455962E-001                  3.6659558845063744E-001                  0.0000000000000000E+000                  0.0000000000000000E+000                  2.2232181625586265E-040 
                                     836                  2.1801121206378435E-001                 -1.4268605218395338E+000                  7.1760124823574261E+000                  2.5830787698237048E+000                  1.7517351285693117E+001                  2.7507380904752571E-006                  6.2388390038409225E-001                  3.7611334887781722E-001                  0.0000000000000000E+000                  0.0000000000000000E+000                  1.6630788524445095E-040 
                                     837                  2.1782978493304150E-001                 -1.4287174787805708E+000                  7.1694200892183426E+000                  2.6085928149574666E+000                  1.7538064727676964E+001                  2.4767947930186642E-006                  6.2861994889019379E-001                  3.7137757431501317E-001                  0.0000000000000000E+000                  0.0000000000000000E+000                  9.2786701620671640E-041 
                                     838                  2.1769371458498449E-001                 -1.4300452633558367E+000                  7.1754697105981444E+000                  2.6195013475123110E+000                  1.7555259791461754E+001                  2.2439599338735589E-006                  6.2861994889019379E-001                  3.7137780714987234E-001                  0.0000000000000000E+000                  0.0000000000000000E+000                  1.9371730390975602E-040 
                                     839                  2.1755764423692753E-001                 -1.4313519481542947E+000                  7.1677665429480113E+000                  2.6517673156141259E+000                  1.7580113709388584E+001                  1.8974707993005062E-006                  6.1814339611456948E-001                  3.8185470641463126E-001                  0.0000000000000000E+000                  0.0000000000000000E+000                  9.1928240609793034E-041 
                                     840                  2.1728550354081347E-001                 -1.4338099268766265E+000                  7.1632836466950804E+000                  2.6860538887438996E+000                  1.7611831210063482E+001                  1.4859989660540518E-006                  6.1872738373116221E-001                  3.8127113026987169E-001                  0.0000000000000000E+000                  0.0000000000000000E+000                  6.6676586010485797E-041 
                                     841                  2.1701336284469944E-001                 -1.4361190270671924E+000                  7.1631657651150640E+000                  2.7074838438246114E+000                  1.7634626371672393E+001                  1.2570172235854244E-006                  6.2144631016142782E-001                  3.7855243282134865E-001                  0.0000000000000000E+000                  0.0000000000000000E+000                  7.4703250451573117E-041 
                                     842                  2.1687729249664242E-001                 -1.4372310610620740E+000                  7.1641620975492577E+000                  2.7206226321721765E+000                  1.7649322756496336E+001                  1.1335085330380029E-006                  6.2064784448291532E-001                  3.7935102200855164E-001                  0.0000000000000000E+000                  0.0000000000000000E+000                  8.9298480931800371E-041 
                                     843                  2.1674122214858541E-001                 -1.4383181824896212E+000                  7.1654140690204766E+000                  2.7397953151690708E+000                  1.7670669572088411E+001                  9.5283290243965810E-007                  6.1990835722151816E-001                  3.8009068994557937E-001                  0.0000000000000000E+000                  0.0000000000000000E+000                  1.1348424742038383E-040 
                                     844                  2.1646908145247143E-001                 -1.4404215653237613E+000                  7.1629124076067434E+000                  2.7603624723764719E+000                  1.7691379341527437E+001                  8.0415650454449961E-007                  6.2969514472264043E-001                  3.7030405112085507E-001                  0.0000000000000000E+000                  0.0000000000000000E+000                  1.0014208664502444E-040 
                                     845                  2.1633301110441439E-001                 -1.4414354768178732E+000                  7.1633093354212347E+000                  2.7725390527934684E+000                  1.7704771165035087E+001                  7.3149546812452017E-007                  6.3037565145629160E-001                  3.6962361704824032E-001                  0.0000000000000000E+000                  0.0000000000000000E+000                  1.1214570339561988E-040 
                                     846                  2.1619694075635737E-001                 -1.4424282121361087E+000                  7.1671443937849961E+000                  2.7876890848743194E+000                  1.7724276824102780E+001                  6.4357653362249824E-007                  6.2884612449823285E-001                  3.7115323192523353E-001                  0.0000000000000000E+000                  0.0000000000000000E+000                  1.8592916435223040E-040 
                                     847                  2.1592480006024339E-001                 -1.4443651045119918E+000                  7.1729344516575066E+000                  2.8051287432420366E+000                  1.7749393644285455E+001                  5.5486008331758740E-007                  6.3755129511476305E-001                  3.6244815002515363E-001                  0.0000000000000000E+000                  0.0000000000000000E+000                  4.0714164183295076E-040 
                                     848                  2.1565265936412942E-001                 -1.4462504867582928E+000                  7.1777704833710994E+000                  2.8216822202633645E+000                  1.7773511887065357E+001                  4.7056819215629560E-007                  6.5267353215120305E-001                  3.4732599728060476E-001                  0.0000000000000000E+000                  0.0000000000000000E+000                  8.1887872435506503E-040 
                                     849                  2.1538051866801522E-001                 -1.4480888516101151E+000                  7.1818795359984051E+000                  2.8392128063867976E+000                  1.7796712292001668E+001                  3.9760960857623411E-007                  6.5780198942257162E-001                  3.4219761296781981E-001                  0.0000000000000000E+000                  0.0000000000000000E+000                  1.4542816178282981E-039 
                                     850                  2.1510837797190102E-001                 -1.4498767410589239E+000                  7.1828208534436051E+000                  2.8582324541420587E+000                  1.7819064750832933E+001                  3.5399126354153922E-007                  6.6656024899732513E-001                  3.3343939701141134E-001                  0.0000000000000000E+000                  0.0000000000000000E+000                  1.8603304691887515E-039 
                                     851                  2.1483623727578688E-001                 -1.4516089542313102E+000                  7.1870881482562083E+000                  2.8746014093465959E+000                  1.7840629726328689E+001                  2.8441757785002398E-007                  6.6711583647534745E-001                  3.3288387910707473E-001                  0.0000000000000000E+000                  0.0000000000000000E+000                  3.2656928509962104E-039 
                                     852                  2.1456409657967268E-001                 -1.4532969166599423E+000                  7.1927505583195277E+000                  2.8887062732276294E+000                  1.7861462843865592E+001                  2.3448503060988548E-007                  6.7086768740066249E-001                  3.2913207811430689E-001                  0.0000000000000000E+000                  0.0000000000000000E+000                  6.6865519543544297E-039 
                                     853                  2.1429195588355857E-001                 -1.4549499036553335E+000                  7.1993382845633969E+000                  2.9022812593294240E+000                  1.7881615160956777E+001                  1.9518435621468498E-007                  6.6708760418962187E-001                  3.3291220062602189E-001                  0.0000000000000000E+000                  0.0000000000000000E+000                  1.4560844573828376E-038 
                                     854                  2.1401981518744440E-001                 -1.4565702375783607E+000                  7.2053480022517284E+000                  2.9153319186965923E+000                  1.7901132562479180E+001                  1.6263262252924379E-007                  6.6689215187564510E-001                  3.3310768549173242E-001                  0.0000000000000000E+000                  0.0000000000000000E+000                  3.0053458987138756E-038 
                                     855                  2.1374767449133028E-001                 -1.4581601357045013E+000                  7.2100735071632513E+000                  2.9300061198783571E+000                  1.7920056458071674E+001                  1.3864657114328729E-007                  6.5748837230297608E-001                  3.4251148905045281E-001                  0.0000000000000000E+000                  0.0000000000000000E+000                  5.2050688647171450E-038 
                                     856                  2.1347553379521617E-001                 -1.4597139919067712E+000                  7.2145505034239497E+000                  2.9412952052552268E+000                  1.7936545733865341E+001                  1.1781143592320420E-007                  6.5933595888743413E-001                  3.4066392330112993E-001                  0.0000000000000000E+000                  0.0000000000000000E+000                  9.0507260046522312E-038 
                                     857                  2.1326008907745916E-001                 -1.4609240627886926E+000                  7.2183032173226138E+000                  2.9523675434523549E+000                  1.7950755137772823E+001                  1.0428496771231883E-007                  6.5025165517281580E-001                  3.4974824054221654E-001                  0.0000000000000000E+000                  0.0000000000000000E+000                  1.3806039795509056E-037 
                                     858                  2.1304464435970219E-001                 -1.4621134897040484E+000                  7.2241406609608001E+000                  2.9665827023956415E+000                  1.7971433694693975E+001                  9.0206813320487163E-008                  6.5040072233247470E-001                  3.4959918746071195E-001                  0.0000000000000000E+000                  0.0000000000000000E+000                  2.7901143216466522E-037 
                                     859                  2.1261375492418821E-001                 -1.4644438810470386E+000                  7.2333059724320430E+000                  2.9823089501440307E+000                  1.7995048250551100E+001                  7.7296594703380027E-008                  6.3701582191006556E-001                  3.6298410079333976E-001                  0.0000000000000000E+000                  0.0000000000000000E+000                  7.5812114100854536E-037 
                                     860                  2.1228285765269547E-001                 -1.4661943454256274E+000                  7.2357578591789498E+000                  2.9986693764083800E+000                  1.8014849962835562E+001                  6.7811731142822449E-008                  6.3598815106541917E-001                  3.6401178112284971E-001                  0.0000000000000000E+000                  0.0000000000000000E+000                  1.0684469886118101E-036 
                                     861                  2.1195196038120273E-001                 -1.4679003401054469E+000                  7.2432145627497482E+000                  3.0102872745322999E+000                  1.8034052099501668E+001                  6.0136818049128486E-008                  6.3495761057529232E-001                  3.6504232928788960E-001                  0.0000000000000000E+000                  0.0000000000000000E+000                  2.4886799437400488E-036 
                                     862                  2.1162106310970999E-001                 -1.4695808442859573E+000                  7.2488561633384840E+000                  3.0224989578289572E+000                  1.8052693279725201E+001                  5.5214145415662292E-008                  6.3741693867552518E-001                  3.6258300611032945E-001                  0.0000000000000000E+000                  0.0000000000000000E+000                  4.8635940391813885E-036 
                                     863                  2.1129016583821728E-001                 -1.4712336735503626E+000                  7.2570820537985483E+000                  3.0376391728167675E+000                  1.8075220903042499E+001                  4.8970207359665500E-008                  6.2706682377528300E-001                  3.7293312725450967E-001                  0.0000000000000000E+000                  0.0000000000000000E+000                  1.1861854517488165E-035 
                                     864                  2.1079381993097804E-001                 -1.4736619490743181E+000                  7.2589375976241719E+000                  3.0539160525336202E+000                  1.8094924495278246E+001                  4.5811699285959978E-008                  6.2978946077444564E-001                  3.7021049341385504E-001                  7.0491019889491929E-092                  0.0000000000000000E+000                  1.5902896377488477E-035 
                                     865                  2.1054564697735842E-001                 -1.4748461179286316E+000                  7.2635821349919150E+000                  3.0626427068335320E+000                  1.8107702411842613E+001                  4.2292037703430629E-008                  6.2281645920715922E-001                  3.7718349850080313E-001                  8.3897492053805405E-092                  0.0000000000000000E+000                  2.6093895440927007E-035 
                                     866                  2.1029747402373883E-001                 -1.4760162055726456E+000                  7.2707620890949096E+000                  3.0747924232979216E+000                  1.8126365402625431E+001                  3.7781587710907604E-008                  6.1495971709234187E-001                  3.8504024512607038E-001                  1.0979729546153890E-091                  3.7325585648126418E-093                  5.6251941149263407E-035 
                                     867                  2.0980112811649965E-001                 -1.4783192642027922E+000                  7.2762593669677971E+000                  3.0966139561468302E+000                  1.8144592755809288E+001                  2.1390967460861249E-008                  5.3285330815216725E-001                  4.6714667045686531E-001                  1.2212211941319453E-091                  5.9517014602016936E-093                  7.2314810270138064E-035 
                                     868                  2.0955295516288003E-001                 -1.4794273508032012E+000                  7.2804760729665468E+000                  3.1108824221118700E+000                  1.8156437697664963E+001                  1.4138808665073637E-008                  4.7512685949141137E-001                  5.2487312636977990E-001                  1.3116276927339807E-091                  8.1677419768530021E-093                  8.5154210522709173E-035 
                                     869                  2.0930478220926038E-001                 -1.4805077594027711E+000                  7.2880860375267860E+000                  3.1224849522213396E+000                  1.8175919539346683E+001                  1.4138808665073637E-008                  4.7512685949141137E-001                  5.2487312636977990E-001                  1.7551086945541743E-091                  1.1152824662834545E-092                  1.9648387915028044E-034 
                                     870                  2.0871395727040398E-001                 -1.4830435278449554E+000                  7.2984147339291576E+000                  3.1383440734539771E+000                  1.8202479130773970E+001                  1.4138808665073637E-008                  4.7512685949141137E-001                  5.2487312636977990E-001                  2.5996096346203355E-091                  1.6979534303212323E-092                  6.0664055859496507E-034 
                                     871                  2.0812313233154753E-001                 -1.4855311578006130E+000                  7.3077533197483957E+000                  3.1527021511122091E+000                  1.8226509385138524E+001                  1.4138808665073637E-008                  4.7512685949141137E-001                  5.2487312636977990E-001                  3.6979206139022845E-091                  2.4762346705928861E-092                  1.6679960213914097E-033 
                                     872                  2.0760327699682024E-001                 -1.4876830075867506E+000                  7.3151559976172251E+000                  3.1640952875766546E+000                  1.8245567823817986E+001                  1.4138808665073637E-008                  4.7512685949141137E-001                  5.2487312636977990E-001                  4.8802261092802016E-091                  3.3333720907871642E-092                  3.6992565663984509E-033 
                                     873                  2.0721338549577475E-001                 -1.4892755775341184E+000                  7.3220419422260310E+000                  3.1746499428853223E+000                  1.8263246241534130E+001                  1.4138808665073629E-008                  4.7512685949141131E-001                  5.2487312636978001E-001                  6.3061012155632047E-091                  4.3879003973711349E-092                  7.7263064077453159E-033 
                                     874                  2.0673414385904754E-001                 -1.4912095191679031E+000                  7.3299389590445472E+000                  3.1867606676908391E+000                  1.8283524623672470E+001                  1.4138808665070327E-008                  4.7512685949138217E-001                  5.2487312636980921E-001                  8.4442034293133396E-091                  0.0000000000000000E+000                  1.7893086438746450E-032 
                                     875                  2.0618788962060111E-001                 -1.4933838946275684E+000                  7.3361428549007757E+000                  3.1963301753262603E+000                  1.8299514001928266E+001                  1.4138808665063293E-008                  4.7512685949131989E-001                  5.2487312636987138E-001                  1.0621827551365511E-090                  7.6769644901060442E-092                  3.4496239071360541E-032 
                                     876                  2.0590562441932261E-001                 -1.4944955228683918E+000                  7.3424572065273246E+000                  3.2059756268438449E+000                  1.8315682665656990E+001                  1.4138808665054822E-008                  4.7512685949124556E-001                  5.2487312636994576E-001                  1.3403621427657627E-090                  9.8454274565087612E-092                  6.7042278849451964E-032 
                                     877                  2.0532615555821374E-001                 -1.4967535965049614E+000                  7.3507114762244488E+000                  3.2186508336242285E+000                  1.8336888912379646E+001                  1.4138808665052971E-008                  4.7512685949122940E-001                  5.2487312636996197E-001                  0.0000000000000000E+000                  0.0000000000000000E+000                  1.5913025584295895E-031 
                                     878                  2.0474668669710486E-001                 -1.4989809603647726E+000                  7.3587427508526355E+000                  3.2309834697294146E+000                  1.8357519190911852E+001                  1.4138808665047133E-008                  4.7512685949117800E-001                  5.2487312637001327E-001                  0.0000000000000000E+000                  0.0000000000000000E+000                  3.6731063904942116E-031 
                                     879                  2.0416380997652184E-001                 -1.5011923400537830E+000                  7.3652964456019561E+000                  3.2410783195971136E+000                  1.8374386031402700E+001                  1.4138808665045986E-008                  4.7512685949116801E-001                  5.2487312637002326E-001                  0.0000000000000000E+000                  0.0000000000000000E+000                  7.2493701602244660E-031 
                                     880                  2.0377171605518077E-001                 -1.5026643450842361E+000                  7.3704815681331235E+000                  3.2490402341890823E+000                  1.8387702024878912E+001                  1.4138808665045551E-008                  4.7512685949116384E-001                  5.2487312637002748E-001                  0.0000000000000000E+000                  0.0000000000000000E+000                  1.2394143381182933E-030 
                                     881                  2.0337611269288736E-001                 -1.5041374541850816E+000                  7.3755928655905718E+000                  3.2568894539071258E+000                  1.8400828017630435E+001                  1.4138808665045520E-008                  4.7512685949116373E-001                  5.2487312637002759E-001                  0.0000000000000000E+000                  0.0000000000000000E+000                  2.1010453502794995E-030 
                                     882                  2.0298050933059392E-001                 -1.5055989163590600E+000                  7.3824978098567025E+000                  3.2674458743344128E+000                  1.8418506519215537E+001                  1.4138808665045508E-008                  4.7512685949116351E-001                  5.2487312637002781E-001                  0.0000000000000000E+000                  0.0000000000000000E+000                  4.2829715755052227E-030 
                                     883                  2.0228462531387320E-001                 -1.5081428891080735E+000                  7.3911841162346983E+000                  3.2807842823000328E+000                  1.8440807233437855E+001                  1.4138808665045508E-008                  4.7512685949116351E-001                  5.2487312637002781E-001                  0.0000000000000000E+000                  0.0000000000000000E+000                  1.0509652098512312E-029 
                                     884                  2.0156727250090908E-001                 -1.5107315113929873E+000                  7.3991308641994218E+000                  3.2930095249927036E+000                  1.8461231146611201E+001                  1.4138808665045508E-008                  4.7512685949116351E-001                  5.2487312637002781E-001                  0.0000000000000000E+000                  0.0000000000000000E+000                  2.4010743752239399E-029 
                                     885                  2.0095239866122563E-001                 -1.5129246746655378E+000                  7.4062753247219621E+000                  3.3039844326332486E+000                  1.8479573178653602E+001                  1.4138808665045508E-008                  4.7512685949116351E-001                  5.2487312637002781E-001                  0.0000000000000000E+000                  0.0000000000000000E+000                  5.0861092884820419E-029 
                                     886                  2.0033752482154216E-001                 -1.5150955868381808E+000                  7.4132375384888221E+000                  3.3146984304960561E+000                  1.8497466222599250E+001                  1.4138808665045508E-008                  4.7512685949116351E-001                  5.2487312637002781E-001                  0.0000000000000000E+000                  0.0000000000000000E+000                  1.0691370654372068E-028 
                                     887                  1.9972265098185871E-001                 -1.5172454434139366E+000                  7.4168315417226802E+000                  3.3381721589022986E+000                  1.8513506050686562E+001                  5.4860168691306790E-009                  3.7431527926777602E-001                  6.2568471524620706E-001                  0.0000000000000000E+000                  0.0000000000000000E+000                  8.4767004831251342E-029 
                                     888                  1.9921025611545576E-001                 -1.5189655720542969E+000                  7.4053908547721390E+000                  3.3598227966031340E+000                  1.8526841599831872E+001                  5.1106638446105467E-009                  3.6856410020486691E-001                  6.3143589468446926E-001                  0.0000000000000000E+000                  0.0000000000000000E+000                  2.9206517132406006E-029 
                                     889                  1.9876599932809907E-001                 -1.5203999783132878E+000                  7.4032565064452278E+000                  3.3758402070083231E+000                  1.8542219590054874E+001                  4.6874955344942447E-009                  3.6340068482237337E-001                  6.3659931049013108E-001                  0.0000000000000000E+000                  0.0000000000000000E+000                  2.4759170789518720E-029 
                                     890                  1.9808244369994688E-001                 -1.5225536247342162E+000                  7.4050930286677170E+000                  3.3924340685330598E+000                  1.8560825385587030E+001                  4.1535938939529564E-009                  3.5146173587802587E-001                  6.4853825996838022E-001                  0.0000000000000000E+000                  0.0000000000000000E+000                  2.9228267454623381E-029 
                                     891                  1.9737005056873211E-001                 -1.5247466633644484E+000                  7.4058511541712981E+000                  3.4055447510814147E+000                  1.8574959292546399E+001                  3.9513894418779733E-009                  3.4187348386472571E-001                  6.5812651218388485E-001                  0.0000000000000000E+000                  0.0000000000000000E+000                  3.1044494112722091E-029 
                                     892                  1.9699943525159344E-001                 -1.5258663885740682E+000                  7.4095347970510588E+000                  3.4159063981317619E+000                  1.8589123378508518E+001                  3.7697716875872806E-009                  3.3714588098746850E-001                  6.6285411524275983E-001                  0.0000000000000000E+000                  0.0000000000000000E+000                  4.5113814796461149E-029 
                                     893                  1.9625820461731611E-001                 -1.5280783327728094E+000                  7.4164158358563199E+000                  3.4280126399366826E+000                  1.8607615896277466E+001                  3.1392519894601289E-009                  3.2986395198598201E-001                  6.7013604487476597E-001                  0.0000000000000000E+000                  0.0000000000000000E+000                  8.9298233783204732E-029 
                                     894                  1.9551697398303872E-001                 -1.5302623799632804E+000                  7.4234074485275183E+000                  3.4402495607406860E+000                  1.8625639127259095E+001                  2.8408854191836786E-009                  3.1714353477755924E-001                  6.8285646238155540E-001                  0.0000000000000000E+000                  0.0000000000000000E+000                  1.7275839173934408E-028 
                                     895                  1.9477574334876135E-001                 -1.5324178124477659E+000                  7.4306365199284885E+000                  3.4527039115666867E+000                  1.8644284720166823E+001                  2.4378311774090581E-009                  3.0578658750003318E-001                  6.9421341006213566E-001                  0.0000000000000000E+000                  0.0000000000000000E+000                  3.5403945979117570E-028 
                                     896                  1.9394265992695131E-001                 -1.5348091141916087E+000                  7.4369320279559528E+000                  3.4660479545070113E+000                  1.8663514191442808E+001                  2.0600137894746224E-009                  2.9716780353401773E-001                  7.0283219440596856E-001                  0.0000000000000000E+000                  0.0000000000000000E+000                  6.9187810536281423E-028 
                                     897                  1.9310957650514129E-001                 -1.5371664061114583E+000                  7.4446233236033743E+000                  3.4778007772639024E+000                  1.8683652560935560E+001                  1.8046978072883698E-009                  3.0033230391053012E-001                  6.9966769428477216E-001                  0.0000000000000000E+000                  0.0000000000000000E+000                  1.8089341446159723E-027 
                                     898                  1.9214832640305293E-001                 -1.5398603205182237E+000                  7.4527651373785346E+000                  3.4926045382292270E+000                  1.8704643315716094E+001                  1.6887329909040885E-009                  2.8072797100578895E-001                  7.1927202730547801E-001                  0.0000000000000000E+000                  0.0000000000000000E+000                  4.1412591230921606E-027 
                                     899                  1.9118707630096454E-001                 -1.5425124781486192E+000                  7.4609947993144230E+000                  3.5060576882779730E+000                  1.8726101106913884E+001                  1.1529817713513785E-009                  2.7582751110693438E-001                  7.2417248774008391E-001                  0.0000000000000000E+000                  0.0000000000000000E+000                  1.1393756794834270E-026 
                                     900                  1.9012428695239697E-001                 -1.5454103612370611E+000                  7.4690232948560977E+000                  3.5206004926301540E+000                  1.8747995648004352E+001                  1.0508969182618089E-009                  2.6610631912951788E-001                  7.3389367981958520E-001                  0.0000000000000000E+000                  0.0000000000000000E+000                  2.9794482318122723E-026 
                                     901                  1.8906149760382940E-001                 -1.5482690914434882E+000                  7.4755442010913340E+000                  3.5327763951616000E+000                  1.8766433957292556E+001                  9.0815352439547790E-010                  2.6005056254246522E-001                  7.3994943654938128E-001                  0.0000000000000000E+000                  0.0000000000000000E+000                  6.7106670220140930E-026 
                                     902                  1.8828768486769626E-001                 -1.5503276598044231E+000                  7.4810867573326023E+000                  3.5431895281041395E+000                  1.8781605529206715E+001                  7.9373973679434071E-010                  2.5051737876077007E-001                  7.4948262044549019E-001                  0.0000000000000000E+000                  0.0000000000000000E+000                  1.2747761033373146E-025 
                                     903                  1.8751387213156309E-001                 -1.5523660989138564E+000                  7.4868963478145796E+000                  3.5544222218270094E+000                  1.8799052265308561E+001                  7.0775330765379021E-010                  2.4954685381309674E-001                  7.5045314547914999E-001                  0.0000000000000000E+000                  0.0000000000000000E+000                  2.7867296106427181E-025 
                                     904                  1.8646672442326964E-001                 -1.5550987926521380E+000                  7.4938584225122717E+000                  3.5678955909998091E+000                  1.8818659470163578E+001                  5.4309778386657083E-010                  2.3832202475543188E-001                  7.6167797470147036E-001                  0.0000000000000000E+000                  0.0000000000000000E+000                  6.2846693629828542E-025 
                                     905                  1.8541957671497616E-001                 -1.5577981841553752E+000                  7.5014496602001701E+000                  3.5824798738242478E+000                  1.8840105101535787E+001                  4.6536651592779783E-010                  2.2749681560827387E-001                  7.7250318392635964E-001                  0.0000000000000000E+000                  0.0000000000000000E+000                  1.5371048796033869E-024 
                                     906                  1.8411089988086540E-001                 -1.5611289803183950E+000                  7.5083489052540466E+000                  3.5952140367375658E+000                  1.8860330121623669E+001                  3.7839372098876414E-010                  2.2777980284692970E-001                  7.7222019677467657E-001                  0.0000000000000000E+000                  0.0000000000000000E+000                  3.9187275981114513E-024 
                                     907                  1.8314303080582831E-001                 -1.5635693707228109E+000                  7.5128186090742970E+000                  3.6080751760602641E+000                  1.8877096838119751E+001                  2.9544718948993054E-010                  2.1573147144977198E-001                  7.8426852825478077E-001                  0.0000000000000000E+000                  0.0000000000000000E+000                  6.2191564803893837E-024 
                                     908                  1.8217516173079126E-001                 -1.5659785697778912E+000                  7.5212654339447935E+000                  3.6239840875033837E+000                  1.8901909217831356E+001                  2.3403346112678127E-010                  2.1362435459367729E-001                  7.8637564517228919E-001                  0.0000000000000000E+000                  0.0000000000000000E+000                  1.8679176213312039E-023 
                                     909                  1.8018806073764077E-001                 -1.5708684713322147E+000                  7.5307113873404559E+000                  3.6435710171491467E+000                  1.8929636457382369E+001                  1.7491196547664984E-010                  1.9535672636682930E-001                  8.0464327345825870E-001                  0.0000000000000000E+000                  0.0000000000000000E+000                  5.0300418128425427E-023 
                                     910                  1.7878453993089929E-001                 -1.5742659271424597E+000                  7.5373933425898638E+000                  3.6581458698994109E+000                  1.8951825486276039E+001                  1.0422992659640881E-010                  1.9577774139022769E-001                  8.0422225850554241E-001                  0.0000000000000000E+000                  0.0000000000000000E+000                  1.2267073973168986E-022 
                                     911                  1.7738101912415793E-001                 -1.5776288721581266E+000                  7.5441624340311071E+000                  3.6725764494706508E+000                  1.8971789292088985E+001                  8.1157857959639246E-011                  1.7984631247222810E-001                  8.2015368744661399E-001                  0.0000000000000000E+000                  0.0000000000000000E+000                  2.3082393715622574E-022 
                                     912                  1.7619398774140779E-001                 -1.5804394509375224E+000                  7.5496126615012100E+000                  3.6846264065432734E+000                  1.8989644607701646E+001                  6.7540388010878728E-011                  1.7682341399289495E-001                  8.2317658593956466E-001                  0.0000000000000000E+000                  0.0000000000000000E+000                  4.4633305746415439E-022 
                                     913                  1.7500695635865762E-001                 -1.5832264854036677E+000                  7.5557850847487265E+000                  3.6980393469549746E+000                  1.9008375774332237E+001                  4.7456188603514200E-011                  1.6401409385599999E-001                  8.3598590609654377E-001                  0.0000000000000000E+000                  0.0000000000000000E+000                  7.9006261619142917E-022 
                                     914                  1.7364496656552306E-001                 -1.5863914371137779E+000                  7.5615911868442822E+000                  3.7111525694567709E+000                  1.9027942136744905E+001                  3.5755091673467873E-011                  1.6243665621251846E-001                  8.3756334375172647E-001                  0.0000000000000000E+000                  0.0000000000000000E+000                  1.6176464436981982E-021 
                                     915                  1.7228297677238838E-001                 -1.5895298425381628E+000                  7.5673633713430100E+000                  3.7241001962039317E+000                  1.9046585385606363E+001                  2.7065969434603740E-011                  1.5541433443009903E-001                  8.4458566554283498E-001                  8.3390751640767164E-112                  1.5177812745698530E-046                  2.9537680885621575E-021 
                                     916                  1.7098924228624440E-001                 -1.5924849546488200E+000                  7.5728473689905202E+000                  3.7365092626838758E+000                  1.9064350159718678E+001                  1.6668235996979099E-011                  1.4815611964159889E-001                  8.5184388034173286E-001                  0.0000000000000000E+000                  0.0000000000000000E+000                  5.1168887446249270E-021 
                                     917                  1.6969550780010054E-001                 -1.5954158071697351E+000                  7.5777190056047408E+000                  3.7478412034400890E+000                  1.9080936893456272E+001                  1.2654876800540729E-011                  1.4508825921801902E-001                  8.5491174076932608E-001                  0.0000000000000000E+000                  0.0000000000000000E+000                  8.8673304547564600E-021 
                                     918                  1.6852420644845176E-001                 -1.5980511445326475E+000                  7.5823296980506374E+000                  3.7585862864084572E+000                  1.9096394801504214E+001                  1.0502272245290479E-011                  1.4012128549082567E-001                  8.5987871449867204E-001                  0.0000000000000000E+000                  0.0000000000000000E+000                  1.4208142900205441E-020 
                                     919                  1.6735290509680284E-001                 -1.6006691541368383E+000                  7.5874036402201730E+000                  3.7704462693267700E+000                  1.9113578482122382E+001                  8.2943319744390296E-012                  1.3564570897645947E-001                  8.6435429101524619E-001                  0.0000000000000000E+000                  0.0000000000000000E+000                  2.4191688375079976E-020 
                                     920                  1.6586625338124880E-001                 -1.6039692420173537E+000                  7.5930239308656686E+000                  3.7835395782078476E+000                  1.9132419958854754E+001                  5.0208860867798211E-012                  1.2951914599563880E-001                  8.7048085399934028E-001                  0.0000000000000000E+000                  0.0000000000000000E+000                  4.2061665407468234E-020 
                                     921                  1.6437960166569485E-001                 -1.6072448801952299E+000                  7.5982484102356143E+000                  3.7959073257900942E+000                  1.9150616899567179E+001                  3.2193686613305329E-012                  1.2726697181361593E-001                  8.7273302818316467E-001                  0.0000000000000000E+000                  0.0000000000000000E+000                  7.5609065837433070E-020 
                                     922                  1.6293234092730782E-001                 -1.6104139615860462E+000                  7.6042486327244267E+000                  3.8100861600969238E+000                  1.9171250356832559E+001                  2.2335741696781858E-012                  1.2279237747908929E-001                  8.7720762251867712E-001                  0.0000000000000000E+000                  0.0000000000000000E+000                  1.4062642162428521E-019 
                                     923                  1.6097074021652680E-001                 -1.6146793945617239E+000                  7.6097955857794997E+000                  3.8234944727157130E+000                  1.9191038117001504E+001                  1.5667674348144722E-012                  1.2138041239314663E-001                  8.7861958760528658E-001                  0.0000000000000000E+000                  0.0000000000000000E+000                  2.6515469209770016E-019 
                                     924                  1.5959930543328926E-001                 -1.6176440388764031E+000                  7.6148070352095028E+000                  3.8354974620354416E+000                  1.9208425865892700E+001                  1.3843412465153490E-012                  1.1725790244898356E-001                  8.8274209754963207E-001                  0.0000000000000000E+000                  0.0000000000000000E+000                  4.3521374081267556E-019 
                                     925                  1.5797072662819539E-001                 -1.6211459086896067E+000                  7.6199962077634664E+000                  3.8481107407915114E+000                  1.9226942244760597E+001                  7.2714701185684837E-013                  1.1524977963959544E-001                  8.8475022035967743E-001                  0.0000000000000000E+000                  0.0000000000000000E+000                  7.6576822918485307E-019 
                                     926                  1.5634214782310149E-001                 -1.6246306190907227E+000                  7.6248020058430450E+000                  3.8598303631413913E+000                  1.9244056692188593E+001                  5.0945330697078895E-013                  1.1269590383852074E-001                  8.8730409616096984E-001                  0.0000000000000000E+000                  0.0000000000000000E+000                  1.2627766962864574E-018 
                                     927                  1.5490157801327026E-001                 -1.6276996807236133E+000                  7.6298478448761617E+000                  3.8722623379920811E+000                  1.9262509401950371E+001                  3.2989923704951918E-013                  1.1256399237249969E-001                  8.8743600762717045E-001                  0.0000000000000000E+000                  0.0000000000000000E+000                  2.2751239920607973E-018 
                                     928                  1.5295957373132624E-001                 -1.6318213108110160E+000                  7.6345464667771417E+000                  3.8838655735596816E+000                  1.9279464613377886E+001                  2.0963801002616428E-013                  1.1038052276716945E-001                  8.8961947723262091E-001                  0.0000000000000000E+000                  0.0000000000000000E+000                  3.7101539490719287E-018 
                                     929                  1.5174525161488059E-001                 -1.6343892982691228E+000                  7.6393914847775859E+000                  3.8958598906792234E+000                  1.9297223997262112E+001                  1.4034474980036049E-013                  1.0995051615875612E-001                  8.9004948384110349E-001                  0.0000000000000000E+000                  0.0000000000000000E+000                  6.4273758397806094E-018 
                                     930                  1.4957225414334535E-001                 -1.6389710984643748E+000                  7.6447794947643501E+000                  3.9093076404533860E+000                  1.9317001031359528E+001                  7.8175297764057486E-014                  1.0861490264415039E-001                  8.9138509735577143E-001                  0.0000000000000000E+000                  0.0000000000000000E+000                  1.1519578276453397E-017 
                                     931                  1.4791434305171905E-001                 -1.6424560616735362E+000                  7.6493631770904127E+000                  3.9208167428481389E+000                  1.9334069094931838E+001                  5.6639354561535737E-014                  1.0868129068676492E-001                  8.9131870931317847E-001                  0.0000000000000000E+000                  0.0000000000000000E+000                  1.9493814435777179E-017 
                                     932                  1.4619441669834998E-001                 -1.6460641447151121E+000                  7.6546640192079245E+000                  3.9340519075602116E+000                  1.9353463661792055E+001                  2.9243958849326530E-014                  1.0672209347645388E-001                  8.9327790652351691E-001                  0.0000000000000000E+000                  0.0000000000000000E+000                  3.3688445558073603E-017 
                                     933                  1.4399673302460039E-001                 -1.6506646177660493E+000                  7.6603093904570452E+000                  3.9483207588432565E+000                  1.9374572911530809E+001                  2.1780310825865812E-014                  1.0649037596528799E-001                  8.9350962403469025E-001                  5.9343867365702942E-043                  0.0000000000000000E+000                  6.3265613723929236E-017 
                                     934                  1.4184682508288882E-001                 -1.6551585946375453E+000                  7.6656267699358560E+000                  3.9618179695240010E+000                  1.9394562864745808E+001                  9.9880014537051711E-015                  1.0652879599624218E-001                  8.9347120400374780E-001                  0.0000000000000000E+000                  0.0000000000000000E+000                  1.1487393320438503E-016 
                                     935                  1.3979246860525324E-001                 -1.6594496954684803E+000                  7.6696977483078657E+000                  3.9721673487457210E+000                  1.9409781060536730E+001                  7.2954513387819290E-015                  1.0568556788618359E-001                  8.9431443211380912E-001                  0.0000000000000000E+000                  0.0000000000000000E+000                  1.7643157769230624E-016 
                                     936                  1.3859594604315895E-001                 -1.6619480793166459E+000                  7.6726594264548602E+000                  3.9796612124619606E+000                  1.9420808163680210E+001                  4.3120191706415304E-015                  1.0503233501907255E-001                  8.9496766498092317E-001                  0.0000000000000000E+000                  0.0000000000000000E+000                  2.4033892934592438E-016 
                                     937                  1.3739942348106465E-001                 -1.6644464706376627E+000                  7.6760142059500502E+000                  3.9880082414234463E+000                  1.9433227880163322E+001                  3.8998588348591422E-015                  1.0502030878484146E-001                  8.9497969121515464E-001                  0.0000000000000000E+000                  0.0000000000000000E+000                  3.4742708107142377E-016 
                                     938                  1.3586634153356178E-001                 -1.6676490947384641E+000                  7.6796671318999472E+000                  3.9958456753683720E+000                  1.9445177578602163E+001                  2.2299389290846538E-015                  1.0434846283502019E-001                  8.9565153716497758E-001                  0.0000000000000000E+000                  0.0000000000000000E+000                  5.0496790785798190E-016 
                                     939                  1.3474731593038894E-001                 -1.6699893413254618E+000                  7.6812130941931551E+000                  4.0032493626242456E+000                  1.9455142002018732E+001                  1.8814579371830132E-015                  1.0435475819116630E-001                  8.9564524180883187E-001                  1.8540189086424402E-035                  0.0000000000000000E+000                  6.0886984525986271E-016 
                                     940                  1.3362829032721604E-001                 -1.6723275085171385E+000                  7.6856242449641048E+000                  4.0128914351821035E+000                  1.9469814852019418E+001                  1.4017813810174340E-015                  1.0371209094626717E-001                  8.9628790905373146E-001                  0.0000000000000000E+000                  0.0000000000000000E+000                  9.5819855467995788E-016 
                                     941                  1.3140127590716733E-001                 -1.6769898405142321E+000                  7.6899027648289566E+000                  4.0237856857077636E+000                  1.9485939949861542E+001                  9.0968188465339215E-016                  1.0348383796526270E-001                  8.9651616203473639E-001                  0.0000000000000000E+000                  0.0000000000000000E+000                  1.5123363843271664E-015 
                                     942                  1.2991659962713537E-001                 -1.6801036518725581E+000                  7.6930147384604739E+000                  4.0317395711089832E+000                  1.9497593193850143E+001                  6.4467994622044214E-016                  1.0245297767222145E-001                  8.9754702232777794E-001                  0.0000000000000000E+000                  0.0000000000000000E+000                  2.0519531059505470E-015 
                                     943                  1.2867936939377467E-001                 -1.6827021848039700E+000                  7.6957802725649360E+000                  4.0388451027782510E+000                  1.9508070026918784E+001                  3.8821407017511396E-016                  1.0208730756303755E-001                  8.9791269243696203E-001                  0.0000000000000000E+000                  0.0000000000000000E+000                  2.7316509948750542E-015 
                                     944                  1.2744213916041394E-001                 -1.6853048872952598E+000                  7.6984948162888118E+000                  4.0458494683011343E+000                  1.9518445762152510E+001                  3.6617061895859753E-016                  1.0212688011696262E-001                  8.9787311988303697E-001                  0.0000000000000000E+000                  0.0000000000000000E+000                  3.6564394348607187E-015 
                                     945                  1.2620490892705280E-001                 -1.6879124547097277E+000                  7.7011972245326579E+000                  4.0528128873494182E+000                  1.9528723225606399E+001                  2.8883125256953540E-016                  1.0189623608493627E-001                  8.9810376391506341E-001                  0.0000000000000000E+000                  0.0000000000000000E+000                  4.8438105884920293E-015 
                                     946                  1.2496767869369167E-001                 -1.6905252333789433E+000                  7.7040034764057950E+000                  4.0600357568929200E+000                  1.9539358980081555E+001                  2.7749619324774534E-016                  1.0138593370090895E-001                  8.9861406629909080E-001                  0.0000000000000000E+000                  0.0000000000000000E+000                  6.4271189212420130E-015 
                                     947                  1.2361879507877908E-001                 -1.6933802208931077E+000                  7.7069181814918881E+000                  4.0675287822195099E+000                  1.9550349494520265E+001                  2.0998262505162763E-016                  1.0049880224996985E-001                  8.9950119775002990E-001                  0.0000000000000000E+000                  0.0000000000000000E+000                  8.5189881187609255E-015 
                                     948                  1.2226991146386665E-001                 -1.6962423340745163E+000                  7.7096489741952805E+000                  4.0745670423398774E+000                  1.9560691551959188E+001                  1.9448373093787690E-016                  9.9839978688934988E-002                  9.0016002131106476E-001                  0.0000000000000000E+000                  0.0000000000000000E+000                  1.1136579598782992E-014 
                                     949                  1.2105682051407279E-001                 -1.6988230067806873E+000                  7.7121983839050658E+000                  4.0811516215725083E+000                  1.9570395005240151E+001                  1.7046566698536909E-016                  9.9448599785350769E-002                  9.0055140021464908E-001                  0.0000000000000000E+000                  0.0000000000000000E+000                  1.4383952754377851E-014 
                                     950                  1.1984372956427895E-001                 -1.7014106283333410E+000                  7.7145529394502930E+000                  4.0872558241069514E+000                  1.9579421319863492E+001                  1.4890682663838784E-016                  9.9300379912586237E-002                  9.0069962008741355E-001                  0.0000000000000000E+000                  0.0000000000000000E+000                  1.8322521974301904E-014 
                                     951                  1.1878227498320959E-001                 -1.7036809787797134E+000                  7.7176139417367295E+000                  4.0951148289211527E+000                  1.9590929020872366E+001                  7.8941579281093498E-017                  9.8137093939718090E-002                  9.0186290606028185E-001                  0.0000000000000000E+000                  0.0000000000000000E+000                  2.4328450099191140E-014 
                                     952                  1.1690995385424352E-001                 -1.7077001602665263E+000                  7.7215070842744069E+000                  4.1051876053576359E+000                  1.9605765481482653E+001                  8.9658865817636881E-017                  9.7416785569255912E-002                  9.0258321443074396E-001                  0.0000000000000000E+000                  0.0000000000000000E+000                  3.5643705218113454E-014 
                                     953                  1.1496483195136335E-001                 -1.7118973109613331E+000                  7.7255245385548168E+000                  4.1156189118721409E+000                  1.9621206471291757E+001                  5.9293046611453976E-017                  9.7229752836061500E-002                  9.0277024716393850E-001                  0.0000000000000000E+000                  0.0000000000000000E+000                  5.3660733665210343E-014 
                                     954                  1.1288504776289879E-001                 -1.7164123403627349E+000                  7.7290392745095513E+000                  4.1247406451711317E+000                  1.9634564079640185E+001                  4.5881119114574743E-017                  9.6013694272125014E-002                  9.0398630572787497E-001                  0.0000000000000000E+000                  0.0000000000000000E+000                  7.4143708554985938E-014 
                                     955                  1.1144865005000217E-001                 -1.7195476461136778E+000                  7.7318950242191606E+000                  4.1321871282283720E+000                  1.9645572349859304E+001                  4.2891059484358745E-017                  9.5777455084608984E-002                  9.0422254491539100E-001                  0.0000000000000000E+000                  0.0000000000000000E+000                  9.8584078807737431E-014 
                                     956                  1.0995240243240256E-001                 -1.7228300187663177E+000                  7.7342861648320493E+000                  4.1383959838710087E+000                  1.9654723801518568E+001                  2.1105760146863793E-017                  9.5329391182142384E-002                  9.0467060881785755E-001                  0.0000000000000000E+000                  0.0000000000000000E+000                  1.2403692880214494E-013 
                                     957                  1.0899480395713898E-001                 -1.7249398747219571E+000                  7.7371308612879846E+000                  4.1457642967482666E+000                  1.9665527242399229E+001                  1.7879867950594557E-017                  9.4339165874678457E-002                  9.0566083412532150E-001                  0.0000000000000000E+000                  0.0000000000000000E+000                  1.6046941956292181E-013 
                                     958                  1.0701975710190680E-001                 -1.7293150280720979E+000                  7.7409490462118811E+000                  4.1557342277271951E+000                  1.9680239981071939E+001                  9.7811973932153202E-018                  9.3792464444276621E-002                  9.0620753555572331E-001                  0.0000000000000000E+000                  0.0000000000000000E+000                  2.3206927001790220E-013 
                                     959                  1.0497134250594378E-001                 -1.7338889193662137E+000                  7.7444026679679761E+000                  4.1647567100795682E+000                  1.9693507201891212E+001                  6.5615974202436845E-018                  9.2931699420625069E-002                  9.0706830057937493E-001                  0.0000000000000000E+000                  0.0000000000000000E+000                  3.1963186437877712E-013 
                                     960                  1.0335732126580166E-001                 -1.7375202792769815E+000                  7.7475561521922991E+000                  4.1729990218143120E+000                  1.9705688331616312E+001                  4.4568619769957781E-018                  9.2559372307274401E-002                  9.0744062769272560E-001                  0.0000000000000000E+000                  0.0000000000000000E+000                  4.3324737450029193E-013 
                                     961                  1.0157036917850298E-001                 -1.7415711767236810E+000                  7.7500807828391434E+000                  4.1795995658735636E+000                  1.9715341083558236E+001                  1.4269373803235396E-018                  9.1516496191436258E-002                  9.0848350380856369E-001                  0.0000000000000000E+000                  0.0000000000000000E+000                  5.3888145074086328E-013 
                                     962                  1.0064807132699538E-001                 -1.7436747178130771E+000                  7.7525694491532722E+000                  4.1861590813276717E+000                  1.9725080897723302E+001                  2.2105435651704050E-018                  9.1617431091408963E-002                  9.0838256890859104E-001                  0.0000000000000000E+000                  0.0000000000000000E+000                  6.9286343993294215E-013 
                                     963                  9.8803475623978426E-002                 -1.7479103532625968E+000                  7.7558985144593571E+000                  4.1948966271262798E+000                  1.9737995018609354E+001                  8.5152849463921878E-019                  9.1218669568744457E-002                  9.0878133043125553E-001                  0.0000000000000000E+000                  0.0000000000000000E+000                  9.5152301361812977E-013 
                                     964                  9.6958879920961916E-002                 -1.7521854588962325E+000                  7.7592127368150798E+000                  4.2035978310786026E+000                  1.9750792517932886E+001                  4.8535512402577882E-019                  9.0351513410411144E-002                  9.0964848658958886E-001                  0.0000000000000000E+000                  0.0000000000000000E+000                  1.2828293144444596E-012 
                                     965                  9.5114284217945363E-002                 -1.7565019690087440E+000                  7.7620525068733226E+000                  4.2110849597668070E+000                  1.9761846359789043E+001                  2.9669339857128941E-019                  8.9941644622238914E-002                  9.1005835537776103E-001                  0.0000000000000000E+000                  0.0000000000000000E+000                  1.6736384634352863E-012 
                                     966                  9.3750270857068718E-002                 -1.7597221121728306E+000                  7.7644431281963202E+000                  4.2173820231511865E+000                  1.9771167484627945E+001                  2.1500714189040749E-019                  8.9739901855199047E-002                  9.1026009814480091E-001                  0.0000000000000000E+000                  0.0000000000000000E+000                  2.1017772196872006E-012 
                                     967                  9.2386257496192267E-002                 -1.7629675730763210E+000                  7.7668866464196649E+000                  4.2237432092460425E+000                  1.9780431358094301E+001                  1.2003878813492388E-019                  8.8296426244373255E-002                  9.1170357375562672E-001                  0.0000000000000000E+000                  0.0000000000000000E+000                  2.5413748766810124E-012 
                                     968                  9.1022244135315539E-002                 -1.7662386431518726E+000                  7.7692346189158865E+000                  4.2299377766308384E+000                  1.9789639691890912E+001                  8.5586490159225668E-020                  8.8355481944271355E-002                  9.1164451805572866E-001                  9.0511468801215471E-036                  0.0000000000000000E+000                  3.2016505736898430E-012 
                                     969                  8.9658230774438977E-002                 -1.7695373966131245E+000                  7.7715435993751836E+000                  4.2360203750047969E+000                  1.9798665167842096E+001                  6.6902744791830935E-020                  8.8269038002995862E-002                  9.1173096199700410E-001                  0.0000000000000000E+000                  0.0000000000000000E+000                  3.9954891847036318E-012 
                                     970                  8.8333084246338317E-002                 -1.7727696802955919E+000                  7.7738291595782609E+000                  4.2420145493674450E+000                  1.9807509703885575E+001                  6.1191565622161312E-020                  8.7757382954985683E-002                  9.1224261704501430E-001                  0.0000000000000000E+000                  0.0000000000000000E+000                  4.8993416131295100E-012 
                                     971                  8.7007937718237977E-002                 -1.7760299533422852E+000                  7.7761032177739882E+000                  4.2479731089113839E+000                  1.9816306630680497E+001                  2.8424862356344599E-020                  8.7262352682688976E-002                  9.1273764731731100E-001                  0.0000000000000000E+000                  0.0000000000000000E+000                  5.9998406572784652E-012 
                                     972                  8.5682791190137372E-002                 -1.7793193768673494E+000                  7.7783382343799508E+000                  4.2538576736053431E+000                  1.9825057467757500E+001                  3.4474488683388528E-020                  8.7260737417629700E-002                  9.1273926258237026E-001                  0.0000000000000000E+000                  0.0000000000000000E+000                  7.4413491102491691E-012 
                                     973                  8.4357644662036838E-002                 -1.7826394627536657E+000                  7.7811534831088895E+000                  4.2611972105768263E+000                  1.9835913309302342E+001                  2.3159994213607914E-020                  8.6686606485782275E-002                  9.1331339351421770E-001                  0.0000000000000000E+000                  0.0000000000000000E+000                  9.5574967249373836E-012 
                                     974                  8.2369924869884426E-002                 -1.7876794417049244E+000                  7.7836630249452101E+000                  4.2678007178655832E+000                  1.9845672299878636E+001                  9.6748602854786147E-021                  8.6195930615914476E-002                  9.1380406938408554E-001                  0.0000000000000000E+000                  0.0000000000000000E+000                  1.1948328636807680E-011 
                                     975                  8.1376064973808948E-002                 -1.7902274067343937E+000                  7.7853368798704246E+000                  4.2721702521066467E+000                  1.9852130773916034E+001                  1.4496876870762412E-020                  8.5812177640265969E-002                  9.1418782235973406E-001                  0.0000000000000000E+000                  0.0000000000000000E+000                  1.3830924482939374E-011 
                                     976                  8.0382205077733526E-002                 -1.7927948267369729E+000                  7.7872926082101213E+000                  4.2772193448803337E+000                  1.9859561263891624E+001                  1.3372433728026290E-020                  8.5015444200818385E-002                  9.1498455579918159E-001                  0.0000000000000000E+000                  0.0000000000000000E+000                  1.6197197923873438E-011 
                                     977                  7.9078564744824456E-002                 -1.7961928340753268E+000                  7.7894319250488850E+000                  4.2828345612886025E+000                  1.9867965949979677E+001                  1.0531451833881784E-020                  8.5305988239786107E-002                  9.1469401176021392E-001                  0.0000000000000000E+000                  0.0000000000000000E+000                  2.0054349550029775E-011 
                                     978                  7.7774924411915580E-002                 -1.7996272870275465E+000                  7.7915832588209701E+000                  4.2884322886575239E+000                  1.9876266190772686E+001                  7.0933554603454276E-021                  8.4920084289938816E-002                  9.1507991571006120E-001                  5.1393233295737726E-034                  0.0000000000000000E+000                  2.4255094493108119E-011 
                                     979                  7.6492790274200112E-002                 -1.8030416434290080E+000                  7.7937090674614966E+000                  4.2939594820735305E+000                  1.9884463161730533E+001                  4.9975554139900119E-021                  8.4540906653410408E-002                  9.1545909334658959E-001                  0.0000000000000000E+000                  0.0000000000000000E+000                  2.9256136752178980E-011 
                                     980                  7.5210656136484935E-002                 -1.8064937253437978E+000                  7.7958525104543925E+000                  4.2994982064095550E+000                  1.9892627853938038E+001                  5.9822565627131490E-021                  8.3712003469850554E-002                  9.1628799653014947E-001                  0.0000000000000000E+000                  0.0000000000000000E+000                  3.4760033368507998E-011 
                                     981                  7.3928521998769745E-002                 -1.8099847815559811E+000                  7.7979315170483821E+000                  4.3049045642672503E+000                  1.9900693955977729E+001                  5.1132343699249091E-021                  8.3659809544216340E-002                  9.1634019045578363E-001                  0.0000000000000000E+000                  0.0000000000000000E+000                  4.2192375579522181E-011 
                                     982                  7.2667894056241591E-002                 -1.8134573393438589E+000                  7.7999974487735102E+000                  4.3102592511797120E+000                  1.9908662491690976E+001                  3.4449503043475087E-021                  8.3419099484057638E-002                  9.1658090051594232E-001                  0.0000000000000000E+000                  0.0000000000000000E+000                  5.0782259108297701E-011 
                                     983                  7.1407266113716811E-002                 -1.8169711151362529E+000                  7.8020663704880784E+000                  4.3156046651344413E+000                  1.9916603555766663E+001                  1.9243415498593244E-021                  8.3032249044657239E-002                  9.1696775095534278E-001                  0.0000000000000000E+000                  0.0000000000000000E+000                  6.0788624638385153E-011 
                                     984                  7.0146638171192086E-002                 -1.8205277061046645E+000                  7.8041272426762465E+000                  4.3209276027063908E+000                  1.9924518386159303E+001                  1.2826340574894487E-021                  8.2685088331175105E-002                  9.1731491166882484E-001                  0.0000000000000000E+000                  0.0000000000000000E+000                  7.2788292078738118E-011 
                                     985                  6.8886010228667346E-002                 -1.8241289073893527E+000                  7.8060039463143056E+000                  4.3257594471936356E+000                  1.9931698048828654E+001                  1.2251647263895337E-021                  8.2289508083363605E-002                  9.1771049191663634E-001                  0.0000000000000000E+000                  0.0000000000000000E+000                  8.5484860190326258E-011 
                                     986                  6.7854205660833944E-002                 -1.8271108848520774E+000                  7.8076715909388392E+000                  4.3300683579541044E+000                  1.9938139724674755E+001                  1.4233820059735477E-021                  8.2247125842078508E-002                  9.1775287415792151E-001                  0.0000000000000000E+000                  0.0000000000000000E+000                  9.9718578919494653E-011 
                                     987                  6.6822401093000042E-002                 -1.8301252074448675E+000                  7.8093794305223874E+000                  4.3344313899705798E+000                  1.9944566120124012E+001                  8.6335840713081753E-022                  8.1405574380768342E-002                  9.1859442561923166E-001                  0.0000000000000000E+000                  0.0000000000000000E+000                  1.1334051349907327E-010 
                                     988                  6.5790596525166278E-002                 -1.8331725340098750E+000                  7.8110290910158433E+000                  4.3386962337683350E+000                  1.9950977912108836E+001                  7.9926012180705805E-022                  8.1602277206854590E-002                  9.1839772279314547E-001                  0.0000000000000000E+000                  0.0000000000000000E+000                  1.3312072697809025E-010 
                                     989                  6.4758791957332529E-002                 -1.8362546439384013E+000                  7.8127749481021356E+000                  4.3431517676059395E+000                  1.9957555071046436E+001                  3.7522105738197111E-022                  8.0830149770729789E-002                  9.1916985022927022E-001                  0.0000000000000000E+000                  0.0000000000000000E+000                  1.5215568217990547E-010 
                                     990                  6.3668731854959804E-002                 -1.8395492960350115E+000                  7.8145255959920714E+000                  4.3476548835261450E+000                  1.9964299514986536E+001                  1.4284730633523223E-022                  8.0798609866675794E-002                  9.1920139013332425E-001                  0.0000000000000000E+000                  0.0000000000000000E+000                  1.7883157280739411E-010 
                                     991                  6.2578671752587231E-002                 -1.8428854992035719E+000                  7.8162903526094141E+000                  4.3521719728312531E+000                  1.9971030112183925E+001                  2.8322938727529015E-022                  8.0467822574077849E-002                  9.1953217742592219E-001                  0.0000000000000000E+000                  0.0000000000000000E+000                  2.0809409413623037E-010 
                                     992                  6.1488611650214672E-002                 -1.8462646548042807E+000                  7.8176156143798297E+000                  4.3555624790302545E+000                  1.9976078032320391E+001                  3.3517078026539092E-022                  8.0178995293762045E-002                  9.1982100470623795E-001                  0.0000000000000000E+000                  0.0000000000000000E+000                  2.3281090397056537E-010 
                                     993                  6.0943581599028317E-002                 -1.8479708276556162E+000                  7.8190764614418269E+000                  4.3592885564286039E+000                  1.9981629003021613E+001                  1.9672931984711185E-022                  7.9869699947328968E-002                  9.2013030005267105E-001                  0.0000000000000000E+000                  0.0000000000000000E+000                  2.6353585233347503E-010 
                                     994                  5.9680854274771336E-002                 -1.8519677848182723E+000                  7.8206570237736273E+000                  4.3633503875113409E+000                  1.9987725183360038E+001                  2.3868671641101035E-022                  7.9896717262502484E-002                  9.2010328273749753E-001                  0.0000000000000000E+000                  0.0000000000000000E+000                  3.0553370005302349E-010 
                                     995                  5.8963157001700454E-002                 -1.8542679247210634E+000                  7.8223953382739451E+000                  4.3677706636624682E+000                  1.9994316376122057E+001                  1.8957836619229029E-022                  7.9539077492267532E-002                  9.2046092250773248E-001                  0.0000000000000000E+000                  0.0000000000000000E+000                  3.5423067016916414E-010 
                                     996                  5.7527762455559663E-002                 -1.8589323332036405E+000                  7.8247175130766031E+000                  4.3736694867658965E+000                  2.0003109871562966E+001                  1.1319983583204559E-022                  7.9005263026581202E-002                  9.2099473697341883E-001                  0.0000000000000000E+000                  0.0000000000000000E+000                  4.3071780441884553E-010 
                                     997                  5.6092367909419377E-002                 -1.8636859488522723E+000                  7.8270190003846336E+000                  4.3795375046022098E+000                  2.0011888291740014E+001                  8.2946659552509867E-023                  7.8724199458011943E-002                  9.2127580054198810E-001                  2.7499864526172877E-033                  0.0000000000000000E+000                  5.2794161889793612E-010 
                                     998                  5.4656973363278641E-002                 -1.8685338929568862E+000                  7.8289634055017965E+000                  4.3844608032701586E+000                  2.0019205127870556E+001                  9.2574913706196428E-023                  7.8053542698332520E-002                  9.2194645730166747E-001                  0.0000000000000000E+000                  0.0000000000000000E+000                  6.1675597189113752E-010 
                                     999                  5.3700043665851606E-002                 -1.8718205616776353E+000                  7.8305036824771204E+000                  4.3883675070307442E+000                  2.0025043787631407E+001                  6.4434902088277393E-023                  7.7786054632851057E-002                  9.2221394536714896E-001                  0.0000000000000000E+000                  0.0000000000000000E+000                  7.0485455895287025E-010 
                                    1000                  5.2743113968424606E-002                 -1.8751531203689114E+000                  7.8320196600790215E+000                  4.3922328748538293E+000                  2.0030878211724314E+001                  9.2785830341322054E-023                  7.7959452227274476E-002                  9.2204054777272548E-001                  0.0000000000000000E+000                  0.0000000000000000E+000                  8.1779284943091122E-010 
                                    1001                  5.1786184270997057E-002                 -1.8785336267383861E+000                  7.8335622337353676E+000                  4.3961358222355109E+000                  2.0036709110567507E+001                  4.9528443380296226E-023                  7.7632539450177812E-002                  9.2236746054982222E-001                  4.3908742218877072E-032                  0.0000000000000000E+000                  9.3319019997077821E-010 
                                    1002                  5.0829254573569557E-002                 -1.8819636280142407E+000                  7.8354069130848742E+000                  4.4008011068609667E+000                  2.0043693485286504E+001                  8.1431564204651593E-023                  7.7342322856891230E-002                  9.2265767714310876E-001                  0.0000000000000000E+000                  0.0000000000000000E+000                  1.0975077309527728E-009 
                                    1003                  4.9489552997174245E-002                 -1.8868526854589178E+000                  7.8375675586110898E+000                  4.4062557086123775E+000                  2.0051849136181893E+001                  8.3520941919410929E-023                  7.6889716175387424E-002                  9.2311028382461258E-001                  0.0000000000000000E+000                  0.0000000000000000E+000                  1.3222343318961134E-009 
                                    1004                  4.8149851420779204E-002                 -1.8918483903034835E+000                  7.8397404320622552E+000                  4.4117233350070926E+000                  2.0060003086649669E+001                  6.0918247919015946E-023                  7.6241735055778442E-002                  9.2375826494422153E-001                  0.0000000000000000E+000                  0.0000000000000000E+000                  1.5839169114429011E-009 
                                    1005                  4.6810149844383905E-002                 -1.8969567833952468E+000                  7.8418867780225865E+000                  4.4171448741825108E+000                  2.0068157496586291E+001                  7.4503175491855526E-023                  7.6133949970744519E-002                  9.2386605002925548E-001                  0.0000000000000000E+000                  0.0000000000000000E+000                  1.9354932719194335E-009 
                                    1006                  4.5470448267988565E-002                 -1.9021851598863873E+000                  7.8442005952437768E+000                  4.4229672758837664E+000                  2.0076891499422377E+001                  5.7017912628705782E-023                  7.5796348857283494E-002                  9.2420365114271652E-001                  0.0000000000000000E+000                  0.0000000000000000E+000                  2.3846261805992156E-009 
                                    1007                  4.3939360752104972E-002                 -1.9083166688597395E+000                  7.8460494225171367E+000                  4.4276294299222547E+000                  2.0083907369048955E+001                  5.6512938438081500E-023                  7.5696619195514014E-002                  9.2430338080448604E-001                  0.0000000000000000E+000                  0.0000000000000000E+000                  2.8398313739414273E-009 
                                    1008                  4.3173816994162770E-002                 -1.9114484699906511E+000                  7.8472813106478689E+000                  4.4307270485582322E+000                  2.0088574449904712E+001                  3.9707885234413009E-023                  7.5649518207015584E-002                  9.2435048179298440E-001                  0.0000000000000000E+000                  0.0000000000000000E+000                  3.1947757225188402E-009 
                                    1009                  4.2408273236220595E-002                 -1.9146265226322507E+000                  7.8488464173064152E+000                  4.4346310062889351E+000                  2.0094404175560040E+001                  3.5857519672300524E-023                  7.5143299183099602E-002                  9.2485670081690041E-001                  2.5013701396610315E-031                  0.0000000000000000E+000                  3.6473953244879460E-009 
                                    1010                  4.1259957599308818E-002                 -1.9194837639249682E+000                  7.8507056282851773E+000                  4.4392927561824091E+000                  2.0101417333454513E+001                  3.1516445956273634E-023                  7.4959949866193851E-002                  9.2504005013380619E-001                  0.0000000000000000E+000                  0.0000000000000000E+000                  4.3464929501224728E-009 
                                    1011                  4.0111641962396839E-002                 -1.9244550616013119E+000                  7.8524766261852186E+000                  4.4437213400614279E+000                  2.0108063907553966E+001                  2.2463714287454709E-023                  7.4641993244641242E-002                  9.2535800675535873E-001                  0.0000000000000000E+000                  0.0000000000000000E+000                  5.1136219474950611E-009 
                                    1012                  3.9087366276511701E-002                 -1.9289909368737996E+000                  7.8541381307556435E+000                  4.4478815618268372E+000                  2.0114337503097328E+001                  1.7482722892737389E-023                  7.4559510294825354E-002                  9.2544048970517467E-001                  0.0000000000000000E+000                  0.0000000000000000E+000                  6.0154420806274581E-009 
                                    1013                  3.8063090590626243E-002                 -1.9336281788132159E+000                  7.8560321764932404E+000                  4.4526028484296383E+000                  2.0121409036571688E+001                  1.3583281505842317E-023                  7.4068750471878553E-002                  9.2593124952812145E-001                  0.0000000000000000E+000                  0.0000000000000000E+000                  7.1342877255388907E-009 
                                    1014                  3.6780082976795712E-002                 -1.9395880154343172E+000                  7.8581512560970408E+000                  4.4578653172391656E+000                  2.0129300134240300E+001                  8.5109475359838998E-024                  7.3547525003420239E-002                  9.2645247499657979E-001                  0.0000000000000000E+000                  0.0000000000000000E+000                  8.6600716628509886E-009 
                                    1015                  3.5497075362966424E-002                 -1.9457273134099664E+000                  7.8597301755628264E+000                  4.4618072366744244E+000                  2.0135248784649960E+001                  8.1044411281500374E-024                  7.3462177670501463E-002                  9.2653782232949855E-001                  0.0000000000000000E+000                  0.0000000000000000E+000                  1.0145528019786601E-008 
                                    1016                  3.4855571556051609E-002                 -1.9488684840189696E+000                  7.8607879348677425E+000                  4.4644377019410229E+000                  2.0139211725580701E+001                  5.1626342588048701E-024                  7.3332046489227851E-002                  9.2666795351077214E-001                  0.0000000000000000E+000                  0.0000000000000000E+000                  1.1254708885580224E-008 
                                    1017                  3.4214067749136823E-002                 -1.9520597235374815E+000                  7.8623776522538931E+000                  4.4683797144160478E+000                  2.0145152629337165E+001                  4.7016072791084016E-024                  7.3128095141861402E-002                  9.2687190485813864E-001                  0.0000000000000000E+000                  0.0000000000000000E+000                  1.3163349804316138E-008 
                                    1018                  3.2931060135307354E-002                 -1.9586003144367492E+000                  7.8639806263397416E+000                  4.4723583557402184E+000                  2.0151142951941452E+001                  2.4990897982069091E-024                  7.2891450148565629E-002                  9.2710854985143443E-001                  0.0000000000000000E+000                  0.0000000000000000E+000                  1.5417802772245182E-008 
                                    1019                  3.2289556328393330E-002                 -1.9619536457201878E+000                  7.8650610162744785E+000                  4.4750244822401726E+000                  2.0155135399055812E+001                  1.6598855730362208E-024                  7.2534839065265269E-002                  9.2746516093473474E-001                  0.0000000000000000E+000                  0.0000000000000000E+000                  1.7024345992427455E-008 
                                    1020                  3.1648052521478738E-002                 -1.9653652400355357E+000                  7.8666603180022276E+000                  4.4789833307234321E+000                  2.0161123231935331E+001                  8.4295061033744064E-025                  7.2465226847954714E-002                  9.2753477315204524E-001                  0.0000000000000000E+000                  0.0000000000000000E+000                  2.0116678883320895E-008 
                                    1021                  3.0365044907649425E-002                 -1.9723737603885545E+000                  7.8682765212201202E+000                  4.4829857140734886E+000                  2.0167167097218684E+001                  4.5971217687387726E-025                  7.2315644591055009E-002                  9.2768435540894501E-001                  0.0000000000000000E+000                  0.0000000000000000E+000                  2.3769910364702269E-008 
                                    1022                  2.9723541100733716E-002                 -1.9759757372204387E+000                  7.8693802684614607E+000                  4.4856902160544676E+000                  2.0171197263582584E+001                  1.9219521173311379E-025                  7.1765873336459882E-002                  9.2823412666354010E-001                  0.0000000000000000E+000                  0.0000000000000000E+000                  2.6165223607554000E-008 
                                    1023                  2.9082037293817933E-002                 -1.9796464038785808E+000                  7.8710087250141365E+000                  4.4896960876255569E+000                  2.0177244826065294E+001                  1.2651238012776941E-025                  7.1555674135484193E-002                  9.2844432586451586E-001                  0.0000000000000000E+000                  0.0000000000000000E+000                  3.0951272209322069E-008 
                                    1024                  2.7799029679988325E-002                 -1.9872073968160271E+000                  7.8726420894982416E+000                  4.4937285350925169E+000                  2.0183356350157986E+001                  6.0002894192029201E-026                  7.1534932535670809E-002                  9.2846506746432922E-001                  0.0000000000000000E+000                  0.0000000000000000E+000                  3.6982595486583636E-008 
                                    1025                  2.7157525873074295E-002                 -1.9911044806915446E+000                  7.8737478693324672E+000                  4.4964392785719616E+000                  2.0187434043376253E+001                  2.6344166244299781E-026                  7.1260924739276976E-002                  9.2873907526072297E-001                  0.0000000000000000E+000                  0.0000000000000000E+000                  4.1297568821811381E-008 
                                    1026                  2.6516022066160373E-002                 -1.9950841183366399E+000                  7.8754023680875243E+000                  4.5004922392310922E+000                  2.0193556706278834E+001                  1.6002793704805289E-026                  7.1032563394585357E-002                  9.2896743660541459E-001                  0.0000000000000000E+000                  0.0000000000000000E+000                  4.9144701410292901E-008 
                                    1027                  2.5233014452328850E-002                 -2.0033080832032253E+000                  7.8775993927822139E+000                  4.5058753255789883E+000                  2.0201702599595109E+001                  5.4926767947395105E-027                  7.0820842141536430E-002                  9.2917915785846361E-001                  1.6252913246812529E-031                  0.0000000000000000E+000                  6.2296672370329773E-008 
                                    1028                  2.3980313806299933E-002                 -2.0117074930216665E+000                  7.8792423494674901E+000                  4.5098996512114375E+000                  2.0207799969259955E+001                  2.3240971264824273E-027                  7.0710544693501534E-002                  9.2928945530649842E-001                  0.0000000000000000E+000                  0.0000000000000000E+000                  7.4657627560269231E-008 
                                    1029                  2.3353963483285254E-002                 -2.0160562108476920E+000                  7.8803422683982101E+000                  4.5125865259060278E+000                  2.0211872542254735E+001                  1.6377896485193430E-027                  7.0634264039918987E-002                  9.2936573596008099E-001                  0.0000000000000000E+000                  0.0000000000000000E+000                  8.4327686460764111E-008 
                                    1030                  2.2727613160270468E-002                 -2.0205115381190084E+000                  7.8820002989111391E+000                  4.5166245715481370E+000                  2.0217994291158004E+001                  1.2891264750233647E-027                  7.0502768810779437E-002                  9.2949723118922056E-001                  2.2685401711777749E-030                  0.0000000000000000E+000                  1.0135765509522541E-007 
                                    1031                  2.1474912514241200E-002                 -2.0297666219791983E+000                  7.8842318694260136E+000                  4.5220669911661178E+000                  2.0226255012492651E+001                  5.9387833781250301E-028                  7.0403652754309987E-002                  9.2959634724569007E-001                  0.0000000000000000E+000                  0.0000000000000000E+000                  1.3052904020594114E-007 
                                    1032                  2.0222211868211565E-002                 -2.0395266791036151E+000                  7.8869374307034175E+000                  4.5286322951963518E+000                  2.0236218550071936E+001                  4.7981312470570196E-028                  7.0199302968492222E-002                  9.2980069703150781E-001                  0.0000000000000000E+000                  0.0000000000000000E+000                  1.7721873782738069E-007 
                                    1033                  1.8479542254269041E-002                 -2.0540680953085468E+000                  7.8901573677683565E+000                  4.5364133282823085E+000                  2.0248031120343260E+001                  3.6364229881028081E-028                  6.9914027647743585E-002                  9.3008597235225643E-001                  0.0000000000000000E+000                  0.0000000000000000E+000                  2.5545012933964414E-007 
                                    1034                  1.6736872640326219E-002                 -2.0699315694473666E+000                  7.8925516409120577E+000                  4.5421674095231594E+000                  2.0256784804728387E+001                  2.5980272498783942E-028                  6.9768025442617551E-002                  9.3023197455738249E-001                  0.0000000000000000E+000                  0.0000000000000000E+000                  3.3692741536887738E-007 
                                    1035                  1.5956458736751417E-002                 -2.0775370187188860E+000                  7.8940421033513379E+000                  4.5457474339417425E+000                  2.0262232366104886E+001                  1.5688739603825726E-028                  6.9677866099188066E-002                  9.3032213390081198E-001                  0.0000000000000000E+000                  0.0000000000000000E+000                  4.0065211393124848E-007 
                                    1036                  1.5176044833177386E-002                 -2.0854965512789185E+000                  7.8955497401281400E+000                  4.5493618801397187E+000                  2.0267737727429562E+001                  1.4596729883089393E-028                  6.9611613079985965E-002                  9.3038838692001402E-001                  0.0000000000000000E+000                  0.0000000000000000E+000                  4.7816840208679713E-007 
                                    1037                  1.4395630929602610E-002                 -2.0938474507165710E+000                  7.8970758094711302E+000                  4.5530135984763556E+000                  2.0273306052976636E+001                  9.8432456545696907E-029                  6.9571955955386081E-002                  9.3042804404461388E-001                  0.0000000000000000E+000                  0.0000000000000000E+000                  5.7289668587202973E-007 
                                    1038                  1.3615217026027986E-002                 -2.1026332264626300E+000                  7.8984746165168271E+000                  4.5563529310412463E+000                  2.0278394250366738E+001                  7.8889697755441103E-029                  6.9492261289034393E-002                  9.3050773871096559E-001                  0.0000000000000000E+000                  0.0000000000000000E+000                  6.7513503427050106E-007 
                                    1039                  1.2987687745727675E-002                 -2.1100475075528640E+000                  7.8997356044368345E+000                  4.5593564563678655E+000                  2.0282975384530619E+001                  4.5333513747000168E-029                  6.9440285640413379E-002                  9.3055971435958662E-001                  0.0000000000000000E+000                  0.0000000000000000E+000                  7.8375024232216574E-007 
                                    1040                  1.2360158465427514E-002                 -2.1178067860721939E+000                  7.9016517637524109E+000                  4.5638998053904398E+000                  2.0289907002386581E+001                  2.8844353530495232E-029                  6.9332851239360199E-002                  9.3066714876063983E-001                  0.0000000000000000E+000                  0.0000000000000000E+000                  9.8235889690298168E-007 
                                    1041                  1.1105099904826025E-002                 -2.1345105213904478E+000                  7.9035458695915555E+000                  4.5683942184447162E+000                  2.0296765837227944E+001                  1.7467326644200152E-029                  6.9241547707647164E-002                  9.3075845229235288E-001                  0.0000000000000000E+000                  0.0000000000000000E+000                  1.2295443766345675E-006 
                                    1042                  1.0554012936162439E-002                 -2.1424168966419175E+000                  7.9047169651282561E+000                  4.5711600901958143E+000                  2.0300989894043536E+001                  1.4284664142647321E-029                  6.9182641081125332E-002                  9.3081735891887463E-001                  0.0000000000000000E+000                  0.0000000000000000E+000                  1.4126253650848528E-006 
                                    1043                  1.0002925967498678E-002                 -2.1507255071069973E+000                  7.9065000130090848E+000                  4.5753522378210301E+000                  2.0307393854667005E+001                  1.1537615268966884E-029                  6.9068704694932634E-002                  9.3093129530506735E-001                  0.0000000000000000E+000                  0.0000000000000000E+000                  1.7434804860326417E-006 
                                    1044                  8.9007520301728951E-003                 -2.1687403660833895E+000                  7.9085249913656073E+000                  4.5801125667977018E+000                  2.0314674054881401E+001                  1.2085141935285288E-029                  6.8991871281646813E-002                  9.3100812871835315E-001                  0.0000000000000000E+000                  0.0000000000000000E+000                  2.2197990987508484E-006 
                                    1045                  8.1852343100616582E-003                 -2.1816142937280589E+000                  7.9101566408130841E+000                  4.5839308371215832E+000                  2.0320519433418109E+001                  1.3807089759398609E-029                  6.8937608212743112E-002                  9.3106239178725692E-001                  1.2306939573855282E-030                  0.0000000000000000E+000                  2.6977417231216025E-006 
                                    1046                  7.4697165899504959E-003                 -2.1956159700055826E+000                  7.9118308496257210E+000                  4.5878368664377618E+000                  2.0326505978154511E+001                  1.7323638264029696E-029                  6.8906238778828274E-002                  9.3109376122117171E-001                  0.0000000000000000E+000                  0.0000000000000000E+000                  3.2988116006388977E-006 
                                    1047                  6.7541988698393849E-003                 -2.2109718987071361E+000                  7.9135562596457003E+000                  4.5918478831696827E+000                  2.0332654938956370E+001                  1.6371405164495869E-029                  6.8855902157339138E-002                  9.3114409784266083E-001                  0.0000000000000000E+000                  0.0000000000000000E+000                  4.0552551875499549E-006 
                                    1048                  6.0386811497282721E-003                 -2.2279845352571543E+000                  7.9150620837967196E+000                  4.5953404926641026E+000                  2.0338015058826098E+001                  1.5786568643274603E-029                  6.8836460462105953E-002                  9.3116353953789410E-001                  0.0000000000000000E+000                  0.0000000000000000E+000                  4.8606928428868646E-006 
                                    1049                  5.5453888953844030E-003                 -2.2408891454074742E+000                  7.9163220381978316E+000                  4.5982521016537614E+000                  2.0342488514699625E+001                  1.4788428842354334E-029                  6.8834604199240090E-002                  9.3116539580075997E-001                  0.0000000000000000E+000                  0.0000000000000000E+000                  5.6592279685122014E-006 
                                    1050                  5.0520966410405096E-003                 -2.2549582593748516E+000                  7.9176205729098523E+000                  4.6012428093236943E+000                  2.0347079721142912E+001                  1.5841964239825364E-029                  6.8786802323387991E-002                  9.3121319767661204E-001                  0.0000000000000000E+000                  0.0000000000000000E+000                  6.6056556550000490E-006 
                                    1051                  4.5588043866966153E-003                 -2.2704304652622458E+000                  7.9189587293043209E+000                  4.6043166828914313E+000                  2.0351806181270593E+001                  1.2576882305406682E-029                  6.8774483032674541E-002                  9.3122551696732547E-001                  0.0000000000000000E+000                  0.0000000000000000E+000                  7.7582180153484494E-006 
                                    1052                  4.0655121323527220E-003                 -2.2876266595133634E+000                  7.9206119563908643E+000                  4.6080970456516024E+000                  2.0357621071806253E+001                  1.2229936440711083E-029                  6.8741514147516058E-002                  9.3125848585248394E-001                  4.2094812002769947E-088                  1.2423361264077296E-030                  9.4537506818236846E-006 
                                    1053                  3.3829256634644606E-003                 -2.3151280165260495E+000                  7.9221367622602630E+000                  4.6115794179502325E+000                  2.0362979340362550E+001                  6.8970374606636031E-030                  6.8713330440685963E-002                  9.3128666955931405E-001                  0.0000000000000000E+000                  0.0000000000000000E+000                  1.1342899882483340E-005 
                                    1054                  3.0416324290213959E-003                 -2.3309886456458710E+000                  7.9231873351784916E+000                  4.6139672905230134E+000                  2.0366657859938091E+001                  6.5112066618142083E-030                  6.8702832839954014E-002                  9.3129716716004596E-001                  0.0000000000000000E+000                  0.0000000000000000E+000                  1.2862507166824369E-005 
                                    1055                  2.7003391945783070E-003                 -2.3486993537507272E+000                  7.9247000780163210E+000                  4.6173886066118044E+000                  2.0371933580341171E+001                  4.0934466124448600E-030                  6.8691960837593477E-002                  9.3130803916240656E-001                  0.0000000000000000E+000                  0.0000000000000000E+000                  1.5413563986018294E-005 
                                    1056                  2.0951981884651579E-003                 -2.3863361985808065E+000                  7.9267990014655938E+000                  4.6221188932811739E+000                  2.0379230562519606E+001                  2.3946901202600584E-030                  6.8663776383278904E-002                  9.3133622361672108E-001                  0.0000000000000000E+000                  0.0000000000000000E+000                  1.9790420151619637E-005 
                                    1057                  1.4900571823519596E-003                 -2.4366722468835360E+000                  7.9286751222343277E+000                  4.6263333819417625E+000                  2.0385737117575232E+001                  1.7101332969002496E-030                  6.8648118427321297E-002                  9.3135188157267867E-001                  0.0000000000000000E+000                  0.0000000000000000E+000                  2.4741752467695980E-005 
                                    1058                  1.1254184517982646E-003                 -2.4779599935485277E+000                  7.9302214846947585E+000                  4.6297822540972700E+000                  2.0391069420124907E+001                  1.3986633660901678E-030                  6.8642905931503545E-002                  9.3135709406849643E-001                  0.0000000000000000E+000                  0.0000000000000000E+000                  2.9736811062333934E-005 
                                    1059                  7.6077972124454515E-004                 -2.5353797497545520E+000                  7.9319815719711668E+000                  4.6336848526166028E+000                  2.0397106863383012E+001                  1.1160024522900003E-030                  6.8619154219408146E-002                  9.3138084578059188E-001                  0.0000000000000000E+000                  0.0000000000000000E+000                  3.6611913711786644E-005 
                                    1060                  3.9614099069223919E-004                 -2.6307340042801717E+000                  7.9336154921627084E+000                  4.6373040988445293E+000                  2.0402705786520229E+001                  1.0998641851047313E-030                  6.8587615836641858E-002                  9.3141238416335814E-001                  0.0000000000000000E+000                  0.0000000000000000E+000                  4.4371209323394873E-005 
                                    1061                  2.1382162541740067E-004                 -2.7205419884061759E+000                  7.9346173243129625E+000                  4.6395129723777213E+000                  2.0406125587348182E+001                  1.0933534425375039E-030                  6.8568090644570201E-002                  9.3143190935542974E-001                  0.0000000000000000E+000                  0.0000000000000000E+000                  4.9907655157501128E-005 
                                    1062                  1.2266194277980069E-004                 -2.8013160993418089E+000                  7.9352195466545172E+000                  4.6408368471632615E+000                  2.0408176705756564E+001                  1.0908541051941761E-030                  6.8559323325807359E-002                  9.3144067667419261E-001                  0.0000000000000000E+000                  0.0000000000000000E+000                  5.3564474518013191E-005 
                                    1063                  7.7082101460733266E-005                 -2.8687602397899212E+000                  7.9355707836694398E+000                  4.6416073740652237E+000                  2.0409371679124515E+001                  1.0908541051941763E-030                  6.8559323325729463E-002                  9.3144067667427055E-001                  0.0000000000000000E+000                  0.0000000000000000E+000                  5.5830198902616903E-005 
                                    1064                  5.4292180801284590E-005                 -2.9196080160061739E+000                  7.9358343176116799E+000                  4.6421835834883849E+000                  2.0410265802244286E+001                  1.0908541051941757E-030                  6.8559323325669691E-002                  9.3144067667433028E-001                  0.0000000000000000E+000                  0.0000000000000000E+000                  5.7591528563429209E-005 
                                    1065                  3.1502260141835927E-005                 -2.9985342507920052E+000                  7.9361012647708851E+000                  4.6427672056488545E+000                  2.0411171446312810E+001                  1.0908541051941754E-030                  6.8559323325608656E-002                  9.3144067667439134E-001                  0.0000000000000000E+000                  0.0000000000000000E+000                  5.9431594702158111E-005 
                                    1066                  1.5751130046279909E-005                 -3.0989871829028677E+000                  7.9363070880033320E+000                  4.6432176769912097E+000                  2.0411870348604701E+001                  1.0908541051941754E-030                  6.8559323325560778E-002                  9.3144067667443919E-001                  0.0000000000000000E+000                  0.0000000000000000E+000                  6.0890015589909776E-005 
                                    1067                  7.8755649983614085E-006                 -3.1993995080761963E+000                  7.9364366910691029E+000                  4.6435012498366532E+000                  2.0412310332072206E+001                  1.0908541051941757E-030                  6.8559323325530344E-002                  9.3144067667446961E-001                  0.0000000000000000E+000                  0.0000000000000000E+000                  6.1826407405900805E-005 
                                    1068                  3.9377824743500545E-006                 -3.2997862824219295E+000                  7.9365183240109927E+000                  4.6436798029183484E+000                  2.0412587386409619E+001                  1.0908541051941759E-030                  6.8559323325510943E-002                  9.3144067667448904E-001                  0.0000000000000000E+000                  0.0000000000000000E+000                  6.2423476396038620E-005 
                                    1069                  1.9688912121898855E-006                 -3.4001569736798531E+000                  7.9365697458986713E+000                  4.6437922494909412E+000                  2.0412761872959710E+001                  1.0908541051941754E-030                  6.8559323325498966E-002                  9.3144067667450103E-001                  0.0000000000000000E+000                  0.0000000000000000E+000                  6.2802489779030320E-005 
                                    1070                  9.8444558128760656E-007                 -3.5005175389722689E+000                  7.9366021384606968E+000                  4.6438630724706940E+000                  2.0412871774055503E+001                  1.0908541051941759E-030                  6.8559323325491223E-002                  9.3144067667450881E-001                  0.0000000000000000E+000                  0.0000000000000000E+000                  6.3042406300331443E-005 
                                    1071                  4.9222276582242285E-007                 -3.6008717287763505E+000                  7.9366225443710974E+000                  4.6439076824731131E+000                  2.0412941000050452E+001                  1.0908541051941752E-030                  6.8559323325486227E-002                  9.3144067667451380E-001                  0.0000000000000000E+000                  0.0000000000000000E+000                  6.3194005944669444E-005 
                                    1072                  2.4611135723999135E-007                 -3.7012219065049932E+000                  7.9366353997354109E+000                  4.6439357825400229E+000                  2.0412984606775282E+001                  1.0908541051941750E-030                  6.8559323325483201E-002                  9.3144067667451680E-001                  4.5859187333840505E-030                  0.0000000000000000E+000                  6.3289694696435370E-005 
                                    1073                  1.2305564963209922E-007                 -3.8015695670928209E+000                  7.9366434987138490E+000                  4.6439534833003595E+000                  2.0413012076131615E+001                  1.0908541051941752E-030                  6.8559323325481217E-002                  9.3144067667451880E-001                  0.0000000000000000E+000                  0.0000000000000000E+000                  6.3350051984214657E-005 
                                    1074                  6.1527798079048862E-008                 -3.9019156507539270E+000                  7.9366486012459045E+000                  4.6439646335011826E+000                  2.0413029380280516E+001                  1.0908541051941754E-030                  6.8559323325479982E-002                  9.3144067667452002E-001                  0.0000000000000000E+000                  0.0000000000000000E+000                  6.3388107027035343E-005 
                                    1075                  3.0763871517282914E-008                 -4.0022607731194579E+000                  7.9366518168268998E+000                  4.6439716570169178E+000                  2.0413040281027108E+001                  1.0908541051941757E-030                  6.8559323325479218E-002                  9.3144067667452080E-001                  0.0000000000000000E+000                  0.0000000000000000E+000                  6.3412099591921402E-005 
                                    1076                  1.5381909720691649E-008                 -4.1026053308096815E+000                  7.9366545597621361E+000                  4.6439775376360268E+000                  2.0413049436940831E+001                  1.0908541051941757E-030                  6.8559323325478608E-002                  9.3144067667452135E-001                  0.0000000000000000E+000                  0.0000000000000000E+000                  6.3432536824570255E-005 
