                                       1                                        2                                        3                                        4                                        5                                        6                                        7                                        8                                        9                                       10                                       11                                       12                                       13                                       14                                       15                                       16                                       17                                       18                                       19                                       20                                       21                                       22                                       23                                       24                                       25                                       26                                       27                                       28                                       29                                       30                                       31                                       32                                       33                                       34                                       35                                       36                                       37                                       38                                       39                                       40                                       41                                       42                                       43                                       44                                       45                                       46                                       47                                       48                                       49 
                            model_number                                num_zones                             initial_mass                                initial_z                                 star_age                                time_step                                     Teff                            photosphere_L                            photosphere_r                               center_eta                                center_h1                               center_he3                               center_he4                               center_c12                               center_n14                               center_o16                              center_ne20                                star_mass                                star_mdot                             star_mass_h1                            star_mass_he3                            star_mass_he4                            star_mass_c12                            star_mass_n14                            star_mass_o16                           star_mass_ne20                             he_core_mass                             co_core_mass                             fe_core_mass                   neutron_rich_core_mass                             dynamic_time                             kh_timescale                            nuc_timescale                           power_nuc_burn                             power_h_burn                            power_he_burn                                power_neu                                burn_min1                                burn_min2                             time_seconds                           version_number                                 compiler                                    build                         MESA_SDK_version                             math_backend                                     date                                     msun                                     rsun                                     lsun 
                                     960                                     1080                  1.0000000000000000E+000                  2.0000000000000000E-002                  2.8839656473731714E+000                  1.6850131076634820E-003                  2.7425831780062490E+004                  2.8372974963192278E+003                  2.3593152915204594E+000                  2.2981292686077222E+000                  0.0000000000000000E+000                  0.0000000000000000E+000                  6.8559323321931362E-002                  4.4241129210456981E-001                  2.0548874098888807E-007                  4.6479312226828717E-001                  2.0158826096892402E-002                  2.2338347964298766E-001                 -7.4229325101330184E-009                  3.3917502612437563E-051                  1.1745962131001297E-048                  3.5549656952180438E-002                  9.4658567127318599E-002                  2.2130292165775686E-004                  8.7741268884443058E-002                  4.1843004820812432E-003                  2.2338347964298766E-001                  1.2230385963014871E-001                  0.0000000000000000E+000                  0.0000000000000000E+000                  7.6738004986040964E+004                  1.7554649157186208E+002                  7.8731074176317023E+005                  3.9178618692182226E+001                  1.1426331670477666E-032                  6.1576069408608013E-008                  8.8360980306840133E+000                  5.0000000000000000E+001                  1.0000000000000000E+003                  9.1011034313543588E+007                               "r23.05.1"                               "gfortran"                                 "13.1.0"                    "x86_64-linux-23.7.3"                                 "CRMATH"                               "20260529"                  1.9884098706980504E+033                  6.9570000000000000E+010                  3.8280000000000003E+033 

                                       1                                        2                                        3                                        4                                        5                                        6                                        7                                        8                                        9                                       10                                       11                                       12 
                                    zone                                     mass                                     logR                                     logT                                   logRho                                     logP                        x_mass_fraction_H                       y_mass_fraction_He                   z_mass_fraction_metals                                       pp                                      cno                                tri_alpha 
                                       1                  2.2338347964298766E-001                  3.7278598252091227E-001                  4.4381796587737758E+000                 -9.0827736911074233E+000                  3.3056649412991006E+000                  3.5706215500389628E-005                  4.0938457765822006E-001                  5.9057971612627957E-001                  3.8477896998717416E-177                  0.0000000000000000E+000                  0.0000000000000000E+000 
                                       2                  2.2338347964283967E-001                  3.7278319987552511E-001                  4.4382372065521976E+000                 -9.0823834342603398E+000                  3.3059626940029760E+000                  3.5706215500389628E-005                  4.0938457765822006E-001                  5.9057971612627957E-001                  3.8512492916917623E-177                  0.0000000000000000E+000                  0.0000000000000000E+000 
                                       3                  2.2338347964255864E-001                  3.7277792012930383E-001                  4.4383405974690007E+000                 -9.0816843203299218E+000                  3.3064971214268009E+000                  3.5706215500389628E-005                  4.0938457765822006E-001                  5.9057971612627957E-001                  3.8574546534033383E-177                  0.0000000000000000E+000                  0.0000000000000000E+000 
                                       4                  2.2338347964206895E-001                  3.7276873445275116E-001                  4.4385490759333504E+000                 -9.0802823427202100E+000                  3.3075727724181454E+000                  3.5706215500389628E-005                  4.0938457765822006E-001                  5.9057971612627957E-001                  3.8699288073754006E-177                  0.0000000000000000E+000                  0.0000000000000000E+000 
                                       5                  2.2338347964100461E-001                  3.7274883271052767E-001                  4.4389312097653981E+000                 -9.0777396791103779E+000                  3.3095374310011567E+000                  3.5706215500292267E-005                  4.0938457765972674E-001                  5.9057971612477300E-001                  3.8926552802493329E-177                  0.0000000000000000E+000                  0.0000000000000000E+000 
                                       6                  2.2338347963922112E-001                  3.7271567139328204E-001                  4.4393802367447686E+000                 -9.0747973755183899E+000                  3.3118342151573832E+000                  3.5706215500264958E-005                  4.0938457766014930E-001                  5.9057971612435045E-001                  3.9191203963427371E-177                  0.0000000000000000E+000                  0.0000000000000000E+000 
                                       7                  2.2338347963766000E-001                  3.7268683525812396E-001                  4.4400736439212354E+000                 -9.0703408675320958E+000                  3.3153584844212456E+000                  3.5706215500264958E-005                  4.0938457766014930E-001                  5.9057971612435045E-001                  3.9595483876524379E-177                  0.0000000000000000E+000                  0.0000000000000000E+000 
                                       8                  2.2338347963405589E-001                  3.7262091882737486E-001                  4.4413567832173548E+000                 -9.0623742945374435E+000                  3.3218065655903386E+000                  3.5706215500246398E-005                  4.0938457766043623E-001                  5.9057971612406357E-001                  4.0328605239734682E-177                  0.0000000000000000E+000                  0.0000000000000000E+000 
                                       9                  2.2338347962810623E-001                  3.7251401862711864E-001                  4.4437304167203662E+000                 -9.0485166887242521E+000                  3.3335007370217506E+000                  3.5706215500123856E-005                  4.0938457766233299E-001                  5.9057971612216686E-001                  4.1636337934832187E-177                  0.0000000000000000E+000                  0.0000000000000000E+000 
                                      10                  2.2338347961638058E-001                  3.7230973546722518E-001                  4.4478878254245728E+000                 -9.0267314143001158E+000                  3.3533051660885391E+000                  3.5706215500000738E-005                  4.0938457766423814E-001                  5.9057971612026194E-001                  4.3778467414051160E-177                  0.0000000000000000E+000                  0.0000000000000000E+000 
                                      11                  2.2338347959712374E-001                  3.7199008039063364E-001                  4.4518233021823450E+000                 -9.0086998701559082E+000                  3.3713266328605385E+000                  3.5706215499838277E-005                  4.0938457766675246E-001                  5.9057971611774773E-001                  4.5634619175640159E-177                  0.0000000000000000E+000                  0.0000000000000000E+000 
                                      12                  2.2338347958701951E-001                  3.7182890843427691E-001                  4.4559477202951170E+000                 -8.9920257339015013E+000                  3.3895803798811506E+000                  3.5706215499736152E-005                  4.0938457766833292E-001                  5.9057971611616733E-001                  4.7421006485187749E-177                  0.0000000000000000E+000                  0.0000000000000000E+000 
                                      13                  2.2338347956616181E-001                  3.7150820723364097E-001                  4.4615145690586262E+000                 -8.9717365045604147E+000                  3.4136017836594381E+000                  3.5706215499588199E-005                  4.0938457767062303E-001                  5.9057971611387738E-001                  4.9689283194196692E-177                  0.0000000000000000E+000                  0.0000000000000000E+000 
                                      14                  2.2338347954436619E-001                  3.7118767192097463E-001                  4.4682564606411530E+000                 -8.9472511264744963E+000                  3.4427793465107541E+000                  3.5706215499442977E-005                  4.0938457767287006E-001                  5.9057971611163051E-001                  5.2571636513544325E-177                  0.0000000000000000E+000                  0.0000000000000000E+000 
                                      15                  2.2338347951123971E-001                  3.7072596121656881E-001                  4.4739118235235615E+000                 -8.9250828962678632E+000                  3.4678839215804897E+000                  3.5706215499264104E-005                  4.0938457767563846E-001                  5.9057971610886228E-001                  5.5325185151396151E-177                  0.0000000000000000E+000                  0.0000000000000000E+000 
                                      16                  2.2338347949427934E-001                  3.7050080033733396E-001                  4.4775725937737390E+000                 -8.9109628562985730E+000                  3.4841302525608606E+000                  3.5706215499180675E-005                  4.0938457767692937E-001                  5.9057971610757143E-001                  5.7153780705556583E-177                  0.0000000000000000E+000                  0.0000000000000000E+000 
                                      17                  2.2338347947731893E-001                  3.7028250820758263E-001                  4.4816546099829146E+000                 -8.8951442973692387E+000                  3.5023393829793434E+000                  3.5706215499111055E-005                  4.0938457767800684E-001                  5.9057971610649407E-001                  5.9274221314295025E-177                  0.0000000000000000E+000                  0.0000000000000000E+000 
                                      18                  2.2338347945480078E-001                  3.7000256934154818E-001                  4.4855613346760039E+000                 -8.8794462437965027E+000                  3.5200205752174192E+000                  3.5706215499044492E-005                  4.0938457767903697E-001                  5.9057971610546400E-001                  6.1456280172705309E-177                  0.0000000000000000E+000                  0.0000000000000000E+000 
                                      19                  2.2338347943747089E-001                  3.6979442672515550E-001                  4.4888219138002023E+000                 -8.8662657534626401E+000                  3.5348631845422025E+000                  3.5706215498990756E-005                  4.0938457767986841E-001                  5.9057971610463267E-001                  6.3350314265964597E-177                  0.0000000000000000E+000                  0.0000000000000000E+000 
                                      20                  2.2338347942014097E-001                  3.6959221979052365E-001                  4.4925421040321600E+000                 -8.8511605699729294E+000                  3.5518907497783063E+000                  3.5706215498933876E-005                  4.0938457768074871E-001                  5.9057971610375237E-001                  6.5592819975318894E-177                  0.0000000000000000E+000                  0.0000000000000000E+000 
                                      21                  2.2338347939629896E-001                  3.6932310032779991E-001                  4.4966323695646704E+000                 -8.8340881890423582E+000                  3.5708576836483052E+000                  3.5706215498873967E-005                  4.0938457768167591E-001                  5.9057971610282523E-001                  6.8223089671651772E-177                  0.0000000000000000E+000                  0.0000000000000000E+000 
                                      22                  2.2338347937245695E-001                  3.6906388227918652E-001                  4.5025242662921201E+000                 -8.8099199259264616E+000                  3.5982259042463398E+000                  3.5706215498801299E-005                  4.0938457768280068E-001                  5.9057971610170057E-001                  7.2127945363598471E-177                  0.0000000000000000E+000                  0.0000000000000000E+000 
                                      23                  2.2338347932389024E-001                  3.6856311975476125E-001                  4.5077425504282083E+000                 -8.7864388818043668E+000                  3.6233511715108664E+000                  3.5706215498740353E-005                  4.0938457768374370E-001                  5.9057971610075755E-001                  7.6135729527664266E-177                  0.0000000000000000E+000                  0.0000000000000000E+000 
                                      24                  2.2338347930216795E-001                  3.6835040920626988E-001                  4.5108331963318991E+000                 -8.7728517089368712E+000                  3.6382124617938407E+000                  3.5706215498707529E-005                  4.0938457768425174E-001                  5.9057971610024951E-001                  7.8555753089579087E-177                  0.0000000000000000E+000                  0.0000000000000000E+000 
                                      25                  2.2338347928044566E-001                  3.6814395173254061E-001                  4.5152864674760842E+000                 -8.7535830561513457E+000                  3.6596320125648649E+000                  3.5706215498665835E-005                  4.0938457768489689E-001                  5.9057971609960447E-001                  8.2120197962274174E-177                  0.0000000000000000E+000                  0.0000000000000000E+000 
                                      26                  2.2338347923700103E-001                  3.6774813398219913E-001                  4.5201319754709770E+000                 -8.7315999964690754E+000                  3.6834396586842524E+000                  3.5706215498626559E-005                  4.0938457768550479E-001                  5.9057971609899651E-001                  8.6384723451691943E-177                  0.0000000000000000E+000                  0.0000000000000000E+000 
                                      27                  2.2338347920441756E-001                  3.6746526093279680E-001                  4.5240785060472719E+000                 -8.7138214083037173E+000                  3.7029059060502436E+000                  3.5706215498598079E-005                  4.0938457768594555E-001                  5.9057971609855586E-001                  8.9995078932920058E-177                  0.0000000000000000E+000                  0.0000000000000000E+000 
                                      28                  2.2338347917183407E-001                  3.6719321303728925E-001                  4.5278457905939575E+000                 -8.6968227222290828E+000                  3.7215908666194220E+000                  3.5706215498573854E-005                  4.0938457768632047E-001                  5.9057971609818094E-001                  9.3588092510974561E-177                  0.0000000000000000E+000                  0.0000000000000000E+000 
                                      29                  2.2338347913922141E-001                  3.6693088956012127E-001                  4.5314527310269535E+000                 -8.6805577883241067E+000                  3.7395553083477595E+000                  3.5706215498553152E-005                  4.0938457768664083E-001                  5.9057971609786064E-001                  9.7160244527960005E-177                  0.0000000000000000E+000                  0.0000000000000000E+000 
                                      30                  2.2338347910660872E-001                  3.6667775851493167E-001                  4.5354898407759725E+000                 -8.6625690253626182E+000                  3.7596665285245994E+000                  3.5706215498532532E-005                  4.0938457768695996E-001                  5.9057971609754145E-001                  1.0127000335324742E-176                  0.0000000000000000E+000                  0.0000000000000000E+000 
                                      31                  2.2338347906310571E-001                  3.6635315270987762E-001                  4.5398790874290382E+000                 -8.6429739470725000E+000                  3.7816332676733575E+000                  3.5706215498513179E-005                  4.0938457768725939E-001                  5.9057971609724214E-001                  1.0594482703107544E-176                  0.0000000000000000E+000                  0.0000000000000000E+000 
                                      32                  2.2338347901960270E-001                  3.6604218551868051E-001                  4.5440684480848965E+000                 -8.6244701714206204E+000                  3.8026007585388815E+000                  3.5706215498497194E-005                  4.0938457768750680E-001                  5.9057971609699478E-001                  1.1055725605101611E-176                  0.0000000000000000E+000                  0.0000000000000000E+000 
                                      33                  2.2338347897609967E-001                  3.6574356118822005E-001                  4.5480839836887927E+000                 -8.6069750528387665E+000                  3.8226639425741453E+000                  3.5706215498483912E-005                  4.0938457768771241E-001                  5.9057971609678916E-001                  1.1510281893018411E-176                  0.0000000000000000E+000                  0.0000000000000000E+000 
                                      34                  2.2338347893256247E-001                  3.6545592021028789E-001                  4.5519461268559214E+000                 -8.5904152077653819E+000                  3.8418982003779032E+000                  3.5706215498472806E-005                  4.0938457768788417E-001                  5.9057971609661730E-001                  1.1957744510109465E-176                  0.0000000000000000E+000                  0.0000000000000000E+000 
                                      35                  2.2338347888902527E-001                  3.6517849973674987E-001                  4.5555535350751910E+000                 -8.5751963827046467E+000                  3.8597907184734082E+000                  3.5706215498463766E-005                  4.0938457768802416E-001                  5.9057971609647741E-001                  1.2384296412921312E-176                  0.0000000000000000E+000                  0.0000000000000000E+000 
                                      36                  2.2338347884824150E-001                  3.6492711466717415E-001                  4.5606167203347718E+000                 -8.5547370085694734E+000                  3.8845642927020938E+000                  3.5706215498452592E-005                  4.0938457768819697E-001                  5.9057971609630455E-001                  1.2981807417791153E-176                  0.0000000000000000E+000                  0.0000000000000000E+000 
                                      37                  2.2338347876667397E-001                  3.6444626612124653E-001                  4.5654218801704571E+000                 -8.5352238317392430E+000                  3.9081018941061187E+000                  3.5706215498444257E-005                  4.0938457768832598E-001                  5.9057971609617566E-001                  1.3578527667312413E-176                  0.0000000000000000E+000                  0.0000000000000000E+000 
                                      38                  2.2338347872589023E-001                  3.6421583973929739E-001                  4.5684346107625675E+000                 -8.5234913764819673E+000                  3.9226454754641771E+000                  3.5706215498439595E-005                  4.0938457768839825E-001                  5.9057971609610327E-001                  1.3950436445983053E-176                  0.0000000000000000E+000                  0.0000000000000000E+000 
                                      39                  2.2338347868785993E-001                  3.6400637926518786E-001                  4.5712786198552164E+000                 -8.5126625780178600E+000                  3.9362595752263965E+000                  3.5706215498435618E-005                  4.0938457768845971E-001                  5.9057971609604187E-001                  1.4302734558669907E-176                  0.0000000000000000E+000                  0.0000000000000000E+000 
                                      40                  2.2338347864982963E-001                  3.6380178457033885E-001                  4.5761060319407907E+000                 -8.4951264564764895E+000                  3.9589747602146717E+000                  3.5706215498429526E-005                  4.0938457768855396E-001                  5.9057971609594762E-001                  1.4892214778326639E-176                  0.0000000000000000E+000                  0.0000000000000000E+000 
                                      41                  2.2338347855577143E-001                  3.6331463456884477E-001                  4.5824387025634215E+000                 -8.4727043854691999E+000                  3.9884059348944954E+000                  3.5706215498423217E-005                  4.0938457768865161E-001                  5.9057971609584992E-001                  1.5681467918879810E-176                  0.0000000000000000E+000                  0.0000000000000000E+000 
                                      42                  2.2338347846889794E-001                  3.6288598277107509E-001                  4.5868369042811050E+000                 -8.4576971544783142E+000                  4.0085090381173396E+000                  3.5706215498419626E-005                  4.0938457768870717E-001                  5.9057971609579440E-001                  1.6232955741004908E-176                  0.0000000000000000E+000                  0.0000000000000000E+000 
                                      43                  2.2338347842546125E-001                  3.6267848101586903E-001                  4.5897136968103300E+000                 -8.4482925474585624E+000                  4.0214363838902987E+000                  3.5706215498417491E-005                  4.0938457768874026E-001                  5.9057971609576132E-001                  1.6588401459574425E-176                  0.0000000000000000E+000                  0.0000000000000000E+000 
                                      44                  2.2338347838202452E-001                  3.6247513604345138E-001                  4.5942037960822724E+000                 -8.4342463271132981E+000                  4.0412636591728024E+000                  3.5706215498414428E-005                  4.0938457768878761E-001                  5.9057971609571402E-001                  1.7133823081361289E-176                  0.0000000000000000E+000                  0.0000000000000000E+000 
                                      45                  2.2338347828735086E-001                  3.6204509560884529E-001                  4.6001659271527968E+000                 -8.4162466896575925E+000                  4.0671535870456710E+000                  3.5706215498411054E-005                  4.0938457768883990E-001                  5.9057971609566162E-001                  1.7859056481521701E-176                  0.0000000000000000E+000                  0.0000000000000000E+000 
                                      46                  2.2338347819267720E-001                  3.6163130997767912E-001                  4.6047321446264267E+000                 -8.4029806645780916E+000                  4.0866319264433884E+000                  3.5706215498408858E-005                  4.0938457768887376E-001                  5.9057971609562787E-001                  1.8413145449574326E-176                  0.0000000000000000E+000                  0.0000000000000000E+000 
                                      47                  2.2338347813783702E-001                  3.6139831358541630E-001                  4.6080179217009833E+000                 -8.3938204777742111E+000                  4.1004141464745381E+000                  3.5706215498407415E-005                  4.0938457768889613E-001                  5.9057971609560544E-001                  1.8805746697863898E-176                  0.0000000000000000E+000                  0.0000000000000000E+000 
                                      48                  2.2338347808299688E-001                  3.6116981619101302E-001                  4.6128518655181754E+000                 -8.3809198935641085E+000                  4.1203415063458859E+000                  3.5706215498405457E-005                  4.0938457768892644E-001                  5.9057971609557514E-001                  1.9372898623020956E-176                  0.0000000000000000E+000                  0.0000000000000000E+000 
                                      49                  2.2338347797331659E-001                  3.6072516417877665E-001                  4.6192002078374301E+000                 -8.3645427428760648E+000                  4.1460999744675044E+000                  3.5706215498403254E-005                  4.0938457768896053E-001                  5.9057971609554105E-001                  2.0117601300084150E-176                  0.0000000000000000E+000                  0.0000000000000000E+000 
                                      50                  2.2338347785975277E-001                  3.6028044227714923E-001                  4.6254373064934748E+000                 -8.3491694904095510E+000                  4.1709256638844243E+000                  3.5706215498401370E-005                  4.0938457768898967E-001                  5.9057971609551196E-001                  2.0842686391088363E-176                  0.0000000000000000E+000                  0.0000000000000000E+000 
                                      51                  2.2338347774618894E-001                  3.5984988771932513E-001                  4.6315650971799709E+000                 -8.3346877363947751E+000                  4.1948976639633271E+000                  3.5706215498399744E-005                  4.0938457768901493E-001                  5.9057971609548665E-001                  2.1549614996165264E-176                  0.0000000000000000E+000                  0.0000000000000000E+000 
                                      52                  2.2338347762868169E-001                  3.5941770718665211E-001                  4.6375793342227718E+000                 -8.3209728286599667E+000                  4.2180826655977919E+000                  3.5706215498398314E-005                  4.0938457768903691E-001                  5.9057971609546467E-001                  2.2241206281197344E-176                  0.0000000000000000E+000                  0.0000000000000000E+000 
                                      53                  2.2338347751117443E-001                  3.5899772725128165E-001                  4.6440313770525705E+000                 -8.3068210686580368E+000                  4.2425913027482665E+000                  3.5706215498396939E-005                  4.0938457768905817E-001                  5.9057971609544335E-001                  2.2978104630398082E-176                  0.0000000000000000E+000                  0.0000000000000000E+000 
                                      54                  2.2338347736723710E-001                  3.5849819357147167E-001                  4.6508401877972689E+000                 -8.2922548103006388E+000                  4.2681822350302605E+000                  3.5706215498395658E-005                  4.0938457768907799E-001                  5.9057971609542359E-001                  2.3762096535372686E-176                  0.0000000000000000E+000                  0.0000000000000000E+000 
                                      55                  2.2338347722329979E-001                  3.5801349149231743E-001                  4.6567286586917591E+000                 -8.2798920556345053E+000                  4.2901327597014980E+000                  3.5706215498394662E-005                  4.0938457768909342E-001                  5.9057971609540816E-001                  2.4448443345284113E-176                  0.0000000000000000E+000                  0.0000000000000000E+000 
                                      56                  2.2338347710759354E-001                  3.5763365883351528E-001                  4.6615273799422967E+000                 -8.2700283617355197E+000                  4.3078829782115333E+000                  3.5706215498393917E-005                  4.0938457768910502E-001                  5.9057971609539650E-001                  2.5010242212490507E-176                  0.0000000000000000E+000                  0.0000000000000000E+000 
                                      57                  2.2338347700429609E-001                  3.5730135934920931E-001                  4.6674449319014339E+000                 -8.2582617065770698E+000                  4.3295510161985389E+000                  3.5706215498393056E-005                  4.0938457768911835E-001                  5.9057971609538329E-001                  2.5697339713626223E-176                  0.0000000000000000E+000                  0.0000000000000000E+000 
                                      58                  2.2338347682868484E-001                  3.5674985202681131E-001                  4.6724679116535954E+000                 -8.2479889232281263E+000                  4.3480360265602176E+000                  3.5706215498392399E-005                  4.0938457768912850E-001                  5.9057971609537319E-001                  2.6312623014204213E-176                  0.0000000000000000E+000                  0.0000000000000000E+000 
                                      59                  2.2338347675637107E-001                  3.5652746553605863E-001                  4.6759006177192628E+000                 -8.2412257570563874E+000                  4.3605413320181885E+000                  3.5706215498391965E-005                  4.0938457768913517E-001                  5.9057971609536652E-001                  2.6725721187646078E-176                  0.0000000000000000E+000                  0.0000000000000000E+000 
                                      60                  2.2338347665523148E-001                  3.5622067703926069E-001                  4.6797947191823734E+000                 -8.2335368131066424E+000                  4.3747234755766939E+000                  3.5706215498391504E-005                  4.0938457768914238E-001                  5.9057971609535920E-001                  2.7203251190776573E-176                  0.0000000000000000E+000                  0.0000000000000000E+000 
                                      61                  2.2338347655409185E-001                  3.5591863779730337E-001                  4.6849135732221994E+000                 -8.2236299878007468E+000                  4.3932646169144896E+000                  3.5706215498390921E-005                  4.0938457768915132E-001                  5.9057971609535032E-001                  2.7831127791756267E-176                  0.0000000000000000E+000                  0.0000000000000000E+000 
                                      62                  2.2338347638138129E-001                  3.5541308626721424E-001                  4.6922058403069196E+000                 -8.2095110568843968E+000                  4.4196628929404396E+000                  3.5706215498390156E-005                  4.0938457768916314E-001                  5.9057971609533855E-001                  2.8751090024292242E-176                  0.0000000000000000E+000                  0.0000000000000000E+000 
                                      63                  2.2338347614536466E-001                  3.5474160249797759E-001                  4.6983016853062152E+000                 -8.1972456648815228E+000                  4.4419215149868965E+000                  3.5706215498389580E-005                  4.0938457768917214E-001                  5.9057971609532944E-001                  2.9574931278825549E-176                  0.0000000000000000E+000                  0.0000000000000000E+000 
                                      64                  2.2338347601915545E-001                  3.5439129321992285E-001                  4.7024064293105239E+000                 -8.1891681316491916E+000                  4.4568316985892187E+000                  3.5706215498389207E-005                  4.0938457768917785E-001                  5.9057971609532378E-001                  3.0130335502847332E-176                  0.0000000000000000E+000                  0.0000000000000000E+000 
                                      65                  2.2338347589294621E-001                  3.5404661281492106E-001                  4.7076072294845250E+000                 -8.1790617005715163E+000                  4.4756730807508465E+000                  3.5706215498388760E-005                  4.0938457768918479E-001                  5.9057971609531679E-001                  3.0839959555244425E-176                  0.0000000000000000E+000                  0.0000000000000000E+000 
                                      66                  2.2338347568858760E-001                  3.5349966058864396E-001                  4.7137335097059072E+000                 -8.1668651925267621E+000                  4.4980018154636436E+000                  3.5706215498388265E-005                  4.0938457768919245E-001                  5.9057971609530924E-001                  3.1718633235772665E-176                  0.0000000000000000E+000                  0.0000000000000000E+000 
                                      67                  2.2338347548422896E-001                  3.5296586618218112E-001                  4.7206387786675474E+000                 -8.1531935051310445E+000                  4.5231586323711142E+000                  3.5706215498387750E-005                  4.0938457768920045E-001                  5.9057971609530124E-001                  3.2733382265499979E-176                  0.0000000000000000E+000                  0.0000000000000000E+000 
                                      68                  2.2338347520459906E-001                  3.5225504619922060E-001                  4.7262773089771439E+000                 -8.1414248156656743E+000                  4.5439731812161739E+000                  3.5706215498387357E-005                  4.0938457768920644E-001                  5.9057971609529525E-001                  3.3632852514550177E-176                  0.0000000000000000E+000                  0.0000000000000000E+000 
                                      69                  2.2338347506478914E-001                  3.5190788384118848E-001                  4.7299164659459727E+000                 -8.1339720594148588E+000                  4.5573569735176926E+000                  3.5706215498387120E-005                  4.0938457768921022E-001                  5.9057971609529147E-001                  3.4215201669111420E-176                  0.0000000000000000E+000                  0.0000000000000000E+000 
                                      70                  2.2338347492497923E-001                  3.5156581483696892E-001                  4.7354865100678829E+000                 -8.1228001899724500E+000                  4.5777600669651424E+000                  3.5706215498386761E-005                  4.0938457768921571E-001                  5.9057971609528592E-001                  3.5107102001011270E-176                  0.0000000000000000E+000                  0.0000000000000000E+000 
                                      71                  2.2338347462298200E-001                  3.5084303881961254E-001                  4.7429913717936554E+000                 -8.1071538071778537E+000                  4.6055234312006448E+000                  3.5706215498386320E-005                  4.0938457768922254E-001                  5.9057971609527904E-001                  3.6395447475930955E-176                  0.0000000000000000E+000                  0.0000000000000000E+000 
                                      72                  2.2338347429368047E-001                  3.5007888901733103E-001                  4.7500055334640106E+000                 -8.0921954160119647E+000                  4.6316331865149651E+000                  3.5706215498385941E-005                  4.0938457768922842E-001                  5.9057971609527327E-001                  3.7671334011389546E-176                  0.0000000000000000E+000                  0.0000000000000000E+000 
                                      73                  2.2338347399573724E-001                  3.4940759437379165E-001                  4.7547932984962618E+000                 -8.0817126887008346E+000                  4.6495755080435019E+000                  3.5706215498385704E-005                  4.0938457768923214E-001                  5.9057971609526949E-001                  3.8592034106693719E-176                  0.0000000000000000E+000                  0.0000000000000000E+000 
                                      74                  2.2338347384305138E-001                  3.4907061103921433E-001                  4.7579496923324429E+000                 -8.0749135313291571E+000                  4.6613621264159786E+000                  3.5706215498385548E-005                  4.0938457768923453E-001                  5.9057971609526705E-001                  3.9201204389666395E-176                  0.0000000000000000E+000                  0.0000000000000000E+000 
                                      75                  2.2338347369036557E-001                  3.4873809429554675E-001                  4.7614662821908809E+000                 -8.0673486883363861E+000                  4.6744919720252609E+000                  3.5706215498385379E-005                  4.0938457768923703E-001                  5.9057971609526461E-001                  3.9890286051690273E-176                  0.0000000000000000E+000                  0.0000000000000000E+000 
                                      76                  2.2338347349404725E-001                  3.4831684303967025E-001                  4.7653033704888692E+000                 -8.0589994829796439E+000                  4.6888585493653085E+000                  3.5706215498385202E-005                  4.0938457768923975E-001                  5.9057971609526194E-001                  4.0664888247274666E-176                  0.0000000000000000E+000                  0.0000000000000000E+000 
                                      77                  2.2338347329772898E-001                  3.4790241844441799E-001                  4.7696026189560055E+000                 -8.0496724028897635E+000                  4.7049460504658667E+000                  3.5706215498385026E-005                  4.0938457768924263E-001                  5.9057971609525906E-001                  4.1548017417540327E-176                  0.0000000000000000E+000                  0.0000000000000000E+000 
                                      78                  2.2338347304041872E-001                  3.4736903880812975E-001                  4.7743019174518881E+000                 -8.0393362851009620E+000                  4.7225877019601992E+000                  3.5706215498384823E-005                  4.0938457768924569E-001                  5.9057971609525595E-001                  4.2549112339047273E-176                  0.0000000000000000E+000                  0.0000000000000000E+000 
                                      79                  2.2338347278310844E-001                  3.4684630029282526E-001                  4.7787119169339736E+000                 -8.0295683588334317E+000                  4.7391700245040873E+000                  3.5706215498384653E-005                  4.0938457768924835E-001                  5.9057971609525328E-001                  4.3517339099582818E-176                  0.0000000000000000E+000                  0.0000000000000000E+000 
                                      80                  2.2338347253968044E-001                  3.4636107662751658E-001                  4.7831061581304750E+000                 -8.0198359332749938E+000                  4.7556916621187053E+000                  3.5706215498384484E-005                  4.0938457768925096E-001                  5.9057971609525062E-001                  4.4503963318033361E-176                  0.0000000000000000E+000                  0.0000000000000000E+000 
                                      81                  2.2338347226713257E-001                  3.4582797589700986E-001                  4.7890437052788819E+000                 -8.0068283170925003E+000                  4.7779584871442546E+000                  3.5706215498384267E-005                  4.0938457768925429E-001                  5.9057971609524729E-001                  4.5857632344501653E-176                  0.0000000000000000E+000                  0.0000000000000000E+000 
                                      82                  2.2338347181604837E-001                  3.4496756413189311E-001                  4.7958177956227690E+000                 -7.9915032632598759E+000                  4.8035532993765564E+000                  3.5706215498384030E-005                  4.0938457768925790E-001                  5.9057971609524373E-001                  4.7505408369470074E-176                  0.0000000000000000E+000                  0.0000000000000000E+000 
                                      83                  2.2338347139513368E-001                  3.4418813326078390E-001                  4.8022650859632607E+000                 -7.9768925217987174E+000                  4.8279253111404445E+000                  3.5706215498383827E-005                  4.0938457768926118E-001                  5.9057971609524040E-001                  4.9131494960652041E-176                  0.0000000000000000E+000                  0.0000000000000000E+000 
                                      84                  2.2338347094284539E-001                  3.4337384410922944E-001                  4.8075585530881435E+000                 -7.9645727272589424E+000                  4.8480653118835821E+000                  3.5706215498383664E-005                  4.0938457768926362E-001                  5.9057971609523796E-001                  5.0545799094908744E-176                  0.0000000000000000E+000                  0.0000000000000000E+000 
                                      85                  2.2338347064131989E-001                  3.4284371145269898E-001                  4.8130052333563507E+000                 -7.9522354371798558E+000                  4.8686639090548569E+000                  3.5706215498383501E-005                  4.0938457768926612E-001                  5.9057971609523552E-001                  5.2002920341356966E-176                  0.0000000000000000E+000                  0.0000000000000000E+000 
                                      86                  2.2338347013877738E-001                  3.4198076223396368E-001                  4.8203109821686008E+000                 -7.9353754699598591E+000                  4.8964309247254034E+000                  3.5706215498383298E-005                  4.0938457768926928E-001                  5.9057971609523241E-001                  5.4062381287393394E-176                  0.0000000000000000E+000                  0.0000000000000000E+000 
                                      87                  2.2338346950435090E-001                  3.4092586483358628E-001                  4.8267662990409725E+000                 -7.9198374853025229E+000                  4.9212316854860534E+000                  3.5706215498383136E-005                  4.0938457768927183E-001                  5.9057971609522975E-001                  5.6032521915627896E-176                  0.0000000000000000E+000                  0.0000000000000000E+000 
                                      88                  2.2338346907037762E-001                  3.4022539820272035E-001                  4.8305392687554907E+000                 -7.9106721408715925E+000                  4.9357681050054989E+000                  3.5706215498383041E-005                  4.0938457768927333E-001                  5.9057971609522830E-001                  5.7228150443402390E-176                  0.0000000000000000E+000                  0.0000000000000000E+000 
                                      89                  2.2338346885339103E-001                  3.3988123901261946E-001                  4.8330007481480770E+000                 -7.9047717551763288E+000                  4.9452252001940362E+000                  3.5706215498382980E-005                  4.0938457768927428E-001                  5.9057971609522730E-001                  5.8011329745656357E-176                  0.0000000000000000E+000                  0.0000000000000000E+000 
                                      90                  2.2338346863640440E-001                  3.3954092039824035E-001                  4.8371788998271015E+000                 -7.8949604176493713E+000                  4.9612074110775302E+000                  3.5706215498382885E-005                  4.0938457768927577E-001                  5.9057971609522586E-001                  5.9337429630722506E-176                  0.0000000000000000E+000                  0.0000000000000000E+000 
                                      91                  2.2338346810052734E-001                  3.3871592015637692E-001                  4.8434025350619665E+000                 -7.8799483866755935E+000                  4.9851820993429801E+000                  3.5706215498382743E-005                  4.0938457768927788E-001                  5.9057971609522375E-001                  6.1425380530479235E-176                  0.0000000000000000E+000                  0.0000000000000000E+000 
                                      92                  2.2338346746274648E-001                  3.3776154914931955E-001                  4.8498281944485750E+000                 -7.8642020387476226E+000                  5.0100454906936926E+000                  3.5706215498382614E-005                  4.0938457768927988E-001                  5.9057971609522175E-001                  6.3694477248700079E-176                  0.0000000000000000E+000                  0.0000000000000000E+000 
                                      93                  2.2338346682422180E-001                  3.3683407913278396E-001                  4.8561102892578170E+000                 -7.8487529142629269E+000                  5.0343827477148615E+000                  3.5706215498382492E-005                  4.0938457768928183E-001                  5.9057971609521975E-001                  6.6002208392376815E-176                  0.0000000000000000E+000                  0.0000000000000000E+000 
                                      94                  2.2338346615189381E-001                  3.3588551151527352E-001                  4.8607998943475446E+000                 -7.8369261180372787E+000                  5.0526621315703633E+000                  3.5706215498382411E-005                  4.0938457768928305E-001                  5.9057971609521864E-001                  6.7825209734717728E-176                  0.0000000000000000E+000                  0.0000000000000000E+000 
                                      95                  2.2338346579920004E-001                  3.3539886739439850E-001                  4.8657544024824020E+000                 -7.8249808222308754E+000                  5.0717654600502913E+000                  3.5706215498382329E-005                  4.0938457768928432E-001                  5.9057971609521731E-001                  6.9717605672052830E-176                  0.0000000000000000E+000                  0.0000000000000000E+000 
                                      96                  2.2338346503855253E-001                  3.3437245775412178E-001                  4.8716900789521178E+000                 -7.8102221080075003E+000                  5.0948114040279933E+000                  3.5706215498382228E-005                  4.0938457768928582E-001                  5.9057971609521576E-001                  7.2128804362495010E-176                  0.0000000000000000E+000                  0.0000000000000000E+000 
                                      97                  2.2338346440251425E-001                  3.3353751992780023E-001                  4.8757084487121096E+000                 -7.8001766306972486E+000                  5.1104251275420243E+000                  3.5706215498382173E-005                  4.0938457768928671E-001                  5.9057971609521487E-001                  7.3817515932747359E-176                  0.0000000000000000E+000                  0.0000000000000000E+000 
                                      98                  2.2338346405686513E-001                  3.3309219018732955E-001                  4.8801660256208335E+000                 -7.7894846552884509E+000                  5.1275668864340789E+000                  3.5706215498382106E-005                  4.0938457768928771E-001                  5.9057971609521398E-001                  7.5658376828043833E-176                  0.0000000000000000E+000                  0.0000000000000000E+000 
                                      99                  2.2338346328790321E-001                  3.3212082284965583E-001                  4.8870533189807697E+000                 -7.7728748675095192E+000                  5.1540611427918197E+000                  3.5706215498382017E-005                  4.0938457768928910E-001                  5.9057971609521254E-001                  7.8609615508509412E-176                  0.0000000000000000E+000                  0.0000000000000000E+000 
                                     100                  2.2338346226134045E-001                  3.3086306356156847E-001                  4.8933575243510479E+000                 -7.7573323950310504E+000                  5.1784124022668161E+000                  3.5706215498381943E-005                  4.0938457768929026E-001                  5.9057971609521132E-001                  8.1475417273760035E-176                  0.0000000000000000E+000                  0.0000000000000000E+000 
                                     101                  2.2338346155831651E-001                  3.3002595316887101E-001                  4.8997142828155589E+000                 -7.7422817983157080E+000                  5.2027139397692901E+000                  3.5706215498381875E-005                  4.0938457768929137E-001                  5.9057971609521021E-001                  8.4350083302538922E-176                  0.0000000000000000E+000                  0.0000000000000000E+000 
                                     102                  2.2338346044986523E-001                  3.2874167268890964E-001                  4.9062451691640261E+000                 -7.7264045843654081E+000                  5.2278122929705457E+000                  3.5706215498381807E-005                  4.0938457768929243E-001                  5.9057971609520921E-001                  8.7492669880112321E-176                  0.0000000000000000E+000                  0.0000000000000000E+000 
                                     103                  2.2338345960122799E-001                  3.2778635414770413E-001                  4.9125891768261525E+000                 -7.7113981670341722E+000                  5.2520244656062927E+000                  3.5706215498381746E-005                  4.0938457768929337E-001                  5.9057971609520821E-001                  9.0570483579302283E-176                  0.0000000000000000E+000                  0.0000000000000000E+000 
                                     104                  2.2338345846911919E-001                  3.2654584189267660E-001                  4.9177776325132490E+000                 -7.6986853089423475E+000                  5.2719807747861838E+000                  3.5706215498381699E-005                  4.0938457768929409E-001                  5.9057971609520754E-001                  9.3262477100003115E-176                  0.0000000000000000E+000                  0.0000000000000000E+000 
                                     105                  2.2338345790306477E-001                  3.2593962321289366E-001                  4.9211466325223538E+000                 -7.6906325698234257E+000                  5.2848637590817820E+000                  3.5706215498381665E-005                  4.0938457768929454E-001                  5.9057971609520710E-001                  9.5008930622989640E-176                  0.0000000000000000E+000                  0.0000000000000000E+000 
                                     106                  2.2338345733701040E-001                  3.2534206220125006E-001                  4.9244359051376794E+000                 -7.6827657121627349E+000                  5.2974436256704385E+000                  3.5706215498381638E-005                  4.0938457768929498E-001                  5.9057971609520665E-001                  9.6746656454069250E-176                  0.0000000000000000E+000                  0.0000000000000000E+000 
                                     107                  2.2338345677095597E-001                  3.2475281759867669E-001                  4.9288270595699597E+000                 -7.6724276284336748E+000                  5.3141796637473684E+000                  3.5706215498381604E-005                  4.0938457768929548E-001                  5.9057971609520621E-001                  9.9078690812965008E-176                  0.0000000000000000E+000                  0.0000000000000000E+000 
                                     108                  2.2338345578756078E-001                  3.2374769644473794E-001                  4.9337873913482611E+000                 -7.6604424235477921E+000                  5.3332001580935549E+000                  3.5706215498381570E-005                  4.0938457768929615E-001                  5.9057971609520554E-001                  1.0185274945613143E-175                  0.0000000000000000E+000                  0.0000000000000000E+000 
                                     109                  2.2338345495287920E-001                  3.2291250373042457E-001                  4.9403789647866079E+000                 -7.6450597712294606E+000                  5.3582907666721082E+000                  3.5706215498381523E-005                  4.0938457768929681E-001                  5.9057971609520488E-001                  1.0552732197468327E-175                  0.0000000000000000E+000                  0.0000000000000000E+000 
                                     110                  2.2338345328351608E-001                  3.2128649014686117E-001                  4.9476273986140571E+000                 -7.6271893035657978E+000                  5.3862435947048946E+000                  3.5706215498381475E-005                  4.0938457768929754E-001                  5.9057971609520410E-001                  1.0996301570233626E-175                  0.0000000000000000E+000                  0.0000000000000000E+000 
                                     111                  2.2338345203149371E-001                  3.2010473447330112E-001                  4.9525777134629347E+000                 -7.6149310857702712E+000                  5.4053653315643002E+000                  3.5706215498381442E-005                  4.0938457768929803E-001                  5.9057971609520354E-001                  1.1311305061174257E-175                  0.0000000000000000E+000                  0.0000000000000000E+000 
                                     112                  2.2338345119681213E-001                  3.1933363893817601E-001                  4.9564231854666971E+000                 -7.6055123017170967E+000                  5.4201900086555739E+000                  3.5706215498381421E-005                  4.0938457768929831E-001                  5.9057971609520332E-001                  1.1559461706215756E-175                  0.0000000000000000E+000                  0.0000000000000000E+000 
                                     113                  2.2338345036119717E-001                  3.1857423905293641E-001                  4.9617412144053645E+000                 -7.5927387589390518E+000                  5.4406142126839843E+000                  3.5706215498381387E-005                  4.0938457768929881E-001                  5.9057971609520288E-001                  1.1904729919178876E-175                  0.0000000000000000E+000                  0.0000000000000000E+000 
                                     114                  2.2338344881690916E-001                  3.1720141047452449E-001                  4.9677837077371159E+000                 -7.5776582409275637E+000                  5.4640374440118729E+000                  3.5706215498381360E-005                  4.0938457768929931E-001                  5.9057971609520232E-001                  1.2325658580770471E-175                  0.0000000000000000E+000                  0.0000000000000000E+000 
                                     115                  2.2338344752650477E-001                  3.1608385410472567E-001                  4.9739943460232956E+000                 -7.5624233134053460E+000                  5.4880336751038969E+000                  3.5706215498381340E-005                  4.0938457768929970E-001                  5.9057971609520199E-001                  1.2766016765374530E-175                  0.0000000000000000E+000                  0.0000000000000000E+000 
                                     116                  2.2338344578131100E-001                  3.1461141770800677E-001                  4.9796680046529280E+000                 -7.5480072685831816E+000                  5.5101401441445557E+000                  3.5706215498381313E-005                  4.0938457768930003E-001                  5.9057971609520155E-001                  1.3197188363886811E-175                  0.0000000000000000E+000                  0.0000000000000000E+000 
                                     117                  2.2338344461730281E-001                  3.1365338650395752E-001                  4.9829670864284905E+000                 -7.5396176342738501E+000                  5.5230001416669809E+000                  3.5706215498381292E-005                  4.0938457768930026E-001                  5.9057971609520132E-001                  1.3454789949765444E-175                  0.0000000000000000E+000                  0.0000000000000000E+000 
                                     118                  2.2338344403502458E-001                  3.1318098554107077E-001                  4.9862087451532817E+000                 -7.5316316512232220E+000                  5.5355478301888299E+000                  3.5706215498381286E-005                  4.0938457768930048E-001                  5.9057971609520110E-001                  1.3704668898090120E-175                  0.0000000000000000E+000                  0.0000000000000000E+000 
                                     119                  2.2338344287046816E-001                  3.1224888882949287E-001                  4.9914106642701181E+000                 -7.5187892089106150E+000                  5.5556940970802513E+000                  3.5706215498381265E-005                  4.0938457768930075E-001                  5.9057971609520088E-001                  1.4116277006461401E-175                  0.0000000000000000E+000                  0.0000000000000000E+000 
                                     120                  2.2338344114750408E-001                  3.1089944220482502E-001                  4.9973711939754661E+000                 -7.5038547550801393E+000                  5.5788524609574939E+000                  3.5706215498381252E-005                  4.0938457768930109E-001                  5.9057971609520055E-001                  1.4610513317165053E-175                  0.0000000000000000E+000                  0.0000000000000000E+000 
                                     121                  2.2338343942454636E-001                  3.0958355785422492E-001                  5.0016768273392369E+000                 -7.4928605731112006E+000                  5.5956481695456946E+000                  3.5706215498381231E-005                  4.0938457768930125E-001                  5.9057971609520044E-001                  1.4985380051262473E-175                  0.0000000000000000E+000                  0.0000000000000000E+000 
                                     122                  2.2338343856235859E-001                  3.0893716681088090E-001                  5.0063580463598605E+000                 -7.4814902577791669E+000                  5.6137012142482146E+000                  3.5706215498381225E-005                  4.0938457768930148E-001                  5.9057971609520021E-001                  1.5383195784970585E-175                  0.0000000000000000E+000                  0.0000000000000000E+000 
                                     123                  2.2338343654926646E-001                  3.0745609377782590E-001                  5.0113143391309585E+000                 -7.4689156266243701E+000                  5.6329921673800234E+000                  3.5706215498381211E-005                  4.0938457768930170E-001                  5.9057971609519999E-001                  1.5835461232058551E-175                  0.0000000000000000E+000                  0.0000000000000000E+000 
                                     124                  2.2338343539836569E-001                  3.0662692538611230E-001                  5.0156785672003412E+000                 -7.4582261670416043E+000                  5.6498385023520594E+000                  3.5706215498381198E-005                  4.0938457768930192E-001                  5.9057971609519977E-001                  1.6230368369922199E-175                  0.0000000000000000E+000                  0.0000000000000000E+000 
                                     125                  2.2338343369081548E-001                  3.0541815137234052E-001                  5.0194721104269178E+000                 -7.4486822779117823E+000                  5.6645616983079679E+000                  3.5706215498381184E-005                  4.0938457768930198E-001                  5.9057971609519966E-001                  1.6591271571538386E-175                  0.0000000000000000E+000                  0.0000000000000000E+000 
                                     126                  2.2338343283641565E-001                  3.0482276884440818E-001                  5.0231963418524659E+000                 -7.4396712709506314E+000                  5.6788859254961599E+000                  3.5706215498381170E-005                  4.0938457768930214E-001                  5.9057971609519955E-001                  1.6939389181078619E-175                  0.0000000000000000E+000                  0.0000000000000000E+000 
                                     127                  2.2338343112762529E-001                  3.0364931750484730E-001                  5.0292130476224592E+000                 -7.4251569782729225E+000                  5.7019991279853430E+000                  3.5706215498381164E-005                  4.0938457768930236E-001                  5.9057971609519933E-001                  1.7515541795760726E-175                  0.0000000000000000E+000                  0.0000000000000000E+000 
                                     128                  2.2338342856446497E-001                  3.0192992238361205E-001                  5.0343923619867574E+000                 -7.4121871533516579E+000                  5.7220450080533105E+000                  3.5706215498381150E-005                  4.0938457768930253E-001                  5.9057971609519910E-001                  1.8046952390604656E-175                  0.0000000000000000E+000                  0.0000000000000000E+000 
                                     129                  2.2338342729513996E-001                  3.0109617480727852E-001                  5.0398926038263694E+000                 -7.3992322281830036E+000                  5.7430425269499583E+000                  3.5706215498381143E-005                  4.0938457768930270E-001                  5.9057971609519888E-001                  1.8593853879478605E-175                  0.0000000000000000E+000                  0.0000000000000000E+000 
                                     130                  2.2338342438795217E-001                  2.9922534465824024E-001                  5.0476751899223098E+000                 -7.3805137950835045E+000                  5.7728670959138926E+000                  3.5706215498381130E-005                  4.0938457768930292E-001                  5.9057971609519866E-001                  1.9413483252081869E-175                  0.0000000000000000E+000                  0.0000000000000000E+000 
                                     131                  2.2338342111226056E-001                  2.9717879956178533E-001                  5.0535724431540325E+000                 -7.3658906139457807E+000                  5.7956032548882979E+000                  3.5706215498381123E-005                  4.0938457768930309E-001                  5.9057971609519855E-001                  2.0078861412892675E-175                  0.0000000000000000E+000                  0.0000000000000000E+000 
                                     132                  2.2338341947443877E-001                  2.9617895125795718E-001                  5.0574010800634834E+000                 -7.3567023659725814E+000                  5.8102572019860848E+000                  3.5706215498381109E-005                  4.0938457768930320E-001                  5.9057971609519844E-001                  2.0508563919993348E-175                  0.0000000000000000E+000                  0.0000000000000000E+000 
                                     133                  2.2338341783661925E-001                  2.9519329941019767E-001                  5.0611401685165314E+000                 -7.3477482548605240E+000                  5.8245598550170108E+000                  3.5706215498381109E-005                  4.0938457768930325E-001                  5.9057971609519844E-001                  2.0936166364892236E-175                  0.0000000000000000E+000                  0.0000000000000000E+000 
                                     134                  2.2338341619882238E-001                  2.9422122378946597E-001                  5.0666111364529662E+000                 -7.3350335586517126E+000                  5.8453558193250457E+000                  3.5706215498381096E-005                  4.0938457768930336E-001                  5.9057971609519821E-001                  2.1558724810424743E-175                  0.0000000000000000E+000                  0.0000000000000000E+000 
                                     135                  2.2338341292145114E-001                  2.9231326645492434E-001                  5.0723002271773865E+000                 -7.3211901640315702E+000                  5.8671861829632004E+000                  3.5706215498381089E-005                  4.0938457768930347E-001                  5.9057971609519821E-001                  2.2257626849340178E-175                  0.0000000000000000E+000                  0.0000000000000000E+000 
                                     136                  2.2338341087399100E-001                  2.9114637806080018E-001                  5.0765531092678264E+000                 -7.3110718701496031E+000                  5.8834284522500671E+000                  3.5706215498381089E-005                  4.0938457768930353E-001                  5.9057971609519810E-001                  2.2782759947390543E-175                  0.0000000000000000E+000                  0.0000000000000000E+000 
                                     137                  2.2338340882658278E-001                  2.8999723497831126E-001                  5.0806965441619685E+000                 -7.3012282333511589E+000                  5.8992484117558792E+000                  3.5706215498381082E-005                  4.0938457768930364E-001                  5.9057971609519799E-001                  2.3305531248631506E-175                  0.0000000000000000E+000                  0.0000000000000000E+000 
                                     138                  2.2338340677919896E-001                  2.8886497167716857E-001                  5.0847372888454760E+000                 -7.2916410624142820E+000                  5.9146730488129373E+000                  3.5706215498381076E-005                  4.0938457768930364E-001                  5.9057971609519799E-001                  2.3826216115190876E-175                  0.0000000000000000E+000                  0.0000000000000000E+000 
                                     139                  2.2338340473083218E-001                  2.8774825702343176E-001                  5.0886805898601244E+000                 -7.2822954113215035E+000                  5.9297234526987843E+000                  3.5706215498381076E-005                  4.0938457768930375E-001                  5.9057971609519788E-001                  2.4344984166266471E-175                  0.0000000000000000E+000                  0.0000000000000000E+000 
                                     140                  2.2338340268247900E-001                  2.8664691861487257E-001                  5.0925303948800256E+000                 -7.2731802004985111E+000                  5.9444154300770844E+000                  3.5706215498381069E-005                  4.0938457768930381E-001                  5.9057971609519777E-001                  2.4861844744725907E-175                  0.0000000000000000E+000                  0.0000000000000000E+000 
                                     141                  2.2338340063414136E-001                  2.8556028213332246E-001                  5.0981594662664991E+000                 -7.2602578028674953E+000                  5.9657688263947612E+000                  3.5706215498381062E-005                  4.0938457768930386E-001                  5.9057971609519777E-001                  2.5613454463101203E-175                  0.0000000000000000E+000                  0.0000000000000000E+000 
                                     142                  2.2338339653751871E-001                  2.8342717338128326E-001                  5.1050124422819616E+000                 -7.2439598203019671E+000                  5.9919545651067727E+000                  3.5706215498381062E-005                  4.0938457768930397E-001                  5.9057971609519766E-001                  2.6593901103775917E-175                  0.0000000000000000E+000                  0.0000000000000000E+000 
                                     143                  2.2338339282908340E-001                  2.8154131502190244E-001                  5.1112742124438322E+000                 -7.2291640651773816E+000                  6.0158557132536981E+000                  3.5706215498381055E-005                  4.0938457768930403E-001                  5.9057971609519755E-001                  2.7516456608321005E-175                  0.0000000000000000E+000                  0.0000000000000000E+000 
                                     144                  2.2338338912067543E-001                  2.7969498843356549E-001                  5.1163076294419625E+000                 -7.2170803763775355E+000                  6.0351330963563203E+000                  3.5706215498381048E-005                  4.0938457768930409E-001                  5.9057971609519755E-001                  2.8293611731749429E-175                  0.0000000000000000E+000                  0.0000000000000000E+000 
                                     145                  2.2338338664844651E-001                  2.7848519320240694E-001                  5.1202344137458473E+000                 -7.2078091752911329E+000                  6.0501248426680148E+000                  3.5706215498381048E-005                  4.0938457768930409E-001                  5.9057971609519755E-001                  2.8904739534000796E-175                  0.0000000000000000E+000                  0.0000000000000000E+000 
                                     146                  2.2338338417621759E-001                  2.7729107706699552E-001                  5.1263106066581123E+000                 -7.1939819919876697E+000                  6.0731628931310535E+000                  3.5706215498381042E-005                  4.0938457768930414E-001                  5.9057971609519755E-001                  2.9840806310130462E-175                  0.0000000000000000E+000                  0.0000000000000000E+000 
                                     147                  2.2338337879645226E-001                  2.7474128056288188E-001                  5.1324466052064279E+000                 -7.1790088739844684E+000                  6.0967520781980857E+000                  3.5706215498381042E-005                  4.0938457768930425E-001                  5.9057971609519733E-001                  3.0888685314926963E-175                  0.0000000000000000E+000                  0.0000000000000000E+000 
                                     148                  2.2338337588985194E-001                  2.7339229718768998E-001                  5.1366350570751873E+000                 -7.1690864939750574E+000                  6.1127619118948111E+000                  3.5706215498381042E-005                  4.0938457768930425E-001                  5.9057971609519733E-001                  3.1603296962601744E-175                  0.0000000000000000E+000                  0.0000000000000000E+000 
                                     149                  2.2338337298328576E-001                  2.7206154013405431E-001                  5.1407223218533824E+000                 -7.1593900925736662E+000                  6.1283906691088008E+000                  3.5706215498381035E-005                  4.0938457768930431E-001                  5.9057971609519733E-001                  3.2317611535089847E-175                  0.0000000000000000E+000                  0.0000000000000000E+000 
                                     150                  2.2338337007624717E-001                  2.7074801189603342E-001                  5.1447136259835631E+000                 -7.1499067924627129E+000                  6.1436581114814812E+000                  3.5706215498381035E-005                  4.0938457768930431E-001                  5.9057971609519733E-001                  3.3031850304348792E-175                  0.0000000000000000E+000                  0.0000000000000000E+000 
                                     151                  2.2338336716921556E-001                  2.6945121907598968E-001                  5.1508268877805445E+000                 -7.1358906168838683E+000                  6.1668863384515467E+000                  3.5706215498381028E-005                  4.0938457768930436E-001                  5.9057971609519733E-001                  3.4116508074184460E-175                  0.0000000000000000E+000                  0.0000000000000000E+000 
                                     152                  2.2338336093890035E-001                  2.6672256881836831E-001                  5.1590591474829148E+000                 -7.1162770079728217E+000                  6.1983978906804911E+000                  3.5706215498381028E-005                  4.0938457768930442E-001                  5.9057971609519722E-001                  3.5694416447451758E-175                  0.0000000000000000E+000                  0.0000000000000000E+000 
                                     153                  2.2338335429346229E-001                  2.6388664734563799E-001                  5.1651498254536001E+000                 -7.1011383161449588E+000                  6.2219043987151901E+000                  3.5706215498381028E-005                  4.0938457768930447E-001                  5.9057971609519710E-001                  3.6962078030393754E-175                  0.0000000000000000E+000                  0.0000000000000000E+000 
                                     154                  2.2338335097076165E-001                  2.6249712171670037E-001                  5.1691090453929993E+000                 -7.0916094844150948E+000                  6.2370887745285994E+000                  3.5706215498381021E-005                  4.0938457768930447E-001                  5.9057971609519710E-001                  3.7782989630888495E-175                  0.0000000000000000E+000                  0.0000000000000000E+000 
                                     155                  2.2338334764717127E-001                  2.6112435265347528E-001                  5.1729807983400367E+000                 -7.0822661266642397E+000                  6.2519455350233795E+000                  3.5706215498381028E-005                  4.0938457768930447E-001                  5.9057971609519710E-001                  3.8605633733462223E-175                  0.0000000000000000E+000                  0.0000000000000000E+000 
                                     156                  2.2338334432361764E-001                  2.5976809279305774E-001                  5.1769810898393391E+000                 -7.0726201420931716E+000                  6.2672935606684117E+000                  3.5706215498381021E-005                  4.0938457768930453E-001                  5.9057971609519710E-001                  3.9473729420748345E-175                  0.0000000000000000E+000                  0.0000000000000000E+000 
                                     157                  2.2338334062547135E-001                  2.5827753709048795E-001                  5.1831404904775056E+000                 -7.0581756952450219E+000                  6.2908035353532670E+000                  3.5706215498381021E-005                  4.0938457768930453E-001                  5.9057971609519710E-001                  4.0810324574203056E-175                  0.0000000000000000E+000                  0.0000000000000000E+000 
                                     158                  2.2338333322831580E-001                  2.5534929388243632E-001                  5.1890525031475256E+000                 -7.0432148749011043E+000                  6.3137014299966916E+000                  3.5706215498381021E-005                  4.0938457768930459E-001                  5.9057971609519710E-001                  4.2242463701700876E-175                  0.0000000000000000E+000                  0.0000000000000000E+000 
                                     159                  2.2338332952936107E-001                  2.5391310069859924E-001                  5.1951579130905756E+000                 -7.0287988287323770E+000                  6.3370403771253887E+000                  3.5706215498381021E-005                  4.0938457768930459E-001                  5.9057971609519710E-001                  4.3670009399493620E-175                  0.0000000000000000E+000                  0.0000000000000000E+000 
                                     160                  2.2338332145680831E-001                  2.5083348874852557E-001                  5.2013346420878506E+000                 -7.0130042891520938E+000                  6.3610167952467203E+000                  3.5706215498381015E-005                  4.0938457768930464E-001                  5.9057971609519699E-001                  4.5289537698325829E-175                  0.0000000000000000E+000                  0.0000000000000000E+000 
                                     161                  2.2338331711634640E-001                  2.4921060965031247E-001                  5.2055439043724308E+000                 -7.0025373521626406E+000                  6.3772696185782012E+000                  3.5706215498381015E-005                  4.0938457768930459E-001                  5.9057971609519710E-001                  4.6395762839964313E-175                  0.0000000000000000E+000                  0.0000000000000000E+000 
                                     162                  2.2338331277490223E-001                  2.4760826701484495E-001                  5.2119452972607219E+000                 -6.9871673870037494E+000                  6.4018290177266657E+000                  3.5706215498381015E-005                  4.0938457768930470E-001                  5.9057971609519688E-001                  4.8069366109994799E-175                  0.0000000000000000E+000                  0.0000000000000000E+000 
                                     163                  2.2338330356653405E-001                  2.4427142801529061E-001                  5.2182013568336947E+000                 -6.9708062037728817E+000                  6.4262309418632251E+000                  3.5706215498381015E-005                  4.0938457768930470E-001                  5.9057971609519688E-001                  4.9917333165571175E-175                  0.0000000000000000E+000                  0.0000000000000000E+000 
                                     164                  2.2338329896240511E-001                  2.4263685889631070E-001                  5.2222689489958780E+000                 -6.9605044661021331E+000                  6.4420002518401294E+000                  3.5706215498381015E-005                  4.0938457768930470E-001                  5.9057971609519688E-001                  5.1117198771816400E-175                  0.0000000000000000E+000                  0.0000000000000000E+000 
                                     165                  2.2338329435833079E-001                  2.4102261303017580E-001                  5.2263799678777678E+000                 -6.9500721174290909E+000                  6.4579461347858897E+000                  3.5706215498381015E-005                  4.0938457768930470E-001                  5.9057971609519688E-001                  5.2361692104100414E-175                  0.0000000000000000E+000                  0.0000000000000000E+000 
                                     166                  2.2338328944733618E-001                  2.3932227176144361E-001                  5.2305284826142611E+000                 -6.9394738614540854E+000                  6.4740601576928292E+000                  3.5706215498381008E-005                  4.0938457768930470E-001                  5.9057971609519688E-001                  5.3657027213657297E-175                  0.0000000000000000E+000                  0.0000000000000000E+000 
                                     167                  2.2338328453640935E-001                  2.3764346527261856E-001                  5.2367817288232050E+000                 -6.9240322984548932E+000                  6.4981983173138884E+000                  3.5706215498381015E-005                  4.0938457768930475E-001                  5.9057971609519688E-001                  5.5601931274629995E-175                  0.0000000000000000E+000                  0.0000000000000000E+000 
                                     168                  2.2338327427199386E-001                  2.3419671081853807E-001                  5.2428814474603556E+000                 -6.9076883596032861E+000                  6.5221190744645661E+000                  3.5706215498381008E-005                  4.0938457768930475E-001                  5.9057971609519688E-001                  5.7737398074984035E-175                  0.0000000000000000E+000                  0.0000000000000000E+000 
                                     169                  2.2338326913889126E-001                  2.3250695210569680E-001                  5.2468537930836572E+000                 -6.8973815027308349E+000                  6.5376009179782466E+000                  3.5706215498381008E-005                  4.0938457768930475E-001                  5.9057971609519688E-001                  5.9126073997105725E-175                  0.0000000000000000E+000                  0.0000000000000000E+000 
                                     170                  2.2338326400581449E-001                  2.3083757515814418E-001                  5.2507450856916602E+000                 -6.8872519504276575E+000                  6.5527773054185277E+000                  3.5706215498381008E-005                  4.0938457768930475E-001                  5.9057971609519688E-001                  6.0523423543153462E-175                  0.0000000000000000E+000                  0.0000000000000000E+000 
                                     171                  2.2338325887279575E-001                  2.2918789942720116E-001                  5.2564535712603924E+000                 -6.8728285509980642E+000                  6.5749169516980617E+000                  3.5706215498381008E-005                  4.0938457768930475E-001                  5.9057971609519688E-001                  6.2570321578970654E-175                  0.0000000000000000E+000                  0.0000000000000000E+000 
                                     172                  2.2338324860683911E-001                  2.2594197491076351E-001                  5.2619701640210197E+000                 -6.8578687056453838E+000                  6.5966060073136008E+000                  3.5706215498381008E-005                  4.0938457768930481E-001                  5.9057971609519688E-001                  6.4766571643862921E-175                  0.0000000000000000E+000                  0.0000000000000000E+000 
                                     173                  2.2338324347386496E-001                  2.2434750726297159E-001                  5.2655730288113629E+000                 -6.8483844655155668E+000                  6.6106891982241125E+000                  3.5706215498381001E-005                  4.0938457768930486E-001                  5.9057971609519677E-001                  6.6198740397700276E-175                  0.0000000000000000E+000                  0.0000000000000000E+000 
                                     174                  2.2338323834008519E-001                  2.2277005014950799E-001                  5.2691115983895358E+000                 -6.8390471744596280E+000                  6.6245275215170816E+000                  3.5706215498381001E-005                  4.0938457768930481E-001                  5.9057971609519688E-001                  6.7639676587402037E-175                  0.0000000000000000E+000                  0.0000000000000000E+000 
                                     175                  2.2338323320633824E-001                  2.2120933083851177E-001                  5.2743160852774826E+000                 -6.8256899270945519E+000                  6.6447740426909201E+000                  3.5706215498381008E-005                  4.0938457768930486E-001                  5.9057971609519677E-001                  6.9755714134330868E-175                  0.0000000000000000E+000                  0.0000000000000000E+000 
                                     176                  2.2338322293893026E-001                  2.1813364149430875E-001                  5.2793659120072167E+000                 -6.8118748088217336E+000                  6.6646617972074687E+000                  3.5706215498381001E-005                  4.0938457768930486E-001                  5.9057971609519677E-001                  7.2014008450604697E-175                  0.0000000000000000E+000                  0.0000000000000000E+000 
                                     177                  2.2338321780524156E-001                  2.1662012885302243E-001                  5.2843144828823601E+000                 -6.7990749374890598E+000                  6.6839413568818093E+000                  3.5706215498381001E-005                  4.0938457768930486E-001                  5.9057971609519677E-001                  7.4171595854426836E-175                  0.0000000000000000E+000                  0.0000000000000000E+000 
                                     178                  2.2338320753646140E-001                  2.1363462029231067E-001                  5.2907172229429014E+000                 -6.7819458183813435E+000                  6.7090473711479737E+000                  3.5706215498380994E-005                  4.0938457768930486E-001                  5.9057971609519677E-001                  7.7160495673620658E-175                  0.0000000000000000E+000                  0.0000000000000000E+000 
                                     179                  2.2338319726778857E-001                  2.1070536586301056E-001                  5.2953823155854787E+000                 -6.7690830708794243E+000                  6.7274477899507623E+000                  3.5706215498381001E-005                  4.0938457768930492E-001                  5.9057971609519666E-001                  7.9483932619707200E-175                  0.0000000000000000E+000                  0.0000000000000000E+000 
                                     180                  2.2338319213348148E-001                  2.0926183304728424E-001                  5.2999622467044958E+000                 -6.7570949822846282E+000                  6.7453327217370500E+000                  3.5706215498381001E-005                  4.0938457768930486E-001                  5.9057971609519677E-001                  8.1712376717841862E-175                  0.0000000000000000E+000                  0.0000000000000000E+000 
                                     181                  2.2338318186387443E-001                  2.0641116503551446E-001                  5.3059045275065539E+000                 -6.7410453340370635E+000                  6.7686781833787997E+000                  3.5706215498380994E-005                  4.0938457768930492E-001                  5.9057971609519666E-001                  1.9090402515475100E-174                  0.0000000000000000E+000                  0.0000000000000000E+000 
                                     182                  2.2338317159442869E-001                  2.0360980808428070E-001                  5.3116825153630929E+000                 -6.7253803152531457E+000                  6.7913963485951641E+000                  3.5706215498380994E-005                  4.0938457768930497E-001                  5.9057971609519666E-001                  5.1589432230888120E-174                  0.0000000000000000E+000                  0.0000000000000000E+000 
                                     183                  2.2338316132508551E-001                  2.0085537001152617E-001                  5.3159072636732709E+000                 -6.7136040157804251E+000                  6.8080986875694327E+000                  3.5706215498381001E-005                  4.0938457768930492E-001                  5.9057971609519666E-001                  1.0651012483985103E-173                  0.0000000000000000E+000                  0.0000000000000000E+000 
                                     184                  2.2338315618989202E-001                  1.9949565768070340E-001                  5.3200634624565852E+000                 -6.7025527796710405E+000                  6.8243823225837001E+000                  3.5706215498380994E-005                  4.0938457768930497E-001                  5.9057971609519666E-001                  2.1657659952001908E-173                  0.0000000000000000E+000                  0.0000000000000000E+000 
                                     185                  2.2338314591959504E-001                  1.9680728499437944E-001                  5.3241267653368345E+000                 -6.6911735709804763E+000                  6.8404635951539392E+000                  3.5706215498380994E-005                  4.0938457768930497E-001                  5.9057971609519666E-001                  4.3310727504079231E-173                  0.0000000000000000E+000                  0.0000000000000000E+000 
                                     186                  2.2338314078449351E-001                  1.9547956911048736E-001                  5.3281268751721109E+000                 -6.6804685257699150E+000                  6.8561578453682914E+000                  3.5706215498380994E-005                  4.0938457768930497E-001                  5.9057971609519666E-001                  8.5410516063145524E-173                  0.0000000000000000E+000                  0.0000000000000000E+000 
                                     187                  2.2338313051434242E-001                  1.9285320711393186E-001                  5.3333394089736714E+000                 -6.6661276660161191E+000                  6.8767198196836974E+000                  3.5706215498380994E-005                  4.0938457768930497E-001                  5.9057971609519666E-001                  2.0648479333736962E-172                  0.0000000000000000E+000                  0.0000000000000000E+000 
                                     188                  2.2338312024296858E-001                  1.9026567081475082E-001                  5.3384299014361245E+000                 -6.6520745726138344E+000                  6.8968159623728109E+000                  3.5706215498380987E-005                  4.0938457768930503E-001                  5.9057971609519666E-001                  4.8741772556869299E-172                  0.0000000000000000E+000                  0.0000000000000000E+000 
                                     189                  2.2338310997163455E-001                  1.8771568286397505E-001                  5.3434046269453805E+000                 -6.6382976621447964E+000                  6.9164693219084832E+000                  3.5706215498380994E-005                  4.0938457768930497E-001                  5.9057971609519666E-001                  1.1248893877399243E-171                  0.0000000000000000E+000                  0.0000000000000000E+000 
                                     190                  2.2338309970039202E-001                  1.8520175168239922E-001                  5.3482696959644409E+000                 -6.6247849794674041E+000                  6.9357023160776130E+000                  3.5706215498380994E-005                  4.0938457768930503E-001                  5.9057971609519666E-001                  2.5412739482970513E-171                  0.0000000000000000E+000                  0.0000000000000000E+000 
                                     191                  2.2338308942924698E-001                  1.8272246609749751E-001                  5.3530310385546889E+000                 -6.6115240034548775E+000                  6.9545368430421464E+000                  3.5706215498380994E-005                  4.0938457768930503E-001                  5.9057971609519666E-001                  5.6265622974097454E-171                  0.0000000000000000E+000                  0.0000000000000000E+000 
                                     192                  2.2338307915691649E-001                  1.8027619732402195E-001                  5.3576938168371466E+000                 -6.5985034718769633E+000                  6.9729920597645787E+000                  3.5706215498380987E-005                  4.0938457768930503E-001                  5.9057971609519666E-001                  1.2221887791619422E-170                  0.0000000000000000E+000                  0.0000000000000000E+000 
                                     193                  2.2338306888468856E-001                  1.7786201471554675E-001                  5.3645288779806855E+000                 -6.5801129513399808E+000                  6.9998557002725770E+000                  3.5706215498380987E-005                  4.0938457768930503E-001                  5.9057971609519666E-001                  3.7859788831340106E-170                  0.0000000000000000E+000                  0.0000000000000000E+000 
                                     194                  2.2338304834052347E-001                  1.7311821861152410E-001                  5.3711361555779833E+000                 -6.5607920609509742E+000                  7.0262499917198440E+000                  3.5706215498380994E-005                  4.0938457768930503E-001                  5.9057971609519666E-001                  1.1272648211262646E-169                  0.0000000000000000E+000                  0.0000000000000000E+000 
                                     195                  2.2338303806853932E-001                  1.7079340226098561E-001                  5.3754479530633938E+000                 -6.5486407049725255E+000                  7.0433503880402384E+000                  3.5706215498380987E-005                  4.0938457768930503E-001                  5.9057971609519666E-001                  2.2884455082354028E-169                  0.0000000000000000E+000                  0.0000000000000000E+000 
                                     196                  2.2338302779657798E-001                  1.6849635870235066E-001                  5.3796814183681532E+000                 -6.5366838469889252E+000                  7.0601486207546449E+000                  3.5706215498380987E-005                  4.0938457768930508E-001                  5.9057971609519655E-001                  4.5765283205749378E-169                  0.0000000000000000E+000                  0.0000000000000000E+000 
                                     197                  2.2338301752376147E-001                  1.6622597229525055E-001                  5.3853763636593550E+000                 -6.5209886675958586E+000                  7.0826418233433159E+000                  3.5706215498380987E-005                  4.0938457768930503E-001                  5.9057971609519666E-001                  1.1576003086891467E-168                  0.0000000000000000E+000                  0.0000000000000000E+000 
                                     198                  2.2338299960789343E-001                  1.6232474136553834E-001                  5.3904059528308430E+000                 -6.5061731266377416E+000                  7.1027708655093882E+000                  3.5706215498380987E-005                  4.0938457768930508E-001                  5.9057971609519655E-001                  2.6244103409050053E-168                  0.0000000000000000E+000                  0.0000000000000000E+000 
                                     199                  2.2338299196480074E-001                  1.6068513549819741E-001                  5.3948434085062882E+000                 -6.4938603760602494E+000                  7.1203256464007634E+000                  3.5706215498380987E-005                  4.0938457768930508E-001                  5.9057971609519655E-001                  5.3801503845902633E-168                  0.0000000000000000E+000                  0.0000000000000000E+000 
                                     200                  2.2338297667865178E-001                  1.5744345014914063E-001                  5.3991872911763705E+000                 -6.4811234741714134E+000                  7.1377000246911519E+000                  3.5706215498380981E-005                  4.0938457768930508E-001                  5.9057971609519655E-001                  1.0856052271292489E-167                  0.0000000000000000E+000                  0.0000000000000000E+000 
                                     201                  2.2338296903497185E-001                  1.5584275437793338E-001                  5.4041738986965120E+000                 -6.4673727440680349E+000                  7.1574118541630840E+000                  3.5706215498380987E-005                  4.0938457768930508E-001                  5.9057971609519655E-001                  2.4186702289477860E-167                  0.0000000000000000E+000                  0.0000000000000000E+000 
                                     202                  2.2338294992598218E-001                  1.5189080850507361E-001                  5.4111085478284728E+000                 -6.4474014477366799E+000                  7.1850632093952083E+000                  3.5706215498380987E-005                  4.0938457768930508E-001                  5.9057971609519655E-001                  7.3468347752120942E-167                  0.0000000000000000E+000                  0.0000000000000000E+000 
                                     203                  2.2338293081709673E-001                  1.4801303533142521E-001                  5.4158388273306830E+000                 -6.4332422562528073E+000                  7.2040756468336369E+000                  3.5706215498380987E-005                  4.0938457768930514E-001                  5.9057971609519644E-001                  1.5644225008340542E-166                  0.0000000000000000E+000                  0.0000000000000000E+000 
                                     204                  2.2338292317313063E-001                  1.4648325560565406E-001                  5.4198337352576402E+000                 -6.4219527979424686E+000                  7.2199533797308737E+000                  3.5706215498380981E-005                  4.0938457768930514E-001                  5.9057971609519644E-001                  2.9512908729882408E-166                  0.0000000000000000E+000                  0.0000000000000000E+000 
                                     205                  2.2338290788539622E-001                  1.4345498278464341E-001                  5.4263512864070291E+000                 -6.4034601716956914E+000                  7.2458832417651422E+000                  3.5706215498380981E-005                  4.0938457768930514E-001                  5.9057971609519644E-001                  8.2805444685236071E-166                  0.0000000000000000E+000                  0.0000000000000000E+000 
                                     206                  2.2338288495415609E-001                  1.3898793650128932E-001                  5.4320481624671206E+000                 -6.3863117556422004E+000                  7.2688198622024487E+000                  3.5706215498380981E-005                  4.0938457768930514E-001                  5.9057971609519644E-001                  2.0365778366182231E-165                  0.0000000000000000E+000                  0.0000000000000000E+000 
                                     207                  2.2338287356444470E-001                  1.3680548511462245E-001                  5.4366903533536153E+000                 -6.3730010183364341E+000                  7.2873315586869021E+000                  3.5706215498380981E-005                  4.0938457768930514E-001                  5.9057971609519644E-001                  4.2218493518357130E-165                  0.0000000000000000E+000                  0.0000000000000000E+000 
                                     208                  2.2338285647986683E-001                  1.3357069345188324E-001                  5.4421492872065853E+000                 -6.3570648075774292E+000                  7.3091780792422503E+000                  3.5706215498380987E-005                  4.0938457768930520E-001                  5.9057971609519644E-001                  9.9242409712759255E-165                  0.0000000000000000E+000                  0.0000000000000000E+000 
                                     209                  2.2338283939469192E-001                  1.3038238604457980E-001                  5.4466104117632845E+000                 -6.3438320945068840E+000                  7.3270881842010569E+000                  3.5706215498380981E-005                  4.0938457768930514E-001                  5.9057971609519644E-001                  1.9913079337565742E-164                  0.0000000000000000E+000                  0.0000000000000000E+000 
                                     210                  2.2338282800460066E-001                  1.2828261308305219E-001                  5.4501284750386123E+000                 -6.3335567266370516E+000                  7.3411681688402410E+000                  3.5706215498380981E-005                  4.0938457768930514E-001                  5.9057971609519644E-001                  3.4417558622345770E-164                  0.0000000000000000E+000                  0.0000000000000000E+000 
                                     211                  2.2338281661456899E-001                  1.2620212534945541E-001                  5.4544649147722470E+000                 -6.3210775235920043E+000                  7.3584716853311649E+000                  3.5706215498380981E-005                  4.0938457768930514E-001                  5.9057971609519644E-001                  6.7400530505427056E-164                  0.0000000000000000E+000                  0.0000000000000000E+000 
                                     212                  2.2338279952933529E-001                  1.2311518238309194E-001                  5.4595759652198845E+000                 -6.3061417462352161E+000                  7.3789257165882738E+000                  3.5706215498380981E-005                  4.0938457768930520E-001                  5.9057971609519644E-001                  1.4849399307300287E-163                  0.0000000000000000E+000                  0.0000000000000000E+000 
                                     213                  2.2338278244379850E-001                  1.2006868431155195E-001                  5.4645937798542805E+000                 -6.2914803909836836E+000                  7.3990030139816572E+000                  3.5706215498380981E-005                  4.0938457768930520E-001                  5.9057971609519644E-001                  3.2153774120575798E-163                  0.0000000000000000E+000                  0.0000000000000000E+000 
                                     214                  2.2338276535820467E-001                  1.1706106837646893E-001                  5.4695225994372878E+000                 -6.2770829026249118E+000                  7.4187202376468724E+000                  3.5706215498380981E-005                  4.0938457768930514E-001                  5.9057971609519644E-001                  6.8483684988541667E-163                  0.0000000000000000E+000                  0.0000000000000000E+000 
                                     215                  2.2338274827219845E-001                  1.1409075371349688E-001                  5.4735627025449789E+000                 -6.2651224863772494E+000                  7.4349234786471508E+000                  3.5706215498380981E-005                  4.0938457768930520E-001                  5.9057971609519644E-001                  1.2705803223690603E-162                  0.0000000000000000E+000                  0.0000000000000000E+000 
                                     216                  2.2338273688159119E-001                  1.1213124409173496E-001                  5.4775496040534755E+000                 -6.2536449500471933E+000                  7.4508231238710723E+000                  3.5706215498380974E-005                  4.0938457768930520E-001                  5.9057971609519644E-001                  2.3322228160036686E-162                  0.0000000000000000E+000                  0.0000000000000000E+000 
                                     217                  2.2338271979571386E-001                  1.0922010984999278E-001                  5.4822585855313939E+000                 -6.2398965760264700E+000                  7.4696526119748903E+000                  3.5706215498380974E-005                  4.0938457768930520E-001                  5.9057971609519644E-001                  4.7697869506131817E-162                  0.0000000000000000E+000                  0.0000000000000000E+000 
                                     218                  2.2338270270983654E-001                  1.0634273267345205E-001                  5.4876581682088004E+000                 -6.2243349094979310E+000                  7.4911860501309349E+000                  3.5706215498380981E-005                  4.0938457768930520E-001                  5.9057971609519644E-001                  1.0795992802608873E-161                  0.0000000000000000E+000                  0.0000000000000000E+000 
                                     219                  2.2338267992769995E-001                  1.0255495226807243E-001                  5.4929528320194354E+000                 -6.2086579129582775E+000                  7.5124132471065268E+000                  3.5706215498380981E-005                  4.0938457768930525E-001                  5.9057971609519644E-001                  2.3997968295609890E-161                  0.0000000000000000E+000                  0.0000000000000000E+000 
                                     220                  2.2338266284115646E-001                  9.9751716097765938E-002                  5.4974166075014459E+000                 -6.1956085509772061E+000                  7.5302632654833257E+000                  3.5706215498380981E-005                  4.0938457768930525E-001                  5.9057971609519644E-001                  4.6927014339218982E-161                  0.0000000000000000E+000                  0.0000000000000000E+000 
                                     221                  2.2338264575408587E-001                  9.6978468824560432E-002                  5.5025404938792919E+000                 -6.1808045527529965E+000                  7.5507055571961308E+000                  3.5706215498380981E-005                  4.0938457768930520E-001                  5.9057971609519644E-001                  1.0101386218794719E-160                  0.0000000000000000E+000                  0.0000000000000000E+000 
                                     222                  2.2338262297131151E-001                  9.3324545248972116E-002                  5.5082847198217708E+000                 -6.1639687694414169E+000                  7.5736888353686638E+000                  3.5706215498380981E-005                  4.0938457768930520E-001                  5.9057971609519644E-001                  2.3789707484410551E-160                  0.0000000000000000E+000                  0.0000000000000000E+000 
                                     223                  2.2338260018874118E-001                  8.9720358675721701E-002                  5.5139174863221623E+000                 -6.1474340790718189E+000                  7.5962344985474131E+000                  3.5706215498380981E-005                  4.0938457768930520E-001                  5.9057971609519644E-001                  5.4912454925705546E-160                  0.0000000000000000E+000                  0.0000000000000000E+000 
                                     224                  2.2338257740629225E-001                  8.6163951768507566E-002                  5.5180687902880470E+000                 -6.1349392872036379E+000                  7.6129356835116315E+000                  3.5706215498380974E-005                  4.0938457768930525E-001                  5.9057971609519644E-001                  1.0156586602171827E-159                  0.0000000000000000E+000                  0.0000000000000000E+000 
                                     225                  2.2338256601506781E-001                  8.4404127708666205E-002                  5.5208062343244366E+000                 -6.1268902641921317E+000                  7.6238976490287680E+000                  3.5706215498380974E-005                  4.0938457768930525E-001                  5.9057971609519644E-001                  1.5213333259101981E-159                  0.0000000000000000E+000                  0.0000000000000000E+000 
                                     226                  2.2338255462334633E-001                  8.2655481642903247E-002                  5.5235185794923085E+000                 -6.1189087331537397E+000                  7.6347614003288040E+000                  3.5706215498380974E-005                  4.0938457768930525E-001                  5.9057971609519644E-001                  2.2685485502252292E-159                  0.0000000000000000E+000                  0.0000000000000000E+000 
                                     227                  2.2338254323162487E-001                  8.0917881729365829E-002                  5.5272099165444244E+000                 -6.1082247129431453E+000                  7.6494986591185983E+000                  3.5706215498380974E-005                  4.0938457768930525E-001                  5.9057971609519644E-001                  3.9009069731484646E-159                  0.0000000000000000E+000                  0.0000000000000000E+000 
                                     228                  2.2338252329655678E-001                  7.7901966306302209E-002                  5.5318404457567318E+000                 -6.0945628099757903E+000                  7.6680575442031023E+000                  3.5706215498380974E-005                  4.0938457768930525E-001                  5.9057971609519644E-001                  7.6883302751613492E-159                  0.0000000000000000E+000                  0.0000000000000000E+000 
                                     229                  2.2338250336148868E-001                  7.4918254568316980E-002                  5.5357522046474470E+000                 -6.0828778064762474E+000                  7.6837758976301664E+000                  3.5706215498380974E-005                  4.0938457768930525E-001                  5.9057971609519644E-001                  1.3618133354869373E-158                  0.0000000000000000E+000                  0.0000000000000000E+000 
                                     230                  2.2338248912243552E-001                  7.2806799544013728E-002                  5.5389748440129587E+000                 -6.0733517009393729E+000                  7.6966986118804934E+000                  3.5706215498380974E-005                  4.0938457768930520E-001                  5.9057971609519644E-001                  2.1778313245734726E-158                  0.0000000000000000E+000                  0.0000000000000000E+000 
                                     231                  2.2338247488338236E-001                  7.0710917720120531E-002                  5.5418458828361885E+000                 -6.0648108622330996E+000                  7.7082266634974657E+000                  3.5706215498380974E-005                  4.0938457768930520E-001                  5.9057971609519644E-001                  3.3062001670574836E-158                  0.0000000000000000E+000                  0.0000000000000000E+000 
                                     232                  2.2338246349224172E-001                  6.9045375722139521E-002                  5.5443758727792645E+000                 -6.0573211041012911E+000                  7.7183757666821133E+000                  3.5706215498380974E-005                  4.0938457768930520E-001                  5.9057971609519644E-001                  4.7724530297855347E-158                  0.0000000000000000E+000                  0.0000000000000000E+000 
                                     233                  2.2338245210110105E-001                  6.7389422362307244E-002                  5.5481344597490576E+000                 -6.0464238671339174E+000                  7.7333915681035625E+000                  3.5706215498380974E-005                  4.0938457768930525E-001                  5.9057971609519644E-001                  8.2183943676972244E-158                  0.0000000000000000E+000                  0.0000000000000000E+000 
                                     234                  2.2338242931881980E-001                  6.4104040080998431E-002                  5.5536866657925508E+000                 -6.0301166322188413E+000                  7.7556316857298251E+000                  3.5706215498380974E-005                  4.0938457768930525E-001                  5.9057971609519644E-001                  1.8301438186123202E-157                  0.0000000000000000E+000                  0.0000000000000000E+000 
                                     235                  2.2338240083983499E-001                  6.0046948717802154E-002                  5.5585367413989033E+000                 -6.0153978529646919E+000                  7.7751899505673858E+000                  3.5706215498380981E-005                  4.0938457768930525E-001                  5.9057971609519644E-001                  3.6772396499155061E-157                  0.0000000000000000E+000                  0.0000000000000000E+000 
                                     236                  2.2338238375263178E-001                  5.7640665374907842E-002                  5.5627234492321600E+000                 -6.0030738932603702E+000                  7.7919702951515717E+000                  3.5706215498380981E-005                  4.0938457768930525E-001                  5.9057971609519644E-001                  6.6966440608838738E-157                  0.0000000000000000E+000                  0.0000000000000000E+000 
                                     237                  2.2338236096969410E-001                  5.4461330747212357E-002                  5.5674404707976155E+000                 -5.9890268964807705E+000                  7.8109214358922081E+000                  3.5706215498380981E-005                  4.0938457768930525E-001                  5.9057971609519644E-001                  1.3133080443605905E-156                  0.0000000000000000E+000                  0.0000000000000000E+000 
                                     238                  2.2338233818692169E-001                  5.1315216800904784E-002                  5.5714766122873751E+000                 -5.9768695204786226E+000                  7.8271754997414815E+000                  3.5706215498380981E-005                  4.0938457768930525E-001                  5.9057971609519644E-001                  2.3333707161428128E-156                  0.0000000000000000E+000                  0.0000000000000000E+000 
                                     239                  2.2338232143541462E-001                  4.9023158532683832E-002                  5.5748587930850162E+000                 -5.9667833220857274E+000                  7.8407687766323564E+000                  3.5706215498380981E-005                  4.0938457768930525E-001                  5.9057971609519644E-001                  3.7712271639941623E-156                  0.0000000000000000E+000                  0.0000000000000000E+000 
                                     240                  2.2338230468390755E-001                  4.6748112549409644E-002                  5.5786227469622292E+000                 -5.9556309139618007E+000                  7.8558770761632175E+000                  3.5706215498380974E-005                  4.0938457768930525E-001                  5.9057971609519644E-001                  6.4243998408229862E-156                  0.0000000000000000E+000                  0.0000000000000000E+000 
                                     241                  2.2338228374506969E-001                  4.3927276259497904E-002                  5.5827542384701623E+000                 -5.9432915627269827E+000                  7.8724877514815708E+000                  3.5706215498380974E-005                  4.0938457768930525E-001                  5.9057971609519644E-001                  1.1511489229059133E-155                  0.0000000000000000E+000                  0.0000000000000000E+000 
                                     242                  2.2338226280623177E-001                  4.1131752460823345E-002                  5.5860217573476598E+000                 -5.9333918168175552E+000                  7.8856633882860097E+000                  3.5706215498380974E-005                  4.0938457768930525E-001                  5.9057971609519644E-001                  1.8241282485393794E-155                  0.0000000000000000E+000                  0.0000000000000000E+000 
                                     243                  2.2338225024326663E-001                  3.9466814423853365E-002                  5.5884522052106158E+000                 -5.9261286064205665E+000                  7.8954361788156389E+000                  3.5706215498380974E-005                  4.0938457768930525E-001                  5.9057971609519644E-001                  2.5665512921930067E-155                  0.0000000000000000E+000                  0.0000000000000000E+000 
                                     244                  2.2338223768030147E-001                  3.7810599785187388E-002                  5.5912660027414685E+000                 -5.9177736762655968E+000                  7.9067354670827399E+000                  3.5706215498380974E-005                  4.0938457768930525E-001                  5.9057971609519644E-001                  3.8075770738727814E-155                  0.0000000000000000E+000                  0.0000000000000000E+000 
                                     245                  2.2338222092968132E-001                  3.5615391326243459E-002                  5.5960373857616119E+000                 -5.9038761211402822E+000                  7.9258210575834100E+000                  3.5706215498380974E-005                  4.0938457768930525E-001                  5.9057971609519644E-001                  7.4137674365634345E-155                  0.0000000000000000E+000                  0.0000000000000000E+000 
                                     246                  2.2338218742778801E-001                  3.1266072035809167E-002                  5.6006430554972884E+000                 -5.8883009539949045E+000                  7.9448342651006385E+000                  3.5706215498380940E-005                  4.0938457768930581E-001                  5.9057971609519577E-001                  1.4144123643548623E-154                  0.0000000000000000E+000                  0.0000000000000000E+000 
                                     247                  2.2338217067697003E-001                  2.9120378615503404E-002                  5.6036492510629019E+000                 -5.8779226200366264E+000                  7.9573030297201681E+000                  3.5706215498380927E-005                  4.0938457768930603E-001                  5.9057971609519555E-001                  2.1547125209120371E-154                  0.0000000000000000E+000                  0.0000000000000000E+000 
                                     248                  2.2338215392615207E-001                  2.6994212478948974E-002                  5.6066007434043099E+000                 -5.8673171403060493E+000                  7.9696600670971742E+000                  3.5706215498380920E-005                  4.0938457768930608E-001                  5.9057971609519555E-001                  3.2576286913906395E-154                  0.0000000000000000E+000                  0.0000000000000000E+000 
                                     249                  2.2338213717541613E-001                  2.4888800774144890E-002                  5.6109440651875104E+000                 -5.8515029456266987E+000                  7.9879035504515228E+000                  3.5706215498380899E-005                  4.0938457768930625E-001                  5.9057971609519533E-001                  5.9782081889545940E-154                  0.0000000000000000E+000                  0.0000000000000000E+000 
                                     250                  2.2338210367404415E-001                  2.0740007349076810E-002                  5.6165606974108062E+000                 -5.8293600451239778E+000                  8.0119726328244454E+000                  3.5706215498380757E-005                  4.0938457768930864E-001                  5.9057971609519300E-001                  1.3121927377297375E-153                  0.0000000000000000E+000                  0.0000000000000000E+000 
                                     251                  2.2338207017293665E-001                  1.6684145777273989E-002                  5.6206602221131483E+000                 -5.8121999191015812E+000                  8.0298294681007274E+000                  3.5706215498380642E-005                  4.0938457768931014E-001                  5.9057971609519155E-001                  2.3298283353241515E-153                  0.0000000000000000E+000                  0.0000000000000000E+000 
                                     252                  2.2338205342238288E-001                  1.4693594340509960E-002                  5.6233522532422082E+000                 -5.8009741944644775E+000                  8.0415488402619708E+000                  3.5706215498380615E-005                  4.0938457768931080E-001                  5.9057971609519089E-001                  3.3931605872125923E-153                  0.0000000000000000E+000                  0.0000000000000000E+000 
                                     253                  2.2338203667185780E-001                  1.2727146109246329E-002                  5.6260089311833656E+000                 -5.7897296457861094E+000                  8.0531660458267424E+000                  3.5706215498380493E-005                  4.0938457768931319E-001                  5.9057971609518845E-001                  4.9158187183627570E-153                  0.0000000000000000E+000                  0.0000000000000000E+000 
                                     254                  2.2338201992133275E-001                  1.0784914263131093E-002                  5.6299369379280959E+000                 -5.7731852924924825E+000                  8.0703278850131905E+000                  3.5706215498380472E-005                  4.0938457768931297E-001                  5.9057971609518867E-001                  8.4914459917848917E-153                  0.0000000000000000E+000                  0.0000000000000000E+000 
                                     255                  2.2338198641949214E-001                  6.9705465831684668E-003                  5.6350545831716579E+000                 -5.7507260878926694E+000                  8.0929664033743176E+000                  3.5706215498380174E-005                  4.0938457768931719E-001                  5.9057971609518445E-001                  1.7304509910897056E-152                  0.0000000000000000E+000                  0.0000000000000000E+000 
                                     256                  2.2338195291677140E-001                  3.2528539790922734E-003                  5.6388117528932824E+000                 -5.7337069938799514E+000                  8.1097579682256882E+000                  3.5706215498380073E-005                  4.0938457768931946E-001                  5.9057971609518223E-001                  2.9171064782994839E-152                  0.0000000000000000E+000                  0.0000000000000000E+000 
                                     257                  2.2338193616559371E-001                  1.4308966751814555E-003                  5.6425166980861867E+000                 -5.7173908820413653E+000                  8.1261926933045903E+000                  3.5706215498380012E-005                  4.0938457768932024E-001                  5.9057971609518134E-001                  4.8699795518609863E-152                  0.0000000000000000E+000                  0.0000000000000000E+000 
                                     258                  2.2338190266339561E-001                 -2.1446139144187769E-003                  5.6461529632595013E+000                 -5.7006675916559617E+000                  8.1425483800299521E+000                  3.5706215498379321E-005                  4.0938457768933056E-001                  5.9057971609517113E-001                  8.0558360998097227E-152                  0.0000000000000000E+000                  0.0000000000000000E+000 
                                     259                  2.2338188591229660E-001                 -3.8968182179571933E-003                  5.6485489393243649E+000                 -5.6897969391331058E+000                  8.1532895716837537E+000                  3.5706215498379199E-005                  4.0938457768933328E-001                  5.9057971609516835E-001                  1.1211862532966828E-151                  0.0000000000000000E+000                  0.0000000000000000E+000 
                                     260                  2.2338186916119757E-001                 -5.6263829133503494E-003                  5.6515112583266340E+000                 -5.6764211727304099E+000                  8.1665595021142927E+000                  3.5706215498379049E-005                  4.0938457768933495E-001                  5.9057971609516668E-001                  1.6856782700978685E-151                  0.0000000000000000E+000                  0.0000000000000000E+000 
                                     261                  2.2338184403461389E-001                 -8.1795084718113975E-003                  5.6547245638986530E+000                 -5.6616890629268157E+000                  8.1810338827158251E+000                  3.5706215498378833E-005                  4.0938457768933795E-001                  5.9057971609516369E-001                  2.6222520963483762E-151                  0.0000000000000000E+000                  0.0000000000000000E+000 
                                     262                  2.2338182309558055E-001                 -1.0269428521766683E-002                  5.6576095478729229E+000                 -5.6484947904379235E+000                  8.1940307188830932E+000                  3.5706215498378230E-005                  4.0938457768934705E-001                  5.9057971609515458E-001                  3.8954517888959488E-151                  0.0000000000000000E+000                  0.0000000000000000E+000 
                                     263                  2.2338180215654724E-001                 -1.2326054599846543E-002                  5.6618780627346368E+000                 -5.6293048933366343E+000                  8.2131765071097877E+000                  3.5706215498378270E-005                  4.0938457768934716E-001                  5.9057971609515447E-001                  6.9804964105169457E-151                  0.0000000000000000E+000                  0.0000000000000000E+000 
                                     264                  2.2338176027730069E-001                 -1.6344987144917614E-002                  5.6663391139900865E+000                 -5.6085552126354683E+000                  8.2334290586788423E+000                  3.5706215498377213E-005                  4.0938457768936304E-001                  5.9057971609513860E-001                  1.2838335344810177E-150                  0.0000000000000000E+000                  0.0000000000000000E+000 
                                     265                  2.2338173514953705E-001                 -1.8695045675422305E-002                  5.6690881961480475E+000                 -5.5958870364607627E+000                  8.2458865818584801E+000                  3.5706215498376725E-005                  4.0938457768937142E-001                  5.9057971609513027E-001                  1.8665547553322820E-150                  0.0000000000000000E+000                  0.0000000000000000E+000 
                                     266                  2.2338171839769463E-001                 -2.0237315820210107E-002                  5.6712663898960489E+000                 -5.5859306825757162E+000                  8.2557389665570877E+000                  3.5706215498375682E-005                  4.0938457768938707E-001                  5.9057971609511450E-001                  2.5090668920355865E-150                  0.0000000000000000E+000                  0.0000000000000000E+000 
                                     267                  2.2338170164585219E-001                 -2.1760675979543686E-002                  5.6745001809504201E+000                 -5.5713600419307152E+000                  8.2703104258827587E+000                  3.5706215498375641E-005                  4.0938457768938735E-001                  5.9057971609511428E-001                  3.8874346806018192E-150                  0.0000000000000000E+000                  0.0000000000000000E+000 
                                     268                  2.2338166814216737E-001                 -2.4753147092241544E-002                  5.6787405846126706E+000                 -5.5520076898812789E+000                  8.2895194946119481E+000                  3.5706215498374252E-005                  4.0938457768940967E-001                  5.9057971609509197E-001                  6.8957771373425010E-150                  0.0000000000000000E+000                  0.0000000000000000E+000 
                                     269                  2.2338163463848251E-001                 -2.7674260076626381E-002                  5.6829074833364235E+000                 -5.5330390752912875E+000                  8.3084056800769499E+000                  3.5706215498373628E-005                  4.0938457768941822E-001                  5.9057971609508342E-001                  1.2089395929968532E-149                  0.0000000000000000E+000                  0.0000000000000000E+000 
                                     270                  2.2338160113479766E-001                 -3.0526858575827709E-002                  5.6859833421867796E+000                 -5.5189044032818257E+000                  8.3224075876650296E+000                  3.5706215498373093E-005                  4.0938457768942788E-001                  5.9057971609507376E-001                  1.8283175358893850E-149                  0.0000000000000000E+000                  0.0000000000000000E+000 
                                     271                  2.2338158438295524E-001                 -3.1927935000345249E-002                  5.6880142633765596E+000                 -5.5097113075319166E+000                  8.3316143422560049E+000                  3.5706215498373066E-005                  4.0938457768942721E-001                  5.9057971609507443E-001                  2.4005567922089409E-149                  0.0000000000000000E+000                  0.0000000000000000E+000 
                                     272                  2.2338156763111280E-001                 -3.3312928942647861E-002                  5.6910314033412908E+000                 -5.4962452278957761E+000                  8.3452390768227502E+000                  3.5706215498373174E-005                  4.0938457768942726E-001                  5.9057971609507431E-001                  3.5932778388478457E-149                  0.0000000000000000E+000                  0.0000000000000000E+000 
                                     273                  2.2338153412561082E-001                 -3.6036846511952741E-002                  5.6944991137481757E+000                 -5.4805269263339413E+000                  8.3609963577215005E+000                  3.5706215498372178E-005                  4.0938457768944092E-001                  5.9057971609506077E-001                  5.7095824158610214E-149                  0.0000000000000000E+000                  0.0000000000000000E+000 
                                     274                  2.2338150899648435E-001                 -3.8039611032316602E-002                  5.6974337274207194E+000                 -5.4673552681702757E+000                  8.3743015482495782E+000                  3.5706215498370959E-005                  4.0938457768946057E-001                  5.9057971609504101E-001                  8.4387888723727814E-149                  0.0000000000000000E+000                  0.0000000000000000E+000 
                                     275                  2.2338148386735784E-001                 -4.0009388462801956E-002                  5.7012950769061508E+000                 -5.4502874596437323E+000                  8.3917379125370086E+000                  3.5706215498330918E-005                  4.0938457769007963E-001                  5.9057971609442206E-001                  1.4084186549195327E-148                  0.0000000000000000E+000                  0.0000000000000000E+000 
                                     276                  2.2338144198548038E-001                 -4.3222807235628442E-002                  5.7050898759185094E+000                 -5.4332259468278128E+000                  8.4089948402069314E+000                  3.5706215498243409E-005                  4.0938457769143427E-001                  5.9057971609306747E-001                  2.3282970553999422E-148                  0.0000000000000000E+000                  0.0000000000000000E+000 
                                     277                  2.2338141685635385E-001                 -4.5109551992502502E-002                  5.7088332132692070E+000                 -5.4168600912296281E+000                  8.4258775370651406E+000                  3.5706215498153515E-005                  4.0938457769282621E-001                  5.9057971609167570E-001                  3.8136317110495264E-148                  0.0000000000000000E+000                  0.0000000000000000E+000 
                                     278                  2.2338137497447641E-001                 -4.8190199534774422E-002                  5.7122857350689067E+000                 -5.4014950916209559E+000                  8.4415615076522972E+000                  3.5706215498114253E-005                  4.0938457769343328E-001                  5.9057971609106863E-001                  6.0083021891718543E-148                  0.0000000000000000E+000                  0.0000000000000000E+000 
                                     279                  2.2338135403353765E-001                 -4.9700766784705135E-002                  5.7154709905845751E+000                 -5.3877331079863824E+000                  8.4559007852762651E+000                  3.5706215498114084E-005                  4.0938457769343595E-001                  5.9057971609106596E-001                  9.1208569532407787E-148                  0.0000000000000000E+000                  0.0000000000000000E+000 
                                     280                  2.2338131633984792E-001                 -5.2373287133355838E-002                  5.7192806350124776E+000                 -5.3711597806402667E+000                  8.4731097360775145E+000                  3.5706215498112349E-005                  4.0938457769346204E-001                  5.9057971609103987E-001                  1.5011554282635481E-147                  0.0000000000000000E+000                  0.0000000000000000E+000 
                                     281                  2.2338128283450565E-001                 -5.4699733498122828E-002                  5.7228143767066531E+000                 -5.3559337268910348E+000                  8.4890378955524284E+000                  3.5706215498102646E-005                  4.0938457769361369E-001                  5.9057971609088822E-001                  2.3794073895533279E-147                  0.0000000000000000E+000                  0.0000000000000000E+000 
                                     282                  2.2338124932916337E-001                 -5.6982073519925146E-002                  5.7258646784214404E+000                 -5.3428112049806549E+000                  8.5027931647470254E+000                  3.5706215497693956E-005                  4.0938457769993786E-001                  5.9057971608456450E-001                  3.5376630419699767E-147                  0.0000000000000000E+000                  0.0000000000000000E+000 
                                     283                  2.2338122419993023E-001                 -5.8665810171908028E-002                  5.7284507287100279E+000                 -5.3318002267902544E+000                  8.5144229603656960E+000                  3.5706215497451081E-005                  4.0938457770369657E-001                  5.9057971608080595E-001                  4.9469617884970404E-147                  0.0000000000000000E+000                  0.0000000000000000E+000 
                                     284                  2.2338119907069709E-001                 -6.0326466803850808E-002                  5.7322837453995339E+000                 -5.3157978821870424E+000                  8.5315593011385271E+000                  3.5706215497239539E-005                  4.0938457770697029E-001                  5.9057971607753246E-001                  8.1163794183136102E-147                  0.0000000000000000E+000                  0.0000000000000000E+000 
                                     285                  2.2338114881041929E-001                 -6.3582519613107333E-002                  5.7364663352874441E+000                 -5.2980485315840333E+000                  8.5503836646746443E+000                  3.5706215497142666E-005                  4.0938457770846981E-001                  5.9057971607603310E-001                  1.3919034546701735E-146                  0.0000000000000000E+000                  0.0000000000000000E+000 
                                     286                  2.2338111530326549E-001                 -6.5705414190694977E-002                  5.7397649930631180E+000                 -5.2842825321419387E+000                  8.5651583312370860E+000                  3.5706215497092996E-005                  4.0938457770923931E-001                  5.9057971607526361E-001                  2.1262902289245173E-146                  0.0000000000000000E+000                  0.0000000000000000E+000 
                                     287                  2.2338108179611166E-001                 -6.7792196154271289E-002                  5.7430204252247536E+000                 -5.2707815199248689E+000                  8.5797195395343007E+000                  3.5706215496884463E-005                  4.0938457771246461E-001                  5.9057971607203852E-001                  3.2263571596828531E-146                  0.0000000000000000E+000                  0.0000000000000000E+000 
                                     288                  2.2338104828895786E-001                 -6.9844229478537523E-002                  5.7462339208335065E+000                 -5.2575374863022653E+000                  8.5940727434050856E+000                  3.5706215496136499E-005                  4.0938457772404108E-001                  5.9057971606046278E-001                  4.8637454288364777E-146                  0.0000000000000000E+000                  0.0000000000000000E+000 
                                     289                  2.2338101478180405E-001                 -7.1862811571933902E-002                  5.7494067682390497E+000                 -5.2445428823614426E+000                  8.6082232444783724E+000                  3.5706215495863985E-005                  4.0938457772825793E-001                  5.9057971605624626E-001                  7.2859869501582609E-146                  0.0000000000000000E+000                  0.0000000000000000E+000 
                                     290                  2.2338098127465025E-001                 -7.3849177908294525E-002                  5.7540979873258378E+000                 -5.2257862700958944E+000                  8.6289880873767544E+000                  3.5706215495354891E-005                  4.0938457773613535E-001                  5.9057971604836923E-001                  1.3207153947915675E-145                  0.0000000000000000E+000                  0.0000000000000000E+000 
                                     291                  2.2338091426034262E-001                 -7.7731813425218330E-002                  5.7586932415534768E+000                 -5.2069798689959423E+000                  8.6495099451583837E+000                  3.5706215493189326E-005                  4.0938457776964898E-001                  5.9057971601485781E-001                  2.3628412643325259E-145                  0.0000000000000000E+000                  0.0000000000000000E+000 
                                     292                  2.2338088075318882E-001                 -7.9628383726910695E-002                  5.7617158511879598E+000                 -5.1949153748592014E+000                  8.6628998943900548E+000                  3.5706215492586150E-005                  4.0938457777898335E-001                  5.9057971600552406E-001                  3.4581359863443008E-145                  0.0000000000000000E+000                  0.0000000000000000E+000 
                                     293                  2.2338084724603502E-001                 -8.1497139429678511E-002                  5.7647035819008181E+000                 -5.1830667025923711E+000                  8.6761114390269114E+000                  3.5706215491779511E-005                  4.0938457779146903E-001                  5.9057971599303927E-001                  5.0339669486487558E-145                  0.0000000000000000E+000                  0.0000000000000000E+000 
                                     294                  2.2338081373888122E-001                 -8.3339055992296018E-002                  5.7683925737267590E+000                 -5.1686491765834734E+000                  8.6923485030958343E+000                  3.5706215490569745E-005                  4.0938457781018978E-001                  5.9057971597431957E-001                  7.9901757854518447E-145                  0.0000000000000000E+000                  0.0000000000000000E+000 
                                     295                  2.2338076347638636E-001                 -8.6054188737652276E-002                  5.7720262369742290E+000                 -5.1543424313416333E+000                  8.7083897649019963E+000                  3.5706215490527305E-005                  4.0938457781084631E-001                  5.9057971597366321E-001                  1.2582795060091276E-144                  0.0000000000000000E+000                  0.0000000000000000E+000 
                                     296                  2.2338072996746841E-001                 -8.7833063316140783E-002                  5.7748990677090264E+000                 -5.1431968026172807E+000                  8.7210117109332899E+000                  3.5706215489486810E-005                  4.0938457782694920E-001                  5.9057971595756131E-001                  1.7995821070617728E-144                  0.0000000000000000E+000                  0.0000000000000000E+000 
                                     297                  2.2338069645855041E-001                 -8.9588158714488858E-002                  5.7791542719306008E+000                 -5.1270399392419126E+000                  8.7395738524313078E+000                  3.5706215487092634E-005                  4.0938457786400162E-001                  5.9057971592051128E-001                  3.0506776261684731E-144                  0.0000000000000000E+000                  0.0000000000000000E+000 
                                     298                  2.2338062944071452E-001                 -9.3031370558191134E-002                  5.7833329690577262E+000                 -5.1108462608741867E+000                  8.7579366577039952E+000                  3.5706215480063886E-005                  4.0938457797277633E-001                  5.9057971581174362E-001                  5.1184976278699195E-144                  0.0000000000000000E+000                  0.0000000000000000E+000 
                                     299                  2.2338059593179654E-001                 -9.4719652933280329E-002                  5.7860854866002045E+000                 -5.1004092816082176E+000                  8.7699436560516482E+000                  3.5706215479039132E-005                  4.0938457798863648E-001                  5.9057971579588453E-001                  7.1875887535987859E-144                  0.0000000000000000E+000                  0.0000000000000000E+000 
                                     300                  2.2338056242287860E-001                 -9.6387060248174256E-002                  5.7894877271079555E+000                 -5.0876726616173729E+000                  8.7847216140935238E+000                  3.5706215476795993E-005                  4.0938457802334943E-001                  5.9057971576117385E-001                  1.0920881242924209E-143                  0.0000000000000000E+000                  0.0000000000000000E+000 
                                     301                  2.2338051215950169E-001                 -9.8850773627781094E-002                  5.7935110123485201E+000                 -5.0726093539781489E+000                  8.8022004961734801E+000                  3.5706215476712279E-005                  4.0938457802464623E-001                  5.9057971575987711E-001                  1.7886306946932912E-143                  0.0000000000000000E+000                  0.0000000000000000E+000 
                                     302                  2.2338046189612473E-001                 -1.0127098302006346E-001                  5.7968161329197638E+000                 -5.0602412704772943E+000                  8.8165588307627214E+000                  3.5706215474100937E-005                  4.0938457806505657E-001                  5.9057971571946932E-001                  2.6795700199978764E-143                  0.0000000000000000E+000                  0.0000000000000000E+000 
                                     303                  2.2338042838720679E-001                 -1.0286103700329495E-001                  5.8007339525764454E+000                 -5.0459642545325893E+000                  8.8334253522701935E+000                  3.5706215471785522E-005                  4.0938457810088846E-001                  5.9057971568363976E-001                  4.3174217819358262E-143                  0.0000000000000000E+000                  0.0000000000000000E+000 
                                     304                  2.2338036136937087E-001                 -1.0598881072247743E-001                  5.8045872005311452E+000                 -5.0316476493742126E+000                  8.8501267591551880E+000                  3.5706215451244878E-005                  4.0938457841877179E-001                  5.9057971536577702E-001                  6.8971951837636414E-143                  0.0000000000000000E+000                  0.0000000000000000E+000 
                                     305                  2.2338032786045292E-001                 -1.0752658806352948E-001                  5.8071277974879347E+000                 -5.0223876230278002E+000                  8.8610665127637027E+000                  3.5706215445432728E-005                  4.0938457850872018E-001                  5.9057971527583442E-001                  9.3826197310883871E-143                  0.0000000000000000E+000                  0.0000000000000000E+000 
                                     306                  2.2338029435153495E-001                 -1.0904791350673455E-001                  5.8108967915359457E+000                 -5.0088948892914056E+000                  8.8771966914437801E+000                  3.5706215441021678E-005                  4.0938457857698257E-001                  5.9057971520757646E-001                  1.4787671686513401E-142                  0.0000000000000000E+000                  0.0000000000000000E+000 
                                     307                  2.2338022733286853E-001                 -1.1204386610532023E-001                  5.8146063760012154E+000                 -4.9953647578836797E+000                  8.8931765124237074E+000                  3.5706215435074694E-005                  4.0938457866901684E-001                  5.9057971511554808E-001                  2.3125198474175781E-142                  0.0000000000000000E+000                  0.0000000000000000E+000 
                                     308                  2.2338019382312008E-001                 -1.1351852639118307E-001                  5.8182715668448273E+000                 -4.9824101878362423E+000                  8.9087963083879895E+000                  3.5706215430880580E-005                  4.0938457873392547E-001                  5.9057971505064366E-001                  3.5893958738979759E-142                  0.0000000000000000E+000                  0.0000000000000000E+000 
                                     309                  2.2338012680362312E-001                 -1.1642477902635549E-001                  5.8230769848628396E+000                 -4.9653335182300973E+000                  8.9293151421612258E+000                  3.5706215414573691E-005                  4.0938457898628611E-001                  5.9057971479829929E-001                  6.3779520291292486E-142                  0.0000000000000000E+000                  0.0000000000000000E+000 
                                     310                  2.2338005978412617E-001                 -1.1927508717012364E-001                  5.8266232207426576E+000                 -4.9526851855352998E+000                  8.9444783933717424E+000                  3.5706215399042061E-005                  4.0938457922664995E-001                  5.9057971455795100E-001                  9.7366911411545644E-142                  0.0000000000000000E+000                  0.0000000000000000E+000 
                                     311                  2.2338002627437772E-001                 -1.2067984478517768E-001                  5.8295470532898834E+000                 -4.9425025766529318E+000                  8.9568793517355925E+000                  3.5706215384749702E-005                  4.0938457944783502E-001                  5.9057971433678025E-001                  1.3781417814898258E-141                  0.0000000000000000E+000                  0.0000000000000000E+000 
                                     312                  2.2337997600975501E-001                 -1.2276308813056180E-001                  5.8330132601583013E+000                 -4.9304300375132728E+000                  8.9715825331097054E+000                  3.5706215362981206E-005                  4.0938457978471809E-001                  5.9057971399991893E-001                  2.0785101673753432E-141                  0.0000000000000000E+000                  0.0000000000000000E+000 
                                     313                  2.2337992574513230E-001                 -1.2481838887745331E-001                  5.8370040235611524E+000                 -4.9167049077204341E+000                  8.9884400017914139E+000                  3.5706215356038591E-005                  4.0938457989216193E-001                  5.9057971389248198E-001                  3.3303317956650373E-141                  0.0000000000000000E+000                  0.0000000000000000E+000 
                                     314                  2.2337985872563537E-001                 -1.2751748241501806E-001                  5.8403759972213525E+000                 -4.9049988287398127E+000                  9.0027314106935439E+000                  3.5706215348114327E-005                  4.0938458001479194E-001                  5.9057971376985996E-001                  4.9559295491781705E-141                  0.0000000000000000E+000                  0.0000000000000000E+000 
                                     315                  2.2337982521588690E-001                 -1.2884957187953322E-001                  5.8437124773444618E+000                 -4.8937462493741135E+000                  9.0167355475090609E+000                  3.5706215346825163E-005                  4.0938458003474376E-001                  5.9057971374990936E-001                  7.3316107827331785E-141                  0.0000000000000000E+000                  0.0000000000000000E+000 
                                     316                  2.2337975819638997E-001                 -1.3148136767761126E-001                  5.8480970286129237E+000                 -4.8789049260979400E+000                  9.0351641331979700E+000                  3.5706215297042821E-005                  4.0938458080516316E-001                  5.9057971297953982E-001                  1.2249723274692339E-140                  0.0000000000000000E+000                  0.0000000000000000E+000 
                                     317                  2.2337969117689302E-001                 -1.3407103063101269E-001                  5.8513398538442418E+000                 -4.8679034229551821E+000                  9.0488065407976137E+000                  3.5706215294621791E-005                  4.0938458084262991E-001                  5.9057971294207545E-001                  1.7888431229707997E-140                  0.0000000000000000E+000                  0.0000000000000000E+000 
                                     318                  2.2337965766714454E-001                 -1.3535047019495169E-001                  5.8545504783489646E+000                 -4.8573121759637825E+000                  9.0621878174294785E+000                  3.5706215250071490E-005                  4.0938458153207796E-001                  5.9057971225267192E-001                  2.5983793885901730E-140                  0.0000000000000000E+000                  0.0000000000000000E+000 
                                     319                  2.2337959064764762E-001                 -1.3788075258581159E-001                  5.8582480624852780E+000                 -4.8450090626052260E+000                  9.0776453506460442E+000                  3.5706215248286446E-005                  4.0938458155970159E-001                  5.9057971222505012E-001                  3.9908049508279284E-140                  0.0000000000000000E+000                  0.0000000000000000E+000 
                                     320                  2.2337954038302490E-001                 -1.3975373864498203E-001                  5.8613814642025375E+000                 -4.8347148803540483E+000                  9.0906902468534732E+000                  3.5706215199524819E-005                  4.0938458231432440E-001                  5.9057971147047605E-001                  5.7340313903468587E-140                  0.0000000000000000E+000                  0.0000000000000000E+000 
                                     321                  2.2337949011840222E-001                 -1.4160654106926104E-001                  5.8649960767912219E+000                 -4.8229830319159817E+000                  9.1056794335894651E+000                  3.5706215163934019E-005                  4.0938458286511892E-001                  5.9057971091971717E-001                  8.6984829656135851E-140                  0.0000000000000000E+000                  0.0000000000000000E+000 
                                     322                  2.2337942309841613E-001                 -1.4404703047886216E-001                  5.8700846707891969E+000                 -4.8066881808650139E+000                  9.1266893711536490E+000                  3.5706215127400330E-005                  4.0938458343050388E-001                  5.9057971035436874E-001                  1.5602774870036962E-139                  0.0000000000000000E+000                  0.0000000000000000E+000 
                                     323                  2.2337932256770326E-001                 -1.4764727129580527E-001                  5.8750817208795132E+000                 -4.7905321159689240E+000                  9.1473894979212602E+000                  3.5706215041792661E-005                  4.0938458475534462E-001                  5.9057970902961365E-001                  2.7646238716629690E-139                  0.0000000000000000E+000                  0.0000000000000000E+000 
                                     324                  2.2337925554722798E-001                 -1.5000792317148373E-001                  5.8790220124152537E+000                 -4.7780342504163764E+000                  9.1636099820651999E+000                  3.5706214999099029E-005                  4.0938458541605921E-001                  5.9057970836894169E-001                  4.3316563542786356E-139                  0.0000000000000000E+000                  0.0000000000000000E+000 
                                     325                  2.2337918852589422E-001                 -1.5233911238663003E-001                  5.8829107402848884E+000                 -4.7657912987411528E+000                  9.1795796873215618E+000                  3.5706214946036976E-005                  4.0938458623723295E-001                  5.9057970754782096E-001                  6.7372106882877651E-139                  0.0000000000000000E+000                  0.0000000000000000E+000 
                                     326                  2.2337912150456044E-001                 -1.5464206979719805E-001                  5.8867493603674435E+000                 -4.7537912595117566E+000                  9.1953072243134333E+000                  3.5706214929575080E-005                  4.0938458649199061E-001                  5.9057970729307985E-001                  1.0404390925097557E-138                  0.0000000000000000E+000                  0.0000000000000000E+000 
                                     327                  2.2337905448322667E-001                 -1.5691797552544154E-001                  5.8905393199444154E+000                 -4.7420227162859270E+000                  9.2108008944283544E+000                  3.5706214905975678E-005                  4.0938458685720858E-001                  5.9057970692788553E-001                  1.5957454770648613E-138                  0.0000000000000000E+000                  0.0000000000000000E+000 
                                     328                  2.2337898746189291E-001                 -1.5916793462955453E-001                  5.8942820473724762E+000                 -4.7304750209828725E+000                  9.2260686790916413E+000                  3.5706214784883306E-005                  4.0938458873119737E-001                  5.9057970505401780E-001                  2.4311860617478017E-138                  0.0000000000000000E+000                  0.0000000000000000E+000 
                                     329                  2.2337892043991844E-001                 -1.6139300484680258E-001                  5.8979789134728273E+000                 -4.7191383196756229E+000                  9.2411181168869980E+000                  3.5706214673069556E-005                  4.0938459046159109E-001                  5.9057970332373588E-001                  3.6802141625525370E-138                  0.0000000000000000E+000                  0.0000000000000000E+000 
                                     330                  2.2337885341794400E-001                 -1.6359413851479246E-001                  5.9016312489288838E+000                 -4.7080034414378886E+000                  9.2559563964238123E+000                  3.5706214596184823E-005                  4.0938459165143370E-001                  5.9057970213397004E-001                  5.5362716147872257E-138                  0.0000000000000000E+000                  0.0000000000000000E+000 
                                     331                  2.2337878639531492E-001                 -1.6577227339796574E-001                  5.9052403386731296E+000                 -4.6970619399510358E+000                  9.2705903787256787E+000                  3.5706214594009480E-005                  4.0938459168509977E-001                  5.9057970210030619E-001                  8.2782092161346593E-138                  0.0000000000000000E+000                  0.0000000000000000E+000 
                                     332                  2.2337871937268580E-001                 -1.6792825237931633E-001                  5.9088074145606271E+000                 -4.6863059890108092E+000                  9.2850266077069783E+000                  3.5706214526352350E-005                  4.0938459273213618E-001                  5.9057970105333746E-001                  1.2305845373998760E-137                  0.0000000000000000E+000                  0.0000000000000000E+000 
                                     333                  2.2337865234943782E-001                 -1.7006291191891412E-001                  5.9123336551141161E+000                 -4.6757281150052235E+000                  9.2992713409502183E+000                  3.5706214441363396E-005                  4.0938459404739674E-001                  5.9057969973816182E-001                  1.8189477284842641E-137                  0.0000000000000000E+000                  0.0000000000000000E+000 
                                     334                  2.2337858532618984E-001                 -1.7217700423519816E-001                  5.9158201714344569E+000                 -4.6653212304452314E+000                  9.3133304927817449E+000                  3.5706214353585080E-005                  4.0938459540581945E-001                  5.9057969837982704E-001                  2.6738441586012682E-137                  0.0000000000000000E+000                  0.0000000000000000E+000 
                                     335                  2.2337851830294189E-001                 -1.7427125969799009E-001                  5.9192680574809815E+000                 -4.6550784701770684E+000                  9.3272098431007784E+000                  3.5706214353477242E-005                  4.0938459540749023E-001                  5.9057969837815627E-001                  3.9095852198143803E-137                  0.0000000000000000E+000                  0.0000000000000000E+000 
                                     336                  2.2337845127910927E-001                 -1.7634638740209363E-001                  5.9226783457476415E+000                 -4.6449933678382900E+000                  9.3409148635598296E+000                  3.5706214338136547E-005                  4.0938459564448687E-001                  5.9057969814117506E-001                  5.6868490709838443E-137                  0.0000000000000000E+000                  0.0000000000000000E+000 
                                     337                  2.2337838425527665E-001                 -1.7840302342182346E-001                  5.9260518831234510E+000                 -4.6350595338177314E+000                  9.3544507312308891E+000                  3.5706160128897236E-005                  4.0938543290589152E-001                  5.9057886093397960E-001                  8.2303568759969518E-137                  0.0000000000000000E+000                  0.0000000000000000E+000 
                                     338                  2.2337831723144408E-001                 -1.8044178652649553E-001                  5.9293873217628645E+000                 -4.6255213149494798E+000                  9.3678225170777960E+000                  3.5605860996124239E-005                  4.1093454908155835E-001                  5.8902984505744560E-001                  1.1888284819333231E-136                  0.0000000000000000E+000                  0.0000000000000000E+000 
                                     339                  2.2337825020705782E-001                 -1.8246445327691532E-001                  5.9326857426792028E+000                 -4.6158588379931826E+000                  9.3810351670834589E+000                  3.5600347901111204E-005                  4.1101969861791676E-001                  5.8894470103418217E-001                  1.7035968551278663E-136                  0.0000000000000000E+000                  0.0000000000000000E+000 
                                     340                  2.2337818318267158E-001                 -1.8447033229448032E-001                  5.9359489081026178E+000                 -4.6063094099587731E+000                  9.3940932802555643E+000                  3.5600319661205253E-005                  4.1102013478215710E-001                  5.8894426489818175E-001                  2.4292716094333504E-136                  0.0000000000000000E+000                  0.0000000000000000E+000 
                                     341                  2.2337811615763606E-001                 -1.8645987240694081E-001                  5.9391758479413488E+000                 -4.5968713477353011E+000                  9.4070012487043613E+000                  3.5600306827837014E-005                  4.1102033299302648E-001                  5.8894406670014576E-001                  3.4475288173754343E-136                  0.0000000000000000E+000                  0.0000000000000000E+000 
                                     342                  2.2337804913260054E-001                 -1.8843347362258842E-001                  5.9423685674558060E+000                 -4.5875479785547011E+000                  9.4197632140910343E+000                  3.5600297160151667E-005                  4.1102048231004762E-001                  5.8894391739279217E-001                  4.8703528291595046E-136                  0.0000000000000000E+000                  0.0000000000000000E+000 
                                     343                  2.2337798210756499E-001                 -1.9039156804757945E-001                  5.9455279215998162E+000                 -4.5783357438299204E+000                  9.4323832088749260E+000                  3.5600289118655366E-005                  4.1102060651064276E-001                  5.8894379320023860E-001                  6.8499417769183054E-136                  0.0000000000000000E+000                  0.0000000000000000E+000 
                                     344                  2.2337791508252944E-001                 -1.9233456934506674E-001                  5.9486547478173257E+000                 -4.5692312709768030E+000                  9.4448651694667571E+000                  3.5600282136127400E-005                  4.1102071435551352E-001                  5.8894368536235042E-001                  9.5926586872998264E-136                  0.0000000000000000E+000                  0.0000000000000000E+000 
                                     345                  2.2337784805675251E-001                 -1.9426289536702424E-001                  5.9517498356180134E+000                 -4.5602313751912362E+000                  9.4572128078862097E+000                  3.5600275926763979E-005                  4.1102081025888804E-001                  5.8894358946518521E-001                  1.3377214721616887E-135                  0.0000000000000000E+000                  0.0000000000000000E+000 
                                     346                  2.2337778103097553E-001                 -1.9617690499073917E-001                  5.9548139280788979E+000                 -4.5513330509176626E+000                  9.4694296199957240E+000                  3.5600270319655784E-005                  4.1102089686045434E-001                  5.8894350286922603E-001                  1.8578610506374441E-135                  0.0000000000000000E+000                  0.0000000000000000E+000 
                                     347                  2.2337771400519857E-001                 -1.9807696335205177E-001                  5.9593567573966437E+000                 -4.5383681285507427E+000                  9.4874399113186456E+000                  3.5600262607302790E-005                  4.1102101597744400E-001                  5.8894338375994870E-001                  3.0177803916253905E-135                  0.0000000000000000E+000                  0.0000000000000000E+000 
                                     348                  2.2337757995279572E-001                 -2.0183808549793350E-001                  5.9649234566500233E+000                 -4.5221822488761836E+000                  9.5096327033227794E+000                  3.5600254382603921E-005                  4.1102114300759551E-001                  5.8894325673802195E-001                  5.4599828013974388E-135                  0.0000000000000000E+000                  0.0000000000000000E+000 
                                     349                  2.2337746331947836E-001                 -2.0506783694355643E-001                  5.9685590703971085E+000                 -4.5115101096453323E+000                  9.5241672007325793E+000                  3.5600249592370241E-005                  4.1102121699256700E-001                  5.8894318275784063E-001                  8.0334877885528799E-135                  0.0000000000000000E+000                  0.0000000000000000E+000 
                                     350                  2.2337741371278691E-001                 -2.0642962434044679E-001                  5.9717818841896237E+000                 -4.5023132881371586E+000                  9.5369353033073558E+000                  3.5600245508283623E-005                  4.1102128007112460E-001                  5.8894311968336710E-001                  1.1296360699611779E-134                  0.0000000000000000E+000                  0.0000000000000000E+000 
                                     351                  2.2337731449940396E-001                 -2.0913381142028442E-001                  5.9760262120030818E+000                 -4.4900732018084533E+000                  9.5538029787782719E+000                  3.5600240524296482E-005                  4.1102135704861076E-001                  5.8894304271086495E-001                  1.7680383086861298E-134                  0.0000000000000000E+000                  0.0000000000000000E+000 
                                     352                  2.2337721528459242E-001                 -2.1181222053798082E-001                  5.9802143934398293E+000                 -4.4780101655948350E+000                  9.5704379191007707E+000                  3.5600235945856858E-005                  4.1102142776243117E-001                  5.8894297200162304E-001                  2.7470443440107908E-134                  0.0000000000000000E+000                  0.0000000000000000E+000 
                                     353                  2.2337711606978089E-001                 -2.1446567592489235E-001                  5.9843482589278905E+000                 -4.4661179468419965E+000                  9.5868480873634354E+000                  3.5600231716703298E-005                  4.1102149308154207E-001                  5.8894290668674121E-001                  4.2380904048590758E-134                  0.0000000000000000E+000                  0.0000000000000000E+000 
                                     354                  2.2337701685496933E-001                 -2.1709499836665111E-001                  5.9884295921344703E+000                 -4.4543904553298201E+000                  9.6030411572785166E+000                  3.5600227791067094E-005                  4.1102155371283944E-001                  5.8894284605936953E-001                  6.4939862735674560E-134                  0.0000000000000000E+000                  0.0000000000000000E+000 
                                     355                  2.2337691764015780E-001                 -2.1970096830087862E-001                  5.9914559954256443E+000                 -4.4456098185003627E+000                  9.6150834741172329E+000                  3.5600225050241326E-005                  4.1102159604478594E-001                  5.8894280373016383E-001                  8.9058327171982019E-134                  0.0000000000000000E+000                  0.0000000000000000E+000 
                                     356                  2.2337686803194409E-001                 -2.2099522553102943E-001                  5.9944568536865859E+000                 -4.4370957784236555E+000                  9.6269396027248550E+000                  3.5600222399739072E-005                  4.1102163698168931E-001                  5.8894276279591096E-001                  1.2167133891590820E-133                  0.0000000000000000E+000                  0.0000000000000000E+000 
                                     357                  2.2337676881551663E-001                 -2.2356758831760809E-001                  5.9974282379338764E+000                 -4.4284901364827913E+000                  9.6387536087548913E+000                  3.5600219914274919E-005                  4.1102167536958578E-001                  5.8894272441049988E-001                  1.6567395066147982E-133                  0.0000000000000000E+000                  0.0000000000000000E+000 
                                     358                  2.2337671920730293E-001                 -2.2484542745987318E-001                  6.0003751675997403E+000                 -4.4201406024835581E+000                  9.6503890835452459E+000                  3.5600217504408986E-005                  4.1102171258987058E-001                  5.8894268719262499E-001                  2.6638926637011231E-133                  6.7581660201812800E-137                  0.0000000000000000E+000 
                                     359                  2.2337661999087546E-001                 -2.2738569610973131E-001                  6.0042626882871231E+000                 -4.4090172936891845E+000                  9.6657833677321019E+000                  3.5600214472906745E-005                  4.1102175941130392E-001                  5.8894264037422317E-001                  3.9807774370553897E-133                  1.0290757162074378E-136                  0.0000000000000000E+000 
                                     360                  2.2337652077426587E-001                 -2.2990538641719588E-001                  6.0081054616483591E+000                 -4.3980328881278163E+000                  9.6809936622427788E+000                  3.5600211607998815E-005                  4.1102180365969454E-001                  5.8894259612869748E-001                  5.9144492850512265E-133                  1.5684092853335994E-136                  0.0000000000000000E+000 
                                     361                  2.2337642155724244E-001                 -2.3240512039936703E-001                  6.0119048509230808E+000                 -4.3871828804136497E+000                  9.6960257662249525E+000                  3.5600208893542212E-005                  4.1102184558437049E-001                  5.8894255420673591E-001                  8.7384736886756656E-133                  2.3762372429528044E-136                  0.0000000000000000E+000 
                                     362                  2.2337632233876531E-001                 -2.3488551297401516E-001                  6.0156621289037613E+000                 -4.3764629522187679E+000                  9.7108851409925823E+000                  3.5600206315967306E-005                  4.1102188539491386E-001                  5.8894251439877010E-001                  1.2841224262123145E-132                  3.5794643605688820E-136                  0.0000000000000000E+000 
                                     363                  2.2337622311962568E-001                 -2.3734710714417473E-001                  6.0193784938904003E+000                 -4.3658689477746160E+000                  9.7255769649593837E+000                  3.5600203863733178E-005                  4.1102192326957376E-001                  5.8894247652656251E-001                  1.8771433056106212E-132                  5.3619066544197061E-136                  0.0000000000000000E+000 
                                     364                  2.2337612389926581E-001                 -2.3979045488855616E-001                  6.0230550816270148E+000                 -4.3553968506631140E+000                  9.7401061830365361E+000                  3.5600201526917398E-005                  4.1102195936160191E-001                  5.8894244043687116E-001                  2.7300813918921853E-132                  7.9884907881202807E-136                  0.0000000000000000E+000 
                                     365                  2.2337602467857565E-001                 -2.4221604893144963E-001                  6.0266929716802711E+000                 -4.3450428780459820E+000                  9.7544775176105496E+000                  3.5600199296904613E-005                  4.1102199380406196E-001                  5.8894240599664116E-001                  3.9509779121668517E-132                  1.1839197731897640E-135                  0.0000000000000000E+000 
                                     366                  2.2337592545706744E-001                 -2.4462439396038649E-001                  6.0302932099163922E+000                 -4.3348033668194264E+000                  9.7686955529289570E+000                  3.5600197166131076E-005                  4.1102202671377558E-001                  5.8894237308905828E-001                  5.6904407427360006E-132                  1.7456503553360473E-135                  0.0000000000000000E+000 
                                     367                  2.2337582623474797E-001                 -2.4701596168848750E-001                  6.0338567815262873E+000                 -4.3246748189539366E+000                  9.7827646256609331E+000                  3.5600195127916081E-005                  4.1102205819392645E-001                  5.8894234161094561E-001                  8.1575096514782648E-132                  2.5611293947159667E-135                  0.0000000000000000E+000 
                                     368                  2.2337572701188824E-001                 -2.4939119772642010E-001                  6.0373846289430935E+000                 -4.3146538487845270E+000                  9.7966888970868737E+000                  3.5600193176315904E-005                  4.1102208833631448E-001                  5.8894231147050924E-001                  1.1641132981954491E-131                  3.7394195366464420E-135                  0.0000000000000000E+000 
                                     369                  2.2337562778840925E-001                 -2.5175053724806568E-001                  6.0408776641731636E+000                 -4.3047371449951592E+000                  9.8104724037509161E+000                  3.5600191306011049E-005                  4.1102211722309967E-001                  5.8894228258559433E-001                  1.6539124284386377E-131                  5.4341592197961819E-135                  0.0000000000000000E+000 
                                     370                  2.2337552856390916E-001                 -2.5409440487946194E-001                  6.0443367472123981E+000                 -4.2949215526842810E+000                  9.8241189695884596E+000                  3.5600189512231271E-005                  4.1102214492795808E-001                  5.8894225488252971E-001                  2.3396999190310201E-131                  7.8608599012945583E-135                  0.0000000000000000E+000 
                                     371                  2.2337542933903531E-001                 -2.5642318322987173E-001                  6.0477627068199045E+000                 -4.2852040659370347E+000                  9.8376322720496017E+000                  3.5600187790663741E-005                  4.1102217151750103E-001                  5.8894222829470833E-001                  3.2959985578588008E-131                  1.1320594356912284E-134                  0.0000000000000000E+000 
                                     372                  2.2337533011326080E-001                 -2.5873726638847649E-001                  6.0511563496126826E+000                 -4.2755817931049194E+000                  9.8510158730323827E+000                  3.5600186137374772E-005                  4.1102219705248438E-001                  5.8894220276137821E-001                  4.6242398203911809E-131                  1.6232304832961762E-134                  0.0000000000000000E+000 
                                     373                  2.2337523088680594E-001                 -2.6103701556599967E-001                  6.0545184405316448E+000                 -4.2660520113923237E+000                  9.8642731413733298E+000                  3.5600184548765373E-005                  4.1102222158849422E-001                  5.8894217822695705E-001                  6.4619722706455304E-131                  2.3176654322459354E-134                  0.0000000000000000E+000 
                                     374                  2.2337513165994624E-001                 -2.6332277637760459E-001                  6.0578497271729477E+000                 -4.2566120926107534E+000                  9.8774073514421605E+000                  3.5600183021517942E-005                  4.1102224517677100E-001                  5.8894215464020749E-001                  8.9950769348238517E-131                  3.2955456841627911E-134                  0.0000000000000000E+000 
                                     375                  2.2337503243235424E-001                 -2.6559489468712866E-001                  6.0611509445964913E+000                 -4.2472594827746732E+000                  9.8904217052360064E+000                  3.5600181552558440E-005                  4.1102226786479285E-001                  5.8894213195365452E-001                  1.2473902890776613E-130                  4.6671885220217851E-134                  0.0000000000000000E+000 
                                     376                  2.2337493320350602E-001                 -2.6785370768772637E-001                  6.0644227895969696E+000                 -4.2379917566361787E+000                  9.9033192328936792E+000                  3.5600180139041390E-005                  4.1102228969650845E-001                  5.8894211012335251E-001                  1.7234474015498482E-130                  6.5838189676401298E-134                  0.0000000000000000E+000 
                                     377                  2.2337483397388039E-001                 -2.7009951731650822E-001                  6.0676659310278263E+000                 -4.2288065892393032E+000                  9.9161028312581294E+000                  3.5600178778322731E-005                  4.1102231071275469E-001                  5.8894208910846690E-001                  2.3726342302331300E-130                  9.2520150355880723E-134                  0.0000000000000000E+000 
                                     378                  2.2337473474325623E-001                 -2.7233262967199612E-001                  6.0724796816196909E+000                 -4.2154104730051163E+000                  9.9349756369711368E+000                  3.5600176810830867E-005                  4.1102234110058927E-001                  5.8894205872259997E-001                  3.8058931128692796E-130                  1.5299241675693734E-133                  0.0000000000000000E+000 
                                     379                  2.2337453627902865E-001                 -2.7676396893756228E-001                  6.0772296693803094E+000                 -4.2017200475955390E+000                  9.9537998827361189E+000                  3.5600174984436918E-005                  4.1102236930917235E-001                  5.8894203051584326E-001                  6.0636156316998320E-130                  2.5114898604694556E-133                  0.0000000000000000E+000 
                                     380                  2.2337443704532389E-001                 -2.7896069768653758E-001                  6.0803643606504307E+000                 -4.1928435866378617E+000                  9.9661550340210781E+000                  3.5600173811839329E-005                  4.1102238741989605E-001                  5.8894201240629207E-001                  8.2352982223084222E-130                  3.4787537302422898E-133                  0.0000000000000000E+000 
                                     381                  2.2337433781128746E-001                 -2.8114581236071989E-001                  6.0834733936282035E+000                 -4.1840394910517871E+000                  9.9784092566799316E+000                  3.5600172681191298E-005                  4.1102240488271058E-001                  5.8894199494460819E-001                  1.1149094618415888E-129                  4.8021826221786443E-133                  0.0000000000000000E+000 
                                     382                  2.2337423857672242E-001                 -2.8331956839278694E-001                  6.0865573339635937E+000                 -4.1753059211822530E+000                  9.9905649312173104E+000                  3.5600171590702982E-005                  4.1102242172525988E-001                  5.8894197810314941E-001                  1.5046817384503862E-129                  6.6070963011954362E-133                  0.0000000000000000E+000 
                                     383                  2.2337413934123135E-001                 -2.8548221685701292E-001                  6.0911383712866201E+000                 -4.1625464732705959E+000                  1.0008530838425559E+001                  3.5600170011392074E-005                  4.1102244611765493E-001                  5.8894195371233371E-001                  2.3447925433320287E-129                  1.0594072040154834E-132                  0.0000000000000000E+000 
                                     384                  2.2337394086751830E-001                 -2.8977695457398034E-001                  6.0956639995656463E+000                 -4.1495069128306055E+000                  1.0026465022408502E+001                  3.5600168540733769E-005                  4.1102246883191490E-001                  5.8894193099954428E-001                  3.6327769598218161E-129                  1.6881009559472612E-132                  0.0000000000000000E+000 
                                     385                  2.2337384162939500E-001                 -2.9190765699964405E-001                  6.0986528299855927E+000                 -4.1410383200132710E+000                  1.0038248623536202E+001                  3.5600167595099736E-005                  4.1102248343719550E-001                  5.8894191639520943E-001                  4.8453140691739584E-129                  2.2935942972280269E-132                  0.0000000000000000E+000 
                                     386                  2.2337374239003058E-001                 -2.9402814816230288E-001                  6.1016190853985863E+000                 -4.1326320440550459E+000                  1.0049944265381139E+001                  3.5600166682166026E-005                  4.1102249753742076E-001                  5.8894190229589705E-001                  6.4445603774850069E-129                  3.1070224361408731E-132                  0.0000000000000000E+000 
                                     387                  2.2337364315022609E-001                 -2.9613861528491098E-001                  6.1045632092576243E+000                 -4.1242866332330559E+000                  1.0061553803028454E+001                  3.5600165800687739E-005                  4.1102251115181826E-001                  5.8894188868238107E-001                  8.5482692796392641E-129                  4.1967083215807751E-132                  0.0000000000000000E+000 
                                     388                  2.2337354391013714E-001                 -2.9823925280218161E-001                  6.1089395471929375E+000                 -4.1120758963839004E+000                  1.0078729167652154E+001                  3.5600164522942421E-005                  4.1102253088654478E-001                  5.8894186894893230E-001                  1.2988685671495395E-128                  6.5505221396867946E-132                  0.0000000000000000E+000 
                                     389                  2.2337334542678886E-001                 -3.0241350235116571E-001                  6.1147004821738964E+000                 -4.0957245426186448E+000                  1.0101457819408594E+001                  3.5600162931345016E-005                  4.1102255546870425E-001                  5.8894184436836439E-001                  2.2497366270746963E-128                  1.1753295291480413E-131                  0.0000000000000000E+000 
                                     390                  2.2337314694041005E-001                 -3.0655065026705464E-001                  6.1189677422676851E+000                 -4.0834176538987377E+000                  1.0118377322620864E+001                  3.5600161818448979E-005                  4.1102257265733999E-001                  5.8894182718084154E-001                  3.3759476873169469E-128                  1.8102018502772660E-131                  0.0000000000000000E+000 
                                     391                  2.2337304769507560E-001                 -3.0860498834029509E-001                  6.1217884180143143E+000                 -4.0754102054509067E+000                  1.0129507736633627E+001                  3.5600161101817147E-005                  4.1102258372569045E-001                  5.8894181611320773E-001                  4.4104169071732315E-128                  2.4058160825066290E-131                  0.0000000000000000E+000 
                                     392                  2.2337294844931460E-001                 -3.1065056725900891E-001                  6.1245899544430573E+000                 -4.0674552823198846E+000                  1.0140563841809660E+001                  3.5600160409007127E-005                  4.1102259442611400E-001                  5.8894180541347696E-001                  5.7483385120657937E-128                  3.1894103502824245E-131                  0.0000000000000000E+000 
                                     393                  2.2337284920314776E-001                 -3.1268754818630068E-001                  6.1287574972218763E+000                 -4.0557991730472365E+000                  1.0156936359094724E+001                  3.5600159403469053E-005                  4.1102260995661016E-001                  5.8894178988398638E-001                  8.5132957851375346E-128                  4.8442114989106109E-131                  0.0000000000000000E+000 
                                     394                  2.2337265070963513E-001                 -3.1673781579599442E-001                  6.1328838676554387E+000                 -4.0438921038634827E+000                  1.0173302601050670E+001                  3.5600158462529805E-005                  4.1102262448937998E-001                  5.8894177535215753E-001                  1.2555277821884891E-127                  7.3243215150042802E-131                  0.0000000000000000E+000 
                                     395                  2.2337255146197013E-001                 -3.1874994047587718E-001                  6.1356128998286410E+000                 -4.0361373346803493E+000                  1.0184076039071536E+001                  3.5600157855838743E-005                  4.1102263385969962E-001                  5.8894176598244452E-001                  1.6218833026684157E-127                  9.6182315092782000E-131                  0.0000000000000000E+000 
                                     396                  2.2337245221388002E-001                 -3.2075407279702972E-001                  6.1396744315501666E+000                 -4.0247668834461603E+000                  1.0200037910459928E+001                  3.5600156974329875E-005                  4.1102264747456957E-001                  5.8894175236845614E-001                  2.3709709238649682E-127                  1.4407635049770214E-130                  0.0000000000000000E+000 
                                     397                  2.2337225371637862E-001                 -3.2474031922343638E-001                  6.1450321875282521E+000                 -4.0095357366429987E+000                  1.0221192015450141E+001                  3.5600155870415863E-005                  4.1102266452447817E-001                  5.8894173531965144E-001                  3.9079675203091545E-127                  2.4521057570593081E-130                  0.0000000000000000E+000 
                                     398                  2.2337205521611181E-001                 -3.2869628543081519E-001                  6.1503268820036814E+000                 -3.9944890475409269E+000                  1.0242094431440945E+001                  3.5600154833383844E-005                  4.1102268054139707E-001                  5.8894171930376960E-001                  6.3912828682947456E-127                  4.1388457141849371E-130                  0.0000000000000000E+000 
                                     399                  2.2337185671349380E-001                 -3.3262305420951910E-001                  6.1542585865435377E+000                 -3.9831604442194042E+000                  1.0257680706852172E+001                  3.5600154102557752E-005                  4.1102269182897738E-001                  5.8894170801692014E-001                  9.2014139278478886E-127                  6.0993870874983696E-130                  0.0000000000000000E+000 
                                     400                  2.2337175746145085E-001                 -3.3457518229956851E-001                  6.1568611755023275E+000                 -3.9757737793348982E+000                  1.0267950169044632E+001                  3.5600153630043933E-005                  4.1102269912693473E-001                  5.8894170071943530E-001                  1.1701956035860885E-126                  7.8774554110988248E-130                  0.0000000000000000E+000 
                                     401                  2.2337165820902713E-001                 -3.3652040514577403E-001                  6.1594494756524334E+000                 -3.9684301903398032E+000                  1.0278161674060037E+001                  3.5600153171399878E-005                  4.1102270621067422E-001                  5.8894169363615445E-001                  1.4855633308652398E-126                  1.0154646132037235E-129                  0.0000000000000000E+000 
                                     402                  2.2337155895619534E-001                 -3.3845884834707762E-001                  6.1633052419807441E+000                 -3.9576489144282991E+000                  1.0293305907417666E+001                  3.5600152503102890E-005                  4.1102271653249500E-001                  5.8894168331500185E-001                  2.1171540455180095E-126                  1.4804803586524734E-129                  0.0000000000000000E+000 
                                     403                  2.2337136044938335E-001                 -3.4231709274894645E-001                  6.1671316287265583E+000                 -3.9466487003271742E+000                  1.0308460079459554E+001                  3.5600151872767127E-005                  4.1102272626800618E-001                  5.8894167358012106E-001                  3.0082754726502972E-126                  2.1514994565090068E-129                  0.0000000000000000E+000 
                                     404                  2.2337126119548179E-001                 -3.4423592488147153E-001                  6.1696656322091892E+000                 -3.9394712535083616E+000                  1.0318449933301334E+001                  3.5600151464770567E-005                  4.1102273256949706E-001                  5.8894166727903818E-001                  3.7932607776933130E-126                  2.7535514196263447E-129                  0.0000000000000000E+000 
                                     405                  2.2337116194105286E-001                 -3.4614845776763031E-001                  6.1734417776165573E+000                 -3.9289286580473521E+000                  1.0333271278307945E+001                  3.5600150869883824E-005                  4.1102274175749948E-001                  5.8894165809163068E-001                  5.3526745868316837E-126                  3.9723758706549085E-129                  0.0000000000000000E+000 
                                     406                  2.2337096342997956E-001                 -3.4995624148559740E-001                  6.1771910116664968E+000                 -3.9181736012219881E+000                  1.0348106479295735E+001                  3.5600150308277873E-005                  4.1102275043148140E-001                  5.8894164941821026E-001                  7.5326203419190706E-126                  5.7138605743507069E-129                  0.0000000000000000E+000 
                                     407                  2.2337086417323229E-001                 -3.5185056916451712E-001                  6.1796746297537943E+000                 -3.9111521250908963E+000                  1.0357889791873225E+001                  3.5600149944681391E-005                  4.1102275604721478E-001                  5.8894164380284053E-001                  9.4386473338408613E-126                  7.2639744932195069E-129                  0.0000000000000000E+000 
                                     408                  2.2337076491628863E-001                 -3.5373903309842336E-001                  6.1821461408805014E+000                 -3.9041678100747275E+000                  1.0367623583895440E+001                  3.5600149591418040E-005                  4.1102276150335337E-001                  5.8894163834705515E-001                  1.1809129485023750E-125                  9.2197937011277109E-129                  0.0000000000000000E+000 
                                     409                  2.2337066565911629E-001                 -3.5562173755954540E-001                  6.1858303157938153E+000                 -3.8939016259658508E+000                  1.0382071495652227E+001                  3.5600149076379447E-005                  4.1102276945810429E-001                  5.8894163039281933E-001                  1.6474114232754934E-125                  1.3139645523604206E-128                  0.0000000000000000E+000 
                                     410                  2.2337046714311079E-001                 -3.5937137284039783E-001                  6.1907028661810202E+000                 -3.8801419330789186E+000                  1.0401254415535714E+001                  3.5600148427936647E-005                  4.1102277947327781E-001                  5.8894162037829423E-001                  2.5563072413131955E-125                  2.0971361494930922E-128                  0.0000000000000000E+000 
                                     411                  2.2337026862507306E-001                 -3.6309915083947880E-001                  6.1943283434921161E+000                 -3.8697732807988041E+000                  1.0415581264915470E+001                  3.5600147970020322E-005                  4.1102278654577762E-001                  5.8894161330625239E-001                  3.5422742230431892E-125                  2.9673469945418990E-128                  0.0000000000000000E+000 
                                     412                  2.2337016936533927E-001                 -3.6495455411743116E-001                  6.1973294344504302E+000                 -3.8613658138503224E+000                  1.0427366668950894E+001                  3.5600147599797921E-005                  4.1102279226384808E-001                  5.8894160758855207E-001                  4.6354913810437580E-125                  3.9506921867407451E-128                  0.0000000000000000E+000 
                                     413                  2.2337002047500654E-001                 -3.6772828471278646E-001                  6.2009086679657530E+000                 -3.8512731991248459E+000                  1.0441449277391307E+001                  3.5600147175194576E-005                  4.1102279882183013E-001                  5.8894160103099469E-001                  6.3847862642464143E-125                  5.5543887821896642E-128                  0.0000000000000000E+000 
                                     414                  2.2336987158357499E-001                 -3.7049063688480949E-001                  6.2038733176918042E+000                 -3.8428605924617547E+000                  1.0453135511109108E+001                  3.5600146837573667E-005                  4.1102280403637165E-001                  5.8894159581679073E-001                  8.3195726416945754E-125                  7.3613094398626406E-128                  0.0000000000000000E+000 
                                     415                  2.2336977232234376E-001                 -3.7232580711589935E-001                  6.2074078696352570E+000                 -3.8330298594329695E+000                  1.0466984748916857E+001                  3.5600146444927214E-005                  4.1102281010078090E-001                  5.8894158975277411E-001                  1.1392838013153757E-124                  1.0285944767282534E-127                  0.0000000000000000E+000 
                                     416                  2.2336957379859287E-001                 -3.7598266293408394E-001                  6.2109209411775330E+000                 -3.8229980146507834E+000                  1.0480858483013538E+001                  3.5600146076851331E-005                  4.1102281578569838E-001                  5.8894158406822483E-001                  1.5568545106395306E-124                  1.4339785526130924E-127                  0.0000000000000000E+000 
                                     417                  2.2336947453598505E-001                 -3.7780351408864815E-001                  6.2132496921740845E+000                 -3.8164364571817586E+000                  1.0490018191422571E+001                  3.5600145839573021E-005                  4.1102281945045255E-001                  5.8894158040370792E-001                  1.9136697151802690E-124                  1.7860940342875102E-127                  0.0000000000000000E+000 
                                     418                  2.2336937527314996E-001                 -3.7961973850795538E-001                  6.2167231501879332E+000                 -3.8067757382692657E+000                  1.0503627849236148E+001                  3.5600145495245393E-005                  4.1102282476857932E-001                  5.8894157508592548E-001                  2.6009460235023408E-124                  2.4757997981759574E-127                  0.0000000000000000E+000 
                                     419                  2.2336917674507947E-001                 -3.8323958098936256E-001                  6.2201762692696043E+000                 -3.7969160597759943E+000                  1.0517264433473549E+001                  3.5600145173881405E-005                  4.1102282973203352E-001                  5.8894157012279258E-001                  3.5280855369039825E-124                  3.4245097703978992E-127                  0.0000000000000000E+000 
                                     420                  2.2336907748046078E-001                 -3.8504237043501327E-001                  6.2236057897751920E+000                 -3.7873740685853887E+000                  1.0530703917777180E+001                  3.5600144863714115E-005                  4.1102283452255522E-001                  5.8894156533258113E-001                  4.7694033277161947E-124                  4.7197460793776885E-127                  0.0000000000000000E+000 
                                     421                  2.2336887894994767E-001                 -3.8863590598403802E-001                  6.2281464539901519E+000                 -3.7745683076737153E+000                  1.0548570112465516E+001                  3.5600144478859809E-005                  4.1102284046661491E-001                  5.8894155938890624E-001                  7.1036313840977160E-124                  7.2113644238811900E-127                  0.0000000000000000E+000 
                                     422                  2.2336868041745095E-001                 -3.9221255150713519E-001                  6.2315284930908836E+000                 -3.7649052684205828E+000                  1.0561930024131264E+001                  3.5600144211656219E-005                  4.1102284459356381E-001                  5.8894155526222458E-001                  9.5522306484093113E-124                  9.8826211483214477E-127                  0.0000000000000000E+000 
                                     423                  2.2336858115020927E-001                 -3.9399424512523701E-001                  6.2348881347093439E+000                 -3.7555462883879098E+000                  1.0575102524817918E+001                  3.5600143954749581E-005                  4.1102284856147675E-001                  5.8894155129456849E-001                  1.2803409396234571E-123                  1.3497332710240617E-126                  0.0000000000000000E+000 
                                     424                  2.2336838261511310E-001                 -3.9754645056243471E-001                  6.2393375796068398E+000                 -3.7429823423523585E+000                  1.0592619558209229E+001                  3.5600143638625284E-005                  4.1102285344400419E-001                  5.8894154641235719E-001                  1.8858535055083467E-123                  2.0379771864863574E-126                  0.0000000000000000E+000 
                                     425                  2.2336818407794373E-001                 -4.0108293535845629E-001                  6.2437520344324922E+000                 -3.7305094231838694E+000                  1.0610003895419229E+001                  3.5600143348456143E-005                  4.1102285792565518E-001                  5.8894154193099635E-001                  2.7659298349918601E-123                  3.0632440407619453E-126                  0.0000000000000000E+000 
                                     426                  2.2336798554077439E-001                 -4.0460409270798542E-001                  6.2481323835941751E+000                 -3.7181240864115583E+000                  1.0627259325343383E+001                  3.5600143083430322E-005                  4.1102286201896854E-001                  5.8894153783794811E-001                  4.0399296042645395E-123                  4.5840191867358933E-126                  0.0000000000000000E+000 
                                     427                  2.2336778700099141E-001                 -4.0811037650757409E-001                  6.2524795750208169E+000                 -3.7058234682739077E+000                  1.0644389495377874E+001                  3.5600142842765690E-005                  4.1102286573602437E-001                  5.8894153412113281E-001                  5.8769963391179745E-123                  6.8304065491581403E-126                  0.0000000000000000E+000 
                                     428                  2.2336758846059729E-001                 -4.1160214099817871E-001                  6.2557198679094954E+000                 -3.6965366005850782E+000                  1.0657207787602802E+001                  3.5600142680202639E-005                  4.1102286824680434E-001                  5.8894153161051543E-001                  7.7673886725181602E-123                  9.1898848772618652E-126                  0.0000000000000000E+000 
                                     429                  2.2336748918921207E-001                 -4.1334230058276067E-001                  6.2589404142095146E+000                 -3.6875285993863045E+000                  1.0669856979135911E+001                  3.5600142526280123E-005                  4.1102287062413156E-001                  5.8894152923334220E-001                  1.0236540545807617E-122                  1.2327249402349911E-125                  0.0000000000000000E+000 
                                     430                  2.2336729064505739E-001                 -4.1681304528936175E-001                  6.2632092849190695E+000                 -3.6754333394566392E+000                  1.0686688931928710E+001                  3.5600142343277964E-005                  4.1102287345059269E-001                  5.8894152640706410E-001                  1.4749541516719680E-122                  1.8181951799330043E-125                  0.0000000000000000E+000 
                                     431                  2.2336709209925712E-001                 -4.2027023323158602E-001                  6.2663927617040160E+000                 -3.6663027282953706E+000                  1.0699287563721189E+001                  3.5600142222667370E-005                  4.1102287531341858E-001                  5.8894152454435877E-001                  1.9358193518201694E-122                  2.4281443250574434E-125                  0.0000000000000000E+000 
                                     432                  2.2336699282581565E-001                 -4.2199346278224553E-001                  6.2695577968510969E+000                 -3.6574418048357238E+000                  1.0711724187101204E+001                  3.5600142110121974E-005                  4.1102287705167778E-001                  5.8894152280621204E-001                  2.5338509465931567E-122                  3.2335287628174811E-125                  0.0000000000000000E+000 
                                     433                  2.2336679427753806E-001                 -4.2543101088016433E-001                  6.2737552038974380E+000                 -3.6455449512073197E+000                  1.0728277586704108E+001                  3.5600141981025405E-005                  4.1102287904556922E-001                  5.8894152081244977E-001                  3.6188187302619496E-122                  4.7245806295592176E-125                  0.0000000000000000E+000 
                                     434                  2.2336659572778100E-001                 -4.2885591899949854E-001                  6.2779272354929896E+000                 -3.6337344433240140E+000                  1.0744724672411623E+001                  3.5600141872975402E-005                  4.1102288071439735E-001                  5.8894151914372972E-001                  5.1515508933239515E-122                  6.8793075422612279E-125                  0.0000000000000000E+000 
                                     435                  2.2336639717729428E-001                 -4.3226860615909390E-001                  6.2820732626346105E+000                 -3.6219980446049989E+000                  1.0761068263427061E+001                  3.5600141786118285E-005                  4.1102288205590209E-001                  5.8894151780231185E-001                  7.3096317274059978E-122                  9.9820846974864544E-125                  0.0000000000000000E+000 
                                     436                  2.2336619862462911E-001                 -4.3566943827468441E-001                  6.2861942125444381E+000                 -3.6103348183429653E+000                  1.0777311046603003E+001                  3.5600141721237120E-005                  4.1102288305798912E-001                  5.8894151680028961E-001                  1.0339070239194619E-121                  1.4435699054922630E-124                  0.0000000000000000E+000 
                                     437                  2.2336600007149932E-001                 -4.3905872435724919E-001                  6.2902908921374703E+000                 -3.5987436377424129E+000                  1.0793455614488838E+001                  3.5600141680473748E-005                  4.1102288368757783E-001                  5.8894151617074164E-001                  1.4579202173183474E-121                  2.0808211208671970E-124                  0.0000000000000000E+000 
                                     438                  2.2336580151646540E-001                 -4.4243682321930033E-001                  6.2943579481575007E+000                 -3.5871817113473297E+000                  1.0809504519345422E+001                  3.5600123440212443E-005                  4.1102316540769873E-001                  5.8894123446886104E-001                  2.0489234580842522E-121                  2.9886372823870531E-124                  0.0000000000000000E+000 
                                     439                  2.2336560296021901E-001                 -4.4580372656708156E-001                  6.2983827089376998E+000                 -3.5755570056451358E+000                  1.0825460095261095E+001                  3.5600055387207541E-005                  4.1102421648369042E-001                  5.8894018346092236E-001                  2.8677324329674849E-121                  4.2737105101008028E-124                  0.0000000000000000E+000 
                                     440                  2.2336540440353120E-001                 -4.4915870553423820E-001                  6.3023660718190513E+000                 -3.5638726648273709E+000                  1.0841324562171740E+001                  3.5598552969079516E-005                  4.1104742127272514E-001                  5.8891698017430572E-001                  3.9979407715649464E-121                  6.0849718913373794E-124                  0.0000000000000000E+000 
                                     441                  2.2336520584434777E-001                 -4.5250109493178198E-001                  6.3063088710311348E+000                 -3.5521245129502885E+000                  1.0857099911546131E+001                  3.5597881651669265E-005                  4.1105778974371465E-001                  5.8890661237463360E-001                  5.5517247139034614E-121                  8.6279770269239874E-124                  0.0000000000000000E+000 
                                     442                  2.2336500728403055E-001                 -4.5583013167841180E-001                  6.3102119605048408E+000                 -3.5403165358440862E+000                  1.0872787877685353E+001                  3.5597168052294836E-005                  4.1106881125791850E-001                  5.8889559157402926E-001                  7.6800753028564559E-121                  1.2183914579495061E-123                  0.0000000000000000E+000 
                                     443                  2.2336480872183867E-001                 -4.5914511094870675E-001                  6.3140761834008430E+000                 -3.5284516270629633E+000                  1.0888390038818866E+001                  3.5596210804071677E-005                  4.1108359591898319E-001                  5.8888080787021280E-001                  1.0584988618239675E-120                  1.7136838475347517E-123                  0.0000000000000000E+000 
                                     444                  2.2336461015842107E-001                 -4.6244532003655969E-001                  6.3179023990022598E+000                 -3.5165308514065057E+000                  1.0903907734084237E+001                  3.5595985477345175E-005                  4.1108707608137018E-001                  5.8887732793315251E-001                  1.4535389448509878E-120                  2.4010139701925480E-123                  0.0000000000000000E+000 
                                     445                  2.2336441159468756E-001                 -4.6573004384701477E-001                  6.3216914491157521E+000                 -3.5045629200067756E+000                  1.0919342242494741E+001                  3.5594013063605649E-005                  4.1111753993362593E-001                  5.8884686605331049E-001                  1.9890510265830464E-120                  3.3510713230914397E-123                  0.0000000000000000E+000 
                                     446                  2.2336421302859216E-001                 -4.6899867729047684E-001                  6.3254441951054847E+000                 -3.4925436633093243E+000                  1.0934694644002544E+001                  3.5593980430708749E-005                  4.1111804394742546E-001                  5.8884636207214380E-001                  2.7122655241767400E-120                  4.6600197376967474E-123                  0.0000000000000000E+000 
                                     447                  2.2336401446249679E-001                 -4.7225050668205409E-001                  6.3291614934075460E+000                 -3.4804846653392842E+000                  1.0949965852158245E+001                  3.5592560038339956E-005                  4.1113998185127248E-001                  5.8882442558868919E-001                  3.6861037837233887E-120                  6.4565190581023517E-123                  0.0000000000000000E+000 
                                     448                  2.2336381589483606E-001                 -4.7548496611294494E-001                  6.3328441991070035E+000                 -3.4683842561886697E+000                  1.0965156780534258E+001                  3.5592501027944042E-005                  4.1114089326449532E-001                  5.8882351423447665E-001                  4.9928400535876678E-120                  8.9143784748668990E-123                  0.0000000000000000E+000 
                                     449                  2.2336361732480747E-001                 -4.7870146207878067E-001                  6.3364931160972429E+000                 -3.4562533349293423E+000                  1.0980268094752565E+001                  3.5590936901129909E-005                  4.1116505114106122E-001                  5.8879935792203764E-001                  6.7413216042074512E-120                  1.2264797898288813E-122                  0.0000000000000000E+000 
                                     450                  2.2336341875420937E-001                 -4.8189943767507704E-001                  6.3401090483782827E+000                 -3.4440900051170575E+000                  1.0995300404727752E+001                  3.5590935953048154E-005                  4.1116506578414591E-001                  5.8879934327990102E-001                  9.0729360366820117E-120                  1.6818334500978608E-122                  0.0000000000000000E+000 
                                     451                  2.2336322018093113E-001                 -4.8507838377682849E-001                  6.3436928214304880E+000                 -3.4319029049535001E+000                  1.1010254237137348E+001                  3.5590890433976000E-005                  4.1116576882440681E-001                  5.8879864028515927E-001                  1.2173351688533681E-119                  2.2986370020615691E-122                  0.0000000000000000E+000 
                                     452                  2.2336302160646154E-001                 -4.8823779614960489E-001                  6.3472451672861201E+000                 -3.4196972870218540E+000                  1.1025129949781840E+001                  3.5590595388339172E-005                  4.1117032579254226E-001                  5.8879408361206942E-001                  1.6284078637626484E-119                  3.1314849117645157E-122                  0.0000000000000000E+000 
                                     453                  2.2336282303084506E-001                 -4.9137723179987225E-001                  6.3507668006426456E+000                 -3.4074785690646281E+000                  1.1039927897438616E+001                  3.5589705870380546E-005                  4.1118406436206156E-001                  5.8878034593206807E-001                  2.1718972498769705E-119                  4.2525327719261535E-122                  0.0000000000000000E+000 
                                     454                  2.2336262445366989E-001                 -4.9449629471106105E-001                  6.3542584034037040E+000                 -3.3952507973382904E+000                  1.1054648353427996E+001                  3.5588491094923000E-005                  4.1120282652068840E-001                  5.8876158498821662E-001                  2.8884224982424877E-119                  5.7569753761978300E-122                  0.0000000000000000E+000 
                                     455                  2.2336242587540761E-001                 -4.9759460501631542E-001                  6.3577206300010927E+000                 -3.3830171186819156E+000                  1.1069291529794336E+001                  3.5587610163722536E-005                  4.1121643246783335E-001                  5.8874797992200301E-001                  3.8303912327518223E-119                  7.7700985879419565E-122                  0.0000000000000000E+000 
                                     456                  2.2336222729569627E-001                 -5.0067181974254427E-001                  6.3628598935395528E+000                 -3.3650205778765496E+000                  1.1090961474002306E+001                  3.5586721424574452E-005                  4.1123015900837673E-001                  5.8873425427019876E-001                  5.8140811169516312E-119                  1.2105844274785555E-121                  0.0000000000000000E+000 
                                     457                  2.2336183013322308E-001                 -5.0676617911798494E-001                  6.3679354336142113E+000                 -3.3463050346117962E+000                  1.1112763714234097E+001                  3.5585565733819409E-005                  4.1124800860573923E-001                  5.8871640582852702E-001                  8.7857043893887630E-119                  1.8768599359738067E-121                  0.0000000000000000E+000 
                                     458                  2.2336163154897640E-001                 -5.0977830465006513E-001                  6.3712857330397021E+000                 -3.3340913613287970E+000                  1.1127099450878186E+001                  3.5584332563022365E-005                  4.1126705487919546E-001                  5.8869736078824153E-001                  1.1525108191429610E-118                  2.5039076542727777E-121                  0.0000000000000000E+000 
                                     459                  2.2336143296404398E-001                 -5.1276825601562392E-001                  6.3746089699409225E+000                 -3.3218894662479737E+000                  1.1141358255680133E+001                  3.5583504456787331E-005                  4.1127984494670178E-001                  5.8868457154884146E-001                  1.5078852273713894E-118                  3.3311467522234123E-121                  0.0000000000000000E+000 
                                     460                  2.2336123437911151E-001                 -5.1573580982146128E-001                  6.3795437244746829E+000                 -3.3039438996288606E+000                  1.1162461258824749E+001                  3.5583220869736855E-005                  4.1128422493727573E-001                  5.8868019184185449E-001                  2.2438972888091256E-118                  5.0814881443922862E-121                  0.0000000000000000E+000 
                                     461                  2.2336083720351935E-001                 -5.2160698760100954E-001                  6.3844183325124533E+000                 -3.2853683501425284E+000                  1.1183677660759672E+001                  3.5581105830815815E-005                  4.1131689162815954E-001                  5.8864752726600966E-001                  3.3252759086797938E-118                  7.7153956533331487E-121                  0.0000000000000000E+000 
                                     462                  2.2336063861351849E-001                 -5.2450635216380859E-001                  6.3876365691321579E+000                 -3.2732429615743399E+000                  1.1197629212967671E+001                  3.5580363938355636E-005                  4.1132835012726093E-001                  5.8863606950880065E-001                  4.3066475549709788E-118                  1.0153773717737192E-120                  0.0000000000000000E+000 
                                     463                  2.2336044002239036E-001                 -5.2738271459920227E-001                  6.3908290292905710E+000                 -3.2611419322608759E+000                  1.1211503670934087E+001                  3.5579605914780033E-005                  4.1134005777065447E-001                  5.8862436262343076E-001                  5.5638485250537893E-118                  1.3327495284368980E-120                  0.0000000000000000E+000 
                                     464                  2.2336024143126224E-001                 -5.3023594659235052E-001                  6.3939958835411472E+000                 -3.2490673552359395E+000                  1.1225300990297763E+001                  3.5578672383304678E-005                  4.1135447612643972E-001                  5.8860994520117704E-001                  7.1704759155545516E-118                  1.7447375472038472E-120                  0.0000000000000000E+000 
                                     465                  2.2336004283845731E-001                 -5.3306597752974805E-001                  6.3971372913816822E+000                 -3.2370194771081153E+000                  1.1239021123066834E+001                  3.5578220286004170E-005                  4.1136145875088387E-001                  5.8860296302883008E-001                  9.2184486153888061E-118                  2.2781998605583756E-120                  0.0000000000000000E+000 
                                     466                  2.2335984424515096E-001                 -5.3587270113398988E-001                  6.4002533649989903E+000                 -3.2250031550877511E+000                  1.1252664001137484E+001                  3.5576646754076611E-005                  4.1138576188752091E-001                  5.8857866146572502E-001                  1.1823225722399490E-117                  2.9670204673931831E-120                  0.0000000000000000E+000 
                                     467                  2.2335964565007971E-001                 -5.3865608081169825E-001                  6.4033442212648231E+000                 -3.2130162335553818E+000                  1.1266229646177997E+001                  3.5575506113429694E-005                  4.1140337903580904E-001                  5.8856104545807753E-001                  1.5127567407015519E-117                  3.8543147072908467E-120                  0.0000000000000000E+000 
                                     468                  2.2335944705185412E-001                 -5.4141607136623338E-001                  6.4064100032266849E+000                 -3.2010592381034453E+000                  1.1279717993162780E+001                  3.5575268040513366E-005                  4.1140705606226619E-001                  5.8855736866969333E-001                  1.9308990469727094E-117                  4.9944533559166169E-120                  0.0000000000000000E+000 
                                     469                  2.2335924845175295E-001                 -5.4415259742531785E-001                  6.4109626970116533E+000                 -3.1834720685613949E+000                  1.1299682310188198E+001                  3.5573822793655054E-005                  4.1142937784089056E-001                  5.8853504833631576E-001                  2.7706881433345225E-117                  7.3279981735937342E-120                  0.0000000000000000E+000 
                                     470                  2.2335885124631519E-001                 -5.4955818039521709E-001                  6.4154568919295887E+000                 -3.1653856511365186E+000                  1.1319721379559573E+001                  3.5571761169788565E-005                  4.1146121953699338E-001                  5.8850320870183681E-001                  3.9595984747159041E-117                  1.0703980879749919E-119                  0.0000000000000000E+000 
                                     471                  2.2335865264139648E-001                 -5.5222416340588953E-001                  6.4184237019216246E+000                 -3.1535724516900623E+000                  1.1332899935507344E+001                  3.5570585417289833E-005                  4.1147937898606707E-001                  5.8848505042851562E-001                  5.0075042679705332E-117                  1.3733219719592306E-119                  0.0000000000000000E+000 
                                     472                  2.2335845403489421E-001                 -5.5486663563268446E-001                  6.4228293135819099E+000                 -3.1361884452383264E+000                  1.1352406043927857E+001                  3.5570288372479955E-005                  4.1148396683094707E-001                  5.8848046288068045E-001                  7.0872049459885424E-117                  1.9857862861148693E-119                  0.0000000000000000E+000 
                                     473                  2.2335805681847415E-001                 -5.6008377085712158E-001                  6.4271772657628237E+000                 -3.1183570989679663E+000                  1.1371972184740363E+001                  3.5568705224063001E-005                  4.1150841849317543E-001                  5.8845601280160054E-001                  9.9908014401323934E-117                  2.8587610301823921E-119                  0.0000000000000000E+000 
                                     474                  2.2335785820768869E-001                 -5.6265581215605986E-001                  6.4300475080874211E+000                 -3.1067093538211137E+000                  1.1384840164486587E+001                  3.5567177557417425E-005                  4.1153201324168648E-001                  5.8843241958075609E-001                  1.2522257248843290E-116                  3.6328795657374157E-119                  0.0000000000000000E+000 
                                     475                  2.2335765959586304E-001                 -5.6520448233741261E-001                  6.4343098071581286E+000                 -3.0895658192893269E+000                  1.1403887107558747E+001                  3.5566658669579963E-005                  4.1154002744286761E-001                  5.8842440589846279E-001                  1.7490160803330266E-116                  5.1794554092046792E-119                  0.0000000000000000E+000 
                                     476                  2.2335726236589404E-001                 -5.7023437378034070E-001                  6.4385155890956955E+000                 -3.0720236748036513E+000                  1.1422980300073849E+001                  3.5564716711672365E-005                  4.1157002090230294E-001                  5.8839441438098539E-001                  2.4333961778339666E-116                  7.3525885460665788E-119                  0.0000000000000000E+000 
                                     477                  2.2335706374760436E-001                 -5.7271335678670277E-001                  6.4412920812651802E+000                 -3.0605609918905610E+000                  1.1435537820846822E+001                  3.5563757010065566E-005                  4.1158484345380708E-001                  5.8837959278918284E-001                  3.0237207974622585E-116                  9.2582983685162014E-119                  0.0000000000000000E+000 
                                     478                  2.2335686512770508E-001                 -5.7516929174799425E-001                  6.4440455810829125E+000                 -3.0491490536243235E+000                  1.1448017806959770E+001                  3.5562277160207866E-005                  4.1160769967346239E-001                  5.8835673804937738E-001                  3.7494213034357013E-116                  1.1631661745193148E-118                  0.0000000000000000E+000 
                                     479                  2.2335666650446664E-001                 -5.7760231216947433E-001                  6.4467763048040538E+000                 -3.0377856687477114E+000                  1.1460420324990093E+001                  3.5561905226364239E-005                  4.1161344417622042E-001                  5.8835099391855317E-001                  4.6394593750225065E-116                  1.4581603733648941E-118                  0.0000000000000000E+000 
                                     480                  2.2335646787986890E-001                 -5.8001249641882091E-001                  6.4494844576599464E+000                 -3.0264777314237454E+000                  1.1472745484883454E+001                  3.5559954029209822E-005                  4.1164358033517984E-001                  5.8832085971079096E-001                  5.7292630805286829E-116                  1.8238742552062786E-118                  0.0000000000000000E+000 
                                     481                  2.2335626925114260E-001                 -5.8240002177157368E-001                  6.4521702315829170E+000                 -3.0152209966175474E+000                  1.1484993351823039E+001                  3.5558921021816702E-005                  4.1165953509142411E-001                  5.8830490598755403E-001                  7.0604479120707221E-116                  2.2764340211640308E-118                  0.0000000000000000E+000 
                                     482                  2.2335607062241633E-001                 -5.8476496133782607E-001                  6.4561593118289169E+000                 -2.9986502070168948E+000                  1.1503124204792606E+001                  3.5558788995143559E-005                  4.1166157423786282E-001                  5.8830286697314205E-001                  9.6186705547572924E-116                  3.1605707926963252E-118                  0.0000000000000000E+000 
                                     483                  2.2335567334623274E-001                 -5.8942973242299368E-001                  6.4600951754222784E+000                 -2.9817727395721194E+000                  1.1521277059944387E+001                  3.5556284917965106E-005                  4.1170024960500773E-001                  5.8826419411007436E-001                  1.3056101609275329E-115                  4.3701135419033871E-118                  0.0000000000000000E+000 
                                     484                  2.2335547470333911E-001                 -5.9172795502047693E-001                  6.4626939551601552E+000                 -2.9707388986382406E+000                  1.1533217671860934E+001                  3.5555776964191465E-005                  4.1170809492962207E-001                  5.8825634929341375E-001                  1.5962729668708406E-115                  5.4088737109571660E-118                  0.0000000000000000E+000 
                                     485                  2.2335527605843736E-001                 -5.9400422867026059E-001                  6.4665542615885849E+000                 -2.9544993011658485E+000                  1.1550894400078944E+001                  3.5554440174876615E-005                  4.1172874158421102E-001                  5.8823570397561409E-001                  2.1495511608518991E-115                  7.4167836692570164E-118                  0.0000000000000000E+000 
                                     486                  2.2335487876574189E-001                 -5.9849326446855866E-001                  6.4716247883838074E+000                 -2.9327737917892418E+000                  1.1574321706158488E+001                  3.5552668540753974E-005                  4.1175610439830679E-001                  5.8820834293315238E-001                  3.1767467564513404E-115                  1.1224105392200725E-117                  0.0000000000000000E+000 
                                     487                  2.2335448147304637E-001                 -6.0289644552563937E-001                  6.4766140058976456E+000                 -2.9112994404063577E+000                  1.1597445606573171E+001                  3.5549551407131267E-005                  4.1180424839487489E-001                  5.8816020205371800E-001                  4.6606196272965873E-115                  1.6852855630148225E-117                  0.0000000000000000E+000 
                                     488                  2.2335408417845687E-001                 -6.0721539469339014E-001                  6.4803021276086294E+000                 -2.8951796909103367E+000                  1.1614674012009047E+001                  3.5547829245754675E-005                  4.1183084710417772E-001                  5.8813360506657653E-001                  6.1853896883379243E-115                  2.2752391180540741E-117                  0.0000000000000000E+000 
                                     489                  2.2335388553116206E-001                 -6.0934309531062547E-001                  6.4827380828458043E+000                 -2.8846382388030118E+000                  1.1626008423705295E+001                  3.5547712761001923E-005                  4.1183264620619198E-001                  5.8813180608104698E-001                  7.4518598747348057E-115                  2.7723603692511678E-117                  0.0000000000000000E+000 
                                     490                  2.2335368688386728E-001                 -6.1145037222031240E-001                  6.4863578453314998E+000                 -2.8691205484417299E+000                  1.1642790512648199E+001                  3.5546889442122935E-005                  4.1184536233099256E-001                  5.8811909077956526E-001                  9.8195527548561531E-115                  3.7150162980276337E-117                  0.0000000000000000E+000 
                                     491                  2.2335328958927772E-001                 -6.1560581122500824E-001                  6.4899308431897689E+000                 -2.8534073111897018E+000                  1.1659566495962608E+001                  3.5543877320952304E-005                  4.1189188441312408E-001                  5.8807257170955496E-001                  1.2897727744070561E-114                  4.9601217096128167E-117                  0.0000000000000000E+000 
                                     492                  2.2335309094198297E-001                 -6.1765314726855680E-001                  6.4922911906351191E+000                 -2.8431308165332867E+000                  1.1670604586672029E+001                  3.5542307231143798E-005                  4.1191613438254604E-001                  5.8804832331022283E-001                  1.5433861460521705E-114                  6.0000124310659213E-117                  0.0000000000000000E+000 
                                     493                  2.2335289229468816E-001                 -6.1968094864027734E-001                  6.4957993164949555E+000                 -2.8279977782967145E+000                  1.1686949794434851E+001                  3.5540785334815139E-005                  4.1193964000512667E-001                  5.8802481920953853E-001                  2.0135435805730280E-114                  7.9548016233406747E-117                  0.0000000000000000E+000 
                                     494                  2.2335249500009863E-001                 -6.2367995713545321E-001                  6.5004109973869122E+000                 -2.8078291032623430E+000                  1.1708592481956117E+001                  3.5540007673442307E-005                  4.1195165094726011E-001                  5.8801280904506648E-001                  2.8550412259043509E-114                  1.1520680336003555E-116                  0.0000000000000000E+000 
                                     495                  2.2335209770550910E-001                 -6.2760340469876452E-001                  6.5038223841121718E+000                 -2.7927375784321549E+000                  1.1724706620139616E+001                  3.5537126545768393E-005                  4.1199614981927879E-001                  5.8796831305417552E-001                  3.6957051062384505E-114                  1.5145464452292622E-116                  0.0000000000000000E+000 
                                     496                  2.2335189905821431E-001                 -6.2953689412495872E-001                  6.5060766951226734E+000                 -2.7828632121346715E+000                  1.1735311457941586E+001                  3.5536211718518124E-005                  4.1201027922525563E-001                  5.8795418456302584E-001                  4.3803425349767961E-114                  1.8136444752447206E-116                  0.0000000000000000E+000 
                                     497                  2.2335170041091953E-001                 -6.3145221131006102E-001                  6.5094283083959210E+000                 -2.7683221755359906E+000                  1.1751018249429487E+001                  3.5533782476638564E-005                  4.1204779859606661E-001                  5.8791666762145678E-001                  5.6352745320324647E-114                  2.3688891002306158E-116                  0.0000000000000000E+000 
                                     498                  2.2335130311632997E-001                 -6.3523019835165395E-001                  6.5138360571871328E+000                 -2.7489671691929187E+000                  1.1771809030381567E+001                  3.5532586922585394E-005                  4.1206626316695083E-001                  5.8789820424612660E-001                  7.8454551494632106E-114                  3.3646542752106392E-116                  0.0000000000000000E+000 
                                     499                  2.2335090582174044E-001                 -6.3893815653837449E-001                  6.5181789885615853E+000                 -2.7298850721300250E+000                  1.1792323040446599E+001                  3.5529657086645855E-005                  4.1211149523855189E-001                  5.8785297510436152E-001                  1.0859953124508551E-113                  4.7494032549719158E-116                  0.0000000000000000E+000 
                                     500                  2.2335050852715091E-001                 -6.4257793345418757E-001                  6.5213928599557462E+000                 -2.7156169751810970E+000                  1.1807591559161018E+001                  3.5529518050527564E-005                  4.1211363343506141E-001                  5.8785083704688801E-001                  1.3809342995407020E-113                  6.1278174811769000E-116                  0.0000000000000000E+000 
                                     501                  2.2335030987985613E-001                 -6.4437240553530617E-001                  6.5235172662113765E+000                 -2.7062773221801923E+000                  1.1817643172080073E+001                  3.5529273493377276E-005                  4.1211739440919837E-001                  5.8784707631730826E-001                  1.6178270672035328E-113                  7.2482176698248311E-116                  0.0000000000000000E+000 
                                     502                  2.2335011123256135E-001                 -6.4615050462703338E-001                  6.5266766199077129E+000                 -2.6925122376492627E+000                  1.1832535259978247E+001                  3.5529133260014993E-005                  4.1211955101777320E-001                  5.8784491984896681E-001                  2.0458643359017274E-113                  9.2975020121179096E-116                  0.0000000000000000E+000 
                                     503                  2.2334971393797182E-001                 -6.4965917954502417E-001                  6.5308326560728602E+000                 -2.6742140094919691E+000                  1.1852241914464765E+001                  3.5528979266714210E-005                  4.1212191923628733E-001                  5.8784255178444589E-001                  2.7850945253163482E-113                  1.2895919840487137E-115                  0.0000000000000000E+000 
                                     504                  2.2334931664338226E-001                 -6.5310487458114574E-001                  6.5349286590866358E+000                 -2.6561719622892821E+000                  1.1871687445070661E+001                  3.5528542779640850E-005                  4.1212863183560816E-001                  5.8783583962161212E-001                  3.7714797804653890E-113                  1.7786814407525888E-115                  0.0000000000000000E+000 
                                     505                  2.2334891934879272E-001                 -6.5648926360339821E-001                  6.5389656357241748E+000                 -2.6383801477312736E+000                  1.1890875923140502E+001                  3.5528499904052435E-005                  4.1212929117345726E-001                  5.8783518032663862E-001                  5.0808033200054123E-113                  2.4398648305030733E-115                  0.0000000000000000E+000 
                                     506                  2.2334852205420319E-001                 -6.5981396344104115E-001                  6.5429445577188234E+000                 -2.6208350180806304E+000                  1.1909811453681378E+001                  3.5528319250262608E-005                  4.1213206925500934E-001                  5.8783240242574042E-001                  6.8101593151620252E-113                  3.3288849487045043E-115                  0.0000000000000000E+000 
                                     507                  2.2334812475961363E-001                 -6.6308055305915858E-001                  6.5458894739915028E+000                 -2.6077318713360911E+000                  1.1923901323483941E+001                  3.5528031391721555E-005                  4.1213649592384938E-001                  5.8782797604475889E-001                  8.4570686682893030E-113                  4.1883998077557734E-115                  0.0000000000000000E+000 
                                     508                  2.2334792611231888E-001                 -6.6469225915822250E-001                  6.5478364917064953E+000                 -2.5991431494998389E+000                  1.1933182169855387E+001                  3.5527816883811429E-005                  4.1213979461173361E-001                  5.8782467757138257E-001                  9.7551044678850422E-113                  4.8731817434914327E-115                  0.0000000000000000E+000 
                                     509                  2.2334772746502407E-001                 -6.6629001849592961E-001                  6.5507326531584873E+000                 -2.5864688868589734E+000                  1.1946939698058021E+001                  3.5527800711113171E-005                  4.1214004331437448E-001                  5.8782442888491437E-001                  1.2056364972590922E-112                  6.1006674118751264E-115                  0.0000000000000000E+000 
                                     510                  2.2334733017043454E-001                 -6.6944494859372439E-001                  6.5545428471858216E+000                 -2.5696338557436702E+000                  1.1965141106792681E+001                  3.5527483481076721E-005                  4.1214492165604816E-001                  5.8781955086047077E-001                  1.5926583950187825E-112                  8.1959526478541559E-115                  0.0000000000000000E+000 
                                     511                  2.2334693287584501E-001                 -6.7254621658786862E-001                  6.5582986707132651E+000                 -2.5530254911893993E+000                  1.1983106094481894E+001                  3.5527429489587416E-005                  4.1214575193345571E-001                  5.8781872063705465E-001                  2.0941529397334208E-112                  1.0956816867442409E-114                  0.0000000000000000E+000 
                                     512                  2.2334653558125545E-001                 -6.7559521082520624E-001                  6.5620011024172493E+000                 -2.5366405077537912E+000                  1.2000838763005380E+001                  3.5527137510485922E-005                  4.1215024196798722E-001                  5.8781423089450224E-001                  2.7411045280863988E-112                  1.4577161596621407E-114                  0.0000000000000000E+000 
                                     513                  2.2334613828666591E-001                 -6.7859328580323353E-001                  6.5656511583806303E+000                 -2.5204738943189233E+000                  1.2018343187959179E+001                  3.5527034352499632E-005                  4.1215182832440145E-001                  5.8781264464124605E-001                  3.5720151536936403E-112                  1.9302737015908622E-114                  0.0000000000000000E+000 
                                     514                  2.2334574099207641E-001                 -6.8154175055799338E-001                  6.5692498870884277E+000                 -2.5045223581190164E+000                  1.2035623411587713E+001                  3.5526845338271745E-005                  4.1215473497219113E-001                  5.8780973818247062E-001                  4.6346878851309755E-112                  2.5442885581584830E-114                  0.0000000000000000E+000 
                                     515                  2.2334534369748688E-001                 -6.8444188106308190E-001                  6.5727983506138443E+000                 -2.4887821888765118E+000                  1.2052683438355235E+001                  3.5526563313635956E-005                  4.1215907192763207E-001                  5.8780540150905436E-001                  5.9881420648040294E-112                  3.3385885551101201E-114                  0.0000000000000000E+000 
                                     516                  2.2334494640289732E-001                 -6.8729491775478391E-001                  6.5762976279540366E+000                 -2.4732494437644048E+000                  1.2069527230608401E+001                  3.5526369193040070E-005                  4.1216205710079329E-001                  5.8780241653001375E-001                  7.7049546947165864E-112                  4.3617256792828784E-114                  0.0000000000000000E+000 
                                     517                  2.2334454910830778E-001                 -6.9010206446784328E-001                  6.5788887241811054E+000                 -2.4616576115614741E+000                  1.2082060164263977E+001                  3.5525992921939469E-005                  4.1216784337160106E-001                  5.8779663063547694E-001                  9.2845922925400664E-112                  5.3153779700277906E-114                  0.0000000000000000E+000 
                                     518                  2.2334435046101297E-001                 -6.9148862549509638E-001                  6.5806026233802593E+000                 -2.4540458392985993E+000                  1.2090322789965954E+001                  3.5525891360859007E-005                  4.1216940517040346E-001                  5.8779506893823563E-001                  1.0500262543694181E-111                  6.0562037663486081E-114                  0.0000000000000000E+000 
                                     519                  2.2334415181371822E-001                 -6.9286415649118283E-001                  6.5831533640388082E+000                 -2.4427954718054301E+000                  1.2102581437893393E+001                  3.5525881359066028E-005                  4.1216955897577801E-001                  5.8779491514286297E-001                  1.2604755528776673E-111                  7.3508389649435630E-114                  0.0000000000000000E+000 
                                     520                  2.2334375451912869E-001                 -6.9558301649933862E-001                  6.5865115651246482E+000                 -2.4278651191512131E+000                  1.2118799787550396E+001                  3.5525768492204365E-005                  4.1217129461640817E-001                  5.8779317961509969E-001                  1.6028585451389932E-111                  9.4842757462128003E-114                  0.0000000000000000E+000 
                                     521                  2.2334335722453913E-001                 -6.9825940754669680E-001                  6.5898249124952892E+000                 -2.4131299442485359E+000                  1.2134817266353265E+001                  3.5525310432213622E-005                  4.1217833855496194E-001                  5.8778613613460584E-001                  2.0306765280330353E-111                  1.2188425839729971E-113                  0.0000000000000000E+000 
                                     522                  2.2334295992994960E-001                 -7.0089441397830843E-001                  6.5930944693032325E+000                 -2.3985857598426641E+000                  1.2150637580992337E+001                  3.5525015091481290E-005                  4.1218288012786697E-001                  5.8778159485704151E-001                  2.5633332328940012E-111                  1.5603355891473530E-113                  0.0000000000000000E+000 
                                     523                  2.2334256263536006E-001                 -7.0348908434907587E-001                  6.5963212957913075E+000                 -2.3842296326695958E+000                  1.2166264380929269E+001                  3.5524845758351138E-005                  4.1218548402285898E-001                  5.8777899113138266E-001                  3.2242533877304221E-111                  1.9900222351017532E-113                  0.0000000000000000E+000 
                                     524                  2.2334216534077050E-001                 -7.0604443956087193E-001                  6.5995064364707581E+000                 -2.3700585913460630E+000                  1.2181701257377721E+001                  3.5524806441694010E-005                  4.1218608859792866E-001                  5.8777838659562964E-001                  4.0415929765710619E-111                  2.5287712067818183E-113                  0.0000000000000000E+000 
                                     525                  2.2334176804618097E-001                 -7.0856147301642480E-001                  6.6026509102069717E+000                 -2.3560705412013938E+000                  1.2196951742449489E+001                  3.5524493447165203E-005                  4.1219090153690835E-001                  5.8777357396964447E-001                  5.0491636856579194E-111                  3.2019031686528053E-113                  0.0000000000000000E+000 
                                     526                  2.2334137075159144E-001                 -7.1104115606901475E-001                  6.6057557074471127E+000                 -2.3422613974705482E+000                  1.2212019309172451E+001                  3.5524441590073116E-005                  4.1219169893805563E-001                  5.8777277662035432E-001                  6.2872334558588568E-111                  4.0401823931501170E-113                  0.0000000000000000E+000 
                                     527                  2.2334097345700191E-001                 -7.1348442693137515E-001                  6.6088217770022064E+000                 -2.3286289480420495E+000                  1.2226907370060985E+001                  3.5524282653542974E-005                  4.1219414288535050E-001                  5.8777033283199598E-001                  7.8039423244077059E-111                  5.0806695120197225E-113                  0.0000000000000000E+000 
                                     528                  2.2334057616241235E-001                 -7.1589220183615865E-001                  6.6118500182629747E+000                 -2.3151698239217993E+000                  1.2241619277352823E+001                  3.5524161293505306E-005                  4.1219600901057035E-001                  5.8776846682813622E-001                  9.6563967655517423E-111                  6.3680514486495322E-113                  0.0000000000000000E+000 
                                     529                  2.2334017886782281E-001                 -7.1826536891681614E-001                  6.6148412917324100E+000                 -2.3018809577804138E+000                  1.2256158322467551E+001                  3.5524068478264990E-005                  4.1219743618491156E-001                  5.8776703974661015E-001                  1.1912305617433197E-110                  7.9559624251597271E-113                  0.0000000000000000E+000 
                                     530                  2.2333978157323328E-001                 -7.2060479037638903E-001                  6.6177964173205233E+000                 -2.2887595232953242E+000                  1.2270527735844432E+001                  3.5523868434329052E-005                  4.1220051216208664E-001                  5.8776396396947905E-001                  1.4651758226998638E-110                  9.9085732816487771E-113                  0.0000000000000000E+000 
                                     531                  2.2333938427864372E-001                 -7.2291130424299310E-001                  6.6207161826308392E+000                 -2.2758017877234198E+000                  1.2284730687068366E+001                  3.5523855013132620E-005                  4.1220071853163459E-001                  5.8776375761335231E-001                  1.7968969496228812E-110                  1.2302635822332835E-112                  0.0000000000000000E+000 
                                     532                  2.2333898698405419E-001                 -7.2518572000142756E-001                  6.6236013414551502E+000                 -2.2630054246790228E+000                  1.2298770284475998E+001                  3.5523659666387668E-005                  4.1220372225835317E-001                  5.8776075408198047E-001                  2.1975085960993857E-110                  1.5229297103167837E-112                  0.0000000000000000E+000 
                                     533                  2.2333858968946466E-001                 -7.2742882652406549E-001                  6.6264526162900079E+000                 -2.2503667076913265E+000                  1.2312649575840366E+001                  3.5523578867359644E-005                  4.1220496460716921E-001                  5.8775951181396335E-001                  2.6800073974548597E-110                  1.8797072193532545E-112                  0.0000000000000000E+000 
                                     534                  2.2333819239487510E-001                 -7.2964138519887811E-001                  6.6292707047671762E+000                 -2.2378827895358415E+000                  1.2326371548186584E+001                  3.5523511015908983E-005                  4.1220600786612499E-001                  5.8775846862285908E-001                  3.2596283105678561E-110                  2.3134319877859176E-112                  0.0000000000000000E+000 
                                     535                  2.2333779510028556E-001                 -7.3182413498449661E-001                  6.6320562773205092E+000                 -2.2255505245124252E+000                  1.2339939128289664E+001                  3.5523507488569152E-005                  4.1220606210048411E-001                  5.8775841439202736E-001                  3.9541432532370990E-110                  2.8392787272942540E-112                  0.0000000000000000E+000 
                                     536                  2.2333739780569603E-001                 -7.3397779134163932E-001                  6.6348099780436431E+000                 -2.2133672521421648E+000                  1.2353355183043128E+001                  3.5523404467615276E-005                  4.1220764608600441E-001                  5.8775683050952798E-001                  4.7842798837599659E-110                  3.4751110918128271E-112                  0.0000000000000000E+000 
                                     537                  2.2333700051110647E-001                 -7.3610304910406499E-001                  6.6375323276635978E+000                 -2.2013435901561031E+000                  1.2366622520184192E+001                  3.5516628390437609E-005                  4.1231182584750636E-001                  5.8765265752410323E-001                  5.7753109281740166E-110                  4.2410325015907705E-112                  0.0000000000000000E+000 
                                     538                  2.2333660321651694E-001                 -7.3820064746092484E-001                  6.6402239365812852E+000                 -2.1894481273495932E+000                  1.2379743896734908E+001                  3.5516628386592886E-005                  4.1231182590660664E-001                  5.8765265746500672E-001                  6.9528598406463410E-110                  5.1633039435989586E-112                  0.0000000000000000E+000 
                                     539                  2.2333620592192743E-001                 -7.4027116609933497E-001                  6.6428854904728087E+000                 -2.1776927326929543E+000                  1.2392722002773478E+001                  3.5516628382748149E-005                  4.1231182596570637E-001                  5.8765265740591088E-001                  8.3502880796162590E-110                  6.2700394927188938E-112                  0.0000000000000000E+000 
                                     540                  2.2333580862733790E-001                 -7.4231523592041093E-001                  6.6455175486087326E+000                 -2.1660745766747960E+000                  1.2405559471130296E+001                  3.5516628378903406E-005                  4.1231182602480648E-001                  5.8765265734681460E-001                  1.0004870071765529E-109                  7.5949132988258993E-112                  0.0000000000000000E+000 
                                     541                  2.2333541133274834E-001                 -7.4433346804116463E-001                  6.6481206521577212E+000                 -2.1545908811478967E+000                  1.2418258878147171E+001                  3.5516628375058703E-005                  4.1231182608390626E-001                  5.8765265728771876E-001                  1.1959551355531826E-109                  9.1771544672955504E-112                  0.0000000000000000E+000 
                                     542                  2.2333501403815881E-001                 -7.4632645443374557E-001                  6.6506953251479617E+000                 -2.1432389206850466E+000                  1.2430822744483953E+001                  3.5516628371213857E-005                  4.1231182614300688E-001                  5.8765265722862192E-001                  1.4263710875334054E-109                  1.1062364132441243E-111                  0.0000000000000000E+000 
                                     543                  2.2333461674356928E-001                 -7.4829476855479582E-001                  6.6545096827780768E+000                 -2.1265980113495497E+000                  1.2449338001435677E+001                  3.5516628292131602E-005                  4.1231182735862809E-001                  5.8765265601307970E-001                  1.8500043461277786E-109                  1.4575399001852013E-111                  0.0000000000000000E+000 
                                     544                  2.2333382215439018E-001                 -7.5216043978146496E-001                  6.6582535015719388E+000                 -2.1099449762547136E+000                  1.2467726217433183E+001                  3.5516628249706927E-005                  4.1231182801076327E-001                  5.8765265536098710E-001                  2.3881652713085565E-109                  1.9107369849423666E-111                  0.0000000000000000E+000 
                                     545                  2.2333342485980065E-001                 -7.5405800421394809E-001                  6.6607194722458898E+000                 -2.0990939888300040E+000                  1.2479772118241419E+001                  3.5516628221423738E-005                  4.1231182844552089E-001                  5.8765265492625773E-001                  2.8238149683518478E-109                  2.2822794240846152E-111                  0.0000000000000000E+000 
                                     546                  2.2333302756521109E-001                 -7.5593301808506963E-001                  6.6631594635014260E+000                 -2.0883626436287868E+000                  1.2491694274823239E+001                  3.5516383870781160E-005                  4.1231558450407951E-001                  5.8764889911204965E-001                  3.3321287833075517E-109                  2.7201311716416494E-111                  0.0000000000000000E+000 
                                     547                  2.2333263027062156E-001                 -7.5778597433750838E-001                  6.6667760122473982E+000                 -2.0726122849314552E+000                  1.2509277098431351E+001                  3.5516383414596693E-005                  4.1231559151636105E-001                  5.8764889210022431E-001                  4.2549300396145434E-109                  3.5251920991129804E-111                  0.0000000000000000E+000 
                                     548                  2.2333183568144249E-001                 -7.6142830391978289E-001                  6.6703279740332082E+000                 -2.0568574611147934E+000                  1.2526740690788479E+001                  3.5516382958412198E-005                  4.1231559852864219E-001                  5.8764888508839941E-001                  5.4100751711777840E-109                  4.5476398606159744E-111                  0.0000000000000000E+000 
                                     549                  2.2333143838685293E-001                 -7.6321788333241869E-001                  6.6726686690202959E+000                 -2.0465797370055352E+000                  1.2538189500947411E+001                  3.5516382657087017E-005                  4.1231560316048993E-001                  5.8764888045685293E-001                  6.3343581091619139E-109                  5.3755550499063883E-111                  0.0000000000000000E+000 
                                     550                  2.2333104109226340E-001                 -7.6498722495704885E-001                  6.6749856444992339E+000                 -2.0364102795092998E+000                  1.2549525113258357E+001                  3.5516382347368349E-005                  4.1231560792135813E-001                  5.8764887569629454E-001                  7.4028339749864732E-109                  6.3417349511123099E-111                  0.0000000000000000E+000 
                                     551                  2.2333064379767387E-001                 -7.6673675175862732E-001                  6.6784215180396442E+000                 -2.0214695601951411E+000                  1.2566254746923141E+001                  3.5516381871599267E-005                  4.1231561523468607E-001                  5.8764886838344232E-001                  9.3207558307555050E-109                  8.0967932344675805E-111                  0.0000000000000000E+000 
                                     552                  2.2332984920849477E-001                 -7.7017858103667058E-001                  6.6817983223825967E+000                 -2.0065305271411553E+000                  1.2582872746501623E+001                  3.5516381380267526E-005                  4.1231562278723766E-001                  5.8764886083138212E-001                  1.1690039265571868E-108                  1.0294662464735411E-110                  0.0000000000000000E+000 
                                     553                  2.2332945191390527E-001                 -7.7187108443832797E-001                  6.6840246390202509E+000                 -1.9967747236075797E+000                  1.2593774886314264E+001                  3.5516381054111743E-005                  4.1231562780077036E-001                  5.8764885581817561E-001                  1.3566022503759800E-108                  1.2054614660598522E-110                  0.0000000000000000E+000 
                                     554                  2.2332905461931568E-001                 -7.7354534848357326E-001                  6.6862293008459011E+000                 -1.9871177545670922E+000                  1.2604573251101773E+001                  3.5516380728976046E-005                  4.1231563279862321E-001                  5.8764885082064788E-001                  1.5716709802853012E-108                  1.4090395235029818E-110                  0.0000000000000000E+000 
                                     555                  2.2332865732472618E-001                 -7.7520174007318954E-001                  6.6884126985671797E+000                 -1.9775578838395187E+000                  1.2615269601980538E+001                  3.5516380404976985E-005                  4.1231563777900404E-001                  5.8764884584059096E-001                  1.8178478818399541E-108                  1.6441323531926869E-110                  0.0000000000000000E+000 
                                     556                  2.2332826003013664E-001                 -7.7684061607999277E-001                  6.6916523506915624E+000                 -1.9634967906841463E+000                  1.2631068294256517E+001                  3.5516379920493933E-005                  4.1231564522627984E-001                  5.8764883839379967E-001                  2.2544036035210917E-108                  2.0656875612606435E-110                  0.0000000000000000E+000 
                                     557                  2.2332746544095755E-001                 -7.8006767751245432E-001                  6.6948389803266890E+000                 -1.9494431795748914E+000                  1.2646764003713729E+001                  3.5516379435631999E-005                  4.1231565267937920E-001                  5.8764883094118514E-001                  2.7861326229186049E-108                  2.5857350414248710E-110                  0.0000000000000000E+000 
                                     558                  2.2332706814636802E-001                 -7.8165605454073173E-001                  6.6969410945324430E+000                 -1.9402552125960832E+000                  1.2657069180135311E+001                  3.5516379112390579E-005                  4.1231565764811284E-001                  5.8764882597277479E-001                  3.2024427920516256E-108                  2.9972119440892013E-110                  0.0000000000000000E+000 
                                     559                  2.2332667085177849E-001                 -7.8322824998464569E-001                  6.7000613213237035E+000                 -1.9267318559889686E+000                  1.2672297634408038E+001                  3.5516371554308781E-005                  4.1231577382783408E-001                  5.8764870980061157E-001                  3.9353332186296220E-108                  3.7293307863551420E-110                  0.0000000000000000E+000 
                                     560                  2.2332587626259939E-001                 -7.8632575178949737E-001                  6.7031322169708929E+000                 -1.9132190379785188E+000                  1.2687428538912375E+001                  3.5516371554308781E-005                  4.1231577382783408E-001                  5.8764870980061157E-001                  4.8204573411433891E-108                  4.6243915940817424E-110                  0.0000000000000000E+000 
                                     561                  2.2332547896800986E-001                 -7.8785124232698012E-001                  6.7051587287877101E+000                 -1.9043785803775464E+000                  1.2697367757601819E+001                  3.5516371554308781E-005                  4.1231577382783408E-001                  5.8764870980061157E-001                  5.5087722434798190E-108                  5.3275016086051522E-110                  0.0000000000000000E+000 
                                     562                  2.2332508167342030E-001                 -7.8936175056412927E-001                  6.7081678430106564E+000                 -1.8913583472182416E+000                  1.2712062319309487E+001                  3.5516371554308781E-005                  4.1231577382783408E-001                  5.8764870980061157E-001                  6.7123733403170129E-108                  6.5695603926838327E-110                  0.0000000000000000E+000 
                                     563                  2.2332428708424124E-001                 -7.9233930194641078E-001                  6.7111310004879776E+000                 -1.8783510404803216E+000                  1.2726664482395035E+001                  3.5516371554308754E-005                  4.1231577382783419E-001                  5.8764870980061157E-001                  8.1546378912023192E-108                  8.0754530417869191E-110                  0.0000000000000000E+000 
                                     564                  2.2332388978965168E-001                 -7.9380652085133596E-001                  6.7140617744821265E+000                 -1.8656871664793206E+000                  1.2740980654913139E+001                  3.5516371554308767E-005                  4.1231577382783402E-001                  5.8764870980061168E-001                  9.8774147215794924E-108                  9.8955778871718320E-110                  0.0000000000000000E+000 
                                     565                  2.2332309520047261E-001                 -7.9669984088897827E-001                  6.7169488949086542E+000                 -1.8530375111813822E+000                  1.2755208105617230E+001                  3.5516371554308781E-005                  4.1231577382783413E-001                  5.8764870980061157E-001                  1.1930476927432771E-107                  1.2089456135331103E-109                  0.0000000000000000E+000 
                                     566                  2.2332269790588308E-001                 -7.9812611066873684E-001                  6.7198052414761262E+000                 -1.8407131188314192E+000                  1.2769163455564303E+001                  3.5516371554308781E-005                  4.1231577382783408E-001                  5.8764870980061157E-001                  1.4369834866678426E-107                  1.4726143906107470E-109                  0.0000000000000000E+000 
                                     567                  2.2332190331670398E-001                 -8.0093970840537665E-001                  6.7226200605808524E+000                 -1.8284038934918183E+000                  1.2783033602319883E+001                  3.5516371554308781E-005                  4.1231577382783408E-001                  5.8764870980061157E-001                  1.7261756946364700E-107                  1.7886709602882411E-109                  0.0000000000000000E+000 
                                     568                  2.2332150602211448E-001                 -8.0232719753226056E-001                  6.7244791046740087E+000                 -1.8203383481251283E+000                  1.2792154839818636E+001                  3.5516371554308781E-005                  4.1231577382783408E-001                  5.8764870980061157E-001                  1.9477467389763229E-107                  2.0330511660743108E-109                  0.0000000000000000E+000 
                                     569                  2.2332110872752489E-001                 -8.0370221378284923E-001                  6.7272417867713736E+000                 -1.8084419646145113E+000                  1.2805654546764922E+001                  3.5516371554308781E-005                  4.1231577382783408E-001                  5.8764870980061157E-001                  2.3295037672357726E-107                  2.4580064709386619E-109                  0.0000000000000000E+000 
                                     570                  2.2332031413834585E-001                 -8.0641596396920423E-001                  6.7299655185720271E+000                 -1.7965624466886796E+000                  1.2819073501078357E+001                  3.5515948263088848E-005                  4.1232228053993647E-001                  5.8764220351180052E-001                  2.7791783246314458E-107                  2.9638300191663953E-109                  0.0000000000000000E+000 
                                     571                  2.2331991684375629E-001                 -8.0775485157248417E-001                  6.7326617726721736E+000                 -1.7849702738471247E+000                  1.2832249292155741E+001                  3.5515668306739384E-005                  4.1232658387665777E-001                  5.8763790045503550E-001                  3.3074161301080483E-107                  3.5644413877963122E-109                  0.0000000000000000E+000 
                                     572                  2.2331912225457723E-001                 -8.1039817788342106E-001                  6.7353208436790544E+000                 -1.7733943585658176E+000                  1.2845347493413437E+001                  3.5515413520128439E-005                  4.1233050019978468E-001                  5.8763398438669512E-001                  3.9267181485346997E-107                  4.2759025338072362E-109                  0.0000000000000000E+000 
                                     573                  2.2331872495998767E-001                 -8.1170275961769611E-001                  6.7379536830597155E+000                 -1.7620920352838763E+000                  1.2858213614386374E+001                  3.5515045072481034E-005                  4.1233616350403518E-001                  5.8762832145089239E-001                  4.6510089901483759E-107                  5.1166385254385892E-109                  0.0000000000000000E+000 
                                     574                  2.2331793037080860E-001                 -8.1427917689241691E-001                  6.7414131841907734E+000                 -1.7471548420536871E+000                  1.2875186635939109E+001                  3.5515044958474960E-005                  4.1233616525591821E-001                  5.8762831969912332E-001                  5.8080473338120483E-107                  6.4759372542270047E-109                  0.0000000000000000E+000 
                                     575                  2.2331713578162951E-001                 -8.1681281322573263E-001                  6.7443955669068236E+000                 -1.7342512646051897E+000                  1.2889845200575886E+001                  3.5515044858719490E-005                  4.1233616678881663E-001                  5.8762831816632466E-001                  7.0316095393071257E-107                  7.9313380695946061E-109                  0.0000000000000000E+000 
                                     576                  2.2331653983974517E-001                 -8.1868571189398087E-001                  6.7469217168364208E+000                 -1.7233662104815803E+000                  1.2902236477297237E+001                  3.5515044773214956E-005                  4.1233616810272811E-001                  5.8762831685249872E-001                  8.2642773282437423E-107                  9.4132578728643989E-109                  0.0000000000000000E+000 
                                     577                  2.2331594389786089E-001                 -8.2053589161840501E-001                  6.7494195207887087E+000                 -1.7126116589213769E+000                  1.2914488124539204E+001                  3.5515044687710321E-005                  4.1233616941664075E-001                  5.8762831553867156E-001                  9.6926699648576363E-107                  1.1147232646301792E-108                  0.0000000000000000E+000 
                                     578                  2.2331534795597655E-001                 -8.2236389379736141E-001                  6.7531192159276019E+000                 -1.6968380225870932E+000                  1.2932536158616248E+001                  3.5515016028464046E-005                  4.1233660981096210E-001                  5.8762787517300952E-001                  1.2263957603799696E-106                  1.4306853868415989E-108                  0.0000000000000000E+000 
                                     579                  2.2331415607220795E-001                 -8.2595604862747452E-001                  6.7567485069863826E+000                 -1.6811008359371757E+000                  1.2950434933826672E+001                  3.5514985909567337E-005                  4.1233707263510466E-001                  5.8762741237898575E-001                  1.5448745039309971E-106                  1.8275285505538543E-108                  0.0000000000000000E+000 
                                     580                  2.2331356013032361E-001                 -8.2772058802642312E-001                  6.7591386565679352E+000                 -1.6708396083241637E+000                  1.2962156787411535E+001                  3.5514984364412179E-005                  4.1233709637883970E-001                  5.8762738863679587E-001                  1.7975778571125675E-106                  2.1460513952857678E-108                  0.0000000000000000E+000 
                                     581                  2.2331296418843927E-001                 -8.2946493761381479E-001                  6.7615032379848072E+000                 -1.6606950006165460E+000                  1.2973752937062127E+001                  3.5514982819257055E-005                  4.1233712012257429E-001                  5.8762736489460643E-001                  2.0877020259753528E-106                  2.5150893761240265E-108                  0.0000000000000000E+000 
                                     582                  2.2331236824655498E-001                 -8.3118955367657321E-001                  6.7642314320648440E+000                 -1.6490314360374383E+000                  1.2987108973651663E+001                  3.5514981016576227E-005                  4.1233714782359671E-001                  5.8762733719538673E-001                  2.4801245282367410E-106                  3.0191710589279720E-108                  0.0000000000000000E+000 
                                     583                  2.2331157365737589E-001                 -8.3345919434168525E-001                  6.7673072122668447E+000                 -1.6358539994228922E+000                  1.3002193154835409E+001                  3.5514978956369418E-005                  4.1233717948190923E-001                  5.8762730553913434E-001                  3.0107458517392015E-106                  3.7083844908129728E-108                  0.0000000000000000E+000 
                                     584                  2.2331077906819680E-001                 -8.3569553920013850E-001                  6.7703406146216247E+000                 -1.6228688607441579E+000                  1.3017069151889817E+001                  3.5514976896162528E-005                  4.1233721114022259E-001                  5.8762727388288116E-001                  3.6436370009743628E-106                  4.5400599517170935E-108                  0.0000000000000000E+000 
                                     585                  2.2330998447901773E-001                 -8.3789955294466967E-001                  6.7733327350034642E+000                 -1.6100706909974296E+000                  1.3031742409450123E+001                  3.5514974835955678E-005                  4.1233724279853518E-001                  5.8762724222662888E-001                  4.3963716341937630E-106                  5.5406200974016465E-108                  0.0000000000000000E+000 
                                     586                  2.2330918988983864E-001                 -8.4007215996530393E-001                  6.7762843817334213E+000                 -1.5974967251750787E+000                  1.3046218172497166E+001                  3.5494694092977188E-005                  4.1264877556649049E-001                  5.8731572973941648E-001                  5.2925888600902544E-106                  6.7364107953192517E-108                  0.0000000000000000E+000 
                                     587                  2.2330839530065955E-001                 -8.4221445697578912E-001                  6.7791964351607259E+000                 -1.5850845919322647E+000                  1.3060501522637347E+001                  3.5481026142575742E-005                  4.1285851303152887E-001                  5.8710600594232853E-001                  6.3520025186135003E-106                  8.1672786905868830E-108                  0.0000000000000000E+000 
                                     588                  2.2330760071148051E-001                 -8.4432721735108218E-001                  6.7820699182155213E+000                 -1.5728579272656764E+000                  1.3074597347714136E+001                  3.5460630065485431E-005                  4.1317118488815963E-001                  5.8679335448177494E-001                  7.6040241103839148E-106                  9.8709179802620009E-108                  0.0000000000000000E+000 
                                     589                  2.2330680612230142E-001                 -8.4641131937762970E-001                  6.7849059710275590E+000                 -1.5607566505199733E+000                  1.3088510368461773E+001                  3.5459978063422008E-005                  4.1318116877089955E-001                  5.8678337125103708E-001                  9.0726214183799629E-106                  1.1903430695125103E-107                  0.0000000000000000E+000 
                                     590                  2.2330601153312235E-001                 -8.4846734246545230E-001                  6.7877057601512538E+000                 -1.5488188482771221E+000                  1.3102245112499210E+001                  3.5459321403285273E-005                  4.1319122390492130E-001                  5.8677331677367539E-001                  1.0796704107228580E-105                  1.4314878647494702E-107                  0.0000000000000000E+000 
                                     591                  2.2330521694394326E-001                 -8.5049604028628167E-001                  6.7904701754936490E+000                 -1.5370402829645180E+000                  1.3115805949046353E+001                  3.5458678717368479E-005                  4.1320106528509604E-001                  5.8676347603618662E-001                  1.2815884238518012E-105                  1.7168655958031526E-107                  0.0000000000000000E+000 
                                     592                  2.2330442235476416E-001                 -8.5249813713459877E-001                  6.7932000788362963E+000                 -1.5254169165399187E+000                  1.3129197095829619E+001                  3.5458050005671450E-005                  4.1321069291142498E-001                  5.8675384903856931E-001                  1.5175184266652592E-105                  2.0537559291263572E-107                  0.0000000000000000E+000 
                                     593                  2.2330362776558510E-001                 -8.5447432959710423E-001                  6.7958963037458515E+000                 -1.5139450570918680E+000                  1.3142422625664668E+001                  3.5457342106728528E-005                  4.1322153180955162E-001                  5.8674301084834157E-001                  1.7925724072533387E-105                  2.4504942521675162E-107                  0.0000000000000000E+000 
                                     594                  2.2330283317640601E-001                 -8.5642528881939139E-001                  6.7985596570809035E+000                 -1.5026208998568453E+000                  1.3155486472813770E+001                  3.5456582968979358E-005                  4.1323315447178327E-001                  5.8673138894524768E-001                  2.1125325748903111E-105                  2.9166204003916244E-107                  0.0000000000000000E+000 
                                     595                  2.2330203858722694E-001                 -8.5835166062713708E-001                  6.8011909208470325E+000                 -1.4914408767613216E+000                  1.3168392438883549E+001                  3.5455753960130519E-005                  4.1324584590325103E-001                  5.8671869834278878E-001                  2.4839362959865353E-105                  3.4630192595150568E-107                  0.0000000000000000E+000 
                                     596                  2.2330124399804785E-001                 -8.6025406719867048E-001                  6.8037908520138384E+000                 -1.4804015091967249E+000                  1.3181144198483093E+001                  3.5454855080182262E-005                  4.1325960610395290E-001                  5.8670493904096688E-001                  2.9141574549653543E-105                  4.1020919201883826E-107                  0.0000000000000000E+000 
                                     597                  2.2330044940886876E-001                 -8.6213310802971455E-001                  6.8063601829195628E+000                 -1.4694992431011844E+000                  1.3193745304580212E+001                  3.5453979490600527E-005                  4.1327301004824285E-001                  5.8669153597226653E-001                  3.4114899736344614E-105                  4.8479530162870233E-107                  0.0000000000000000E+000 
                                     598                  2.2329965481968972E-001                 -8.6398936015604932E-001                  6.8101636803061520E+000                 -1.4535151418206453E+000                  1.3212294725239977E+001                  3.5452666106228083E-005                  4.1329311596467705E-001                  5.8667143136921673E-001                  4.3040397794803567E-105                  6.2026692095815048E-107                  0.0000000000000000E+000 
                                     599                  2.2329806564133156E-001                 -8.6763630457323360E-001                  6.8138911326063765E+000                 -1.4376143927221545E+000                  1.3230679094186799E+001                  3.5435866974973335E-005                  4.1355010483261706E-001                  5.8641445930040792E-001                  5.4079121635357421E-105                  7.8932198719595235E-107                  0.0000000000000000E+000 
                                     600                  2.2329727105215247E-001                 -8.6942758861094405E-001                  6.8163446251600899E+000                 -1.4272271888427326E+000                  1.3242710918983427E+001                  3.5435648314756008E-005                  4.1355344971064317E-001                  5.8641111464104201E-001                  6.2792502538698012E-105                  9.2482410979006946E-107                  0.0000000000000000E+000 
                                     601                  2.2329647646297338E-001                 -8.7119818730565335E-001                  6.8187708470706960E+000                 -1.4169619917414613E+000                  1.3254608210396684E+001                  3.5435429654538661E-005                  4.1355679458866884E-001                  5.8640776998167654E-001                  7.2770353626069782E-105                  1.0813906017265064E-106                  0.0000000000000000E+000 
                                     602                  2.2329568187379431E-001                 -8.7294858405125708E-001                  6.8223651155319729E+000                 -1.4018923243789008E+000                  1.3272139315584045E+001                  3.5435077580058170E-005                  4.1356218037398274E-001                  5.8640238454843718E-001                  9.0470714896601838E-105                  1.3622809688799160E-106                  0.0000000000000000E+000 
                                     603                  2.2329409269543618E-001                 -8.7639112122779528E-001                  6.8258916334580251E+000                 -1.3868705122616070E+000                  1.3289522122026096E+001                  3.5434727296221166E-005                  4.1356753876388591E-001                  5.8639702650881786E-001                  1.1202046369653654E-104                  1.7086995083659084E-106                  0.0000000000000000E+000 
                                     604                  2.2329329810625709E-001                 -8.7808365442706493E-001                  6.8282145088913335E+000                 -1.3770664469499829E+000                  1.3300909627918179E+001                  3.5434560385599849E-005                  4.1357009191453881E-001                  5.8639447352507568E-001                  1.2888615728650741E-104                  1.9827320490430476E-106                  0.0000000000000000E+000 
                                     605                  2.2329250351707797E-001                 -8.7975776116498661E-001                  6.8305128874036392E+000                 -1.3673713577361208E+000                  1.3312176326007041E+001                  3.5434425527496262E-005                  4.1357215468733960E-001                  5.8639241088713290E-001                  1.4803842864280571E-104                  2.2965609591351510E-106                  0.0000000000000000E+000 
                                     606                  2.2329170892789893E-001                 -8.8141384912190190E-001                  6.8335427133378932E+000                 -1.3546657619642759E+000                  1.3326978145363178E+001                  3.5434312686756946E-005                  4.1357388046270871E-001                  5.8639068522460458E-001                  1.7761294910404000E-104                  2.7859756083774592E-106                  0.0000000000000000E+000 
                                     607                  2.2329038461260042E-001                 -8.8413522620865270E-001                  6.8372683531685983E+000                 -1.3389701988177738E+000                  1.3345240838036709E+001                  3.5434067204274379E-005                  4.1357763515796941E-001                  5.8638693077482629E-001                  2.2212469965960418E-104                  3.5317090871042750E-106                  0.0000000000000000E+000 
                                     608                  2.2328906029730194E-001                 -8.8680938184551128E-001                  6.8400185144229395E+000                 -1.3273202900459289E+000                  1.3358775145712189E+001                  3.5433874298313818E-005                  4.1358058565756856E-001                  5.8638398046813311E-001                  2.6193912179987469E-104                  4.2065243664585041E-106                  0.0000000000000000E+000 
                                     609                  2.2328839813965271E-001                 -8.8812916430839761E-001                  6.8418347450518002E+000                 -1.3196807557948718E+000                  1.3367675661806770E+001                  3.5433726185173773E-005                  4.1358285101693376E-001                  5.8638171525688110E-001                  2.9198629191029422E-104                  4.7200147463008943E-106                  0.0000000000000000E+000 
                                     610                  2.2328773598200347E-001                 -8.8943775977443706E-001                  6.8445336728218580E+000                 -1.3084043349651973E+000                  1.3380848932043747E+001                  3.5433478331721913E-005                  4.1358664184809557E-001                  5.8637792467357275E-001                  3.4297698018035865E-104                  5.5986767291832105E-106                  0.0000000000000000E+000 
                                     611                  2.2328641166670499E-001                 -8.9202236667873480E-001                  6.8480770837945570E+000                 -1.2935145902913805E+000                  1.3398214401837372E+001                  3.5433106119934554E-005                  4.1359233473899587E-001                  5.8637223215488421E-001                  4.2358056969807778E-104                  7.0034169354740116E-106                  0.0000000000000000E+000 
                                     612                  2.2328508735140648E-001                 -8.9456448069357375E-001                  6.8515635282744070E+000                 -1.2788753270890110E+000                  1.3415299908196539E+001                  3.5432738286799475E-005                  4.1359796037390284E-001                  5.8636660688781039E-001                  5.2108966660434458E-104                  8.7244484002557248E-106                  0.0000000000000000E+000 
                                     613                  2.2328376303610803E-001                 -8.9706552089113456E-001                  6.8549947408359104E+000                 -1.2644782355593704E+000                  1.3432114269962369E+001                  3.5432375176690742E-005                  4.1360351355817671E-001                  5.8636105406664663E-001                  6.3863194460969939E-104                  1.0825030581358136E-105                  0.0000000000000000E+000 
                                     614                  2.2328243872080952E-001                 -8.9952683637679864E-001                  6.8575304905166661E+000                 -1.2537831759949425E+000                  1.3444586758432246E+001                  3.5432101286188247E-005                  4.1360770219799892E-001                  5.8635686570071488E-001                  7.4209836423476263E-104                  1.2693698829670906E-105                  0.0000000000000000E+000 
                                     615                  2.2328177656316031E-001                 -9.0074291674270557E-001                  6.8592062689016950E+000                 -1.2467600861096950E+000                  1.3452797675007323E+001                  3.5431917861628757E-005                  4.1361050729207643E-001                  5.8635406079006192E-001                  8.1931667634638830E-104                  1.4098859012283492E-105                  0.0000000000000000E+000 
                                     616                  2.2328111440551107E-001                 -9.0194954438040864E-001                  6.8616981700984905E+000                 -1.2363798910861412E+000                  1.3464962683847061E+001                  3.5431641478452829E-005                  4.1361473393448589E-001                  5.8634983442403565E-001                  9.4891507871245167E-104                  1.6475110451684880E-105                  0.0000000000000000E+000 
                                     617                  2.2327979009021257E-001                 -9.0433520047369187E-001                  6.8649733356825706E+000                 -1.2226633574691341E+000                  1.3481012616957738E+001                  3.5431269795513506E-005                  4.1362041786477166E-001                  5.8634415086543279E-001                  1.1507029513103039E-103                  2.0213403611404032E-105                  0.0000000000000000E+000 
                                     618                  2.2327846577491409E-001                 -9.0668480266691653E-001                  6.8681994833549913E+000                 -1.2091595193024574E+000                  1.3496822901401188E+001                  3.5430895462686861E-005                  4.1362614223465910E-001                  5.8633842686987814E-001                  1.3907894650375691E-103                  2.4713032400882590E-105                  0.0000000000000000E+000 
                                     619                  2.2327714145961564E-001                 -9.0899946174367952E-001                  6.8713780077904749E+000                 -1.1958618428200523E+000                  1.3512400570260876E+001                  3.5430515824398187E-005                  4.1363194751083920E-001                  5.8633262197333647E-001                  1.6755850943167801E-103                  3.0111705138999458E-105                  0.0000000000000000E+000 
                                     620                  2.2327581714431713E-001                 -9.1128023779446665E-001                  6.8741113921006756E+000                 -1.1844004731469389E+000                  1.3525821156788346E+001                  3.5430179407695946E-005                  4.1363709174788954E-001                  5.8632747807270280E-001                  1.9662174686357067E-103                  3.5678737603029892E-105                  0.0000000000000000E+000 
                                     621                  2.2327483118812524E-001                 -9.1295682289887026E-001                  6.8764183566161403E+000                 -1.1747578718416196E+000                  1.3537128011420483E+001                  3.5429893729246957E-005                  4.1364146008049429E-001                  5.8632311002577642E-001                  2.2497349872583773E-103                  4.1158144036147993E-105                  0.0000000000000000E+000 
                                     622                  2.2327384523193333E-001                 -9.1461559256761515E-001                  6.8798374696739719E+000                 -1.1605823687910639E+000                  1.3553802824874015E+001                  3.5429467268157865E-005                  4.1364798105823719E-001                  5.8631658947449461E-001                  2.7450670368945602E-103                  5.0830388707646674E-105                  0.0000000000000000E+000 
                                     623                  2.2327187331954951E-001                 -9.1788162844933541E-001                  6.8831940624491716E+000                 -1.1464532698781138E+000                  1.3570342033035137E+001                  3.5429041109064662E-005                  4.1365449730223963E-001                  5.8631007365665133E-001                  3.3374766185344525E-103                  6.2535672107913932E-105                  0.0000000000000000E+000 
                                     624                  2.2327088736335760E-001                 -9.1948923326038223E-001                  6.8854058904992392E+000                 -1.1372191258557445E+000                  1.3581185682982136E+001                  3.5428758575577177E-005                  4.1365881733518722E-001                  5.8630575390623718E-001                  3.7945568867515366E-103                  7.1655699178634944E-105                  0.0000000000000000E+000 
                                     625                  2.2326990140716568E-001                 -9.2108050191703250E-001                  6.8886855377709102E+000                 -1.1236322945109114E+000                  1.3597188389448498E+001                  3.5428337134208192E-005                  4.1366526119002572E-001                  5.8629931047284001E-001                  4.5873274659201687E-103                  8.7629853354682220E-105                  0.0000000000000000E+000 
                                     626                  2.2326792949478186E-001                 -9.2421573712447280E-001                  6.8919074642913873E+000                 -1.1100884590794091E+000                  1.3613066201866822E+001                  3.5427915702723383E-005                  4.1367170478318077E-001                  5.8629286730111652E-001                  5.5275364624931254E-103                  1.0678949396300633E-104                  0.0000000000000000E+000 
                                     627                  2.2326694353858997E-001                 -9.2576000264864944E-001                  6.8940314910900282E+000                 -1.1012293165560099E+000                  1.3623483160573681E+001                  3.5427637777122311E-005                  4.1367595410978614E-001                  5.8628861825243672E-001                  6.2480976043646886E-103                  1.2161083217577450E-104                  0.0000000000000000E+000 
                                     628                  2.2326595758239809E-001                 -9.2728923373634575E-001                  6.8971823239563346E+000                 -1.0881838440216789E+000                  1.3638865948173301E+001                  3.5427225431803804E-005                  4.1368225849644907E-001                  5.8628231427811905E-001                  7.4895528978751364E-103                  1.4738720390453466E-104                  0.0000000000000000E+000 
                                     629                  2.2326398567001426E-001                 -9.3030409934172864E-001                  6.9013071787315994E+000                 -1.0709847677673690E+000                  1.3659105534028908E+001                  3.5426680967347333E-005                  4.1369058270316461E-001                  5.8627399061586805E-001                  9.4922539426611989E-103                  1.8950280931043583E-104                  0.0000000000000000E+000 
                                     630                  2.2326201375763038E-001                 -9.3326230786734976E-001                  6.9043458011796206E+000                 -1.0582325543487927E+000                  1.3674085128831752E+001                  3.5426274982120708E-005                  4.1369678964114481E-001                  5.8626778408387303E-001                  1.1300187838052703E-102                  2.2799220269438423E-104                  0.0000000000000000E+000 
                                     631                  2.2326102780143850E-001                 -9.3472070973069665E-001                  6.9063502073727880E+000                 -1.0498816775723172E+000                  1.3683921720597334E+001                  3.5426005421240513E-005                  4.1370091080348415E-001                  5.8626366319109469E-001                  1.2673228058962549E-102                  2.5747966831910045E-104                  0.0000000000000000E+000 
                                     632                  2.2326004184524662E-001                 -9.3616575528550017E-001                  6.9093253833080457E+000                 -1.0375713688839241E+000                  1.3698460089862104E+001                  3.5425596416574582E-005                  4.1370716388930223E-001                  5.8625741051428126E-001                  1.5017655256802900E-102                  3.0827255082530456E-104                  0.0000000000000000E+000 
                                     633                  2.2325806993286279E-001                 -9.3901703945697701E-001                  6.9132240771862561E+000                 -1.0213315165481636E+000                  1.3717602665976599E+001                  3.5425071553225354E-005                  4.1371518794594248E-001                  5.8624938698250428E-001                  1.8753770514563242E-102                  3.9018963107110484E-104                  0.0000000000000000E+000 
                                     634                  2.2325609802047897E-001                 -9.4181781943763321E-001                  6.9160987813321899E+000                 -1.0092827749684852E+000                  1.3731780715451576E+001                  3.5424690620136435E-005                  4.1372101138698908E-001                  5.8624356392239085E-001                  2.2087620965124075E-102                  4.6413446347055540E-104                  0.0000000000000000E+000 
                                     635                  2.2325511206428705E-001                 -9.4319972833814503E-001                  6.9179961006441157E+000                 -1.0013845386916980E+000                  1.3741098528036469E+001                  3.5424440603129236E-005                  4.1372483339748573E-001                  5.8623974216191121E-001                  2.4599217947669772E-102                  5.2030126464123673E-104                  0.0000000000000000E+000 
                                     636                  2.2325412610809517E-001                 -9.4456969189627493E-001                  6.9208138504089236E+000                 -9.8973022251461895E-001                  1.3754880875413175E+001                  3.5424071485196551E-005                  4.1373047598793000E-001                  5.8623409994058484E-001                  2.8853618925195211E-102                  6.1623054276493431E-104                  0.0000000000000000E+000 
                                     637                  2.2325215419571132E-001                 -9.4727485016318602E-001                  6.9245094869911110E+000                 -9.7434726012309258E-001                  1.3773039986446262E+001                  3.5423576312219568E-005                  4.1373804546145654E-001                  5.8622653096223121E-001                  3.5560440065585191E-102                  7.6916467715051630E-104                  0.0000000000000000E+000 
                                     638                  2.2325018228332749E-001                 -9.4993470197484375E-001                  6.9281419723378663E+000                 -9.5922990907317451E-001                  1.3790893548384316E+001                  3.5423101166213857E-005                  4.1374530855827496E-001                  5.8621926834055882E-001                  4.3648082671751607E-102                  9.5591702900109934E-104                  0.0000000000000000E+000 
                                     639                  2.2324821037094367E-001                 -9.5255080122493985E-001                  6.9317133843028280E+000                 -9.4436903800957239E-001                  1.3808451770825458E+001                  3.5422637907093021E-005                  4.1375238981536616E-001                  5.8621218754672677E-001                  5.3365115191100440E-102                  1.1830753635700001E-103                  0.0000000000000000E+000 
                                     640                  2.2324623845855984E-001                 -9.5512462267394138E-001                  6.9343503357760152E+000                 -9.3333310865266716E-001                  1.3821470190159614E+001                  3.5422301799581325E-005                  4.1375752730919707E-001                  5.8620705038900334E-001                  6.1893051779487297E-102                  1.3845309961907840E-103                  0.0000000000000000E+000 
                                     641                  2.2324525250236793E-001                 -9.5639602984896332E-001                  6.9360921219479605E+000                 -9.2608816799630589E-001                  1.3830035987988055E+001                  3.5422082985566844E-005                  4.1376087186497257E-001                  5.8620370605204186E-001                  6.8243891010717021E-102                  1.5356805273059717E-103                  0.0000000000000000E+000 
                                     642                  2.2324426654617605E-001                 -9.5765738936896061E-001                  6.9386809158247367E+000                 -9.1538287235090421E-001                  1.3842720364221000E+001                  3.5421761285386644E-005                  4.1376578892286475E-001                  5.8619878931584979E-001                  7.8879126002620482E-102                  1.7907007269608533E-103                  0.0000000000000000E+000 
                                     643                  2.2324229463379222E-001                 -9.6015078808968657E-001                  6.9420805746407925E+000                 -9.0124097019020266E-001                  1.3859448968507028E+001                  3.5421334275143771E-005                  4.1377231560546152E-001                  5.8619226306026340E-001                  9.5385631409275500E-102                  2.1905642250195505E-103                  0.0000000000000000E+000 
                                     644                  2.2324032272140840E-001                 -9.6260590836116844E-001                  6.9454265054924775E+000                 -8.8732323797649904E-001                  1.3875918383348161E+001                  3.5420911361845477E-005                  4.1377877963487525E-001                  5.8618579945376292E-001                  1.1495274304993931E-101                  2.6700211190318152E-103                  0.0000000000000000E+000 
                                     645                  2.2323835080902454E-001                 -9.6502395653367146E-001                  6.9487203304571814E+000                 -8.7362250799125307E-001                  1.3892136614654190E+001                  3.5420502031432271E-005                  4.1378503590610372E-001                  5.8617954359186486E-001                  1.3807647438574873E-101                  3.2430285627739722E-103                  0.0000000000000000E+000 
                                     646                  2.2323637889664072E-001                 -9.6740608197797262E-001                  6.9519635955579941E+000                 -8.6013199694595466E-001                  1.3908111304944315E+001                  3.5420088560674517E-005                  4.1379135546937634E-001                  5.8617322444206299E-001                  1.6532193915956151E-101                  3.9256628212073932E-103                  0.0000000000000000E+000 
                                     647                  2.2323440698425689E-001                 -9.6975338088031393E-001                  6.9551577761893499E+000                 -8.4684514112679388E-001                  1.3923849754812789E+001                  3.5419695390714671E-005                  4.1379736456683952E-001                  5.8616721573776975E-001                  1.9733105649041552E-101                  4.7364001241855766E-103                  0.0000000000000000E+000 
                                     648                  2.2323243507187307E-001                 -9.7206689897883913E-001                  6.9583042828146899E+000                 -8.3375573797633895E-001                  1.3939358942779007E+001                  3.5419315245780321E-005                  4.1380317447424331E-001                  5.8616140621051094E-001                  2.3483165924920190E-101                  5.6964117400774459E-103                  0.0000000000000000E+000 
                                     649                  2.2323046315948925E-001                 -9.7434763493474785E-001                  6.9614044651670977E+000                 -8.2085784281279972E-001                  1.3954645543781696E+001                  3.5418950161230991E-005                  4.1380875404299761E-001                  5.8615582700684121E-001                  2.7864687713763724E-101                  6.8299024984793538E-103                  0.0000000000000000E+000 
                                     650                  2.2322849124710542E-001                 -9.7659654301400090E-001                  6.9644596158293712E+000                 -8.0814577708588875E-001                  1.3969715946364094E+001                  3.5418600137066526E-005                  4.1381410327310364E-001                  5.8615047812675924E-001                  3.2970562170564707E-101                  8.1644774391256521E-103                  0.0000000000000000E+000 
                                     651                  2.2322651933472160E-001                 -9.7881453569808785E-001                  6.9674709734063063E+000                 -7.9561412517391472E-001                  1.3984576268675456E+001                  3.5418257623077675E-005                  4.1381933771095153E-001                  5.8614524403142543E-001                  3.8905400705900763E-101                  9.7315443499999715E-103                  0.0000000000000000E+000 
                                     652                  2.2322454742233777E-001                 -9.8100248616837071E-001                  6.9704397255729234E+000                 -7.8325769119030486E-001                  1.3999232373392344E+001                  3.5417921413308035E-005                  4.1382447577681070E-001                  5.8614010630177593E-001                  4.5786753861175420E-101                  1.1566760719129004E-102                  0.0000000000000000E+000 
                                     653                  2.2322257550995395E-001                 -9.8316123047020787E-001                  6.9733670121121190E+000                 -7.7107147119202857E-001                  1.4013689881625970E+001                  3.5417603881792705E-005                  4.1382932824321267E-001                  5.8613525415290546E-001                  5.3746428141380111E-101                  1.3710524873805047E-102                  0.0000000000000000E+000 
                                     654                  2.2322060359757012E-001                 -9.8529156945208041E-001                  6.9762539275645050E+000                 -7.5905069845769979E-001                  1.4027954185886870E+001                  3.5417303990850745E-005                  4.1383391097679484E-001                  5.8613067171921429E-001                  6.0775867852519084E-201                  1.6208499368374597E-102                  0.0000000000000000E+000 
                                     655                  2.2321863168518630E-001                 -9.8739427084889142E-001                  6.9791015234136040E+000                 -7.4719084510679745E-001                  1.4042030462217681E+001                  3.5417000986866543E-005                  4.1383854131028552E-001                  5.8612604168872762E-001                  6.4409446840627410E-201                  1.9112183214838238E-102                  0.0000000000000000E+000 
                                     656                  2.2321665977280247E-001                 -9.8947007128886422E-001                  6.9819108104423613E+000                 -7.3548752579107279E-001                  1.4055923681564284E+001                  3.5416694869840108E-005                  4.1384321924368472E-001                  5.8612136406144544E-001                  6.8202445523825840E-201                  2.2479563289160735E-102                  0.0000000000000000E+000 
                                     657                  2.2321468786041862E-001                 -9.9151967776209415E-001                  6.9846827611305731E+000                 -7.2393652302729627E-001                  1.4069638620390780E+001                  3.5416389790494201E-005                  4.1384788131044947E-001                  5.8611670229975998E-001                  7.2159317775749741E-201                  2.6375799399757671E-102                  0.0000000000000000E+000 
                                     658                  2.2321271594803480E-001                 -9.9354376915356235E-001                  6.9887795364006058E+000                 -7.0701744078693984E-001                  1.4089795387430371E+001                  3.5413523926967188E-005                  4.1389166974334829E-001                  5.8607291673272477E-001                  7.8393864403729852E-201                  3.3372578827842041E-102                  0.0000000000000000E+000 
                                     659                  2.2320877212326717E-001                 -9.9751869890431133E-001                  6.9927836788206479E+000                 -6.9016079703475985E-001                  1.4109759644394410E+001                  3.5413482914504522E-005                  4.1389229637456848E-001                  5.8607229014251705E-001                  8.5057779242989450E-201                  4.2010189983834270E-102                  0.0000000000000000E+000 
                                     660                  2.2320680021088335E-001                 -9.9947008246996649E-001                  6.9954152815219759E+000                 -6.7917950078824441E-001                  1.4122805733077165E+001                  3.5413455989331439E-005                  4.1389270776585951E-001                  5.8607187877815115E-001                  8.9715768037699162E-201                  4.8844324991688649E-102                  0.0000000000000000E+000 
                                     661                  2.2320482829849952E-001                 -1.0013984108455218E+000                  6.9980139078279100E+000                 -6.6833184917129029E-001                  1.4135694833258812E+001                  3.5413429975183660E-005                  4.1389310523840284E-001                  5.8607148133162190E-001                  9.4560665644085114E-201                  5.6669252277571497E-102                  0.0000000000000000E+000 
                                     662                  2.2320285638611570E-001                 -1.0033042430252579E+000                  7.0005803378898221E+000                 -6.5761452861214320E-001                  1.4148430742718922E+001                  3.5413402477366147E-005                  4.1389352537862062E-001                  5.8607106121890196E-001                  9.9597224679795857E-201                  6.5611359053435108E-102                  4.2368906185647281E-057 
                                     663                  2.2320088447373188E-001                 -1.0051881175227004E+000                  7.0043772166347722E+000                 -6.4188394596106046E-001                  1.4167176115937373E+001                  3.5413359252413829E-005                  4.1389418581251214E-001                  5.8607040082823547E-001                  1.0750194903154776E-200                  8.1432321881487431E-102                  7.4897976311916428E-057 
                                     664                  2.2319694064896423E-001                 -1.0088925791393610E+000                  7.0093254649147703E+000                 -6.2118691342245602E-001                  1.4191776714059463E+001                  3.5413298530335111E-005                  4.1389511358221304E-001                  5.8606947311925661E-001                  1.1878331617002216E-200                  1.0787348929143996E-101                  1.5712682677786381E-056 
                                     665                  2.2319299682419660E-001                 -1.0125151689550032E+000                  7.0129547621792891E+000                 -6.0587284860797608E-001                  1.4209937528762632E+001                  3.5413236509294430E-005                  4.1389606117754252E-001                  5.8606852558594813E-001                  1.2782498855218108E-200                  1.3254642696569883E-101                  2.7029242173642364E-056 
                                     666                  2.2319102491181275E-001                 -1.0142966854661220E+000                  7.0153428952864774E+000                 -5.9587418006277282E-001                  1.4221826910720150E+001                  3.5413152562322443E-005                  4.1389734375596482E-001                  5.8606724309147284E-001                  1.3411399284369236E-200                  1.5171752028880923E-101                  3.8581093083723064E-056 
                                     667                  2.2318905299942893E-001                 -1.0160590962136353E+000                  7.0188790319844765E+000                 -5.8117620182157692E-001                  1.4239348558153438E+001                  3.5412853080989156E-005                  4.1390191934783083E-001                  5.8606266779908811E-001                  1.4394989652651780E-200                  1.8519489831489866E-101                  6.5242362536231810E-056 
                                     668                  2.2318510917466131E-001                 -1.0195286965732295E+000                  7.0234937056492246E+000                 -5.6181893470761846E-001                  1.4262367880453377E+001                  3.5412840610543527E-005                  4.1390210987312259E-001                  5.8606247728626681E-001                  1.5791645612600247E-200                  2.4016932280354872E-101                  1.2935216928781801E-055 
                                     669                  2.2318116534989366E-001                 -1.0229267016211574E+000                  7.0268826403717686E+000                 -5.4748223342061619E-001                  1.4279379503185725E+001                  3.5412831257709434E-005                  4.1390225276709092E-001                  5.8606233440165134E-001                  1.6905585986526229E-200                  2.9062200263212051E-101                  2.1365183933108589E-055 
                                     670                  2.2317919343750983E-001                 -1.0245996064742147E+000                  7.0291142686221004E+000                 -5.3810818544571049E-001                  1.4290529564630569E+001                  3.5412825022486369E-005                  4.1390234802973863E-001                  5.8606223914523881E-001                  1.7677991336392223E-200                  3.2937730776916587E-101                  2.9703246479738469E-055 
                                     671                  2.2317722152512601E-001                 -1.0262557225494948E+000                  7.0324210573607919E+000                 -5.2430941759522631E-001                  1.4306979905842445E+001                  3.5412815669652073E-005                  4.1390249092370790E-001                  5.8606209626062244E-001                  1.8882380296847493E-200                  3.9629144559861344E-101                  4.8334069876223626E-055 
                                     672                  2.2317327770035841E-001                 -1.0295193059935068E+000                  7.0367412926416728E+000                 -5.0612194726277293E-001                  1.4328612077363639E+001                  3.5412797019920778E-005                  4.1390277585703267E-001                  5.8606181134594748E-001                  2.0584954741287494E-200                  5.0449228738424967E-101                  9.1222559269997496E-055 
                                     673                  2.2316933387559076E-001                 -1.0327197009047375E+000                  7.0399173460919204E+000                 -4.9263989267035269E-001                  1.4344613508053920E+001                  3.5412796937833500E-005                  4.1390277711117091E-001                  5.8606181009189129E-001                  0.0000000000000000E+000                  0.0000000000000000E+000                  1.4541012919180658E-054 
                                     674                  2.2316736196320694E-001                 -1.0342968199935620E+000                  7.0420100983455365E+000                 -4.8381349481115882E-001                  1.4355112222229367E+001                  3.5412796878259742E-005                  4.1390277802134562E-001                  5.8606180918177619E-001                  0.0000000000000000E+000                  0.0000000000000000E+000                  1.9754340909826397E-054 
                                     675                  2.2316539005082311E-001                 -1.0358590578814442E+000                  7.0451129879658918E+000                 -4.7080530202180787E-001                  1.4370616744145678E+001                  3.5412796781625710E-005                  4.1390277949773235E-001                  5.8606180770548599E-001                  0.0000000000000000E+000                  0.0000000000000000E+000                  3.1077632701192532E-054 
                                     676                  2.2316144622605549E-001                 -1.0389403162990953E+000                  7.0491706214690408E+000                 -4.5364681764066977E-001                  1.4391022030173943E+001                  3.5412796698845431E-005                  4.1390278076245929E-001                  5.8606180644084183E-001                  0.0000000000000000E+000                  0.0000000000000000E+000                  5.6162355285339986E-054 
                                     677                  2.2315750240128784E-001                 -1.0419653440591021E+000                  7.0531467856486731E+000                 -4.3680417017299761E-001                  1.4411049235194501E+001                  3.5412796657281409E-005                  4.1390278139747960E-001                  5.8606180580586309E-001                  0.0000000000000000E+000                  0.0000000000000000E+000                  1.0014813321351508E-053 
                                     678                  2.2315355857652022E-001                 -1.0449361946778390E+000                  7.0560732034031233E+000                 -4.2430619334711156E-001                  1.4425879401741108E+001                  3.5412796621461477E-005                  4.1390278194474112E-001                  5.8606180525863749E-001                  0.0000000000000000E+000                  0.0000000000000000E+000                  1.5321009513755824E-053 
                                     679                  2.2315158666413640E-001                 -1.0464017873119700E+000                  7.0580027819700435E+000                 -4.1611196719001148E-001                  1.4435621204071108E+001                  3.5412796595426320E-005                  4.1390278234250877E-001                  5.8606180486089587E-001                  0.0000000000000000E+000                  0.0000000000000000E+000                  2.0264592753899300E-053 
                                     680                  2.2314961475175255E-001                 -1.0478545565075550E+000                  7.0608656334450135E+000                 -4.0401850398975608E-001                  1.4450024257957866E+001                  3.5412796553141242E-005                  4.1390278298854677E-001                  5.8606180421490017E-001                  0.0000000000000000E+000                  0.0000000000000000E+000                  3.0655094696385833E-053 
                                     681                  2.2314567092698492E-001                 -1.0507227558160528E+000                  7.0646131089355482E+000                 -3.8805212497922092E-001                  1.4468998103370380E+001                  3.5412796497838353E-005                  4.1390278383347029E-001                  5.8606180337003189E-001                  0.0000000000000000E+000                  0.0000000000000000E+000                  5.2668683454561496E-053 
                                     682                  2.2314172710221727E-001                 -1.0535422731034121E+000                  7.0682891044144762E+000                 -3.7235617711168734E-001                  1.4487645420155760E+001                  3.5412792032656602E-005                  4.1390285205305949E-001                  5.8606173515490778E-001                  0.0000000000000000E+000                  0.0000000000000000E+000                  8.9453540017698275E-053 
                                     683                  2.2313778327744968E-001                 -1.0563147441764005E+000                  7.0718957806504914E+000                 -3.5692077201837941E-001                  1.4505977427138992E+001                  3.5412789037434307E-005                  4.1390289781442813E-001                  5.8606168939653447E-001                  0.0000000000000000E+000                  0.0000000000000000E+000                  1.5024812227735939E-052 
                                     684                  2.2313383945268203E-001                 -1.0590417182074205E+000                  7.0762583991483847E+000                 -3.4224593920234148E-001                  1.4528211917048118E+001                  3.3423995852389309E-005                  4.4309822647566777E-001                  5.5686834952847986E-001                  0.0000000000000000E+000                  0.0000000000000000E+000                  3.3823110439489183E-052 
                                     685                  2.2312800723725637E-001                 -1.0630318798881699E+000                  7.0800413118132299E+000                 -3.2569711847278482E-001                  1.4547881563170272E+001                  3.3341550734652786E-005                  4.4413489008408980E-001                  5.5583176836517556E-001                  0.0000000000000000E+000                  0.0000000000000000E+000                  5.8598683460015493E-052 
                                     686                  2.2312509112954354E-001                 -1.0649922946810599E+000                  7.0825261220602123E+000                 -3.1490254328141953E-001                  1.4560743218523124E+001                  3.3286587322828344E-005                  4.4482599915637161E-001                  5.5514071425630562E-001                  0.0000000000000000E+000                  0.0000000000000000E+000                  8.3984832942022828E-052 
                                     687                  2.2312217502183071E-001                 -1.0669305072768749E+000                  7.0861987786758283E+000                 -2.9904951420131926E-001                  1.4579676219334896E+001                  3.3203965391440617E-005                  4.4587470406667074E-001                  5.5409209196793785E-001                  0.0000000000000000E+000                  0.0000000000000000E+000                  1.4276524643263713E-051 
                                     688                  2.2311634280640508E-001                 -1.0707428764115430E+000                  7.0909747566446333E+000                 -2.7816681588916237E-001                  1.4604534761092054E+001                  3.3094392195094433E-005                  4.4723283960747917E-001                  5.5273406600032571E-001                  0.0000000000000000E+000                  0.0000000000000000E+000                  2.8439188270382847E-051 
                                     689                  2.2311051059097942E-001                 -1.0744721587530259E+000                  7.0944695695391919E+000                 -2.6269736138408695E-001                  1.4622894251358941E+001                  3.3012570903369591E-005                  4.4822717588656646E-001                  5.5173981154253016E-001                  0.0000000000000000E+000                  0.0000000000000000E+000                  4.7063543738194329E-051 
                                     690                  2.2310759448326659E-001                 -1.0763065009416122E+000                  7.0967665818011412E+000                 -2.5258903786727083E-001                  1.4634914942464155E+001                  3.2958127976034858E-005                  4.4888252659874356E-001                  5.5108451527328040E-001                  0.0000000000000000E+000                  0.0000000000000000E+000                  6.5474455474442803E-051 
                                     691                  2.2310467837555376E-001                 -1.0781213725774419E+000                  7.1001637591818545E+000                 -2.3771756704263092E-001                  1.4652631911447635E+001                  3.2876620485755321E-005                  4.4985424245618860E-001                  5.5011288092332566E-001                  0.0000000000000000E+000                  0.0000000000000000E+000                  1.0655376429657174E-050 
                                     692                  2.2309884616012812E-001                 -1.0816947478423298E+000                  7.1034843048226772E+000                 -2.2288398514165514E-001                  1.4670212097165280E+001                  3.2795249530643178E-005                  4.5081645836974732E-001                  5.4915074638072203E-001                  0.0000000000000000E+000                  0.0000000000000000E+000                  1.7157480477919689E-050 
                                     693                  2.2309593005241529E-001                 -1.0834535690697831E+000                  7.1056675765236772E+000                 -2.1318096519823704E-001                  1.4681731472990453E+001                  3.2741164623440196E-005                  4.5144563145451927E-001                  5.4852162738085730E-001                  0.0000000000000000E+000                  0.0000000000000000E+000                  2.3448358571640995E-050 
                                     694                  2.2309301394470246E-001                 -1.0851944468465744E+000                  7.1088977062018310E+000                 -1.9889156771170088E-001                  1.4698722048910973E+001                  3.2660280856943383E-005                  4.5237093479527607E-001                  5.4759640492386696E-001                  0.0000000000000000E+000                  0.0000000000000000E+000                  3.7178795429268571E-050 
                                     695                  2.2308718172927683E-001                 -1.0886241554197826E+000                  7.1131040622651627E+000                 -1.8004214376973143E-001                  1.4721066345019082E+001                  3.2552635824652954E-005                  4.5359015349848764E-001                  5.4637729386568767E-001                  0.0000000000000000E+000                  0.0000000000000000E+000                  6.7739194172599596E-050 
                                     696                  2.2308134951385114E-001                 -1.0919861401157542E+000                  7.1161860914420840E+000                 -1.6605650445212347E-001                  1.4737595456535010E+001                  3.2472193132184829E-005                  4.5448129920043601E-001                  5.4548622860643181E-001                  0.0000000000000000E+000                  0.0000000000000000E+000                  1.0510206603364660E-049 
                                     697                  2.2307843340613831E-001                 -1.0936423477296093E+000                  7.1182135591763993E+000                 -1.5689631072501353E-001                  1.4748437391924309E+001                  3.2418699664974165E-005                  4.5506460522760778E-001                  5.4490297607272731E-001                  0.0000000000000000E+000                  0.0000000000000000E+000                  1.4021611640027354E-049 
                                     698                  2.2307551729842551E-001                 -1.0952825569688096E+000                  7.1212146631593560E+000                 -1.4339113548656479E-001                  1.4764444591548088E+001                  3.2338563077523052E-005                  4.5593239162035376E-001                  5.4403526981656869E-001                  0.0000000000000000E+000                  0.0000000000000000E+000                  2.1462755989266528E-049 
                                     699                  2.2306968508299985E-001                 -1.0985164716120785E+000                  7.1251255153593025E+000                 -1.2556140222510048E-001                  1.4785512567455671E+001                  3.2231976391327758E-005                  4.5706478898715130E-001                  5.4290297903645734E-001                  0.0000000000000000E+000                  0.0000000000000000E+000                  3.7369514162553523E-049 
                                     700                  2.2306385286757419E-001                 -1.1016897630808269E+000                  7.1289444374441837E+000                 -1.0804477301993332E-001                  1.4806187064973372E+001                  3.2125686339993622E-005                  4.5817014431441427E-001                  5.4179772999924580E-001                  0.0000000000000000E+000                  0.0000000000000000E+000                  6.4161947207794018E-049 
                                     701                  2.2305802065214850E-001                 -1.1048045313536570E+000                  7.1326744574102685E+000                 -9.0826804387463655E-002                  1.4826482538346923E+001                  3.2020060262987961E-005                  4.5923180221329929E-001                  5.4073617772643767E-001                  0.0000000000000000E+000                  0.0000000000000000E+000                  1.0867969444634735E-048 
                                     702                  2.2305218843672284E-001                 -1.1078627430508132E+000                  7.1363184156323936E+000                 -7.3904669387566763E-002                  1.4846412630369622E+001                  3.1913325351733806E-005                  4.6031182857791964E-001                  5.3965625809672857E-001                  0.0000000000000000E+000                  0.0000000000000000E+000                  1.8176065273468114E-048 
                                     703                  2.2304635622129720E-001                 -1.1108663173187547E+000                  7.1398790385565629E+000                 -5.7254478855460963E-002                  1.4865990242901676E+001                  3.1808662057713303E-005                  4.6131592175430663E-001                  5.3865226958363566E-001                  0.0000000000000000E+000                  0.0000000000000000E+000                  3.0011826672136363E-048 
                                     704                  2.2304052400587152E-001                 -1.1138169817021792E+000                  7.1433589666737278E+000                 -4.0870327893280101E-002                  1.4885227574258185E+001                  3.1705290895450356E-005                  4.6227404522797555E-001                  5.3769424948112898E-001                  0.0000000000000000E+000                  0.0000000000000000E+000                  4.8954851164938661E-048 
                                     705                  2.2303469179044585E-001                 -1.1167164011534376E+000                  7.1467607020724015E+000                 -2.4740094167730493E-002                  1.4904136174671933E+001                  3.1603567650537837E-005                  4.6316758930784330E-001                  5.3680080712450617E-001                  0.0000000000000000E+000                  0.0000000000000000E+000                  7.8912378233552997E-048 
                                     706                  2.2302885957502022E-001                 -1.1195661382498314E+000                  7.1500866256378117E+000                 -8.8573604684621509E-003                  1.4922726988931267E+001                  3.1502977173472466E-005                  4.6401519602524993E-001                  5.3595330099757654E-001                  0.0000000000000000E+000                  0.0000000000000000E+000                  1.2576533552132291E-047 
                                     707                  2.2302302735959453E-001                 -1.1223676937870246E+000                  7.1533389809753523E+000                  6.7848365625714632E-003                  1.4941010401161552E+001                  3.1403382839132836E-005                  4.6482840311323786E-001                  5.3514019350392306E-001                  0.0000000000000000E+000                  0.0000000000000000E+000                  1.9826003317796182E-047 
                                     708                  2.2301719514416887E-001                 -1.1251225048177194E+000                  7.1565198888621318E+000                  2.2194648383342765E-002                  1.4958996274499917E+001                  3.1304784647518946E-005                  4.6560721057180743E-001                  5.3436148464354505E-001                  0.0000000000000000E+000                  0.0000000000000000E+000                  3.0925842108485883E-047 
                                     709                  2.2301136292874318E-001                 -1.1278319388603413E+000                  7.1596313652450485E+000                  3.7381549936091475E-002                  1.4976693985688311E+001                  3.1207431037539260E-005                  4.6633920627063558E-001                  5.3362958629832691E-001                  0.0000000000000000E+000                  0.0000000000000000E+000                  4.7745734191113053E-047 
                                     710                  2.2300553071331755E-001                 -1.1304972877198443E+000                  7.1623719011918210E+000                  5.0886767467571183E-002                  1.4992401711425231E+001                  3.1120345611535037E-005                  4.6697866682266809E-001                  5.3299021283172032E-001                  0.0000000000000000E+000                  0.0000000000000000E+000                  6.9980465708696562E-047 
                                     711                  2.2300086494097701E-001                 -1.1325986026546335E+000                  7.1647649217439326E+000                  6.2726529268467057E-002                  1.5006162028604901E+001                  3.1043771616027313E-005                  4.6751581857143393E-001                  5.3245313765695013E-001                  0.0000000000000000E+000                  0.0000000000000000E+000                  9.7666835957365764E-047 
                                     712                  2.2299619916863650E-001                 -1.1346731111478638E+000                  7.1682876671493041E+000                  8.0119124359774460E-002                  1.5026391869860896E+001                  3.0930067153298896E-005                  4.6827826639806386E-001                  5.3169080353478282E-001                  0.0000000000000000E+000                  0.0000000000000000E+000                  1.5932405610483830E-046 
                                     713                  2.2298686762395545E-001                 -1.1387446738413043E+000                  7.1722611562262655E+000                  1.0024623706310511E-001                  1.5049671038725576E+001                  3.0799114688915267E-005                  4.6910898611850027E-001                  5.3086021476681089E-001                  0.0000000000000000E+000                  0.0000000000000000E+000                  2.7691575551178341E-046 
                                     714                  2.2297988672773630E-001                 -1.1417243922554392E+000                  7.1755733923073182E+000                  1.1711539781458057E-001                  1.5069166046578438E+001                  3.0688200683570688E-005                  4.6977562418403618E-001                  5.3019368761528018E-001                  0.0000000000000000E+000                  0.0000000000000000E+000                  4.3861476474061959E-046 
                                     715                  2.2297290583151713E-001                 -1.1446496477422898E+000                  7.1788016165409845E+000                  1.3372066315872508E-001                  1.5088321259733313E+001                  3.0578086873303362E-005                  4.7041196582525646E-001                  5.2955745608787019E-001                  0.0000000000000000E+000                  0.0000000000000000E+000                  6.8646242657204697E-046 
                                     716                  2.2296592493529799E-001                 -1.1475221169949836E+000                  7.1819481837886254E+000                  1.5007181812295481E-001                  1.5107147930337854E+001                  3.0468844309524547E-005                  4.7101489642787492E-001                  5.2895463472781556E-001                  0.0000000000000000E+000                  0.0000000000000000E+000                  1.0619626346012099E-045 
                                     717                  2.2295894403907884E-001                 -1.1503433899039979E+000                  7.1846253272928431E+000                  1.6416984534476334E-001                  1.5123339161104582E+001                  3.0374151185732540E-005                  4.7151772367163614E-001                  5.2845190217717808E-001                  0.0000000000000000E+000                  0.0000000000000000E+000                  1.5394451117942315E-045 
                                     718                  2.2295374412671207E-001                 -1.1524124379330589E+000                  7.1868670055552037E+000                  1.7603194922232060E-001                  1.5136953618953177E+001                  3.0293577176674337E-005                  4.7193548774789151E-001                  5.2803421867493183E-001                  0.0000000000000000E+000                  0.0000000000000000E+000                  2.1002583392360960E-045 
                                     719                  2.2294854421434526E-001                 -1.1544545297910491E+000                  7.1901619802765921E+000                  1.9346553810132464E-001                  1.5156971270888201E+001                  3.0173447499819241E-005                  4.7253262600215717E-001                  5.2743720055034293E-001                  0.0000000000000000E+000                  0.0000000000000000E+000                  3.3124583950099077E-045 
                                     720                  2.2293814438961171E-001                 -1.1584607413351664E+000                  7.1933420527098946E+000                  2.1085725286442722E-001                  1.5176808944751119E+001                  3.0054098536893530E-005                  4.7310006425797080E-001                  5.2686988164349224E-001                  0.0000000000000000E+000                  0.0000000000000000E+000                  5.1503050796890182E-045 
                                     721                  2.2293294447724490E-001                 -1.1604253630643917E+000                  7.1954197762228134E+000                  2.2221952961887972E-001                  1.5189776757253279E+001                  2.9974587252328005E-005                  4.7347454966476760E-001                  5.2649547574798006E-001                  0.0000000000000000E+000                  0.0000000000000000E+000                  6.8684506199490091E-045 
                                     722                  2.2292774456487813E-001                 -1.1623652369347146E+000                  7.1984740819333304E+000                  2.3893372425151080E-001                  1.5208860466015025E+001                  2.9855402361557082E-005                  4.7403056762934398E-001                  5.2593957696829441E-001                  0.0000000000000000E+000                  0.0000000000000000E+000                  1.0480271261206978E-044 
                                     723                  2.2291734474014457E-001                 -1.1661732804134342E+000                  7.2023989519485250E+000                  2.6097287324545859E-001                  1.5233905623026509E+001                  2.9697263273278484E-005                  4.7473991769366680E-001                  5.2523038504305997E-001                  0.0000000000000000E+000                  0.0000000000000000E+000                  1.8061914206596234E-044 
                                     724                  2.2290694491541097E-001                 -1.1698881859757464E+000                  7.2052358550041324E+000                  2.7731046953044908E-001                  1.5252393425361701E+001                  2.9578250537483907E-005                  4.7528342543626578E-001                  5.2468699631319671E-001                  0.0000000000000000E+000                  0.0000000000000000E+000                  2.6801115523131586E-044 
                                     725                  2.2290174500304422E-001                 -1.1717116482514578E+000                  7.2070894347730210E+000                  2.8799985734091416E-001                  1.5264493898573068E+001                  2.9498797749145207E-005                  4.7564737328783535E-001                  5.2432312791441549E-001                  0.0000000000000000E+000                  0.0000000000000000E+000                  3.4674898854912260E-044 
                                     726                  2.2289654509067741E-001                 -1.1735131926670792E+000                  7.2098143039407292E+000                  3.0374717481429309E-001                  1.5282322154058990E+001                  2.9379768001036299E-005                  4.7618616421587473E-001                  5.2378445601612422E-001                  0.0000000000000000E+000                  0.0000000000000000E+000                  5.0615957054730237E-044 
                                     727                  2.2288614526594383E-001                 -1.1770526042796037E+000                  7.2133144880269526E+000                  3.2451854271525843E-001                  1.5305739624934137E+001                  2.9220064215420194E-005                  4.7693556372190976E-001                  5.2303521621387483E-001                  0.0000000000000000E+000                  0.0000000000000000E+000                  8.2437045670058328E-044 
                                     728                  2.2287574544121028E-001                 -1.1805092453243471E+000                  7.2166827783847687E+000                  3.4490004164625859E-001                  1.5328657833532414E+001                  2.9059412786466227E-005                  4.7771359788015577E-001                  5.2225734270705781E-001                  0.0000000000000000E+000                  0.0000000000000000E+000                  1.3196668687568040E-043 
                                     729                  2.2286534561647670E-001                 -1.1838861875357360E+000                  7.2199236299756047E+000                  3.6490250769011928E-001                  1.5351096237012158E+001                  2.8896890698734626E-005                  4.7855359179897294E-001                  5.2141751131032832E-001                  0.0000000000000000E+000                  0.0000000000000000E+000                  2.0782190503343925E-043 
                                     730                  2.2285494579174314E-001                 -1.1871863649267702E+000                  7.2230412892264280E+000                  3.8454337688529389E-001                  1.5373073150774761E+001                  2.8733073145594546E-005                  4.7943470483789297E-001                  5.2053656208896149E-001                  0.0000000000000000E+000                  0.0000000000000000E+000                  3.2213118538184754E-043 
                                     731                  2.2284454596700953E-001                 -1.1904125282053661E+000                  7.2252922080810995E+000                  3.9911726554485988E-001                  1.5389321921754558E+001                  2.8608593193811509E-005                  4.8015079917892178E-001                  5.1982059222788446E-001                  0.0000000000000000E+000                  0.0000000000000000E+000                  4.4282359334892636E-043 
                                     732                  2.2283934605464276E-001                 -1.1919985441282352E+000                  7.2267624974674289E+000                  4.0867140686641085E-001                  1.5399978673806059E+001                  2.8524571544206775E-005                  4.8066314972193547E-001                  5.1930832570652030E-001                  0.0000000000000000E+000                  0.0000000000000000E+000                  5.4523391012156967E-043 
                                     733                  2.2283414614227598E-001                 -1.1935670466714108E+000                  7.2289232059904078E+000                  4.2277600668371779E-001                  1.5415710276544070E+001                  2.8397948182253080E-005                  4.8144444018087285E-001                  5.1852716187094483E-001                  0.0000000000000000E+000                  0.0000000000000000E+000                  7.4030786507668052E-043 
                                     734                  2.2282374631754240E-001                 -1.1966529774106720E+000                  7.2316947281129824E+000                  4.4138937726287386E-001                  1.5436402442013732E+001                  2.8226429090264578E-005                  4.8260090639854158E-001                  5.1737086717236813E-001                  0.0000000000000000E+000                  0.0000000000000000E+000                  1.0989866268544990E-042 
                                     735                  2.2281334649280884E-001                 -1.1996724511791195E+000                  7.2343579962062270E+000                  4.5968028597077537E-001                  1.5456696642633997E+001                  2.8052025093043662E-005                  4.8387637310343540E-001                  5.1609557487147151E-001                  0.0000000000000000E+000                  0.0000000000000000E+000                  1.6100628338056967E-042 
                                     736                  2.2280294666807526E-001                 -1.2026277599119610E+000                  7.2369163096462916E+000                  4.7766375547357448E-001                  1.5476606688994890E+001                  2.7875761105746360E-005                  4.8524088537942511E-001                  5.1473123885946914E-001                  0.0000000000000000E+000                  0.0000000000000000E+000                  2.3286298486924551E-042 
                                     737                  2.2279254684334171E-001                 -1.2055210541708836E+000                  7.2393728217009095E+000                  4.9534661646817152E-001                  1.5496145676870224E+001                  2.7697049780649874E-005                  4.8671862720079229E-001                  5.1325367574942704E-001                  0.0000000000000000E+000                  0.0000000000000000E+000                  3.3267614183754658E-042 
                                     738                  2.2278214701860813E-001                 -1.2083544027308228E+000                  7.2417305678910564E+000                  5.1274792381245515E-001                  1.5515326040694744E+001                  2.7517215593489388E-005                  4.8824281758654015E-001                  5.1172966519786645E-001                  0.0000000000000000E+000                  0.0000000000000000E+000                  4.6950027015091755E-042 
                                     739                  2.2277174719387458E-001                 -1.2111297157372742E+000                  7.2451189875575306E+000                  5.3811142352513752E-001                  1.5543278685592872E+001                  2.7244556350753094E-005                  4.9065539078442161E-001                  5.0931736465922761E-001                  0.0000000000000000E+000                  0.0000000000000000E+000                  7.7190589737652198E-042 
                                     740                  2.2275094754440741E-001                 -1.2165149032228439E+000                  7.2482408103924323E+000                  5.6334701542029586E-001                  1.5570831901968379E+001                  2.6970299134205651E-005                  4.9312758608544827E-001                  5.0684544361541750E-001                  0.0000000000000000E+000                  0.0000000000000000E+000                  1.2317774225858690E-041 
                                     741                  2.2274054771967386E-001                 -1.2191267636315528E+000                  7.2497351897676499E+000                  5.7569886950315674E-001                  1.5584294137741935E+001                  2.6833037647797456E-005                  4.9436088201087258E-001                  5.0561228495147970E-001                  0.0000000000000000E+000                  0.0000000000000000E+000                  1.5425161161552052E-041 
                                     742                  2.2273534780730708E-001                 -1.2204132943504711E+000                  7.2507094665982335E+000                  5.8382432591675260E-001                  1.5593145598328141E+001                  2.6741459121853597E-005                  4.9518158504110776E-001                  5.0479167349977039E-001                  0.0000000000000000E+000                  0.0000000000000000E+000                  1.7867558194567377E-041 
                                     743                  2.2273014789494028E-001                 -1.2216871944696164E+000                  7.2521383946467770E+000                  5.9585407427914483E-001                  1.5606243687499958E+001                  2.6603940081993837E-005                  4.9641634516550165E-001                  5.0355705089441638E-001                  0.0000000000000000E+000                  0.0000000000000000E+000                  2.2178268963307367E-041 
                                     744                  2.2271974807020672E-001                 -1.2241979741378028E+000                  7.2539618418587795E+000                  6.1176627975049658E-001                  1.5623501254867930E+001                  2.6420766624471300E-005                  4.9804361592767576E-001                  5.0192996330569972E-001                  0.0000000000000000E+000                  0.0000000000000000E+000                  2.9299093690720810E-041 
                                     745                  2.2270934824547314E-001                 -1.2266603613998719E+000                  7.2565734186895856E+000                  6.3504887322722214E-001                  1.5648714699538010E+001                  2.6146186231933022E-005                  5.0046073661303714E-001                  4.9951311720073088E-001                  0.0000000000000000E+000                  0.0000000000000000E+000                  4.3755144372316989E-041 
                                     746                  2.2268854859600604E-001                 -1.2314462392954395E+000                  7.2589573412743027E+000                  6.5827106542524283E-001                  1.5673585772344769E+001                  2.5876595438990514E-005                  5.0257724119495262E-001                  4.9739688220960843E-001                  0.0000000000000000E+000                  0.0000000000000000E+000                  6.3611470376868890E-041 
                                     747                  2.2267814877127243E-001                 -1.2337710660425281E+000                  7.2600929959728431E+000                  6.6967971778382718E-001                  1.5685760680141168E+001                  2.5743588376611224E-005                  5.0350868966702644E-001                  4.9646556674459696E-001                  0.0000000000000000E+000                  0.0000000000000000E+000                  7.6097689075774110E-041 
                                     748                  2.2267294885890568E-001                 -1.2349170053789911E+000                  7.2608315248236934E+000                  6.7718780232237807E-001                  1.5693774905123767E+001                  2.5654817836490718E-005                  5.0418345103576767E-001                  4.9579089414639588E-001                  0.0000000000000000E+000                  0.0000000000000000E+000                  8.5569682089435300E-041 
                                     749                  2.2266774894653887E-001                 -1.2360522129649800E+000                  7.2619117495915431E+000                  6.8828327010803347E-001                  1.5705647150977773E+001                  2.5520013983400375E-005                  5.0545712646393626E-001                  4.9451735352208037E-001                  0.0000000000000000E+000                  0.0000000000000000E+000                  1.0180523498079539E-040 
                                     750                  2.2265734912180529E-001                 -1.2382912847396046E+000                  7.2632816553923840E+000                  7.0305265271615680E-001                  1.5721301476025641E+001                  2.5345322745574033E-005                  5.0652566319442405E-001                  4.9344899148283039E-001                  0.0000000000000000E+000                  0.0000000000000000E+000                  1.2688005919664122E-040 
                                     751                  2.2264694929707174E-001                 -1.2404889110129618E+000                  7.2652314271166842E+000                  7.2481289905595636E-001                  1.5744219787984383E+001                  2.5089283069266733E-005                  5.0740510911408931E-001                  4.9256980160284147E-001                  0.0000000000000000E+000                  0.0000000000000000E+000                  1.7346841573430717E-040 
                                     752                  2.2262614964760460E-001                 -1.2447637591435301E+000                  7.2669833462593099E+000                  7.4641226710020048E-001                  1.5766838823335044E+001                  2.4839066869138259E-005                  5.0870872935272926E-001                  4.9126643158040162E-001                  0.0000000000000000E+000                  0.0000000000000000E+000                  2.3260605246154906E-040 
                                     753                  2.2261574982287105E-001                 -1.2468426610584211E+000                  7.2680859004720997E+000                  7.6059169380512504E-001                  1.5781563126623812E+001                  2.4676419905080283E-005                  5.0890885816988685E-001                  4.9106646541020804E-001                  0.0000000000000000E+000                  0.0000000000000000E+000                  2.7947535718246803E-040 
                                     754                  2.2260534999813744E-001                 -1.2488836210924463E+000                  7.2691252072033121E+000                  7.7459190483500540E-001                  1.5796069655274886E+001                  2.4517567729420603E-005                  5.0920905139562467E-001                  4.9076643103664597E-001                  0.0000000000000000E+000                  0.0000000000000000E+000                  3.3344863929588156E-040 
                                     755                  2.2259495017340389E-001                 -1.2508876403353413E+000                  7.2701024475453151E+000                  7.8847245597055948E-001                  1.5810363844103902E+001                  2.4359822696648821E-005                  5.0920905139562445E-001                  4.9076658878167889E-001                  0.0000000000000000E+000                  0.0000000000000000E+000                  3.9430777996294546E-040 
                                     756                  2.2258455034867031E-001                 -1.2528554322747596E+000                  7.2714763452535847E+000                  8.0899491629743892E-001                  1.5831326705777984E+001                  2.4126763256022010E-005                  5.0836036030428911E-001                  4.9161551293245487E-001                  0.0000000000000000E+000                  0.0000000000000000E+000                  4.9890361572300500E-040 
                                     757                  2.2256375069920320E-001                 -1.2566852115829090E+000                  7.2726740802484029E+000                  8.2949568250137939E-001                  1.5852023372232134E+001                  2.3895434207987979E-005                  5.0698960695355622E-001                  4.9298649761223579E-001                  0.0000000000000000E+000                  0.0000000000000000E+000                  6.1763829712752174E-040 
                                     758                  2.2255335087446965E-001                 -1.2585481207820455E+000                  7.2734145656930389E+000                  8.4294278635926900E-001                  1.5865518231063650E+001                  2.3742459455024130E-005                  5.0576448095820403E-001                  4.9421177658234094E-001                  0.0000000000000000E+000                  0.0000000000000000E+000                  7.0571543420136128E-040 
                                     759                  2.2254295104973607E-001                 -1.2603774126010499E+000                  7.2742668870080216E+000                  8.5950754933268014E-001                  1.5882047779780580E+001                  2.3552809952696822E-005                  5.0394824710765018E-001                  4.9602820008239712E-001                  0.0000000000000000E+000                  0.0000000000000000E+000                  8.2490378989710029E-040 
                                     760                  2.2252741668139361E-001                 -1.2630487793938461E+000                  7.2751636248648852E+000                  8.7916313999865481E-001                  1.5901517390501404E+001                  2.3326788572353958E-005                  5.0153120788948602E-001                  4.9844546532194167E-001                  0.0000000000000000E+000                  0.0000000000000000E+000                  9.7924847775314058E-040 
                                     761                  2.2251188231305119E-001                 -1.2656488516394770E+000                  7.2759382216068991E+000                  8.9858273075438777E-001                  1.5920592040110055E+001                  2.3102394534462995E-005                  4.9875669380529597E-001                  5.0122020380016963E-001                  0.0000000000000000E+000                  0.0000000000000000E+000                  1.1438770668118496E-039 
                                     762                  2.2249634794470874E-001                 -1.2681796787645889E+000                  7.2765927905344148E+000                  9.1772231664971937E-001                  1.5939284539150188E+001                  2.2878228969862032E-005                  4.9603687793688300E-001                  5.0394024383414715E-001                  0.0000000000000000E+000                  0.0000000000000000E+000                  1.3180966903923287E-039 
                                     763                  2.2248081357636632E-001                 -1.2706435341137137E+000                  7.2771293718614709E+000                  9.3661605511262069E-001                  1.5957607103166199E+001                  2.2655007418872407E-005                  4.9315680807291840E-001                  5.0682053691966278E-001                  0.0000000000000000E+000                  0.0000000000000000E+000                  1.4969331352618101E-039 
                                     764                  2.2246527920802386E-001                 -1.2730424548889199E+000                  7.2775498600185902E+000                  9.5521000317217708E-001                  1.5975571367588509E+001                  2.2431266589370153E-005                  4.9056411997691168E-001                  5.0941344875649897E-001                  0.0000000000000000E+000                  0.0000000000000000E+000                  1.6800020059127360E-039 
                                     765                  2.2244974483968144E-001                 -1.2753787355592487E+000                  7.2778560349042207E+000                  9.7352942403373122E-001                  1.5993188480225950E+001                  2.2206963670937689E-005                  4.8815237542490053E-001                  5.1182541761142852E-001                  0.0000000000000000E+000                  0.0000000000000000E+000                  1.8626667551879819E-039 
                                     766                  2.2243421047133899E-001                 -1.2776544820236424E+000                  7.2780498320048501E+000                  9.9157741961120438E-001                  1.6010469113012835E+001                  2.1982962276595541E-005                  4.8596415162212231E-001                  5.1401386541560101E-001                  0.0000000000000000E+000                  0.0000000000000000E+000                  2.0412579200042047E-039 
                                     767                  2.2241867610299657E-001                 -1.2798717368554104E+000                  7.2781226982241778E+000                  1.0072203892082707E+000                  1.6025277684267994E+001                  2.1789974638057199E-005                  4.8350486626584027E-001                  5.1647334375952170E-001                  0.0000000000000000E+000                  0.0000000000000000E+000                  2.1803766070745414E-039 
                                     768                  2.2240714127165828E-001                 -1.2814810186717724E+000                  7.2781252817188289E+000                  1.0200906903245948E+000                  1.6037691031054212E+001                  2.1619990773612185E-005                  4.8350486626584038E-001                  5.1647351374338601E-001                  0.0000000000000000E+000                  0.0000000000000000E+000                  2.3170765156636268E-039 
                                     769                  2.2239560644032003E-001                 -1.2830606116589454E+000                  7.2780417265412920E+000                  1.0390790750047258E+000                  1.6055927220882651E+001                  2.1357407027354410E-005                  4.8350486626584022E-001                  5.1647377632713243E-001                  0.0000000000000000E+000                  0.0000000000000000E+000                  2.5116759183070943E-039 
                                     770                  2.2237253677764346E-001                 -1.2861335911887797E+000                  7.2777057297498713E+000                  1.0640893661157071E+000                  1.6079754017227128E+001                  2.1007190436273099E-005                  4.8366755090914831E-001                  5.1631144190041534E-001                  0.0000000000000000E+000                  0.0000000000000000E+000                  2.7310738449971933E-039 
                                     771                  2.2234946711496692E-001                 -1.2890957108765637E+000                  7.2771603636496209E+000                  1.0886439066215887E+000                  1.6102947282801193E+001                  2.0622218945207833E-005                  4.8383023555245630E-001                  5.1614914222859842E-001                  0.0000000000000000E+000                  0.0000000000000000E+000                  2.8994695264477684E-039 
                                     772                  2.2232639745229035E-001                 -1.2919518275813280E+000                  7.2764253539800769E+000                  1.1126344940448711E+000                  1.6125534043780767E+001                  2.0207942665935523E-005                  4.8478196771664395E-001                  5.1519782434069006E-001                  0.0000000000000000E+000                  0.0000000000000000E+000                  3.0248478765572342E-039 
                                     773                  2.2230332778961376E-001                 -1.2947073458956422E+000                  7.2755263175586453E+000                  1.1361908622538948E+000                  1.6147539844067985E+001                  1.9788901017994079E-005                  4.8562852098523823E-001                  5.1435169011374371E-001                  0.0000000000000000E+000                  0.0000000000000000E+000                  3.0937823396738012E-039 
                                     774                  2.2228025812693722E-001                 -1.2973666599698841E+000                  7.2744951831331708E+000                  1.1592788741425935E+000                  1.6168988710292556E+001                  1.9365094001383715E-005                  4.8654213709666028E-001                  5.1343849780933826E-001                  0.0000000000000000E+000                  0.0000000000000000E+000                  3.1153194809941637E-039 
                                     775                  2.2225718846426065E-001                 -1.2999342303735575E+000                  7.2736517204741640E+000                  1.1763368203998077E+000                  1.6184768340078183E+001                  1.9052343720022225E-005                  4.8722829532507017E-001                  5.1275265233120981E-001                  0.0000000000000000E+000                  0.0000000000000000E+000                  3.1048900180791112E-039 
                                     776                  2.2224565363292240E-001                 -1.3011849680218017E+000                  7.2730737469859728E+000                  1.1875225028429923E+000                  1.6195094685119177E+001                  1.8852852225219595E-005                  4.8765736183575137E-001                  5.1232378531202349E-001                  0.0000000000000000E+000                  0.0000000000000000E+000                  3.0895871473262538E-039 
                                     777                  2.2223411880158411E-001                 -1.3024143895810667E+000                  7.2721918241775549E+000                  1.2040142196714485E+000                  1.6210305500298013E+001                  1.8555506625626722E-005                  4.8833076158458477E-001                  5.1165068290878968E-001                  0.0000000000000000E+000                  0.0000000000000000E+000                  3.0583225567053471E-039 
                                     778                  2.2221104913890755E-001                 -1.3048114287929495E+000                  7.2710131654014978E+000                  1.2256362830447380E+000                  1.6230214908646865E+001                  1.8193279468272204E-005                  4.8900161925316077E-001                  5.1098018746737095E-001                  0.0000000000000000E+000                  0.0000000000000000E+000                  3.0067036168231510E-039 
                                     779                  2.2218797947623101E-001                 -1.3071294961779623E+000                  7.2698777008303024E+000                  1.2467011486666184E+000                  1.6249651246786453E+001                  1.7865916500557344E-005                  4.8968347449723443E-001                  5.1029865958626508E-001                  0.0000000000000000E+000                  0.0000000000000000E+000                  2.9616109955882495E-039 
                                     780                  2.2216490981355444E-001                 -1.3093728804070623E+000                  7.2688263023386668E+000                  1.2672656600834946E+000                  1.6268632965577492E+001                  1.7599849118970075E-005                  4.8984225367744860E-001                  5.1014014647343242E-001                  0.0000000000000000E+000                  0.0000000000000000E+000                  2.9265620602922626E-039 
                                     781                  2.2214184015087790E-001                 -1.3115453978587552E+000                  7.2678880427509451E+000                  1.2872294514359397E+000                  1.6287177626168685E+001                  1.7392099390511648E-005                  4.9008042244777006E-001                  5.0990218545283938E-001                  0.0000000000000000E+000                  0.0000000000000000E+000                  2.9195250474314788E-039 
                                     782                  2.2211877048820133E-001                 -1.3136511982677357E+000                  7.2670752154677363E+000                  1.3066467773180608E+000                  1.6305302038281287E+001                  1.7228147650689481E-005                  4.9008042244777000E-001                  5.0990234940457935E-001                  0.0000000000000000E+000                  0.0000000000000000E+000                  2.9391909778671651E-039 
                                     783                  2.2209570082552479E-001                 -1.3156939847999447E+000                  7.2663786811385691E+000                  1.3255139337435500E+000                  1.6323022255492187E+001                  1.7121606528781875E-005                  4.9006108253182989E-001                  5.0992179586164132E-001                  0.0000000000000000E+000                  0.0000000000000000E+000                  2.9872456961232032E-039 
                                     784                  2.2207263116284823E-001                 -1.3176773158571677E+000                  7.2657663768025511E+000                  1.3438808285171464E+000                  1.6340353620474499E+001                  1.7032545172168720E-005                  4.9004174261588973E-001                  5.0994122483893811E-001                  0.0000000000000000E+000                  0.0000000000000000E+000                  3.0558921279682544E-039 
                                     785                  2.2204956150017169E-001                 -1.3196043707540643E+000                  7.2648936204342318E+000                  1.3705617656898703E+000                  1.6365547352386265E+001                  1.6922259490975028E-005                  4.8988962010783310E-001                  5.1009345763267588E-001                  0.0000000000000000E+000                  0.0000000000000000E+000                  3.1617453424000809E-039 
                                     786                  2.2200342217481855E-001                 -1.3232998292587366E+000                  7.2637783646659626E+000                  1.3968805982219648E+000                  1.6390155886808383E+001                  1.6798503183101046E-005                  4.8979465893597712E-001                  5.1018854256083979E-001                  1.1598836086790110E-093                  0.0000000000000000E+000                  3.1846173010430721E-039 
                                     787                  2.2198035251214196E-001                 -1.3250721004424821E+000                  7.2628325038760861E+000                  1.4141256206309016E+000                  1.6406071024654775E+001                  1.6666567682900802E-005                  4.8979465893597701E-001                  5.1018867449634009E-001                  1.1678500924113252E-093                  0.0000000000000000E+000                  3.1292208487059026E-039 
                                     788                  2.2195728284946545E-001                 -1.3267960702716222E+000                  7.2609872074379993E+000                  1.4397107322472222E+000                  1.6429254359417602E+001                  1.6394517490173406E-005                  4.8996591880786761E-001                  5.1001768667464220E-001                  1.1617008744612065E-093                  0.0000000000000000E+000                  2.9128542931117277E-039 
                                     789                  2.2191114352411229E-001                 -1.3301036859592765E+000                  7.2579486760669090E+000                  1.4658945907526830E+000                  1.6451921315687496E+001                  1.5964623285519064E-005                  4.9107469489895145E-001                  5.0890934047776304E-001                  0.0000000000000000E+000                  0.0000000000000000E+000                  2.4103186834610314E-039 
                                     790                  2.2188807386143575E-001                 -1.3316872852280144E+000                  7.2554841344568546E+000                  1.4833631718694078E+000                  1.6466608638842455E+001                  1.5606629597343359E-005                  4.9192053564782784E-001                  5.0806385772257490E-001                  0.0000000000000000E+000                  0.0000000000000000E+000                  2.0286292484183909E-039 
                                     791                  2.2186500419875918E-001                 -1.3332249395583824E+000                  7.2511346325015005E+000                  1.5093385340580872E+000                  1.6488040332458237E+001                  1.4962542737470756E-005                  4.9512799906688254E-001                  5.0485703839037999E-001                  0.0000000000000000E+000                  0.0000000000000000E+000                  1.4757995034920621E-039 
                                     792                  2.2181886487340605E-001                 -1.3361668350610767E+000                  7.2439521096630664E+000                  1.5444545455518823E+000                  1.6515777264966161E+001                  1.4101070039917555E-005                  5.0011166078559566E-001                  4.9987423814436438E-001                  0.0000000000000000E+000                  0.0000000000000000E+000                  8.3629715733220836E-040 
                                     793                  2.2177272554805294E-001                 -1.3389342614238415E+000                  7.2366833478671735E+000                  1.5785247494026136E+000                  1.6542495963181263E+001                  1.3376965896767278E-005                  5.0569835676359831E-001                  4.9428826627050493E-001                  0.0000000000000000E+000                  0.0000000000000000E+000                  4.6681701393482561E-040 
                                     794                  2.2172658622269978E-001                 -1.3415408206339325E+000                  7.2326256601281438E+000                  1.6020030997745198E+000                  1.6561956506726336E+001                  1.3034829903460656E-005                  5.0971603599539883E-001                  4.9027092917469772E-001                  0.0000000000000000E+000                  0.0000000000000000E+000                  3.4558685237760570E-040 
                                     795                  2.2170351656002321E-001                 -1.3427920891145251E+000                  7.2306100081580080E+000                  1.6165504994157602E+000                  1.6574603601156859E+001                  1.2892777761996149E-005                  5.1258281035615183E-001                  4.8740429686608622E-001                  0.0000000000000000E+000                  0.0000000000000000E+000                  3.0318552715826111E-040 
                                     796                  2.2168044689734667E-001                 -1.3440125130303284E+000                  7.2287085448359658E+000                  1.6366775579758011E+000                  1.6593110097857664E+001                  1.2763501863577373E-005                  5.1698601899585162E-001                  4.8300121750228486E-001                  0.0000000000000000E+000                  0.0000000000000000E+000                  2.7901794083406491E-040 
                                     797                  2.2163430757199354E-001                 -1.3463717941055289E+000                  7.2287325231490742E+000                  1.6600139382234795E+000                  1.6617116699833922E+001                  1.2698966296421752E-005                  5.2336434075369453E-001                  4.7662296028000906E-001                  0.0000000000000000E+000                  0.0000000000000000E+000                  3.2482172318885573E-040 
                                     798                  2.2158816824664038E-001                 -1.3486437005026757E+000                  7.2297485161619779E+000                  1.6813599006299518E+000                  1.6640329201256577E+001                  1.2634430729266090E-005                  5.3049543119446119E-001                  4.6949193437480952E-001                  0.0000000000000000E+000                  0.0000000000000000E+000                  4.1860793360638275E-040 
                                     799                  2.2154202892128727E-001                 -1.3508402828839037E+000                  7.2306035082381230E+000                  1.7022034737217064E+000                  1.6662798029707886E+001                  1.2513276124530190E-005                  5.3704363329073901E-001                  4.6294385343313649E-001                  0.0000000000000000E+000                  0.0000000000000000E+000                  5.2686814542842274E-040 
                                     800                  2.2149588959593414E-001                 -1.3529654190739604E+000                  7.2307786234366791E+000                  1.7230946606382811E+000                  1.6684568794304734E+001                  1.2357920397893483E-005                  5.4331923331869558E-001                  4.5666840876090653E-001                  0.0000000000000000E+000                  0.0000000000000000E+000                  6.1512202519749744E-040 
                                     801                  2.2144975027058100E-001                 -1.3550202008778791E+000                  7.2301526530636639E+000                  1.7441876842729087E+000                  1.6705682421097674E+001                  1.2135310924218631E-005                  5.4941745612911519E-001                  4.5057040855996056E-001                  0.0000000000000000E+000                  0.0000000000000000E+000                  6.5841787790779887E-040 
                                     802                  2.2140361094522784E-001                 -1.3570050724489642E+000                  7.2288192850530661E+000                  1.7653816911150264E+000                  1.6726175672551591E+001                  1.1848469768991601E-005                  5.5557542577778640E-001                  4.4441272575244462E-001                  0.0000000000000000E+000                  0.0000000000000000E+000                  6.5320057848629213E-040 
                                     803                  2.2135747161987473E-001                 -1.3589210477532476E+000                  7.2271703726291090E+000                  1.7864047835265890E+000                  1.6746081802773002E+001                  1.1574980332985874E-005                  5.6108940938860263E-001                  4.3889901563106437E-001                  0.0000000000000000E+000                  0.0000000000000000E+000                  6.2334912675310270E-040 
                                     804                  2.2131133229452160E-001                 -1.3607703802145836E+000                  7.2240590425040025E+000                  1.8175662980742755E+000                  1.6774791967663234E+001                  1.1182548471272274E-005                  5.6850173675435456E-001                  4.3148708069717412E-001                  0.0000000000000000E+000                  0.0000000000000000E+000                  5.3843193845494848E-040 
                                     805                  2.2121905364381533E-001                 -1.3642771721175291E+000                  7.2216145656845692E+000                  1.8473448890884496E+000                  1.6802566357400245E+001                  1.0858855088467223E-005                  5.7407640624155198E-001                  4.2591273490335957E-001                  0.0000000000000000E+000                  0.0000000000000000E+000                  4.9149864955162654E-040 
                                     806                  2.2117291431846220E-001                 -1.3659439200997829E+000                  7.2202896893025788E+000                  1.8663063196756688E+000                  1.6820405194228002E+001                  1.0659661285922894E-005                  5.7700297758713182E-001                  4.2298636275158230E-001                  0.0000000000000000E+000                  0.0000000000000000E+000                  4.7396240879417109E-040 
                                     807                  2.2112677499310904E-001                 -1.3675576445016930E+000                  7.2195513252532031E+000                  1.8842421371858624E+000                  1.6837788065296071E+001                  1.0471408244036390E-005                  5.7954285806621375E-001                  4.2044667052554219E-001                  0.0000000000000000E+000                  0.0000000000000000E+000                  4.8375663296928096E-040 
                                     808                  2.2108063566775590E-001                 -1.3691231787359113E+000                  7.2197920237430697E+000                  1.9007417279645726E+000                  1.6854736469456352E+001                  1.0307718346159195E-005                  5.8181345040090660E-001                  4.1817624188074720E-001                  0.0000000000000000E+000                  0.0000000000000000E+000                  5.4471686722675877E-040 
                                     809                  2.2103449634240280E-001                 -1.3706465171706428E+000                  7.2200071883045194E+000                  1.9248342344545599E+000                  1.6879308013008654E+001                  1.0094934358022499E-005                  5.8486181109065805E-001                  4.1512809397498396E-001                  0.0000000000000000E+000                  0.0000000000000000E+000                  6.3740001382889950E-040 
                                     810                  2.2094221769169650E-001                 -1.3735733897244837E+000                  7.2218887156051359E+000                  1.9542000997697540E+000                  1.6910843974536114E+001                  9.8765664725886108E-006                  5.8782438272320148E-001                  4.1216574071032597E-001                  0.0000000000000000E+000                  0.0000000000000000E+000                  9.1711201939360141E-040 
                                     811                  2.2084993904099026E-001                 -1.3763634528263653E+000                  7.2241970137653446E+000                  1.9743816158801575E+000                  1.6933633179256482E+001                  9.7262656271583065E-006                  5.9014312392337287E-001                  4.0984714981100001E-001                  1.3173442007389742E-093                  0.0000000000000000E+000                  1.3164547417472510E-039 
                                     812                  2.2080379971563710E-001                 -1.3777143400219043E+000                  7.2253572055758069E+000                  1.9877388922455768E+000                  1.6948363758812285E+001                  9.6345814961519211E-006                  5.9184679506884452E-001                  4.0814357034965931E-001                  1.4234361871422906E-093                  0.0000000000000000E+000                  1.6079624038516613E-039 
                                     813                  2.2075766039028397E-001                 -1.3790364615849513E+000                  7.2271594557456353E+000                  2.0071319362588134E+000                  1.6969812212392348E+001                  9.5279990836334056E-006                  5.9390575068144125E-001                  4.0608472131947515E-001                  1.5985037219074603E-093                  0.0000000000000000E+000                  2.1723592422083524E-039 
                                     814                  2.2066538173957778E-001                 -1.3815993618766700E+000                  7.2246143458417444E+000                  2.0368467433585278E+000                  1.6997470304540716E+001                  9.3210672004010015E-006                  5.9901947014748735E-001                  4.0097120878531223E-001                  1.5779395164292622E-093                  0.0000000000000000E+000                  1.9590144977091745E-039 
                                     815                  2.2057310308887157E-001                 -1.3840344486153360E+000                  7.2247491660506276E+000                  2.0560988200126489E+000                  1.7017543262951556E+001                  9.1337340160616285E-006                  6.0420009648820949E-001                  3.9579076977777450E-001                  1.6754268746877049E-093                  0.0000000000000000E+000                  2.2431606202724585E-039 
                                     816                  2.2052696376351849E-001                 -1.3852138401320995E+000                  7.2253322602696244E+000                  2.0679187641837573E+000                  1.7030563610456706E+001                  8.9855218078540258E-006                  6.0847213930028654E-001                  3.9151887517790562E-001                  1.7734878687509406E-093                  0.0000000000000000E+000                  2.5871084167883501E-039 
                                     817                  2.2048082443816541E-001                 -1.3863708650851072E+000                  7.2236478859176358E+000                  2.0876146279129419E+000                  1.7049583693227031E+001                  8.7282183675706164E-006                  6.1610764139579710E-001                  3.8388363038583528E-001                  1.7706402987114543E-093                  0.0000000000000000E+000                  2.4668052196120439E-039 
                                     818                  2.2038854578745920E-001                 -1.3886083777211204E+000                  7.2244179170469103E+000                  2.1110512791475040E+000                  1.7074192003740638E+001                  8.5504296445948711E-006                  6.1930721365635866E-001                  3.8068423591399669E-001                  1.9373651935948766E-093                  0.0000000000000000E+000                  3.0585723524253162E-039 
                                     819                  2.2029626713675302E-001                 -1.3907607330510878E+000                  7.2282946629885654E+000                  2.1308964075941104E+000                  1.7097924477434432E+001                  8.5069501361669210E-006                  6.1903742156103581E-001                  3.8095407148882798E-001                  2.3406826266935883E-093                  6.2721673301748206E-095                  5.1247924324953437E-039 
                                     820                  2.2020398848604680E-001                 -1.3928472764907431E+000                  7.2317161149325102E+000                  2.1503974318990022E+000                  1.7120842935839605E+001                  8.4553802803231676E-006                  6.1874340521182603E-001                  3.8124813940789370E-001                  2.7779159984416303E-093                  7.5324940977876807E-095                  8.1505120638775682E-039 
                                     821                  2.2011170983534062E-001                 -1.3948707224704515E+000                  7.2323783077063473E+000                  2.1719475798435788E+000                  1.7143002510370231E+001                  8.2714989029609944E-006                  6.1887915198716137E-001                  3.8111257651393571E-001                  2.9986241341514365E-093                  8.1568318020677142E-095                  9.7470471130978355E-039 
                                     822                  2.2001943118463443E-001                 -1.3968228359058572E+000                  7.2298612183359197E+000                  2.1960564458326162E+000                  1.7164450517605310E+001                  7.9329206699832522E-006                  6.1927284228941082E-001                  3.8071922478991915E-001                  2.9029014215647581E-093                  7.8517553162204388E-095                  8.3973818887289085E-039 
                                     823                  2.1992715253392822E-001                 -1.3986940845322704E+000                  7.2337935524284722E+000                  2.2127986108295068E+000                  1.7185227383560918E+001                  7.8609081130627640E-006                  6.1927284228941060E-001                  3.8071929680247629E-001                  3.4875277337544779E-093                  9.5452703782451777E-095                  1.3931472271515759E-038 
                                     824                  2.1983487388322204E-001                 -1.4005176937059196E+000                  7.2369874860750221E+000                  2.2311164247150232E+000                  1.7205375397422792E+001                  7.7888955561422893E-006                  6.1044084796702314E-001                  3.8955136313742067E-001                  4.0348960191116668E-093                  1.1603531625970322E-094                  2.0588265016697387E-038 
                                     825                  2.1974259523251588E-001                 -1.4022878219283847E+000                  7.2376779243864791E+000                  2.2500114679407166E+000                  1.7224931425345339E+001                  7.7168829992218248E-006                  6.1044084796702380E-001                  3.8955143514997692E-001                  4.3311568562308533E-093                  1.2492041279183412E-094                  2.4357541515166237E-038 
                                     826                  2.1965031658180970E-001                 -1.4040031135964455E+000                  7.2394314918605467E+000                  2.2622646457906348E+000                  1.7239256507168093E+001                  7.5778049552593979E-006                  6.1213785167381174E-001                  3.8785457052123296E-001                  4.7670559117577898E-093                  1.3730731889185868E-094                  3.1493104378962992E-038 
                                     827                  2.1960417725645662E-001                 -1.4048442984591654E+000                  7.2393095718505780E+000                  2.2715610089591225E+000                  1.7248620180479495E+001                  7.4855984161750514E-006                  6.1345528485879552E-001                  3.8653722954278835E-001                  4.8650580516758109E-093                  1.3939896931975471E-094                  3.2773863664839020E-038 
                                     828                  2.1955803793110354E-001                 -1.4056724295282468E+000                  7.2405959933247734E+000                  2.2832195720967206E+000                  1.7262397929507550E+001                  7.3208645513939681E-006                  6.1834545581565181E-001                  3.8164722331979684E-001                  5.2845253780257618E-093                  1.4895490216837281E-094                  4.0814537796521928E-038 
                                     829                  2.1946575928039735E-001                 -1.4072985405107250E+000                  7.2348058584680333E+000                  2.3072019992329804E+000                  1.7280368098137256E+001                  7.0784355349582588E-006                  6.1834545581565203E-001                  3.8164746574881303E-001                  4.5448191705493896E-093                  1.2631798687765394E-094                  2.4780489297893512E-038 
                                     830                  2.1937348062969117E-001                 -1.4088542938636737E+000                  7.2337035641080476E+000                  2.3249114137523228E+000                  1.7297861029560405E+001                  6.8044146364101365E-006                  6.1626488569121363E-001                  3.8372830989414997E-001                  4.5444124487650932E-093                  1.2747055905563539E-094                  2.3823592815875862E-038 
                                     831                  2.1928120197898501E-001                 -1.4103637806434373E+000                  7.2272147281471133E+000                  2.3509819046759164E+000                  1.7322897610609434E+001                  6.3574563259664726E-006                  6.1647699786943311E-001                  3.8351664467424096E-001                  3.8278749411463203E-093                  1.0580807233085972E-094                  1.3535981381698492E-038 
                                     832                  2.1909977484824214E-001                 -1.4132008811262897E+000                  7.2186023397632022E+000                  2.3773338746418933E+000                  1.7347024213306238E+001                  5.8657643542943820E-006                  6.2127824359044093E-001                  3.7871589064520483E-001                  3.0046064266960767E-093                  7.9754056047330460E-095                  6.2370234017104095E-039 
                                     833                  2.1900906128287070E-001                 -1.4145554015235005E+000                  7.2144795638644421E+000                  2.3951802314574646E+000                  1.7362577980632210E+001                  5.5879495120309738E-006                  6.2452320457186061E-001                  3.7547120747862739E-001                  2.7127055180451560E-093                  7.0362482607458272E-095                  4.4309616876222724E-039 
                                     834                  2.1891834771749927E-001                 -1.4158674174132113E+000                  7.2092180207477847E+000                  2.4218613543229197E+000                  1.7385167024479081E+001                  5.2090904163044412E-006                  6.2958925334919968E-001                  3.7040553756038397E-001                  2.4061909748231393E-093                  6.0371033333619082E-095                  2.9293717524917848E-039 
                                     835                  2.1873692058675639E-001                 -1.4183677778602044E+000                  7.1989148404050169E+000                  2.4527471699082080E+000                  1.7407109036990128E+001                  4.6896162370935974E-006                  6.3438213278778810E-001                  3.6561317759597478E-001                  1.7869718239580579E-093                  0.0000000000000000E+000                  1.1333308377670714E-039 
                                     836                  2.1864620702138496E-001                 -1.4195470402304919E+000                  7.1996534802116718E+000                  2.4659194806050411E+000                  1.7421289414920288E+001                  4.3915826898438615E-006                  6.3438213278778821E-001                  3.6561347562952196E-001                  1.8975946235589899E-093                  0.0000000000000000E+000                  1.3151862240204183E-039 
                                     837                  2.1855549345601352E-001                 -1.4207003261898139E+000                  7.1917745421077308E+000                  2.4938058197191171E+000                  1.7441932688585602E+001                  4.0169562273055497E-006                  6.3309743728196310E-001                  3.6689854576180958E-001                  1.5134450851013083E-093                  0.0000000000000000E+000                  6.3233418997641112E-040 
                                     838                  2.1837406632527068E-001                 -1.4228885408644949E+000                  7.1867837933966037E+000                  2.5245758922031860E+000                  1.7468507701580993E+001                  3.5900464670846411E-006                  6.3200773499242635E-001                  3.6798867496110654E-001                  1.3534012167754145E-093                  0.0000000000000000E+000                  4.2399030475816981E-040 
                                     839                  2.1819263919452783E-001                 -1.4249572799676569E+000                  7.1804946325187897E+000                  2.5550929415169819E+000                  1.7493997163118522E+001                  3.1533148029912239E-006                  6.3340125823455962E-001                  3.6659558845063744E-001                  0.0000000000000000E+000                  0.0000000000000000E+000                  2.4823711489748348E-040 
                                     840                  2.1801121206378501E-001                 -1.4269126331232782E+000                  7.1768744953457579E+000                  2.5833586745440207E+000                  1.7518478780159661E+001                  2.7507380904752571E-006                  6.2388390038409225E-001                  3.7611334887781722E-001                  0.0000000000000000E+000                  0.0000000000000000E+000                  1.8341896737743772E-040 
                                     841                  2.1782978493304220E-001                 -1.4287690583731383E+000                  7.1703255497822260E+000                  2.6087936013751398E+000                  1.7539149361766597E+001                  2.4767947930186642E-006                  6.2861994889019379E-001                  3.7137757431501317E-001                  0.0000000000000000E+000                  0.0000000000000000E+000                  1.0284050331030855E-040 
                                     842                  2.1769371458498518E-001                 -1.4300967015252093E+000                  7.1761685240218451E+000                  2.6198628613247874E+000                  1.7556310340946059E+001                  2.2439599338735589E-006                  6.2861994889019379E-001                  3.7137780714987234E-001                  0.0000000000000000E+000                  0.0000000000000000E+000                  2.0987206554458846E-040 
                                     843                  2.1755764423692822E-001                 -1.4314027602408426E+000                  7.1684848697642547E+000                  2.6520676868160118E+000                  1.7581117174086661E+001                  1.8974707993005062E-006                  6.1814339611456948E-001                  3.8185470641463126E-001                  0.0000000000000000E+000                  0.0000000000000000E+000                  9.9826051465972466E-041 
                                     844                  2.1728550354081416E-001                 -1.4338598946928480E+000                  7.1639098361658338E+000                  2.6863873309750232E+000                  1.7612778127011968E+001                  1.4859989660540495E-006                  6.1872738373116243E-001                  3.8127113026987147E-001                  0.0000000000000000E+000                  0.0000000000000000E+000                  7.1686567946583169E-041 
                                     845                  2.1701336284470016E-001                 -1.4361680114129409E+000                  7.1637384942335744E+000                  2.7078305607626203E+000                  1.7635534919442104E+001                  1.2570172235854244E-006                  6.2144631016142782E-001                  3.7855243282134865E-001                  0.0000000000000000E+000                  0.0000000000000000E+000                  7.9837927774951322E-041 
                                     846                  2.1687729249664314E-001                 -1.4372795320511245E+000                  7.1646967542191335E+000                  2.7209817244788299E+000                  1.7650207543790760E+001                  1.1335085330380029E-006                  6.2064784448291532E-001                  3.7935102200855164E-001                  0.0000000000000000E+000                  0.0000000000000000E+000                  9.5028026745619911E-041 
                                     847                  2.1674122214858613E-001                 -1.4383661167184281E+000                  7.1658989130519313E+000                  2.7401683562247690E+000                  1.7671521142870546E+001                  9.5283290243965503E-007                  6.1990835722151871E-001                  3.8009068994557882E-001                  0.0000000000000000E+000                  0.0000000000000000E+000                  1.2009024249262920E-040 
                                     848                  2.1646908145247212E-001                 -1.4404683814956150E+000                  7.1633814869282961E+000                  2.7607213711740641E+000                  1.7692200000188873E+001                  8.0415650454449961E-007                  6.2969514472264043E-001                  3.7030405112085507E-001                  0.0000000000000000E+000                  0.0000000000000000E+000                  1.0578526591810352E-040 
                                     849                  2.1633301110441511E-001                 -1.4414817813313221E+000                  7.1637590750719848E+000                  2.7728973448860201E+000                  1.7705572542071966E+001                  7.3149546812452017E-007                  6.3037565145629160E-001                  3.6962361704824032E-001                  0.0000000000000000E+000                  0.0000000000000000E+000                  1.1820405765542914E-040 
                                     850                  2.1619694075635806E-001                 -1.4424740135860183E+000                  7.1675565643168753E+000                  2.7880552868581949E+000                  1.7725051069671078E+001                  6.4357653362249824E-007                  6.2884612449823285E-001                  3.7115323192523353E-001                  1.2702264848978408E-093                  0.0000000000000000E+000                  1.9512430415689242E-040 
                                     851                  2.1592480006024409E-001                 -1.4444098789739419E+000                  7.1733149432221888E+000                  2.8054917492740139E+000                  1.7750134468317988E+001                  5.5486008331758740E-007                  6.3755129511476305E-001                  3.6244815002515363E-001                  0.0000000000000000E+000                  0.0000000000000000E+000                  4.2566367947143646E-040 
                                     852                  2.1565265936413011E-001                 -1.4462942622245436E+000                  7.1781243292535271E+000                  2.8220402669686080E+000                  1.7774222169365061E+001                  4.7056819215629369E-007                  6.5267353215120305E-001                  3.4732599728060476E-001                  2.1421720052781262E-093                  4.7187354152862908E-095                  8.5342522630919996E-040 
                                     853                  2.1538051866801597E-001                 -1.4481316615070015E+000                  7.1822055062913046E+000                  2.8395691117656408E+000                  1.7797394550284373E+001                  3.9760960857623411E-007                  6.5780198942257162E-001                  3.4219761296781981E-001                  2.6313327120441912E-093                  5.7346500631533989E-095                  1.5107312308071609E-039 
                                     854                  2.1510837797190177E-001                 -1.4499186072783332E+000                  7.1831407999634509E+000                  2.8585702240889983E+000                  1.7819721198330988E+001                  3.5399126354153922E-007                  6.6656024899732513E-001                  3.3343939701141134E-001                  2.8991987720074022E-093                  6.0946231072725859E-095                  1.9309912137225278E-039 
                                     855                  2.1483623727578763E-001                 -1.4516499693181835E+000                  7.1873842334496132E+000                  2.8749375917644655E+000                  1.7841262334211244E+001                  2.8441757785002398E-007                  6.6711583647534745E-001                  3.3288387910707473E-001                  3.5451169345014246E-093                  7.5317796036293919E-095                  3.3803498608600484E-039 
                                     856                  2.1456409657967349E-001                 -1.4533370987099463E+000                  7.1930290447479903E+000                  2.8890370566491197E+000                  1.7862073361457053E+001                  2.3448503060988508E-007                  6.7086768740066238E-001                  3.2913207811430700E-001                  4.5588836567738138E-093                  9.6741204773336599E-095                  6.9066707280925508E-039 
                                     857                  2.1429195588355934E-001                 -1.4549892811232565E+000                  7.1995992718627013E+000                  2.9026078991656128E+000                  1.7882205148363127E+001                  1.9518435621468498E-007                  6.6708760418962187E-001                  3.3291220062602189E-001                  5.9842816537912533E-093                  1.3170782840824298E-094                  1.5008586958325370E-038 
                                     858                  2.1401981518744523E-001                 -1.4566088329340154E+000                  7.2055942837622036E+000                  2.9156533356110965E+000                  1.7901703416089159E+001                  1.6263262252924379E-007                  6.6689215187564510E-001                  3.3310768549173242E-001                  7.7122702827232762E-093                  1.7281836184299331E-094                  3.0922788230149257E-038 
                                     859                  2.1374767449133111E-001                 -1.4581979743033497E+000                  7.2103119960968414E+000                  2.9303175307970277E+000                  1.7920609433267114E+001                  1.3864657114328726E-007                  6.5748837230297597E-001                  3.4251148905045292E-001                  9.3839112737892566E-093                  2.2273913101242680E-094                  5.3502503763135704E-038 
                                     860                  2.1347553379521703E-001                 -1.4597511188097234E+000                  7.2147784555687089E+000                  2.9416016090001729E+000                  1.7937083646883682E+001                  1.1781143592320420E-007                  6.5933595888743413E-001                  3.4066392330112993E-001                  1.1401031544213700E-092                  2.7177085217220401E-094                  9.2914427590505802E-038 
                                     861                  2.1326008907746002E-001                 -1.4609606441468006E+000                  7.2185252695740321E+000                  2.9526672185356517E+000                  1.7951280451513377E+001                  1.0428496771231883E-007                  6.5025165517281580E-001                  3.4974824054221654E-001                  1.3256083016799585E-092                  3.3305719284070720E-094                  1.4162616770790072E-037 
                                     862                  2.1304464435970305E-001                 -1.4621495488596610E+000                  7.2243557113922661E+000                  2.9668719253338867E+000                  1.7971941296383068E+001                  9.0206813320486700E-008                  6.5040072233247470E-001                  3.4959918746071195E-001                  1.6984538524723565E-092                  4.3353561208262605E-094                  2.8595344974948318E-037 
                                     863                  2.1261375492418916E-001                 -1.4644789610723277E+000                  7.2334992020288702E+000                  2.9825984790718572E+000                  1.7995536422502457E+001                  7.7296594703380014E-008                  6.3701582191006545E-001                  3.6298410079333987E-001                  2.4071638765608166E-092                  6.6930431171153919E-094                  7.7504875682468160E-037 
                                     864                  2.1228285765269639E-001                 -1.4662286783089824E+000                  7.2359615123615892E+000                  2.9989357774622540E+000                  1.8015322503410516E+001                  6.7811731142822449E-008                  6.3598815106541917E-001                  3.6401178112284971E-001                  2.7372044326566772E-092                  7.7073858097298845E-094                  1.0933267150263463E-036 
                                     865                  2.1195196038120367E-001                 -1.4679340274376791E+000                  7.2433996048033888E+000                  3.0105556926178232E+000                  1.8034510035587825E+001                  6.0136818049128486E-008                  6.3495761057529232E-001                  3.6504232928788960E-001                  3.6713939797383389E-092                  1.0596435661631945E-093                  2.5413265314417908E-036 
                                     866                  2.1162106310971091E-001                 -1.4696138803867702E+000                  7.2490400594782658E+000                  3.0227557693806975E+000                  1.8053137532670625E+001                  5.5214145415662020E-008                  6.3741693867552540E-001                  3.6258300611032923E-001                  4.6457422680600546E-092                  1.3469625950258261E-093                  4.9651113051639532E-036 
                                     867                  2.1129016583821816E-001                 -1.4712661061388115E+000                  7.2572497472912083E+000                  3.0378947745556788E+000                  1.8075649262526873E+001                  4.8970207359665480E-008                  6.2706682377528311E-001                  3.7293312725450956E-001                  6.3484692506979283E-092                  1.9707995599646291E-093                  1.2087328779480711E-035 
                                     868                  2.1079381993097895E-001                 -1.4736934892362119E+000                  7.2591187996202882E+000                  3.0541482215042941E+000                  1.8095339455066600E+001                  4.5811699285959978E-008                  6.2978946077444564E-001                  3.7021049341385504E-001                  7.0983447402825701E-092                  2.1911529759092965E-093                  1.6225436611582399E-035 
                                     869                  2.1054564697735936E-001                 -1.4748772815660072E+000                  7.2637481118162999E+000                  3.0628796654453732E+000                  1.8108108957362219E+001                  4.2292037703430629E-008                  6.2281645920715922E-001                  3.7718349850080313E-001                  8.4437583291341830E-092                  2.7218401814517309E-093                  2.6579895996831876E-035 
                                     870                  2.1029747402373977E-001                 -1.4760469811738461E+000                  7.2709191370167270E+000                  3.0750257755834465E+000                  1.8126760029441723E+001                  3.7781587710907604E-008                  6.1495971709234187E-001                  3.8504024512607038E-001                  1.1046505858359472E-091                  3.7568195304883193E-093                  5.7239894828656649E-035 
                                     871                  2.0980112811650056E-001                 -1.4783492860913490E+000                  7.2764132632863561E+000                  3.0968391475705270E+000                  1.8144976102074004E+001                  2.1390967460861249E-008                  5.3285330815216725E-001                  4.6714667045686531E-001                  1.2274195170867582E-091                  5.9874231934472470E-093                  7.3552196090667029E-035 
                                     872                  2.0955295516288097E-001                 -1.4794570266546729E+000                  7.2806257471363569E+000                  3.1111042633205188E+000                  1.8156813925715749E+001                  1.4138808665073634E-008                  4.7512685949141126E-001                  5.2487312636978012E-001                  1.3179790524030740E-091                  8.2149335951084320E-093                  8.6567416151491162E-035 
                                     873                  2.0930478220926133E-001                 -1.4805371036644408E+000                  7.2882306000111470E+000                  3.1227006332224954E+000                  1.8176284415530336E+001                  1.4138808665073634E-008                  4.7512685949141126E-001                  5.2487312636978012E-001                  1.7626746742165622E-091                  1.1213185251268890E-092                  1.9961479614114102E-034 
                                     874                  2.0871395727040495E-001                 -1.4830721203378447E+000                  7.2985534956252165E+000                  3.1385509675159233E+000                  1.8202829150145181E+001                  1.4138808665073634E-008                  4.7512685949141126E-001                  5.2487312636978012E-001                  2.6086108377764728E-091                  1.7062562954630714E-092                  6.1583934383262059E-034 
                                     875                  2.0812313233154853E-001                 -1.4855590506444338E+000                  7.3078870729219148E+000                  3.1529014518468870E+000                  1.8226846572484586E+001                  1.4138808665073634E-008                  4.7512685949141126E-001                  5.2487312636978012E-001                  3.7070721497440090E-091                  2.4869639279376315E-092                  1.6921858940970329E-033 
                                     876                  2.0760327699682127E-001                 -1.4877103233426578E+000                  7.3152859216918271E+000                  3.1642888058500249E+000                  1.8245895227754229E+001                  1.4138808665073634E-008                  4.7512685949141126E-001                  5.2487312636978012E-001                  4.8874584980869921E-091                  0.0000000000000000E+000                  3.7510483520262456E-033 
                                     877                  2.0721338549577581E-001                 -1.4893024819507352E+000                  7.3221684487999008E+000                  3.1748382692379034E+000                  1.8263564880611973E+001                  1.4138808665073624E-008                  4.7512685949141115E-001                  5.2487312636978012E-001                  6.3214776697229366E-091                  4.4074451025970474E-092                  7.8310345544257299E-033 
                                     878                  2.0673414385904856E-001                 -1.4912359412217078E+000                  7.3300616791364401E+000                  3.1869432390797057E+000                  1.8283833550339509E+001                  1.4138808665070315E-008                  4.7512685949138178E-001                  5.2487312636980954E-001                  0.0000000000000000E+000                  0.0000000000000000E+000                  1.8126847591116162E-032 
                                     879                  2.0618788962060219E-001                 -1.4934097956237704E+000                  7.3362626453718613E+000                  3.1965083784629957E+000                  1.8299815508404262E+001                  1.4138808665063271E-008                  4.7512685949131916E-001                  5.2487312636987216E-001                  0.0000000000000000E+000                  0.0000000000000000E+000                  3.4933980112223053E-032 
                                     880                  2.0590562441932361E-001                 -1.4945211656624537E+000                  7.3425741816198045E+000                  3.2061495066817778E+000                  1.8315976903602948E+001                  1.4138808665054799E-008                  4.7512685949124478E-001                  5.2487312636994654E-001                  0.0000000000000000E+000                  0.0000000000000000E+000                  6.7868929349933709E-032 
                                     881                  2.0532615555821479E-001                 -1.4967787313145950E+000                  7.3508248383345167E+000                  3.2188192534666697E+000                  1.8337173921339073E+001                  1.4138808665052946E-008                  4.7512685949122857E-001                  5.2487312636996275E-001                  0.0000000000000000E+000                  0.0000000000000000E+000                  1.6102027358217302E-031 
                                     882                  2.0474668669710591E-001                 -1.4990056144901707E+000                  7.3588527356352520E+000                  3.2311467677583909E+000                  1.8357795554454476E+001                  1.4138808665047121E-008                  4.7512685949117761E-001                  5.2487312637001371E-001                  0.0000000000000000E+000                  0.0000000000000000E+000                  3.7152094216262008E-031 
                                     883                  2.0416380997652286E-001                 -1.5012165358476284E+000                  7.3654037452710455E+000                  3.2412375755017835E+000                  1.8374655555580237E+001                  1.4138808665045971E-008                  4.7512685949116751E-001                  5.2487312637002381E-001                  0.0000000000000000E+000                  0.0000000000000000E+000                  7.3301467617476058E-031 
                                     884                  2.0377171605518180E-001                 -1.5026882456535215E+000                  7.3705868170043551E+000                  3.2491963778766175E+000                  1.8387966298344210E+001                  1.4138808665045545E-008                  4.7512685949116362E-001                  5.2487312637002770E-001                  0.0000000000000000E+000                  0.0000000000000000E+000                  1.2529309377751180E-030 
                                     885                  2.0337611269288838E-001                 -1.5041610668966394E+000                  7.3756961264128789E+000                  3.2570426119970790E+000                  1.8401087236172852E+001                  1.4138808665045502E-008                  4.7512685949116312E-001                  5.2487312637002814E-001                  0.0000000000000000E+000                  0.0000000000000000E+000                  2.1234948720726310E-030 
                                     886                  2.0298050933059492E-001                 -1.5056222506759869E+000                  7.3825984910757239E+000                  3.2675951066228417E+000                  1.8418759122152288E+001                  1.4138808665045502E-008                  4.7512685949116329E-001                  5.2487312637002803E-001                  0.0000000000000000E+000                  0.0000000000000000E+000                  4.3275810754016980E-030 
                                     887                  2.0228462531387420E-001                 -1.5081657552638204E+000                  7.3912816373541199E+000                  3.2809287406174747E+000                  1.8441051772308196E+001                  1.4138808665045502E-008                  4.7512685949116329E-001                  5.2487312637002803E-001                  0.0000000000000000E+000                  0.0000000000000000E+000                  1.0616047988756476E-029 
                                     888                  2.0156727250091011E-001                 -1.5107539213579979E+000                  7.3992255935135933E+000                  3.2931497732907293E+000                  1.8461468570767320E+001                  1.4138808665045502E-008                  4.7512685949116329E-001                  5.2487312637002803E-001                  0.0000000000000000E+000                  0.0000000000000000E+000                  2.4248814197069428E-029 
                                     889                  2.0095239866122669E-001                 -1.5129467131160075E+000                  7.4063676109615528E+000                  3.3041210449803908E+000                  1.8479804430802702E+001                  1.4138808665045502E-008                  4.7512685949116329E-001                  5.2487312637002803E-001                  0.0000000000000000E+000                  0.0000000000000000E+000                  5.1358706305822206E-029 
                                     890                  2.0033752482154321E-001                 -1.5151172702683320E+000                  7.4133206962623648E+000                  3.3148370670445040E+000                  1.8497691642473203E+001                  1.4138808665045502E-008                  4.7512685949116329E-001                  5.2487312637002803E-001                  0.0000000000000000E+000                  0.0000000000000000E+000                  1.0788193565220685E-028 
                                     891                  1.9972265098185976E-001                 -1.5172667598886527E+000                  7.4168784675157209E+000                  3.3383345439986014E+000                  1.8513726389456888E+001                  5.4860168691306790E-009                  3.7431527926777602E-001                  6.2568471524620706E-001                  0.0000000000000000E+000                  0.0000000000000000E+000                  8.5241891087874990E-029 
                                     892                  1.9921025611545684E-001                 -1.5189864963701158E+000                  7.4055064763903582E+000                  3.3599275449336563E+000                  1.8527057807249520E+001                  5.1106638446105467E-009                  3.6856410020486691E-001                  6.3143589468446926E-001                  0.0000000000000000E+000                  0.0000000000000000E+000                  2.9553767427125171E-029 
                                     893                  1.9876599932810016E-001                 -1.5204207633087043E+000                  7.4033447224996225E+000                  3.3759619927344260E+000                  1.8542431168799183E+001                  4.6874955344942447E-009                  3.6340068482237337E-001                  6.3659931049013108E-001                  0.0000000000000000E+000                  0.0000000000000000E+000                  2.4987945915765085E-029 
                                     894                  1.9808244369994799E-001                 -1.5225741128328150E+000                  7.4051725537584909E+000                  3.3925575809682846E+000                  1.8561031529007213E+001                  4.1535938939529564E-009                  3.5146173587802587E-001                  6.4853825996838022E-001                  0.0000000000000000E+000                  0.0000000000000000E+000                  2.9474613417104362E-029 
                                     895                  1.9737005056873322E-001                 -1.5247668357787743E+000                  7.4059378747705003E+000                  3.4056592662113472E+000                  1.8575161419417299E+001                  3.9513894418779733E-009                  3.4187348386472571E-001                  6.5812651218388485E-001                  0.0000000000000000E+000                  0.0000000000000000E+000                  3.1327013341968616E-029 
                                     896                  1.9699943525159452E-001                 -1.5258864212366070E+000                  7.4096144949922023E+000                  3.4160227005561445E+000                  1.8589321591307638E+001                  3.7697716875872806E-009                  3.3714588098746850E-001                  6.6285411524275983E-001                  0.0000000000000000E+000                  0.0000000000000000E+000                  4.5496978695447679E-029 
                                     897                  1.9625820461731716E-001                 -1.5280980769962962E+000                  7.4164918018726160E+000                  3.4281273244506352E+000                  1.8607809139170239E+001                  3.1392519894601007E-009                  3.2986395198598206E-001                  6.7013604487476597E-001                  0.0000000000000000E+000                  0.0000000000000000E+000                  9.0037985042013102E-029 
                                     898                  1.9551697398303983E-001                 -1.5302818432259593E+000                  7.4234812278553592E+000                  3.4403617089802436E+000                  1.8625827680073314E+001                  2.8408854191836600E-009                  3.1714353477755919E-001                  6.8285646238155540E-001                  0.0000000000000000E+000                  0.0000000000000000E+000                  1.7418631744699768E-028 
                                     899                  1.9477574334876233E-001                 -1.5324370069243880E+000                  7.4307072509996246E+000                  3.4528141599946940E+000                  1.8644468576276655E+001                  2.4378311774090581E-009                  3.0578658750003318E-001                  6.9421341006213566E-001                  0.0000000000000000E+000                  0.0000000000000000E+000                  3.5694081896218524E-028 
                                     900                  1.9394265992695237E-001                 -1.5348280162952304E+000                  7.4370030473360282E+000                  3.4661538412486985E+000                  1.8663693359735635E+001                  2.0600137894746220E-009                  2.9716780353401767E-001                  7.0283219440596856E-001                  0.0000000000000000E+000                  0.0000000000000000E+000                  6.9772515822751175E-028 
                                     901                  1.9310957650514238E-001                 -1.5371850391005610E+000                  7.4446916290287124E+000                  3.4779045098754122E+000                  1.8683826988530321E+001                  1.8046978072883611E-009                  3.0033230391053012E-001                  6.9966769428477216E-001                  0.0000000000000000E+000                  0.0000000000000000E+000                  1.8241865776712391E-027 
                                     902                  1.9214832640305402E-001                 -1.5398786540356739E+000                  7.4528313387672540E+000                  3.4927055901510751E+000                  1.8704812973888139E+001                  1.6887329909040647E-009                  2.8072797100578895E-001                  7.1927202730547801E-001                  0.0000000000000000E+000                  0.0000000000000000E+000                  4.1762486235539438E-027 
                                     903                  1.9118707630096565E-001                 -1.5425305278621215E+000                  7.4610589284977822E+000                  3.5061561311633556E+000                  1.8726266067302713E+001                  1.1529817713513785E-009                  2.7582751110693438E-001                  7.2417248774008391E-001                  0.0000000000000000E+000                  0.0000000000000000E+000                  1.1489491175337317E-026 
                                     904                  1.9012428695239803E-001                 -1.5454281124326292E+000                  7.4690856223501800E+000                  3.5206961851128877E+000                  1.8748155989602392E+001                  1.0508969182618089E-009                  2.6610631912951788E-001                  7.3389367981958520E-001                  0.0000000000000000E+000                  0.0000000000000000E+000                  3.0042020936795811E-026 
                                     905                  1.8906149760383040E-001                 -1.5482865605238803E+000                  7.4756054964347296E+000                  3.5328695342639325E+000                  1.8766590538882312E+001                  9.0815352439547552E-010                  2.6005056254246584E-001                  7.3994943654938061E-001                  0.0000000000000000E+000                  0.0000000000000000E+000                  6.7659320024808043E-026 
                                     906                  1.8828768486769723E-001                 -1.5503449344446014E+000                  7.4811457988270362E+000                  3.5432816632736142E+000                  1.8781759107735535E+001                  7.9373973679434040E-010                  2.5051737876077018E-001                  7.4948262044549008E-001                  0.0000000000000000E+000                  0.0000000000000000E+000                  1.2849432298710745E-025 
                                     907                  1.8751387213156406E-001                 -1.5523831830165218E+000                  7.4869552694307933E+000                  3.5545115028110441E+000                  1.8799202487628289E+001                  7.0775330765378907E-010                  2.4954685381309655E-001                  7.5045314547915010E-001                  0.0000000000000000E+000                  0.0000000000000000E+000                  2.8089016609313010E-025 
                                     908                  1.8646672442327064E-001                 -1.5551156352065141E+000                  7.4939154541263573E+000                  3.5679830258561807E+000                  1.8818806035452766E+001                  5.4309778386657197E-010                  2.3832202475543168E-001                  7.6167797470147058E-001                  0.0000000000000000E+000                  0.0000000000000000E+000                  6.3330311165875849E-025 
                                     909                  1.8541957671497719E-001                 -1.5578147951680796E+000                  7.5015050424701775E+000                  3.5825651108230336E+000                  1.8840247806842243E+001                  4.6536651592779731E-010                  2.2749681560827359E-001                  7.7250318392635986E-001                  0.0000000000000000E+000                  0.0000000000000000E+000                  1.5485432297837413E-024 
                                     910                  1.8411089988086646E-001                 -1.5611453166661431E+000                  7.5084014120619891E+000                  3.5952982749478894E+000                  1.8860469307191231E+001                  3.7839372098876414E-010                  2.2777980284692970E-001                  7.7222019677467657E-001                  0.0000000000000000E+000                  0.0000000000000000E+000                  3.9462802985098122E-024 
                                     911                  1.8314303080582939E-001                 -1.5635855074408456E+000                  7.5128730461110518E+000                  3.6081555367677711E+000                  1.8877233197275395E+001                  2.9544718948993054E-010                  2.1573147144977198E-001                  7.8426852825478077E-001                  0.0000000000000000E+000                  0.0000000000000000E+000                  6.2640647761978909E-024 
                                     912                  1.8217516173079232E-001                 -1.5659945277775007E+000                  7.5213169225784258E+000                  3.6240630501345086E+000                  1.8902041549785231E+001                  2.3403346112678127E-010                  2.1362435459367729E-001                  7.8637564517228919E-001                  0.0000000000000000E+000                  0.0000000000000000E+000                  1.8805794588760989E-023 
                                     913                  1.8018806073764188E-001                 -1.5708840733262146E+000                  7.5307604811676931E+000                  3.6436478958950667E+000                  1.8929764464936959E+001                  1.7491196547664984E-010                  1.9535672636682930E-001                  8.0464327345825870E-001                  0.0000000000000000E+000                  0.0000000000000000E+000                  5.0622010012860954E-023 
                                     914                  1.7878453993090046E-001                 -1.5742812911054105E+000                  7.5374423293831541E+000                  3.6582199454047326E+000                  1.8951950179206708E+001                  1.0422992659640881E-010                  1.9577774139022769E-001                  8.0422225850554241E-001                  0.0000000000000000E+000                  0.0000000000000000E+000                  1.2344457636646450E-022 
                                     915                  1.7738101912415907E-001                 -1.5776440169015897E+000                  7.5442090724150157E+000                  3.6726496616015902E+000                  1.8971911104722302E+001                  8.1157857959639349E-011                  1.7984631247222832E-001                  8.2015368744661377E-001                  0.0000000000000000E+000                  0.0000000000000000E+000                  2.3220019463397390E-022 
                                     916                  1.7619398774140899E-001                 -1.5804544141631129E+000                  7.5496593830528873E+000                  3.6846973939289507E+000                  1.8989763924786899E+001                  6.7540388010878728E-011                  1.7682341399289495E-001                  8.2317658593956466E-001                  0.0000000000000000E+000                  0.0000000000000000E+000                  4.4897284051721275E-022 
                                     917                  1.7500695635865887E-001                 -1.5832412795328539E+000                  7.5558298377970567E+000                  3.6981094985929821E+000                  1.9008492552858115E+001                  4.7456188603514200E-011                  1.6401409385599999E-001                  8.3598590609654377E-001                  0.0000000000000000E+000                  0.0000000000000000E+000                  7.9450694491558012E-022 
                                     918                  1.7364496656552431E-001                 -1.5864060413855894E+000                  7.5616356678484964E+000                  3.7112206866840798E+000                  1.9028056344416743E+001                  3.5755091673467873E-011                  1.6243665621251846E-001                  8.3756334375172647E-001                  0.0000000000000000E+000                  0.0000000000000000E+000                  1.6266004730978826E-021 
                                     919                  1.7228297677238963E-001                 -1.5895442692628921E+000                  7.5674066908195146E+000                  3.7241670621267526E+000                  1.9046697219302153E+001                  2.7065969434603740E-011                  1.5541433443009903E-001                  8.4458566554283498E-001                  6.8059992415717279E-118                  1.3728815508804815E-049                  2.9695627543195598E-021 
                                     920                  1.7098924228624574E-001                 -1.5924992192420164E+000                  7.5728895822145175E+000                  3.7365749915737392E+000                  1.9064459798174866E+001                  1.6668235996979099E-011                  1.4815611964159889E-001                  8.5184388034173286E-001                  0.0000000000000000E+000                  0.0000000000000000E+000                  5.1433488416286875E-021 
                                     921                  1.6969550780010190E-001                 -1.5954299154112765E+000                  7.5777607760293488E+000                  3.7479055169835456E+000                  1.9081044538301413E+001                  1.2654876800540729E-011                  1.4508825921801902E-001                  8.5491174076932608E-001                  0.0000000000000000E+000                  0.0000000000000000E+000                  8.9123407763086575E-021 
                                     922                  1.6852420644845312E-001                 -1.5980651181256587E+000                  7.5823706073997474E+000                  3.7586496284076714E+000                  1.9096500636886240E+001                  1.0502272245290479E-011                  1.4012128549082567E-001                  8.5987871449867204E-001                  0.0000000000000000E+000                  0.0000000000000000E+000                  1.4278314623313997E-020 
                                     923                  1.6735290509680420E-001                 -1.6006829974272265E+000                  7.5874439049393043E+000                  3.7705083651829576E+000                  1.9113682359965178E+001                  8.2943319744390473E-012                  1.3564570897645978E-001                  8.6435429101524586E-001                  0.0000000000000000E+000                  0.0000000000000000E+000                  2.4308360582457824E-020 
                                     924                  1.6586625338125024E-001                 -1.6039829272412842E+000                  7.5930631535915554E+000                  3.7836005861028315E+000                  1.9132521750628939E+001                  5.0208860867798211E-012                  1.2951914599563880E-001                  8.7048085399934028E-001                  0.0000000000000000E+000                  0.0000000000000000E+000                  4.2257719294247194E-020 
                                     925                  1.6437960166569637E-001                 -1.6072584132188892E+000                  7.5982870846453441E+000                  3.7959670272909420E+000                  1.9150716735761140E+001                  3.2193686613305329E-012                  1.2726697181361593E-001                  8.7273302818316467E-001                  0.0000000000000000E+000                  0.0000000000000000E+000                  7.5953667336025237E-020 
                                     926                  1.6293234092730938E-001                 -1.6104273536839957E+000                  7.6042863160442034E+000                  3.8101446880841898E+000                  1.9171348046340050E+001                  2.2335741696781935E-012                  1.2279237747908929E-001                  8.7720762251867712E-001                  0.0000000000000000E+000                  0.0000000000000000E+000                  1.4124557388952049E-019 
                                     927                  1.6097074021652838E-001                 -1.6146926037404434E+000                  7.6098327056419199E+000                  3.8235516708998345E+000                  1.9191133808837517E+001                  1.5667674348144722E-012                  1.2138041239314663E-001                  8.7861958760528658E-001                  0.0000000000000000E+000                  0.0000000000000000E+000                  2.6629450839873885E-019 
                                     928                  1.5959930543329084E-001                 -1.6176571268777176E+000                  7.6148432692402883E+000                  3.8355537961047976E+000                  1.9208519856900026E+001                  1.3843412465153490E-012                  1.1725790244898356E-001                  8.8274209754963207E-001                  0.0000000000000000E+000                  0.0000000000000000E+000                  4.3702737176611343E-019 
                                     929                  1.5797072662819700E-001                 -1.6211588573734690E+000                  7.6200318717796662E+000                  3.8481659512917989E+000                  1.9227034474601830E+001                  7.2714701185684817E-013                  1.1524977963959543E-001                  8.8475022035967743E-001                  0.0000000000000000E+000                  0.0000000000000000E+000                  7.6888389946799092E-019 
                                     930                  1.5634214782310310E-001                 -1.6246434348782746E+000                  7.6248369088022061E+000                  3.8598847273469636E+000                  1.9244147339103698E+001                  5.0945330697078926E-013                  1.1269590383852074E-001                  8.8730409616096984E-001                  0.0000000000000000E+000                  0.0000000000000000E+000                  1.2677710086797345E-018 
                                     931                  1.5490157801327187E-001                 -1.6277123828317506E+000                  7.6298822939122912E+000                  3.8723155932229405E+000                  1.9262598391700109E+001                  3.2989923704951918E-013                  1.1256399237249969E-001                  8.8743600762717045E-001                  0.0000000000000000E+000                  0.0000000000000000E+000                  2.2839337797818060E-018 
                                     932                  1.5295957373132801E-001                 -1.6318338670863237E+000                  7.6345801553372876E+000                  3.8839180652215712E+000                  1.9279552118949304E+001                  2.0963801002616428E-013                  1.1038052276716945E-001                  8.8961947723262091E-001                  0.0000000000000000E+000                  0.0000000000000000E+000                  3.7241129748309228E-018 
                                     933                  1.5174525161488234E-001                 -1.6344017661163857E+000                  7.6394247192848210E+000                  3.8959114006097320E+000                  1.9297309994982026E+001                  1.4034474980036056E-013                  1.0995051615875612E-001                  8.9004948384110349E-001                  0.0000000000000000E+000                  0.0000000000000000E+000                  6.4510517186756542E-018 
                                     934                  1.4957225414334702E-001                 -1.6389834151118317E+000                  7.6448120142122438E+000                  3.9093582294266560E+000                  1.9317085393985920E+001                  7.8175297764057776E-014                  1.0861490264415036E-001                  8.9138509735577143E-001                  0.0000000000000000E+000                  0.0000000000000000E+000                  1.1560778472613353E-017 
                                     935                  1.4791434305172074E-001                 -1.6424682675494147E+000                  7.6493952819431419E+000                  3.9208664427209423E+000                  1.9334152087990596E+001                  5.6639354561535737E-014                  1.0868129068676492E-001                  8.9131870931317847E-001                  0.0000000000000000E+000                  0.0000000000000000E+000                  1.9562154983952373E-017 
                                     936                  1.4619441669835187E-001                 -1.6460762405407103E+000                  7.6546954231627158E+000                  3.9341007805539063E+000                  1.9353545143321519E+001                  2.9243958849326713E-014                  1.0672209347645387E-001                  8.9327790652351691E-001                  0.0000000000000000E+000                  0.0000000000000000E+000                  3.3803111128024197E-017 
                                     937                  1.4399673302460236E-001                 -1.6506765781345618E+000                  7.6603402119839776E+000                  3.9483686593798826E+000                  1.9374652797117584E+001                  2.1780310825865812E-014                  1.0649037596528799E-001                  8.9350962403469025E-001                  0.0000000000000000E+000                  0.0000000000000000E+000                  6.3475179965970910E-017 
                                     938                  1.4184682508289076E-001                 -1.6551704286829985E+000                  7.6656570602409131E+000                  3.9618649762777487E+000                  1.9394641286139532E+001                  9.9880014537052232E-015                  1.0652879599624218E-001                  8.9347120400374780E-001                  1.0052203033345869E-116                  9.4158040144032703E-048                  1.1524492965334876E-016 
                                     939                  1.3979246860525527E-001                 -1.6594614141411905E+000                  7.6697275931927837E+000                  3.9722137240919517E+000                  1.9409858395678125E+001                  7.2954513387819290E-015                  1.0568556788618359E-001                  8.9431443211380912E-001                  9.5600320405525686E-113                  1.0294972933282260E-045                  1.7698969922877112E-016 
                                     940                  1.3859594604316100E-001                 -1.6619597328881610E+000                  7.6726889921234269E+000                  3.9797071171430183E+000                  1.9420884728639248E+001                  4.3120191706415304E-015                  1.0503233501907255E-001                  8.9496766498092317E-001                  0.0000000000000000E+000                  0.0000000000000000E+000                  2.4108878276956394E-016 
                                     941                  1.3739942348106676E-001                 -1.6644580607055821E+000                  7.6760439525315824E+000                  3.9880533214427571E+000                  1.9433303593607985E+001                  3.8998588348591422E-015                  1.0502030878484146E-001                  8.9497969121515464E-001                  0.0000000000000000E+000                  0.0000000000000000E+000                  3.4851035625369059E-016 
                                     942                  1.3586634153356386E-001                 -1.6676606079322793E+000                  7.6796930720943148E+000                  3.9958924490976737E+000                  1.9445252487079959E+001                  2.2299389290846538E-015                  1.0434846283502019E-001                  8.9565153716497758E-001                  0.0000000000000000E+000                  0.0000000000000000E+000                  5.0635288204050677E-016 
                                     943                  1.3474731593039099E-001                 -1.6700007880593399E+000                  7.6812444913673614E+000                  4.0032922004978744E+000                  1.9455216249962309E+001                  1.8814579371830132E-015                  1.0435475819116630E-001                  8.9564524180883187E-001                  0.0000000000000000E+000                  0.0000000000000000E+000                  6.1084359157593309E-016 
                                     944                  1.3362829032721812E-001                 -1.6723389091300005E+000                  7.6856522049329294E+000                  4.0129356033462154E+000                  1.9469888148357729E+001                  1.4017813810174342E-015                  1.0371209094626718E-001                  8.9628790905373146E-001                  0.0000000000000000E+000                  0.0000000000000000E+000                  9.6097621813856888E-016 
                                     945                  1.3140127590716943E-001                 -1.6770011323941683E+000                  7.6899306493974739E+000                  4.0238290455577816E+000                  1.9486012220976747E+001                  9.0968188465339373E-016                  1.0348383796526270E-001                  8.9651616203473639E-001                  0.0000000000000000E+000                  0.0000000000000000E+000                  1.5166760355396266E-015 
                                     946                  1.2991659962713750E-001                 -1.6801148750166290E+000                  7.6930422644455083E+000                  4.0317825464224279E+000                  1.9497664740119131E+001                  6.4467994622044253E-016                  1.0245297767222146E-001                  8.9754702232777794E-001                  0.0000000000000000E+000                  0.0000000000000000E+000                  2.0577409467834761E-015 
                                     947                  1.2867936939377689E-001                 -1.6827133517656379E+000                  7.6958075656575735E+000                  4.0388876872034150E+000                  1.9508140932555989E+001                  3.8821407017511401E-016                  1.0208730756303755E-001                  8.9791269243696203E-001                  0.0000000000000000E+000                  0.0000000000000000E+000                  2.7392597273182085E-015 
                                     948                  1.2744213916041625E-001                 -1.6853159993280635E+000                  7.6985219278978443E+000                  4.0458916443274155E+000                  1.9518516043202599E+001                  3.6617061895859753E-016                  1.0212688011696262E-001                  8.9787311988303697E-001                  0.0000000000000000E+000                  0.0000000000000000E+000                  3.6665140996768050E-015 
                                     949                  1.2620490892705519E-001                 -1.6879235131859689E+000                  7.7012240892418555E+000                  4.0528547073208205E+000                  1.9528792897511828E+001                  2.8883125256953565E-016                  1.0189623608493625E-001                  8.9810376391506341E-001                  7.1889373827722278E-084                  0.0000000000000000E+000                  4.8569841025442195E-015 
                                     950                  1.2496767869369418E-001                 -1.6905362393767367E+000                  7.7040301073501318E+000                  4.0600772033364958E+000                  1.9539428031523098E+001                  2.7749619324774544E-016                  1.0138593370090897E-001                  8.9861406629909080E-001                  0.0000000000000000E+000                  0.0000000000000000E+000                  6.4443755796161206E-015 
                                     951                  1.2361879507878151E-001                 -1.6933911709341025E+000                  7.7069445275100099E+000                  4.0675698769110822E+000                  1.9550417914973835E+001                  2.0998262505162763E-016                  1.0049880224996985E-001                  8.9950119775002990E-001                  0.0000000000000000E+000                  0.0000000000000000E+000                  8.5415251663153686E-015 
                                     952                  1.2226991146386905E-001                 -1.6962532292415322E+000                  7.7096750835403762E+000                  4.0746077948072843E+000                  1.9560759387895168E+001                  1.9448373093787690E-016                  9.9839978688934988E-002                  9.0016002131106476E-001                  0.0000000000000000E+000                  0.0000000000000000E+000                  1.1165662998683769E-014 
                                     953                  1.2105682051407525E-001                 -1.6988338535826646E+000                  7.7122242781104768E+000                  4.0811920557510524E+000                  1.9570462300989750E+001                  1.7046566698536909E-016                  9.9448599785350769E-002                  9.0055140021464908E-001                  0.0000000000000000E+000                  0.0000000000000000E+000                  1.4421071244629174E-014 
                                     954                  1.1984372956428152E-001                 -1.7014214276800692E+000                  7.7145787501235352E+000                  4.0872958986553316E+000                  1.9579488119938624E+001                  1.4890682663838797E-016                  9.9300379912586237E-002                  9.0069962008741355E-001                  0.0000000000000000E+000                  0.0000000000000000E+000                  1.8369469860510875E-014 
                                     955                  1.1878227498321225E-001                 -1.7036917376801808E+000                  7.7176393961885221E+000                  4.0951546015131699E+000                  1.9590995199535350E+001                  7.8941579281093585E-017                  9.8137093939718090E-002                  9.0186290606028185E-001                  0.0000000000000000E+000                  0.0000000000000000E+000                  2.4389686575712639E-014 
                                     956                  1.1690995385424627E-001                 -1.7077108488248796E+000                  7.7215322404563231E+000                  4.1052269053840726E+000                  1.9605830873450280E+001                  8.9658865817636881E-017                  9.7416785569255912E-002                  9.0258321443074396E-001                  0.0000000000000000E+000                  0.0000000000000000E+000                  3.5731874033716672E-014 
                                     957                  1.1496483195136611E-001                 -1.7119079285819945E+000                  7.7255494383880992E+000                  4.1156577037442448E+000                  1.9621271062642219E+001                  5.9293046611453976E-017                  9.7229752836061500E-002                  9.0277024716393850E-001                  0.0000000000000000E+000                  0.0000000000000000E+000                  5.3791329520300781E-014 
                                     958                  1.1288504776290174E-001                 -1.7164228847076313E+000                  7.7290638169755814E+000                  4.1247790874028984E+000                  1.9634627992114346E+001                  4.5881119114574743E-017                  9.6013694272125014E-002                  9.0398630572787497E-001                  0.0000000000000000E+000                  0.0000000000000000E+000                  7.4320746772905566E-014 
                                     959                  1.1144865005000497E-001                 -1.7195581407650873E+000                  7.7319194407927325E+000                  4.1322251930267049E+000                  1.9645635713365756E+001                  4.2891059484358745E-017                  9.5777455084608984E-002                  9.0422254491539100E-001                  0.0000000000000000E+000                  0.0000000000000000E+000                  9.8817219068612450E-014 
                                     960                  1.0995240243240539E-001                 -1.7228404631123195E+000                  7.7343103892900507E+000                  4.1384337908981434E+000                  1.9654786714932225E+001                  2.1105760146863793E-017                  9.5329391182142384E-002                  9.0467060881785755E-001                  0.0000000000000000E+000                  0.0000000000000000E+000                  1.2432698480511353E-013 
                                     961                  1.0899480395714195E-001                 -1.7249502873864551E+000                  7.7371548377353996E+000                  4.1458018186772208E+000                  1.9665589633420979E+001                  1.7879867950594572E-017                  9.4339165874678471E-002                  9.0566083412532150E-001                  0.0000000000000000E+000                  0.0000000000000000E+000                  1.6083940454385003E-013 
                                     962                  1.0701975710190952E-001                 -1.7293253764653524E+000                  7.7409727889234130E+000                  4.1557713116370536E+000                  1.9680301672686664E+001                  9.7811973932153217E-018                  9.3792464444276649E-002                  9.0620753555572331E-001                  0.0000000000000000E+000                  0.0000000000000000E+000                  2.3259615661239946E-013 
                                     963                  1.0497134250594675E-001                 -1.7338992031460161E+000                  7.7444261363358757E+000                  4.1647934453326672E+000                  1.9693568275036800E+001                  6.5615974202436845E-018                  9.2931699420625069E-002                  9.0706830057937493E-001                  0.0000000000000000E+000                  0.0000000000000000E+000                  3.2034577792322294E-013 
                                     964                  1.0335732126580505E-001                 -1.7375305132364438E+000                  7.7475794588298141E+000                  4.1730353945857246E+000                  1.9705748847808902E+001                  4.4568619769957781E-018                  9.2559372307274401E-002                  9.0744062769272560E-001                  0.0000000000000000E+000                  0.0000000000000000E+000                  4.3420384817183968E-013 
                                     965                  1.0157036917850637E-001                 -1.7415813570410164E+000                  7.7501037411235849E+000                  4.1796357812855041E+000                  1.9715401164646355E+001                  1.4269373803235396E-018                  9.1516496191436258E-002                  9.0848350380856369E-001                  0.0000000000000000E+000                  0.0000000000000000E+000                  5.4005023271860429E-013 
                                     966                  1.0064807132699877E-001                 -1.7436848704452250E+000                  7.7525924111594975E+000                  4.1861949427856988E+000                  1.9725140547019549E+001                  2.2105435651704050E-018                  9.1617431091408963E-002                  9.0838256890859104E-001                  0.0000000000000000E+000                  0.0000000000000000E+000                  6.9435989126410488E-013 
                                     967                  9.8803475623981729E-002                 -1.7479204524160827E+000                  7.7559212379226778E+000                  4.1949321641001776E+000                  1.9738054103850697E+001                  8.5152849463921878E-019                  9.1218669568744457E-002                  9.0878133043125553E-001                  0.0000000000000000E+000                  0.0000000000000000E+000                  9.5354750233207971E-013 
                                     968                  9.6958879920965121E-002                 -1.7521955057042335E+000                  7.7592352181504474E+000                  4.2036330576212970E+000                  1.9750851054436712E+001                  4.8535512402577882E-019                  9.0351513410411144E-002                  9.0964848658958886E-001                  0.0000000000000000E+000                  0.0000000000000000E+000                  1.2855175666848723E-012 
                                     969                  9.5114284217948472E-002                 -1.7565119645042448E+000                  7.7620748123599386E+000                  4.2111199059046198E+000                  1.9761904430004645E+001                  2.9669339857128941E-019                  8.9941644622238914E-002                  9.1005835537776103E-001                  3.2895865010500840E-034                  0.0000000000000000E+000                  1.6771044827047588E-012 
                                     970                  9.3750270857071910E-002                 -1.7597320704824004E+000                  7.7644653797604990E+000                  4.2174166852257118E+000                  1.9771225167607547E+001                  2.1500714189040749E-019                  8.9739901855199047E-002                  9.1026009814480091E-001                  7.0663091518046125E-034                  0.0000000000000000E+000                  2.1061028880131272E-012 
                                     971                  9.2386257496195459E-002                 -1.7629774952079715E+000                  7.7669085543981762E+000                  4.2237777537404968E+000                  1.9780488661309338E+001                  1.2003878813492388E-019                  8.8296426244373255E-002                  9.1170357375562672E-001                  0.0000000000000000E+000                  0.0000000000000000E+000                  2.5465126801193931E-012 
                                     972                  9.1022244135318731E-002                 -1.7662485288858099E+000                  7.7692564989519752E+000                  4.2299720349012491E+000                  1.9789696622506828E+001                  8.5586490159225668E-020                  8.8355481944271355E-002                  9.1164451805572866E-001                  0.0000000000000000E+000                  0.0000000000000000E+000                  3.2080903302644384E-012 
                                     973                  8.9658230774442169E-002                 -1.7695472469978735E+000                  7.7715653584538158E+000                  4.2360544084553489E+000                  1.9798721737936383E+001                  6.6902744791830935E-020                  8.8269038002995862E-002                  9.1173096199700410E-001                  0.0000000000000000E+000                  0.0000000000000000E+000                  4.0034555638094793E-012 
                                     974                  8.8333084246341564E-002                 -1.7727794969453288E+000                  7.7738507517584257E+000                  4.2420483925396626E+000                  1.9807565925159896E+001                  6.1191565622161312E-020                  8.7757382954985683E-002                  9.1224261704501430E-001                  0.0000000000000000E+000                  0.0000000000000000E+000                  4.9090073261502806E-012 
                                     975                  8.7007937718241210E-002                 -1.7760397366378435E+000                  7.7761246386691347E+000                  4.2480067691051095E+000                  1.9816362509312626E+001                  2.8424862356344599E-020                  8.7262352682688976E-002                  9.1273764731731100E-001                  3.8617487743484656E-034                  0.0000000000000000E+000                  6.0115508665443084E-012 
                                     976                  8.5682791190140620E-002                 -1.7793291271423064E+000                  7.7783596004860529E+000                  4.2538910921601056E+000                  1.9825113009724678E+001                  3.4474488683388528E-020                  8.7260737417629700E-002                  9.1273926258237026E-001                  0.0000000000000000E+000                  0.0000000000000000E+000                  7.4557874075093061E-012 
                                     977                  8.4357644662040085E-002                 -1.7826491807992328E+000                  7.7811746398360242E+000                  4.2612304113313630E+000                  1.9835968439755700E+001                  2.3159994213607914E-020                  8.6686606485782275E-002                  9.1331339351421770E-001                  0.0000000000000000E+000                  0.0000000000000000E+000                  9.5757981414894991E-012 
                                     978                  8.2369924869887770E-002                 -1.7876891119627609E+000                  7.7836840654815500E+000                  4.2678336871492624E+000                  1.9845727064827411E+001                  9.6748602854786147E-021                  8.6195930615914462E-002                  9.1380406938408554E-001                  1.5442371827243478E-033                  7.7896429410998357E-034                  1.1971007701252932E-011 
                                     979                  8.1376064973812307E-002                 -1.7902370535625443E+000                  7.7853578635235081E+000                  4.2722030598992911E+000                  1.9852185300068580E+001                  1.4496876870762409E-020                  8.5812177640265941E-002                  9.1418782235973406E-001                  0.0000000000000000E+000                  0.0000000000000000E+000                  1.3857046728284156E-011 
                                     980                  8.0382205077736871E-002                 -1.7928044504989149E+000                  7.7873133347131755E+000                  4.2772520725050871E+000                  1.9859615518100615E+001                  1.3372433728026288E-020                  8.5015444200818344E-002                  9.1498455579918170E-001                  0.0000000000000000E+000                  0.0000000000000000E+000                  1.6227369623820988E-011 
                                     981                  7.9078564744827634E-002                 -1.7962024273077319E+000                  7.7894526793603305E+000                  4.2828670295291271E+000                  1.9868019899806420E+001                  1.0531451833881781E-020                  8.5305988239786010E-002                  9.1469401176021403E-001                  0.0000000000000000E+000                  0.0000000000000000E+000                  2.0091630938096772E-011 
                                     982                  7.7774924411918592E-002                 -1.7996368507418694E+000                  7.7916038459702035E+000                  4.2884646080339248E+000                  1.9876319843490535E+001                  7.0933554603454261E-021                  8.4920084289938649E-002                  9.1507991571006131E-001                  0.0000000000000000E+000                  0.0000000000000000E+000                  2.4299725985439986E-011 
                                     983                  7.6492790274203012E-002                 -1.8030511782797971E+000                  7.7937295736953747E+000                  4.2939916119573205E+000                  1.9884516524397622E+001                  4.9975554139900119E-021                  8.4540906653410186E-002                  9.1545909334658981E-001                  2.4759603723604348E-033                  0.0000000000000000E+000                  2.9309624212214811E-011 
                                     984                  7.5210656136487794E-002                 -1.8065032318360830E+000                  7.7958728186351909E+000                  4.2995302126773938E+000                  1.9892680930975082E+001                  5.9822565627131460E-021                  8.3712003469850249E-002                  9.1628799653014981E-001                  0.0000000000000000E+000                  0.0000000000000000E+000                  3.4822860707040027E-011 
                                     985                  7.3928521998772562E-002                 -1.8099942596792844E+000                  7.7979517841594630E+000                  4.3049363688994591E+000                  1.9900746753969607E+001                  5.1132343699249068E-021                  8.3659809544215924E-002                  9.1634019045578408E-001                  0.0000000000000000E+000                  0.0000000000000000E+000                  4.2268294525680372E-011 
                                     986                  7.2667894056244076E-002                 -1.8134667901933152E+000                  7.8000176060865050E+000                  4.3102908958653794E+000                  1.9908715017071842E+001                  3.4449503043475095E-021                  8.3419099484057152E-002                  9.1658090051594288E-001                  0.0000000000000000E+000                  0.0000000000000000E+000                  5.0872965631979663E-011 
                                     987                  7.1407266113719059E-002                 -1.8169805390240066E+000                  7.8020864071035838E+000                  4.3156361586882444E+000                  1.9916655812453016E+001                  1.9243415498593244E-021                  8.3032249044656614E-002                  9.1696775095534333E-001                  2.7692183466602190E-094                  5.8509464699375443E-035                  6.0896370622143609E-011 
                                     988                  7.0146638171194056E-002                 -1.8205371032805351E+000                  7.8041471890065974E+000                  4.3209589321189839E+000                  1.9924570377953525E+001                  1.2826340574894480E-021                  8.2685088331174342E-002                  9.1731491166882562E-001                  5.1327378365706648E-033                  0.0000000000000000E+000                  7.2916505424286886E-011 
                                     989                  6.8886010228669081E-002                 -1.8241382782194173E+000                  7.8060237543541309E+000                  4.3257906592849826E+000                  1.9931749802747508E+001                  1.2251647263895339E-021                  8.2289508083362731E-002                  9.1771049191663723E-001                  0.0000000000000000E+000                  0.0000000000000000E+000                  8.5634235209291379E-011 
                                     990                  6.7854205660835498E-002                 -1.8271202341788522E+000                  7.8076914329758278E+000                  4.3300993835872701E+000                  1.9938191267223992E+001                  1.4233820059735466E-021                  8.2247125842077426E-002                  9.1775287415792262E-001                  0.0000000000000000E+000                  0.0000000000000000E+000                  9.9892815059955893E-011 
                                     991                  6.6822401093001429E-002                 -1.8301345358879491E+000                  7.8093990035577336E+000                  4.3344623894315539E+000                  1.9944617453678923E+001                  8.6335840713081753E-022                  8.1405574380767093E-002                  9.1859442561923288E-001                  0.0000000000000000E+000                  0.0000000000000000E+000                  1.1353590825278617E-010 
                                     992                  6.5790596525167500E-002                 -1.8331818410795195E+000                  7.8110487829423079E+000                  4.3387270065221477E+000                  1.9951029038950736E+001                  7.9926012180705739E-022                  8.1602277206853091E-002                  9.1839772279314691E-001                  0.0000000000000000E+000                  0.0000000000000000E+000                  1.3335115407772788E-010 
                                     993                  6.4758791957333584E-002                 -1.8362639305542481E+000                  7.8127943946969971E+000                  4.3431825005637634E+000                  1.9957605987761461E+001                  3.7522105738197083E-022                  8.0830149770728124E-002                  9.1916985022927189E-001                  0.0000000000000000E+000                  0.0000000000000000E+000                  1.5241587604893849E-010 
                                     994                  6.3668731854960844E-002                 -1.8395585606049807E+000                  7.8145450535204688E+000                  4.3476854408491246E+000                  1.9964350218150660E+001                  1.4284730633523226E-022                  8.0798609866673782E-002                  9.1920139013332625E-001                  5.6993258732566351E-095                  3.6247848161124472E-035                  1.7913724018235856E-010 
                                     995                  6.2578671752588202E-002                 -1.8428947422973176E+000                  7.8163097055096529E+000                  4.3522024163924309E+000                  1.9971080604195166E+001                  2.8322938727529020E-022                  8.0467822574075573E-002                  9.1953217742592441E-001                  0.0000000000000000E+000                  0.0000000000000000E+000                  2.0844783418473008E-010 
                                     996                  6.1488611650215567E-002                 -1.8462738765304290E+000                  7.8176348926069377E+000                  4.3555928361634297E+000                  1.9976128367113777E+001                  3.3517078026539059E-022                  8.0178995293759506E-002                  9.1982100470624051E-001                  0.0000000000000000E+000                  0.0000000000000000E+000                  2.3320515898594555E-010 
                                     997                  6.0943581599029364E-002                 -1.8479800387435938E+000                  7.8190956500241802E+000                  4.3593188236214875E+000                  1.9981679166485716E+001                  1.9672931984711159E-022                  7.9869699947326095E-002                  9.2013030005267393E-001                  1.9298579325724377E-090                  7.4665230051381419E-033                  2.6398019189920614E-010 
                                     998                  5.9680854274772398E-002                 -1.8519769713276522E+000                  7.8206762238639715E+000                  4.3633805003464348E+000                  1.9987775159802585E+001                  2.3868671641101040E-022                  7.9896717262499181E-002                  9.2010328273750086E-001                  0.0000000000000000E+000                  0.0000000000000000E+000                  3.0604907110243560E-010 
                                     999                  5.8963157001701745E-002                 -1.8542770975994816E+000                  7.8224144086240495E+000                  4.3678006843480892E+000                  1.9994366152467471E+001                  1.8957836619229003E-022                  7.9539077492263632E-002                  9.2046092250773637E-001                  0.0000000000000000E+000                  0.0000000000000000E+000                  3.5482473523607628E-010 
                                    1000                  5.7527762455560807E-002                 -1.8589414787720147E+000                  7.8247364583121817E+000                  4.3736993617162483E+000                  2.0003159383448189E+001                  1.1319983583204564E-022                  7.9005263026576580E-002                  9.2099473697342338E-001                  5.0489459739084206E-033                  0.0000000000000000E+000                  4.3143647978191140E-010 
                                    1001                  5.6092367909420342E-002                 -1.8636950672896451E+000                  7.8270378865077843E+000                  4.3795672030157720E+000                  2.0011937542734071E+001                  8.2946659552509750E-023                  7.8724199458006475E-002                  9.2127580054199354E-001                  0.0000000000000000E+000                  0.0000000000000000E+000                  5.2882121921447237E-010 
                                    1002                  5.4656973363279418E-002                 -1.8685429847958672E+000                  7.8289821523798890E+000                  4.3844904020064117E+000                  2.0019254163627163E+001                  9.2574913706196275E-023                  7.8053542698326067E-002                  9.2194645730167391E-001                  0.0000000000000000E+000                  0.0000000000000000E+000                  6.1777848516007784E-010 
                                    1003                  5.3700043665852230E-002                 -1.8718296357338253E+000                  7.8305223451578492E+000                  4.3883970138612245E+000                  2.0025092653266174E+001                  6.4434902088277417E-023                  7.7786054632844034E-002                  9.2221394536715595E-001                  0.0000000000000000E+000                  0.0000000000000000E+000                  7.0602035143120290E-010 
                                    1004                  5.2743113968425070E-002                 -1.8751621766904498E+000                  7.8320383499946455E+000                  4.3922622346309490E+000                  2.0030926908683352E+001                  9.2785830341322007E-023                  7.7959452227266676E-002                  9.2204054777273337E-001                  0.0000000000000000E+000                  0.0000000000000000E+000                  8.1914968849253062E-010 
                                    1005                  5.1786184270997362E-002                 -1.8785426658062268E+000                  7.8335807995578328E+000                  4.3961651125975747E+000                  2.0036757640281174E+001                  4.9528443380296237E-023                  7.7632539450169361E-002                  9.2236746054983065E-001                  5.7189640963219041E-032                  0.0000000000000000E+000                  9.3473287187212304E-010 
                                    1006                  5.0829254573569703E-002                 -1.8819726497138569E+000                  7.8354254158678263E+000                  4.4008302722144670E+000                  2.0043741816495050E+001                  8.1431564204651593E-023                  7.7342322856882001E-002                  9.2265767714311797E-001                  0.0000000000000000E+000                  0.0000000000000000E+000                  1.0993222436902458E-009 
                                    1007                  4.9489552997174571E-002                 -1.8868616831112559E+000                  7.8375859738463314E+000                  4.4062847367590647E+000                  2.0051897237810966E+001                  8.3520941919410917E-023                  7.6889716175377251E-002                  9.2311028382462279E-001                  6.7733584429599629E-092                  2.2058216330778312E-033                  1.3244206217053817E-009 
                                    1008                  4.8149851420779717E-002                 -1.8918573641363901E+000                  7.8397587237456099E+000                  4.4117522459322975E+000                  2.0060050961244642E+001                  6.0918247919015993E-023                  7.6241735055766480E-002                  9.2375826494423352E-001                  3.8028761614190857E-032                  0.0000000000000000E+000                  1.5865335536262614E-009 
                                    1009                  4.6810149844384620E-002                 -1.8969657334097847E+000                  7.8419050153126175E+000                  4.4171736353897639E+000                  2.0068205146585267E+001                  7.4503175491855620E-023                  7.6133949970731044E-002                  9.2386605002926891E-001                  0.0000000000000000E+000                  0.0000000000000000E+000                  1.9387005979761638E-009 
                                    1010                  4.5470448267989468E-002                 -1.9021940864723641E+000                  7.8442187235429470E+000                  4.4229959042119811E+000                  2.0076938911627447E+001                  5.7017912628705806E-023                  7.5796348857267923E-002                  9.2420365114273206E-001                  0.0000000000000000E+000                  0.0000000000000000E+000                  2.3885844641645662E-009 
                                    1011                  4.3939360752105992E-002                 -1.9083255687864749E+000                  7.8460674798091787E+000                  4.4276579446922222E+000                  2.0083954591963035E+001                  5.6512938438081570E-023                  7.5696619195496584E-002                  9.2430338080450336E-001                  0.0000000000000000E+000                  0.0000000000000000E+000                  2.8445581303424897E-009 
                                    1012                  4.3173816994163880E-002                 -1.9114573566864896E+000                  7.8472993669292777E+000                  4.4307554657445083E+000                  2.0088621548016452E+001                  3.9707885234412985E-023                  7.5649518206996724E-002                  9.2435048179300328E-001                  0.0000000000000000E+000                  0.0000000000000000E+000                  3.2001166183644693E-009 
                                    1013                  4.2408273236221795E-002                 -1.9146353963279552E+000                  7.8488643418224475E+000                  4.4346593670575762E+000                  2.0094451118957963E+001                  3.5857519672300542E-023                  7.5143299183078910E-002                  9.2485670081692106E-001                  0.0000000000000000E+000                  0.0000000000000000E+000                  3.6534897387377882E-009 
                                    1014                  4.1259957599310206E-002                 -1.9194926178336467E+000                  7.8507235131417570E+000                  4.4393209915148715E+000                  2.0101464092195013E+001                  3.1516445956273657E-023                  7.4959949866170633E-002                  9.2504005013382939E-001                  0.0000000000000000E+000                  0.0000000000000000E+000                  4.3537962223113194E-009 
                                    1015                  4.0111641962398387E-002                 -1.9244638960197935E+000                  7.8524944190632944E+000                  4.4437494845483716E+000                  2.0108110492835962E+001                  2.2463714287454712E-023                  7.4641993244615609E-002                  9.2535800675538438E-001                  0.0000000000000000E+000                  0.0000000000000000E+000                  5.1222406911347159E-009 
                                    1016                  3.9087366276513297E-002                 -1.9289997538795314E+000                  7.8541558943039576E+000                  4.4479095934721506E+000                  2.0114383926073231E+001                  1.7482722892737410E-023                  7.4559510294796891E-002                  9.2544048970520310E-001                  0.0000000000000000E+000                  0.0000000000000000E+000                  6.0256426691966633E-009 
                                    1017                  3.8063090590627874E-002                 -1.9336369786683698E+000                  7.8560498515217212E+000                  4.4526307813128128E+000                  2.0121455278278685E+001                  1.3583281505842315E-023                  7.4068750471846814E-002                  9.2593124952815320E-001                  0.0000000000000000E+000                  0.0000000000000000E+000                  7.1464409625957181E-009 
                                    1018                  3.6780082976797322E-002                 -1.9395967938086029E+000                  7.8581688315060401E+000                  4.4578931417886851E+000                  2.0129346175577012E+001                  8.5109475359839012E-024                  7.3547525003384184E-002                  9.2645247499661587E-001                  2.1831584811248053E-031                  0.0000000000000000E+000                  8.6749051990302874E-009 
                                    1019                  3.5497075362968006E-002                 -1.9457360702765405E+000                  7.8597477191330345E+000                  4.4618349595094724E+000                  2.0135294676157006E+001                  8.1044411281500492E-024                  7.3462177670462106E-002                  9.2653782232953785E-001                  0.0000000000000000E+000                  0.0000000000000000E+000                  1.0163018731644573E-008 
                                    1020                  3.4855571556053018E-002                 -1.9488772302670283E+000                  7.8608054300135768E+000                  4.4644653708642146E+000                  2.0139257518019637E+001                  5.1626342588048709E-024                  7.3332046489185912E-002                  9.2666795351081410E-001                  3.8932374882753615E-031                  0.0000000000000000E+000                  1.1274171071040038E-008 
                                    1021                  3.4214067749138023E-002                 -1.9520684591597717E+000                  7.8623950913119884E+000                  4.4684072953378022E+000                  2.0145198274367271E+001                  4.7016072791084045E-024                  7.3128095141815189E-002                  9.2687190485818483E-001                  4.1306511088341583E-032                  0.0000000000000000E+000                  1.3186238974663845E-008 
                                    1022                  3.2931060135308561E-002                 -1.9586090288908433E+000                  7.8639980284729258E+000                  4.4723858390662210E+000                  2.0151188449204298E+001                  2.4990897982069091E-024                  7.2891450148514988E-002                  9.2710854985148505E-001                  0.0000000000000000E+000                  0.0000000000000000E+000                  1.5444791932604289E-008 
                                    1023                  3.2289556328394364E-002                 -1.9619623497072343E+000                  7.8650783121193628E+000                  4.4750519406136045E+000                  2.0155180798577046E+001                  1.6598855730362241E-024                  7.2534839065211368E-002                  9.2746516093478859E-001                  0.0000000000000000E+000                  0.0000000000000000E+000                  1.7054157340651573E-008 
                                    1024                  3.1648052521479578E-002                 -1.9653739333202660E+000                  7.8666776037417163E+000                  4.4790106803888712E+000                  2.0161168485952565E+001                  8.4295061033744303E-025                  7.2465226847895498E-002                  9.2753477315210453E-001                  0.0000000000000000E+000                  0.0000000000000000E+000                  2.0152191809958698E-008 
                                    1025                  3.0365044907650237E-002                 -1.9723824326773238E+000                  7.8682938006062333E+000                  4.4830129528963303E+000                  2.0167212205229891E+001                  4.5971217687387735E-025                  7.2315644590989395E-002                  9.2768435540901062E-001                  0.0000000000000000E+000                  0.0000000000000000E+000                  2.3812225139853405E-008 
                                    1026                  2.9723541100734323E-002                 -1.9759843992473551E+000                  7.8693974025718569E+000                  4.4857174493360512E+000                  2.0171242274978109E+001                  1.9219521173311379E-025                  7.1765873336390368E-002                  9.2823412666360960E-001                  0.0000000000000000E+000                  0.0000000000000000E+000                  2.6211724361582928E-008 
                                    1027                  2.9082037293818343E-002                 -1.9796550552293646E+000                  7.8710258460965541E+000                  4.4897232149336324E+000                  2.0177289693563001E+001                  1.2651238012776960E-025                  7.1555674135407768E-002                  9.2844432586459225E-001                  0.0000000000000000E+000                  0.0000000000000000E+000                  3.1006716423540180E-008 
                                    1028                  2.7799029679988700E-002                 -1.9872160271978232E+000                  7.8726591893187736E+000                  4.4937555600299204E+000                  2.0183401073085374E+001                  6.0002894192029247E-026                  7.1534932535586279E-002                  9.2846506746441371E-001                  2.9840398123097058E-032                  0.0000000000000000E+000                  3.7049333429320218E-008 
                                    1029                  2.7157525873074479E-002                 -1.9911131007612473E+000                  7.8737648874284751E+000                  4.4964662680499021E+000                  2.0187478670584206E+001                  2.6344166244299833E-026                  7.1260924739187187E-002                  9.2873907526081279E-001                  2.7989688418206061E-032                  0.0000000000000000E+000                  4.1372191964724436E-008 
                                    1030                  2.6516022066160376E-002                 -1.9950927279148039E+000                  7.8754193421472447E+000                  4.5005191387037389E+000                  2.0193601190853673E+001                  1.6002793704805309E-026                  7.1032563394486298E-002                  9.2896743660551373E-001                  0.0000000000000000E+000                  0.0000000000000000E+000                  4.9234029222337654E-008 
                                    1031                  2.5233014452328856E-002                 -2.0033166719185225E+000                  7.8776162931796243E+000                  4.5059021137702793E+000                  2.0201746895943749E+001                  5.4926767947395119E-027                  7.0820842141423743E-002                  9.2917915785857630E-001                  0.0000000000000000E+000                  0.0000000000000000E+000                  6.2410652436539549E-008 
                                    1032                  2.3980313806299825E-002                 -2.0117160613855716E+000                  7.8792591950646322E+000                  4.5099263568729437E+000                  2.0207844125874882E+001                  2.3240971264824291E-027                  7.0710544693377189E-002                  9.2928945530662277E-001                  0.0000000000000000E+000                  0.0000000000000000E+000                  7.4794846735608608E-008 
                                    1033                  2.3353963483285202E-002                 -2.0160647690406082E+000                  7.8803590782626278E+000                  4.5126131765840665E+000                  2.0211916606245364E+001                  1.6377896485193459E-027                  7.0634264039786232E-002                  9.2936573596021377E-001                  0.0000000000000000E+000                  0.0000000000000000E+000                  8.4483129182596051E-008 
                                    1034                  2.2727613160270450E-002                 -2.0205200861426733E+000                  7.8820170507445324E+000                  4.5166511424437719E+000                  2.0218038216973600E+001                  1.2891264750233638E-027                  7.0502768810633151E-002                  9.2949723118936689E-001                  0.0000000000000000E+000                  0.0000000000000000E+000                  1.0154520535876823E-007 
                                    1035                  2.1474912514241124E-002                 -2.0297751496066430E+000                  7.8842485524616297E+000                  4.5220934511217754E+000                  2.0226298753377549E+001                  5.9387833781250382E-028                  7.0403652754142690E-002                  9.2959634724585727E-001                  0.0000000000000000E+000                  0.0000000000000000E+000                  1.3077178045605252E-007 
                                    1036                  2.0222211868211427E-002                 -2.0395351863406566E+000                  7.8869540258031510E+000                  4.5286586258325849E+000                  2.0236262070685498E+001                  4.7981312470570222E-028                  7.0199302968295851E-002                  9.2980069703170409E-001                  1.3888542150441156E-030                  0.0000000000000000E+000                  1.7754988583944597E-007 
                                    1037                  1.8479542254268958E-002                 -2.0540765740534561E+000                  7.8901738606131682E+000                  4.5364395072992574E+000                  2.0248074383212828E+001                  3.6364229881028086E-028                  6.9914027647506635E-002                  9.3008597235249335E-001                  0.0000000000000000E+000                  0.0000000000000000E+000                  2.5592950546819470E-007 
                                    1038                  1.6736872640326216E-002                 -2.0699400195183246E+000                  7.8925680518793744E+000                  4.5421934807693258E+000                  2.0256827878780452E+001                  2.5980272498783974E-028                  6.9768025442344617E-002                  9.3023197455765538E-001                  0.0000000000000000E+000                  0.0000000000000000E+000                  3.3756080491154749E-007 
                                    1039                  1.5956458736751323E-002                 -2.0775454558254083E+000                  7.8940584723204639E+000                  4.5457734349160299E+000                  2.0262275323913023E+001                  1.5688739603825731E-028                  6.9677866098890290E-002                  9.3032213390110974E-001                  1.2170732807718374E-031                  0.0000000000000000E+000                  4.0140614505755190E-007 
                                    1040                  1.5176044833177204E-002                 -2.0855049753918689E+000                  7.8955660625308024E+000                  4.5493878126706369E+000                  2.0267780568577745E+001                  1.4596729883089407E-028                  6.9611613079660323E-002                  9.3038838692033965E-001                  0.0000000000000000E+000                  0.0000000000000000E+000                  4.7906881250494360E-007 
                                    1041                  1.4395630929602337E-002                 -2.0938558617616310E+000                  7.8970920881672884E+000                  4.5530394608634248E+000                  2.0273348776959466E+001                  9.8432456545696929E-029                  6.9571955955030074E-002                  9.3042804404496993E-001                  0.0000000000000000E+000                  0.0000000000000000E+000                  5.7397588659247118E-007 
                                    1042                  1.3615217026027618E-002                 -2.1026416243837178E+000                  7.8984908499538760E+000                  4.5563787323253910E+000                  2.0278436867980929E+001                  7.8889697755441125E-029                  6.9492261288647675E-002                  9.3050773871135228E-001                  0.0000000000000000E+000                  0.0000000000000000E+000                  6.7640650948240146E-007 
                                    1043                  1.2987687745727138E-002                 -2.1100558948321697E+000                  7.8997518018353166E+000                  4.5593822009407186E+000                  2.0283017906989922E+001                  4.5333513747000174E-029                  6.9440285639996907E-002                  9.3055971436000307E-001                  0.0000000000000000E+000                  0.0000000000000000E+000                  7.8522595901547810E-007 
                                    1044                  1.2360158465426806E-002                 -2.1178151626560617E+000                  7.9016679030675849E+000                  4.5639254667402751E+000                  2.0289949382086572E+001                  2.8844353530495266E-029                  6.9332851238894239E-002                  9.3066714876110579E-001                  0.0000000000000000E+000                  0.0000000000000000E+000                  9.8420682325178214E-007 
                                    1045                  1.1105099904825300E-002                 -2.1345188763018164E+000                  7.9035619531642860E+000                  4.5684197973199421E+000                  2.0296808076534276E+001                  1.7467326644200169E-029                  6.9241547707126691E-002                  9.3075845229287335E-001                  0.0000000000000000E+000                  0.0000000000000000E+000                  1.2318541833444071E-006 
                                    1046                  1.0554012936161601E-002                 -2.1424252419329841E+000                  7.9047330152544442E+000                  4.5711856184372079E+000                  2.0301032047611912E+001                  1.4284664142647335E-029                  6.9182641080568014E-002                  9.3081735891943196E-001                  2.8990279383138386E-030                  0.0000000000000000E+000                  1.4152764253501265E-006 
                                    1047                  1.0002925967497731E-002                 -2.1507338427028762E+000                  7.9065160098223997E+000                  4.5753776912757553E+000                  2.0307435879263096E+001                  1.1537615268966884E-029                  6.9068704694314628E-002                  9.3093129530568541E-001                  0.0000000000000000E+000                  0.0000000000000000E+000                  1.7467458967019032E-006 
                                    1048                  8.9007520301719219E-003                 -2.1687486819490109E+000                  7.9085409306199805E+000                  4.5801379346126154E+000                  2.0314715933837721E+001                  1.2085141935285282E-029                  6.8991871280951203E-002                  9.3100812871904881E-001                  0.0000000000000000E+000                  0.0000000000000000E+000                  2.2239459069928326E-006 
                                    1049                  8.1852343100606503E-003                 -2.1816225965663572E+000                  7.9101725333800479E+000                  4.5839561372190500E+000                  2.0320561196495706E+001                  1.3807089759398626E-029                  6.8937608211978141E-002                  9.3106239178802186E-001                  0.0000000000000000E+000                  0.0000000000000000E+000                  2.7027691097218498E-006 
                                    1050                  7.4697165899494768E-003                 -2.1956242595885467E+000                  7.9118466958913887E+000                  4.5878620971857655E+000                  2.0326547623434667E+001                  1.7323638264029721E-029                  6.8906238777984519E-002                  9.3109376122201548E-001                  0.0000000000000000E+000                  0.0000000000000000E+000                  3.3049425145052354E-006 
                                    1051                  6.7541988698383527E-003                 -2.2109801747869069E+000                  7.9135720568637149E+000                  4.5918730440737958E+000                  2.0332696464162460E+001                  1.6371405164495869E-029                  6.8855902156406079E-002                  9.3114409784359387E-001                  0.0000000000000000E+000                  0.0000000000000000E+000                  4.0627681579962673E-006 
                                    1052                  6.0386811497272295E-003                 -2.2279927975088132E+000                  7.9150778396094532E+000                  4.5953655926222243E+000                  2.0338056480061780E+001                  1.5786568643274647E-029                  6.8836460461087420E-002                  9.3116353953891262E-001                  0.0000000000000000E+000                  0.0000000000000000E+000                  4.8696718173455715E-006 
                                    1053                  5.5453888953833630E-003                 -2.2408973979252269E+000                  7.9163377610144252E+000                  4.5982771504965827E+000                  2.0342529849741538E+001                  1.4788428842354364E-029                  6.8834604198143218E-002                  9.3116539580185675E-001                  0.0000000000000000E+000                  0.0000000000000000E+000                  5.6696559734340252E-006 
                                    1054                  5.0520966410394722E-003                 -2.2549665019824179E+000                  7.9176362581689821E+000                  4.6012678077510785E+000                  2.0347120968223741E+001                  1.5841964239825375E-029                  6.8786802322205659E-002                  9.3121319767779431E-001                  6.2093611538023416E-030                  0.0000000000000000E+000                  6.6177920413438452E-006 
                                    1055                  4.5588043866955806E-003                 -2.2704386976951958E+000                  7.9189743797754995E+000                  4.6043416280855878E+000                  2.0351847338324689E+001                  1.2576882305406683E-029                  6.8774483031396411E-002                  9.3122551696860356E-001                  0.0000000000000000E+000                  0.0000000000000000E+000                  7.7724303030494394E-006 
                                    1056                  4.0655121323516898E-003                 -2.2876348815239598E+000                  7.9206275618642321E+000                  4.6081219269497851E+000                  2.0357662118883191E+001                  1.2229936440711073E-029                  6.8741514146109198E-002                  9.3125848585389082E-001                  1.3956187054404737E-029                  0.0000000000000000E+000                  9.4710010999641830E-006 
                                    1057                  3.3829256634633886E-003                 -2.3151362235242239E+000                  7.9221523274581864E+000                  4.6116042402650752E+000                  2.0363020286657409E+001                  6.8970374606636185E-030                  6.8713330439149123E-002                  9.3128666956085082E-001                  0.0000000000000000E+000                  0.0000000000000000E+000                  1.1363520460145424E-005 
                                    1058                  3.0416324290205026E-003                 -2.3309968448738454E+000                  7.9232028729615172E+000                  4.6139920725972319E+000                  2.0366698737498979E+001                  6.5112066618142153E-030                  6.8702832838320696E-002                  9.3129716716167932E-001                  0.0000000000000000E+000                  0.0000000000000000E+000                  1.2885828620590023E-005 
                                    1059                  2.7003391945775918E-003                 -2.3487075449798627E+000                  7.9247155759664674E+000                  4.6174133316937436E+000                  2.0371974359948410E+001                  4.0934466124448614E-030                  6.8691960835810348E-002                  9.3130803916418969E-001                  0.0000000000000000E+000                  0.0000000000000000E+000                  1.5441400722891569E-005 
                                    1060                  2.0951981884643127E-003                 -2.3863443748263311E+000                  7.9268144448510531E+000                  4.6221435400258413E+000                  2.0379271207592218E+001                  2.3946901202600570E-030                  6.8663776381265917E-002                  9.3133622361873414E-001                  0.0000000000000000E+000                  0.0000000000000000E+000                  1.9825959497409613E-005 
                                    1061                  1.4900571823509843E-003                 -2.4366804067723558E+000                  7.9286905179782172E+000                  4.6263579590947561E+000                  2.0385777643605085E+001                  1.7101332969002514E-030                  6.8648118425077731E-002                  9.3135188157492221E-001                  0.0000000000000000E+000                  0.0000000000000000E+000                  2.4785952448328554E-005 
                                    1062                  1.1254184517972448E-003                 -2.4779681427126805E+000                  7.9302368411757405E+000                  4.6298067749424190E+000                  2.0391109849393370E+001                  1.3986633660901678E-030                  6.8642905929050479E-002                  9.3135709407094946E-001                  0.0000000000000000E+000                  0.0000000000000000E+000                  2.9789699719971864E-005 
                                    1063                  7.6077972124350551E-004                 -2.5353878870154527E+000                  7.9319968838562342E+000                  4.6337093103592633E+000                  2.0397147183861630E+001                  1.1160024522900008E-030                  6.8619154216694025E-002                  9.3138084578330593E-001                  1.1295867199149963E-029                  0.0000000000000000E+000                  3.6676694068399765E-005 
                                    1064                  3.9614099069115488E-004                 -2.6307421272590710E+000                  7.9336307636810881E+000                  4.6373284980918381E+000                  2.0402746006721735E+001                  1.0998641851047371E-030                  6.8587615833661880E-002                  9.3141238416633809E-001                  2.2203854949286171E-030                  0.0000000000000000E+000                  4.4449337425364756E-005 
                                    1065                  2.1382162541633122E-004                 -2.7205501026998724E+000                  7.9346325710561176E+000                  4.6395373362300711E+000                  2.0406165746661213E+001                  1.0933534425375076E-030                  6.8568090641414239E-002                  9.3143190935858577E-001                  0.0000000000000000E+000                  0.0000000000000000E+000                  4.9995264881592400E-005 
                                    1066                  1.2266194277873202E-004                 -2.8013242084128360E+000                  7.9352347785721857E+000                  4.6408611898741228E+000                  2.0408216828680956E+001                  1.0908541051941775E-030                  6.8559323322540666E-002                  9.3144067667745933E-001                  0.0000000000000000E+000                  0.0000000000000000E+000                  5.3658330437786156E-005 
                                    1067                  7.7082101459665002E-005                 -2.8687683457953423E+000                  7.9355860073327769E+000                  4.6416317043267048E+000                  2.0409411780894498E+001                  1.0908541051941798E-030                  6.8559323322396420E-002                  9.3144067667760355E-001                  0.0000000000000000E+000                  0.0000000000000000E+000                  5.5927921326954014E-005 
                                    1068                  5.4292180800216529E-005                 -2.9196161202938593E+000                  7.9358495343616440E+000                  4.6422079047813867E+000                  2.0410305888209571E+001                  1.0908541051941768E-030                  6.8559323322285579E-002                  9.3144067667771446E-001                  0.0000000000000000E+000                  0.0000000000000000E+000                  5.7692249457271635E-005 
                                    1069                  3.1502260140768049E-005                 -2.9985423530425699E+000                  7.9361164749977942E+000                  4.6427915176570886E+000                  2.0411211516285974E+001                  1.0908541051941773E-030                  6.8559323322172461E-002                  9.3144067667782759E-001                  0.0000000000000000E+000                  0.0000000000000000E+000                  5.9535447765717169E-005 
                                    1070                  1.5751130045212191E-005                 -3.0989952833985983E+000                  7.9363222934042419E+000                  4.6432419817504007E+000                  2.0411910406247856E+001                  1.0908541051941775E-030                  6.8559323322083573E-002                  9.3144067667791641E-001                  0.0000000000000000E+000                  0.0000000000000000E+000                  6.0996350766206090E-005 
                                    1071                  7.8755649972937659E-006                 -3.1994076074802189E+000                  7.9364518933460939E+000                  4.6435255500748660E+000                  2.0412350381958962E+001                  1.0908541051941775E-030                  6.8559323322027216E-002                  9.3144067667797281E-001                  2.2758405646158168E-030                  0.0000000000000000E+000                  6.1934334735257504E-005 
                                    1072                  3.9377824732824500E-006                 -3.2997943811501624E+000                  7.9365335243043456E+000                  4.6437041003188408E+000                  2.0412627431414510E+001                  1.0908541051941775E-030                  6.8559323321991189E-002                  9.3144067667800878E-001                  0.0000000000000000E+000                  0.0000000000000000E+000                  6.2532418295702861E-005 
                                    1073                  1.9688912111223000E-006                 -3.4001650720026673E+000                  7.9365849449408286E+000                  4.6438165451058246E+000                  2.0412801914890952E+001                  1.0908541051941775E-030                  6.8559323321969082E-002                  9.3144067667803088E-001                  0.0000000000000000E+000                  0.0000000000000000E+000                  6.2912075551332372E-005 
                                    1074                  9.8444558022003122E-007                 -3.5005256370795488E+000                  7.9366173367150648E+000                  4.6438873669610183E+000                  2.0412911814051064E+001                  1.0908541051941775E-030                  6.8559323321954496E-002                  9.3144067667804553E-001                  6.6900410511051851E-030                  0.0000000000000000E+000                  6.3152399622269705E-005 
                                    1075                  4.9222276475485217E-007                 -3.6008798268274602E+000                  7.9366377421297436E+000                  4.6439319762549776E+000                  2.0412981038826921E+001                  1.0908541051941766E-030                  6.8559323321945476E-002                  9.3144067667805452E-001                  0.0000000000000000E+000                  0.0000000000000000E+000                  6.3304256781734902E-005 
                                    1076                  2.4611135617242316E-007                 -3.7012300046799331E+000                  7.9366505971802814E+000                  4.6439600758763611E+000                  2.0413024644783910E+001                  1.0908541051941768E-030                  6.8559323321939827E-002                  9.3144067667806019E-001                  0.0000000000000000E+000                  0.0000000000000000E+000                  6.3400108059916276E-005 
                                    1077                  1.2305564856453211E-007                 -3.8015776656639435E+000                  7.9366586959575196E+000                  4.6439777763576009E+000                  2.0413052113656533E+001                  1.0908541051941771E-030                  6.8559323321936302E-002                  9.3144067667806374E-001                  0.0000000000000000E+000                  0.0000000000000000E+000                  6.3460567838221301E-005 
                                    1078                  6.1527797011482350E-008                 -3.9019237502104582E+000                  7.9366637983909563E+000                  4.6439889263701621E+000                  2.0413069417500751E+001                  1.0908541051941773E-030                  6.8559323321933943E-002                  9.3144067667806607E-001                  0.0000000000000000E+000                  0.0000000000000000E+000                  6.3498687686202451E-005 
                                    1079                  3.0763870449716693E-008                 -4.0022688744095714E+000                  7.9366670151276670E+000                  4.6439959492264267E+000                  2.0413080318055258E+001                  1.0908541051941775E-030                  6.8559323321932583E-002                  9.3144067667806740E-001                  0.0000000000000000E+000                  0.0000000000000000E+000                  6.3522729173195124E-005 
                                    1080                  1.5381909296119134E-008                 -4.1026134299352721E+000                  7.9366697850631089E+000                  4.6440018177340754E+000                  2.0413089473807268E+001                  1.0908541051941775E-030                  6.8559323321931362E-002                  9.3144067667806862E-001                  0.0000000000000000E+000                  0.0000000000000000E+000                  6.3543380416439626E-005 
