                                       1                                        2                                        3                                        4                                        5                                        6                                        7                                        8                                        9                                       10                                       11                                       12                                       13                                       14                                       15                                       16                                       17                                       18                                       19                                       20                                       21                                       22                                       23                                       24                                       25                                       26                                       27                                       28                                       29                                       30                                       31                                       32                                       33                                       34                                       35                                       36                                       37                                       38                                       39                                       40                                       41                                       42                                       43                                       44                                       45                                       46                                       47                                       48                                       49 
                            model_number                                num_zones                             initial_mass                                initial_z                                 star_age                                time_step                                     Teff                            photosphere_L                            photosphere_r                               center_eta                                center_h1                               center_he3                               center_he4                               center_c12                               center_n14                               center_o16                              center_ne20                                star_mass                                star_mdot                             star_mass_h1                            star_mass_he3                            star_mass_he4                            star_mass_c12                            star_mass_n14                            star_mass_o16                           star_mass_ne20                             he_core_mass                             co_core_mass                             fe_core_mass                   neutron_rich_core_mass                             dynamic_time                             kh_timescale                            nuc_timescale                           power_nuc_burn                             power_h_burn                            power_he_burn                                power_neu                                burn_min1                                burn_min2                             time_seconds                           version_number                                 compiler                                    build                         MESA_SDK_version                             math_backend                                     date                                     msun                                     rsun                                     lsun 
                                    1120                                     1060                  1.0000000000000000E+000                  2.0000000000000000E-002                  4.3375061320839565E+000                  9.8714780195931898E-002                  4.5792538054762736E+004                  1.7978102902184798E+003                  6.7365209046348407E-001                  2.2981364333522247E+000                  0.0000000000000000E+000                  0.0000000000000000E+000                  6.8559323318084842E-002                  4.4241129209305041E-001                  2.0548874098888079E-007                  4.6479312228365294E-001                  2.0158826096892402E-002                  2.2338347167441747E-001                 -4.2662039719629287E-009                  4.1936677946384875E-063                  2.8632258280911808E-048                  3.5549653689950236E-002                  9.4658564934852626E-002                  2.2130288586424339E-004                  8.7741266996025302E-002                  4.1843003819768019E-003                  2.2338347167441747E-001                  1.2230385963014917E-001                  0.0000000000000000E+000                  0.0000000000000000E+000                  1.1708062470477927E+004                  9.7029424799647416E+002                  1.2425308325900764E+006                  4.3136270781006480E-001                  2.2755207691704895E-032                  6.1758984133891264E-008                  1.0080822900494192E-001                  5.0000000000000000E+001                  1.0000000000000000E+003                  1.3688128351385266E+008                               "r23.05.1"                               "gfortran"                                 "13.1.0"                    "x86_64-linux-23.7.3"                                 "CRMATH"                               "20260529"                  1.9884098706980504E+033                  6.9570000000000000E+010                  3.8280000000000003E+033 

                                       1                                        2                                        3                                        4                                        5                                        6                                        7                                        8                                        9                                       10                                       11                                       12 
                                    zone                                     mass                                     logR                                     logT                                   logRho                                     logP                        x_mass_fraction_H                       y_mass_fraction_He                   z_mass_fraction_metals                                       pp                                      cno                                tri_alpha 
                                       1                  2.2338347167441747E-001                 -1.7156433818569794E-001                  4.6612673594317462E+000                 -8.8056510365687899E+000                  4.1414205724872657E+000                  3.5706215498381252E-005                  4.0938457768930181E-001                  5.9057971609519977E-001                  7.2840539391593270E-177                  0.0000000000000000E+000                  0.0000000000000000E+000 
                                       2                  2.2338347167426947E-001                 -1.7162750321855785E-001                  4.6626348502736477E+000                 -8.7965100920639294E+000                  4.1479164787236851E+000                  3.5706215498381259E-005                  4.0938457768930181E-001                  5.9057971609519977E-001                  7.4390180760461230E-177                  0.0000000000000000E+000                  0.0000000000000000E+000 
                                       3                  2.2338347167398845E-001                 -1.7174503089760215E-001                  4.6650779388282624E+000                 -8.7811156914339286E+000                  4.1593599989416035E+000                  3.5706215498381252E-005                  4.0938457768930181E-001                  5.9057971609519977E-001                  7.7074835163263979E-177                  0.0000000000000000E+000                  0.0000000000000000E+000 
                                       4                  2.2338347167349876E-001                 -1.7194290746146448E-001                  4.6699406264777741E+000                 -8.7535047471017542E+000                  4.1815945453674512E+000                  3.5706215498381252E-005                  4.0938457768930181E-001                  5.9057971609519977E-001                  8.2135009249721343E-177                  0.0000000000000000E+000                  0.0000000000000000E+000 
                                       5                  2.2338347167243441E-001                 -1.7234732039592279E-001                  4.6758879921682590E+000                 -8.7232352899204475E+000                  4.2081502873837575E+000                  3.5706215498381252E-005                  4.0938457768930181E-001                  5.9057971609519977E-001                  8.8064964381109954E-177                  0.0000000000000000E+000                  0.0000000000000000E+000 
                                       6                  2.2338347167154268E-001                 -1.7266413940639888E-001                  4.6811433434236926E+000                 -8.6992245851783032E+000                  4.2310898694321049E+000                  3.5706215498381245E-005                  4.0938457768930175E-001                  5.9057971609519988E-001                  9.3071836659880469E-177                  0.0000000000000000E+000                  0.0000000000000000E+000 
                                       7                  2.2338347167065092E-001                 -1.7296455771259345E-001                  4.6859094000885193E+000                 -8.6789143705295739E+000                  4.2516066289964591E+000                  3.5706215498381252E-005                  4.0938457768930181E-001                  5.9057971609519977E-001                  9.7528676399666053E-177                  0.0000000000000000E+000                  0.0000000000000000E+000 
                                       8                  2.2338347166987038E-001                 -1.7321597697297203E-001                  4.6902214506963142E+000                 -8.6615614769773188E+000                  4.2699635807630614E+000                  3.5706215498381252E-005                  4.0938457768930181E-001                  5.9057971609519977E-001                  1.0150526486403269E-176                  0.0000000000000000E+000                  0.0000000000000000E+000 
                                       9                  2.2338347166908981E-001                 -1.7345796047580275E-001                  4.6947192187824855E+000                 -8.6442680027093317E+000                  4.2889474182100953E+000                  3.5706215498381259E-005                  4.0938457768930187E-001                  5.9057971609519977E-001                  1.0562955336031080E-176                  0.0000000000000000E+000                  0.0000000000000000E+000 
                                      10                  2.2338347166818878E-001                 -1.7372686593769374E-001                  4.6993656483522948E+000                 -8.6269127460727582E+000                  4.3084576979622149E+000                  3.5706215498381259E-005                  4.0938457768930187E-001                  5.9057971609519977E-001                  1.0993707581851160E-176                  0.0000000000000000E+000                  0.0000000000000000E+000 
                                      11                  2.2338347166728778E-001                 -1.7398570868087618E-001                  4.7060617417275443E+000                 -8.6035089669691320E+000                  4.3362361629921367E+000                  3.5706215498381259E-005                  4.0938457768930187E-001                  5.9057971609519977E-001                  1.1602531750568613E-176                  0.0000000000000000E+000                  0.0000000000000000E+000 
                                      12                  2.2338347166548569E-001                 -1.7447750811263132E-001                  4.7136617522735387E+000                 -8.5762195007018320E+000                  4.3679446344094757E+000                  3.5706215498381252E-005                  4.0938457768930187E-001                  5.9057971609519977E-001                  1.2355149371344192E-176                  0.0000000000000000E+000                  0.0000000000000000E+000 
                                      13                  2.2338347166399830E-001                 -1.7485986777704071E-001                  4.7185361538974240E+000                 -8.5587946347570742E+000                  4.3882746970251203E+000                  3.5706215498381252E-005                  4.0938457768930181E-001                  5.9057971609519977E-001                  1.2861056469893792E-176                  0.0000000000000000E+000                  0.0000000000000000E+000 
                                      14                  2.2338347166325459E-001                 -1.7504388856154826E-001                  4.7216903410679931E+000                 -8.5479378491914950E+000                  4.4013396932112343E+000                  3.5706215498381252E-005                  4.0938457768930181E-001                  5.9057971609519977E-001                  1.3186690818466664E-176                  0.0000000000000000E+000                  0.0000000000000000E+000 
                                      15                  2.2338347166251085E-001                 -1.7522359170725721E-001                  4.7262832910825701E+000                 -8.5326102682365832E+000                  4.4202591715209945E+000                  3.5706215498381252E-005                  4.0938457768930181E-001                  5.9057971609519977E-001                  1.3660507499704602E-176                  0.0000000000000000E+000                  0.0000000000000000E+000 
                                      16                  2.2338347166102343E-001                 -1.7557116703063480E-001                  4.7320958792977796E+000                 -8.5126195338664044E+000                  4.4443424448922890E+000                  3.5706215498381252E-005                  4.0938457768930181E-001                  5.9057971609519977E-001                  1.4304152540098820E-176                  0.0000000000000000E+000                  0.0000000000000000E+000 
                                      17                  2.2338347165953604E-001                 -1.7590388683541702E-001                  4.7402694422700788E+000                 -8.4858047784236827E+000                  4.4779169772284417E+000                  3.5706215498381252E-005                  4.0938457768930181E-001                  5.9057971609519977E-001                  1.5215393107948339E-176                  0.0000000000000000E+000                  0.0000000000000000E+000 
                                      18                  2.2338347165660460E-001                 -1.7652238068890760E-001                  4.7477165016132670E+000                 -8.4587968938133624E+000                  4.5091043654811749E+000                  3.5706215498381252E-005                  4.0938457768930181E-001                  5.9057971609519977E-001                  1.6191891867680211E-176                  0.0000000000000000E+000                  0.0000000000000000E+000 
                                      19                  2.2338347165513889E-001                 -1.7681389694641586E-001                  4.7524568163307368E+000                 -8.4424242052046878E+000                  4.5287689174850581E+000                  3.5706215498381252E-005                  4.0938457768930181E-001                  5.9057971609519977E-001                  1.6814127777275494E-176                  0.0000000000000000E+000                  0.0000000000000000E+000 
                                      20                  2.2338347165367317E-001                 -1.7709518371300248E-001                  4.7572622558676967E+000                 -8.4258557965219527E+000                  4.5486971185967677E+000                  3.5706215498381252E-005                  4.0938457768930181E-001                  5.9057971609519977E-001                  1.7468151062473295E-176                  0.0000000000000000E+000                  0.0000000000000000E+000 
                                      21                  2.2338347165203765E-001                 -1.7739792062237075E-001                  4.7621080925419372E+000                 -8.4090098280620680E+000                  4.5688251972829290E+000                  3.5706215498381252E-005                  4.0938457768930181E-001                  5.9057971609519977E-001                  1.8159222365902316E-176                  0.0000000000000000E+000                  0.0000000000000000E+000 
                                      22                  2.2338347165040212E-001                 -1.7768973806125635E-001                  4.7667490961127745E+000                 -8.3928349172654979E+000                  4.5881122212574983E+000                  3.5706215498381252E-005                  4.0938457768930181E-001                  5.9057971609519977E-001                  1.8848483059309500E-176                  0.0000000000000000E+000                  0.0000000000000000E+000 
                                      23                  2.2338347164876660E-001                 -1.7797144440142687E-001                  4.7712020561466923E+000                 -8.3772839933693604E+000                  4.6066259740975815E+000                  3.5706215498381252E-005                  4.0938457768930181E-001                  5.9057971609519977E-001                  1.9535812781485502E-176                  0.0000000000000000E+000                  0.0000000000000000E+000 
                                      24                  2.2338347164713110E-001                 -1.7824376264605479E-001                  4.7776033882870914E+000                 -8.3556874756467874E+000                  4.6330602149291984E+000                  3.5706215498381252E-005                  4.0938457768930181E-001                  5.9057971609519977E-001                  2.0532125015532703E-176                  0.0000000000000000E+000                  0.0000000000000000E+000 
                                      25                  2.2338347164386005E-001                 -1.7876339714543049E-001                  4.7855386800466055E+000                 -8.3276949838465253E+000                  4.6661272765355850E+000                  3.5706215498381245E-005                  4.0938457768930170E-001                  5.9057971609519999E-001                  2.1899502876719832E-176                  0.0000000000000000E+000                  0.0000000000000000E+000 
                                      26                  2.2338347164058903E-001                 -1.7925229520175179E-001                  4.7913008591772712E+000                 -8.3068964449721854E+000                  4.6902617080688138E+000                  3.5706215498381252E-005                  4.0938457768930181E-001                  5.9057971609519977E-001                  2.2974115720794875E-176                  0.0000000000000000E+000                  0.0000000000000000E+000 
                                      27                  2.2338347163878366E-001                 -1.7951017145536058E-001                  4.7952485012715158E+000                 -8.2931255007683706E+000                  4.7066847466581407E+000                  3.5706215498381252E-005                  4.0938457768930181E-001                  5.9057971609519977E-001                  2.3714490952635542E-176                  0.0000000000000000E+000                  0.0000000000000000E+000 
                                      28                  2.2338347163697833E-001                 -1.7976043790084142E-001                  4.7990623634993428E+000                 -8.2798643266913849E+000                  4.7225451633841731E+000                  3.5706215498381252E-005                  4.0938457768930181E-001                  5.9057971609519977E-001                  2.4450004854804371E-176                  0.0000000000000000E+000                  0.0000000000000000E+000 
                                      29                  2.2338347163517303E-001                 -1.8000359199425561E-001                  4.8027520115264197E+000                 -8.2670893974770419E+000                  4.7378804164522847E+000                  3.5706215498381252E-005                  4.0938457768930181E-001                  5.9057971609519977E-001                  2.5180117930408290E-176                  0.0000000000000000E+000                  0.0000000000000000E+000 
                                      30                  2.2338347163336766E-001                 -1.8024008926639085E-001                  4.8074967940137547E+000                 -8.2510659549833125E+000                  4.7575079737646355E+000                  3.5706215498381252E-005                  4.0938457768930181E-001                  5.9057971609519977E-001                  2.6126795803331333E-176                  0.0000000000000000E+000                  0.0000000000000000E+000 
                                      31                  2.2338347163037223E-001                 -1.8061908226383361E-001                  4.8131330664402761E+000                 -8.2317752527109374E+000                  4.7808983885301517E+000                  3.5706215498381252E-005                  4.0938457768930181E-001                  5.9057971609519977E-001                  2.7313850806293482E-176                  0.0000000000000000E+000                  0.0000000000000000E+000 
                                      32                  2.2338347162737676E-001                 -1.8098254021139062E-001                  4.8185069695247629E+000                 -8.2135708041222912E+000                  4.8031657013533282E+000                  3.5706215498381252E-005                  4.0938457768930181E-001                  5.9057971609519977E-001                  2.8483492766375353E-176                  0.0000000000000000E+000                  0.0000000000000000E+000 
                                      33                  2.2338347162438130E-001                 -1.8133193708297596E-001                  4.8223652036579159E+000                 -8.2003538771697944E+000                  4.8191981439242761E+000                  3.5706215498381252E-005                  4.0938457768930181E-001                  5.9057971609519977E-001                  2.9363951851331245E-176                  0.0000000000000000E+000                  0.0000000000000000E+000 
                                      34                  2.2338347162288358E-001                 -1.8150170316054451E-001                  4.8248780890113387E+000                 -8.1919876366972915E+000                  4.8295828270522110E+000                  3.5706215498381259E-005                  4.0938457768930181E-001                  5.9057971609519977E-001                  2.9935293508585077E-176                  0.0000000000000000E+000                  0.0000000000000000E+000 
                                      35                  2.2338347162138583E-001                 -1.8166842381442638E-001                  4.8289979584970730E+000                 -8.1787154845218932E+000                  4.8465011168178798E+000                  3.5706215498381252E-005                  4.0938457768930181E-001                  5.9057971609519977E-001                  3.0864563051928522E-176                  0.0000000000000000E+000                  0.0000000000000000E+000 
                                      36                  2.2338347161785518E-001                 -1.8205033444906868E-001                  4.8345156298470666E+000                 -8.1605093897986709E+000                  4.8692768062572744E+000                  3.5706215498381252E-005                  4.0938457768930181E-001                  5.9057971609519977E-001                  3.2186403945138867E-176                  0.0000000000000000E+000                  0.0000000000000000E+000 
                                      37                  2.2338347161432451E-001                 -1.8241751469042777E-001                  4.8397825020932146E+000                 -8.1432700469441617E+000                  4.8909888607793217E+000                  3.5706215498381252E-005                  4.0938457768930181E-001                  5.9057971609519977E-001                  3.3490206093360567E-176                  0.0000000000000000E+000                  0.0000000000000000E+000 
                                      38                  2.2338347161079389E-001                 -1.8277128501033194E-001                  4.8448208330796740E+000                 -8.1268975501769471E+000                  4.9117328334536774E+000                  3.5706215498381252E-005                  4.0938457768930181E-001                  5.9057971609519977E-001                  3.4777322692857572E-176                  0.0000000000000000E+000                  0.0000000000000000E+000 
                                      39                  2.2338347160726324E-001                 -1.8311278587818880E-001                  4.8496502626874163E+000                 -8.1113053364927534E+000                  4.9315919461032411E+000                  3.5706215498381252E-005                  4.0938457768930181E-001                  5.9057971609519977E-001                  3.6049065563597198E-176                  0.0000000000000000E+000                  0.0000000000000000E+000 
                                      40                  2.2338347160373256E-001                 -1.8344300878060307E-001                  4.8542881642858520E+000                 -8.0964196579327652E+000                  4.9506391230660949E+000                  3.5706215498381252E-005                  4.0938457768930181E-001                  5.9057971609519977E-001                  3.7306558030664540E-176                  0.0000000000000000E+000                  0.0000000000000000E+000 
                                      41                  2.2338347160020192E-001                 -1.8376282211827666E-001                  4.8619131551397547E+000                 -8.0733263653652383E+000                  4.9815852276847989E+000                  3.5706215498381259E-005                  4.0938457768930181E-001                  5.9057971609519977E-001                  3.9344785497861196E-176                  0.0000000000000000E+000                  0.0000000000000000E+000 
                                      42                  2.2338347159161448E-001                 -1.8450311325292421E-001                  4.8693846091326147E+000                 -8.0486073634920849E+000                  5.0124308007324370E+000                  3.5706215498381245E-005                  4.0938457768930175E-001                  5.9057971609519988E-001                  4.1650072594506781E-176                  0.0000000000000000E+000                  0.0000000000000000E+000 
                                      43                  2.2338347158732078E-001                 -1.8485410009419750E-001                  4.8741524634228464E+000                 -8.0336059820407062E+000                  5.0319024099302156E+000                  3.5706215498381238E-005                  4.0938457768930175E-001                  5.9057971609519988E-001                  4.3114473887603053E-176                  0.0000000000000000E+000                  0.0000000000000000E+000 
                                      44                  2.2338347158302702E-001                 -1.8519398021222624E-001                  4.8797074870743105E+000                 -8.0164983213648693E+000                  5.0544789338382223E+000                  3.5706215498381252E-005                  4.0938457768930181E-001                  5.9057971609519977E-001                  4.4847440164733065E-176                  0.0000000000000000E+000                  0.0000000000000000E+000 
                                      45                  2.2338347157690247E-001                 -1.8566136014380402E-001                  4.8843646115141421E+000                 -8.0016135146731813E+000                  5.0735376287591603E+000                  3.5706215498381252E-005                  4.0938457768930181E-001                  5.9057971609519977E-001                  4.6411818673826758E-176                  0.0000000000000000E+000                  0.0000000000000000E+000 
                                      46                  2.2338347157384023E-001                 -1.8588771822806222E-001                  4.8873852758526377E+000                 -7.9922443313448301E+000                  5.0858193016003872E+000                  3.5706215498381252E-005                  4.0938457768930181E-001                  5.9057971609519977E-001                  4.7424381634524824E-176                  0.0000000000000000E+000                  0.0000000000000000E+000 
                                      47                  2.2338347157077793E-001                 -1.8610958852810808E-001                  4.8917964990668272E+000                 -7.9789359076440878E+000                  5.1036498267953831E+000                  3.5706215498381252E-005                  4.0938457768930181E-001                  5.9057971609519977E-001                  4.8900772773143822E-176                  0.0000000000000000E+000                  0.0000000000000000E+000 
                                      48                  2.2338347156465341E-001                 -1.8654090933717821E-001                  4.8974092996094178E+000                 -7.9616274026009251E+000                  5.1264272662356465E+000                  3.5706215498381252E-005                  4.0938457768930181E-001                  5.9057971609519977E-001                  5.0889908269542523E-176                  0.0000000000000000E+000                  0.0000000000000000E+000 
                                      49                  2.2338347155852886E-001                 -1.8695659249012886E-001                  4.9032316712954467E+000                 -7.9438744621766295E+000                  5.1499934950927146E+000                  3.5706215498381259E-005                  4.0938457768930181E-001                  5.9057971609519977E-001                  5.3014222306982676E-176                  0.0000000000000000E+000                  0.0000000000000000E+000 
                                      50                  2.2338347155133650E-001                 -1.8742662998643680E-001                  4.9092046822417430E+000                 -7.9255573325434767E+000                  5.1741916274380291E+000                  3.5706215498381252E-005                  4.0938457768930181E-001                  5.9057971609519977E-001                  5.5299057060364621E-176                  0.0000000000000000E+000                  0.0000000000000000E+000 
                                      51                  2.2338347154414420E-001                 -1.8787869254537287E-001                  4.9162932866824622E+000                 -7.9043656213377211E+000                  5.2027610641995521E+000                  3.5706215498381252E-005                  4.0938457768930181E-001                  5.9057971609519977E-001                  5.8065630022853359E-176                  0.0000000000000000E+000                  0.0000000000000000E+000 
                                      52                  2.2338347153336369E-001                 -1.8852647137483750E-001                  4.9222597576857341E+000                 -7.8854667176147384E+000                  5.2270930581474611E+000                  3.5706215498381252E-005                  4.0938457768930181E-001                  5.9057971609519977E-001                  6.0649454969533885E-176                  0.0000000000000000E+000                  0.0000000000000000E+000 
                                      53                  2.2338347152797342E-001                 -1.8883759750501267E-001                  4.9260971549721848E+000                 -7.8737342553281309E+000                  5.2426322695901089E+000                  3.5706215498381252E-005                  4.0938457768930181E-001                  5.9057971609519977E-001                  6.2311034229880372E-176                  0.0000000000000000E+000                  0.0000000000000000E+000 
                                      54                  2.2338347152258320E-001                 -1.8914107461095059E-001                  4.9298924977670042E+000                 -7.8621437549480104E+000                  5.2580001718753682E+000                  3.5706215498381252E-005                  4.0938457768930181E-001                  5.9057971609519977E-001                  6.3997213022923819E-176                  0.0000000000000000E+000                  0.0000000000000000E+000 
                                      55                  2.2338347151695642E-001                 -1.8945017789405239E-001                  4.9336437848750458E+000                 -7.8506666128348668E+000                  5.2731984013432553E+000                  3.5706215498381252E-005                  4.0938457768930181E-001                  5.9057971609519977E-001                  6.5711869655149058E-176                  0.0000000000000000E+000                  0.0000000000000000E+000 
                                      56                  2.2338347151132962E-001                 -1.8975185520662305E-001                  4.9390819833538826E+000                 -7.8345336701441237E+000                  5.2951020349582292E+000                  3.5706215498381252E-005                  4.0938457768930181E-001                  5.9057971609519977E-001                  6.8200065673024693E-176                  0.0000000000000000E+000                  0.0000000000000000E+000 
                                      57                  2.2338347150007609E-001                 -1.9033498697526940E-001                  4.9444186125533740E+000                 -7.8177329429582736E+000                  5.3168653690651233E+000                  3.5706215498381252E-005                  4.0938457768930181E-001                  5.9057971609519977E-001                  7.0891479034163728E-176                  0.0000000000000000E+000                  0.0000000000000000E+000 
                                      58                  2.2338347149378723E-001                 -1.9064947077397837E-001                  4.9481157820822421E+000                 -7.8063953704899918E+000                  5.3318670349549979E+000                  3.5706215498381252E-005                  4.0938457768930181E-001                  5.9057971609519977E-001                  7.2767499334205110E-176                  0.0000000000000000E+000                  0.0000000000000000E+000 
                                      59                  2.2338347148749835E-001                 -1.9095650938441369E-001                  4.9534778531126005E+000                 -7.7904398617338559E+000                  5.3535001084353180E+000                  3.5706215498381252E-005                  4.0938457768930181E-001                  5.9057971609519977E-001                  7.5492065586068653E-176                  0.0000000000000000E+000                  0.0000000000000000E+000 
                                      60                  2.2338347147492055E-001                 -1.9155027968232963E-001                  4.9598882745878408E+000                 -7.7705997852561177E+000                  5.3795795001593945E+000                  3.5706215498381252E-005                  4.0938457768930181E-001                  5.9057971609519977E-001                  7.9022721350975872E-176                  0.0000000000000000E+000                  0.0000000000000000E+000 
                                      61                  2.2338347146359949E-001                 -1.9206280964716668E-001                  4.9656567596217904E+000                 -7.7528496103551969E+000                  5.4030290728058441E+000                  3.5706215498381252E-005                  4.0938457768930181E-001                  5.9057971609519977E-001                  8.2321228491015804E-176                  0.0000000000000000E+000                  0.0000000000000000E+000 
                                      62                  2.2338347145227846E-001                 -1.9255652709333138E-001                  4.9701403852709198E+000                 -7.7388176224976561E+000                  5.4213238041327605E+000                  3.5706215498381252E-005                  4.0938457768930181E-001                  5.9057971609519977E-001                  8.5025976480258864E-176                  0.0000000000000000E+000                  0.0000000000000000E+000 
                                      63                  2.2338347144515003E-001                 -1.9285834702842225E-001                  4.9735015960207445E+000                 -7.7284888378117147E+000                  5.4349887504082002E+000                  3.5706215498381252E-005                  4.0938457768930181E-001                  5.9057971609519977E-001                  8.7073546404567718E-176                  0.0000000000000000E+000                  0.0000000000000000E+000 
                                      64                  2.2338347143802165E-001                 -1.9315368199738031E-001                  4.9776893216197013E+000                 -7.7158285704021958E+000                  5.4519581444066469E+000                  3.5706215498381252E-005                  4.0938457768930181E-001                  5.9057971609519977E-001                  8.9650709064440784E-176                  0.0000000000000000E+000                  0.0000000000000000E+000 
                                      65                  2.2338347142685949E-001                 -1.9360400853799151E-001                  4.9825935850043894E+000                 -7.7007823336236099E+000                  5.4718904213931525E+000                  3.5706215498381252E-005                  4.0938457768930181E-001                  5.9057971609519977E-001                  9.2812974921431900E-176                  0.0000000000000000E+000                  0.0000000000000000E+000 
                                      66                  2.2338347141569731E-001                 -1.9404033474275592E-001                  4.9874861835533917E+000                 -7.6858533582757511E+000                  5.4917510986955866E+000                  3.5706215498381252E-005                  4.0938457768930181E-001                  5.9057971609519977E-001                  9.6060861650402758E-176                  0.0000000000000000E+000                  0.0000000000000000E+000 
                                      67                  2.2338347140366599E-001                 -1.9449614726223119E-001                  4.9923681845445600E+000                 -7.6709590017010818E+000                  5.5115642131137275E+000                  3.5706215498381252E-005                  4.0938457768930181E-001                  5.9057971609519977E-001                  9.9414509548999891E-176                  0.0000000000000000E+000                  0.0000000000000000E+000 
                                      68                  2.2338347139157949E-001                 -1.9493998889426525E-001                  4.9970709910731168E+000                 -7.6566600516137591E+000                  5.5306312416265868E+000                  3.5706215498381252E-005                  4.0938457768930181E-001                  5.9057971609519977E-001                  1.0274423224134981E-175                  0.0000000000000000E+000                  0.0000000000000000E+000 
                                      69                  2.2338347137949296E-001                 -1.9537075448707047E-001                  5.0015987363868462E+000                 -7.6429456002567111E+000                  5.5489673485778122E+000                  3.5706215498381252E-005                  4.0938457768930181E-001                  5.9057971609519977E-001                  1.0604260983296790E-175                  0.0000000000000000E+000                  0.0000000000000000E+000 
                                      70                  2.2338347136740649E-001                 -1.9578935582771897E-001                  5.0059648913917050E+000                 -7.6297734375211617E+000                  5.5666271541585610E+000                  3.5706215498381252E-005                  4.0938457768930181E-001                  5.9057971609519977E-001                  1.0931024448478809E-175                  0.0000000000000000E+000                  0.0000000000000000E+000 
                                      71                  2.2338347135532000E-001                 -1.9619661159755516E-001                  5.0118505660070225E+000                 -7.6125780609928730E+000                  5.5902667945152276E+000                  3.5706215498381252E-005                  4.0938457768930181E-001                  5.9057971609519977E-001                  1.1372796302271430E-175                  0.0000000000000000E+000                  0.0000000000000000E+000 
                                      72                  2.2338347133359768E-001                 -1.9690284340821568E-001                  5.0189904425869196E+000                 -7.5912620851049306E+000                  5.6190497092108469E+000                  3.5706215498381252E-005                  4.0938457768930181E-001                  5.9057971609519977E-001                  1.1945303790738334E-175                  0.0000000000000000E+000                  0.0000000000000000E+000 
                                      73                  2.2338347131187539E-001                 -1.9757846592899134E-001                  5.0240645388766296E+000                 -7.5758110495395892E+000                  5.6395747306309536E+000                  3.5706215498381252E-005                  4.0938457768930181E-001                  5.9057971609519977E-001                  1.2378230632018218E-175                  0.0000000000000000E+000                  0.0000000000000000E+000 
                                      74                  2.2338347130101421E-001                 -1.9790560131575996E-001                  5.0273517225889064E+000                 -7.5661220675665088E+000                  5.6527773701218660E+000                  3.5706215498381252E-005                  4.0938457768930181E-001                  5.9057971609519977E-001                  1.2657680437369515E-175                  0.0000000000000000E+000                  0.0000000000000000E+000 
                                      75                  2.2338347129015310E-001                 -1.9822623577973097E-001                  5.0317478614125069E+000                 -7.5534663632818289E+000                  5.6703440058313834E+000                  3.5706215498381252E-005                  4.0938457768930181E-001                  5.9057971609519977E-001                  1.3032223806630578E-175                  0.0000000000000000E+000                  0.0000000000000000E+000 
                                      76                  2.2338347127115704E-001                 -1.9877254876452902E-001                  5.0371092227191347E+000                 -7.5378029313021990E+000                  5.6918213785978296E+000                  3.5706215498381252E-005                  4.0938457768930181E-001                  5.9057971609519977E-001                  1.3511168266953762E-175                  0.0000000000000000E+000                  0.0000000000000000E+000 
                                      77                  2.2338347125216101E-001                 -1.9930146994481043E-001                  5.0407880775473908E+000                 -7.5268580733522850E+000                  5.7066077031301052E+000                  3.5706215498381252E-005                  4.0938457768930181E-001                  5.9057971609519977E-001                  1.3856244008900924E-175                  0.0000000000000000E+000                  0.0000000000000000E+000 
                                      78                  2.2338347124401986E-001                 -1.9952308298704144E-001                  5.0429536862779054E+000                 -7.5205916736687364E+000                  5.7152612034802432E+000                  3.5706215498381252E-005                  4.0938457768930181E-001                  5.9057971609519977E-001                  1.4057769249166586E-175                  0.0000000000000000E+000                  0.0000000000000000E+000 
                                      79                  2.2338347123587871E-001                 -1.9974185385653864E-001                  5.0461431439100748E+000                 -7.5115500705262646E+000                  5.7279516792249110E+000                  3.5706215498381252E-005                  4.0938457768930181E-001                  5.9057971609519977E-001                  1.4353722502673114E-175                  0.0000000000000000E+000                  0.0000000000000000E+000 
                                      80                  2.2338347121959642E-001                 -2.0017134098670306E-001                  5.0502616202459993E+000                 -7.4997152005565857E+000                  5.7443789448239437E+000                  3.5706215498381252E-005                  4.0938457768930181E-001                  5.9057971609519977E-001                  1.4750545067623524E-175                  0.0000000000000000E+000                  0.0000000000000000E+000 
                                      81                  2.2338347120331412E-001                 -2.0059050913584009E-001                  5.0562338225559325E+000                 -7.4832079304541192E+000                  5.7680127839816082E+000                  3.5706215498381252E-005                  4.0938457768930181E-001                  5.9057971609519977E-001                  1.5322428554946491E-175                  0.0000000000000000E+000                  0.0000000000000000E+000 
                                      82                  2.2338347117072033E-001                 -2.0140174118248050E-001                  5.0637439911906261E+000                 -7.4619178184890114E+000                  5.7978713796711272E+000                  3.5706215498381252E-005                  4.0938457768930181E-001                  5.9057971609519977E-001                  1.6092884048656159E-175                  0.0000000000000000E+000                  0.0000000000000000E+000 
                                      83                  2.2338347113812654E-001                 -2.0217841182231128E-001                  5.0696616682989912E+000                 -7.4449900650341867E+000                  5.8214355462540590E+000                  3.5706215498381252E-005                  4.0938457768930181E-001                  5.9057971609519977E-001                  1.6733037014843751E-175                  0.0000000000000000E+000                  0.0000000000000000E+000 
                                      84                  2.2338347111640527E-001                 -2.0267841659993763E-001                  5.0742201618474381E+000                 -7.4323135684007502E+000                  5.8394849105639439E+000                  3.5706215498381252E-005                  4.0938457768930181E-001                  5.9057971609519977E-001                  1.7229047684595433E-175                  0.0000000000000000E+000                  0.0000000000000000E+000 
                                      85                  2.2338347109468404E-001                 -2.0316569661004719E-001                  5.0786224965531330E+000                 -7.4201590235702151E+000                  5.8568903824836260E+000                  3.5706215498381252E-005                  4.0938457768930181E-001                  5.9057971609519977E-001                  1.7718442654710498E-175                  0.0000000000000000E+000                  0.0000000000000000E+000 
                                      86                  2.2338347107296280E-001                 -2.0364110637201596E-001                  5.0828795569569296E+000                 -7.4084908220718795E+000                  5.8736971156351441E+000                  3.5706215498381252E-005                  4.0938457768930181E-001                  5.9057971609519977E-001                  1.8201333901490601E-175                  0.0000000000000000E+000                  0.0000000000000000E+000 
                                      87                  2.2338347105124157E-001                 -2.0410541791940728E-001                  5.0890472136412592E+000                 -7.3923089718345203E+000                  5.8978475188441131E+000                  3.5706215498381252E-005                  4.0938457768930181E-001                  5.9057971609519977E-001                  1.8892890518536147E-175                  0.0000000000000000E+000                  0.0000000000000000E+000 
                                      88                  2.2338347100779907E-001                 -2.0500429831051284E-001                  5.0968021550710754E+000                 -7.3714945008116244E+000                  5.9283413982539743E+000                  3.5706215498381252E-005                  4.0938457768930181E-001                  5.9057971609519977E-001                  1.9821221061011258E-175                  0.0000000000000000E+000                  0.0000000000000000E+000 
                                      89                  2.2338347096433470E-001                 -2.0586677697756048E-001                  5.1023087298249914E+000                 -7.3564855902782904E+000                  5.9500570301413154E+000                  3.5706215498381252E-005                  4.0938457768930181E-001                  5.9057971609519977E-001                  2.0518812084411204E-175                  0.0000000000000000E+000                  0.0000000000000000E+000 
                                      90                  2.2338347094260250E-001                 -2.0628521517451479E-001                  5.1058740261435762E+000                 -7.3471755316377561E+000                  5.9640062244994896E+000                  3.5706215498381252E-005                  4.0938457768930181E-001                  5.9057971609519977E-001                  2.0963818227296286E-175                  0.0000000000000000E+000                  0.0000000000000000E+000 
                                      91                  2.2338347092087027E-001                 -2.0669595331577528E-001                  5.1108549516996433E+000                 -7.3346429041452916E+000                  5.9833661336779844E+000                  3.5706215498381252E-005                  4.0938457768930181E-001                  5.9057971609519977E-001                  2.1578143176919778E-175                  0.0000000000000000E+000                  0.0000000000000000E+000 
                                      92                  2.2338347088015473E-001                 -2.0744659158463738E-001                  5.1170615484050259E+000                 -7.3188497333932343E+000                  6.0075398568084761E+000                  3.5706215498381252E-005                  4.0938457768930181E-001                  5.9057971609519977E-001                  2.2378006849475646E-175                  0.0000000000000000E+000                  0.0000000000000000E+000 
                                      93                  2.2338347083944837E-001                 -2.0817396391993070E-001                  5.1229975318176555E+000                 -7.3040251687948103E+000                  6.0305860542893006E+000                  3.5706215498381252E-005                  4.0938457768930181E-001                  5.9057971609519977E-001                  2.3155784214115404E-175                  0.0000000000000000E+000                  0.0000000000000000E+000 
                                      94                  2.2338347079874205E-001                 -2.0888041643849281E-001                  5.1286883012947442E+000                 -7.2900821495052615E+000                  6.0526099658636827E+000                  3.5706215498381252E-005                  4.0938457768930181E-001                  5.9057971609519977E-001                  2.3911974876268806E-175                  0.0000000000000000E+000                  0.0000000000000000E+000 
                                      95                  2.2338347075803569E-001                 -2.0956785012578386E-001                  5.1339717492021375E+000                 -7.2773392262212626E+000                  6.0730051539339156E+000                  3.5706215498381252E-005                  4.0938457768930181E-001                  5.9057971609519977E-001                  2.4624667193324927E-175                  0.0000000000000000E+000                  0.0000000000000000E+000 
                                      96                  2.2338347072007753E-001                 -2.1019316618295930E-001                  5.1388904949744907E+000                 -7.2657325582821732E+000                  6.0919256598846561E+000                  3.5706215498381252E-005                  4.0938457768930181E-001                  5.9057971609519977E-001                  2.5292288141185316E-175                  0.0000000000000000E+000                  0.0000000000000000E+000 
                                      97                  2.2338347068211942E-001                 -2.1080459802147153E-001                  5.1442016489364875E+000                 -7.2535653785119223E+000                  6.1122607057566984E+000                  3.5706215498381252E-005                  4.0938457768930181E-001                  5.9057971609519977E-001                  2.6011600638853411E-175                  0.0000000000000000E+000                  0.0000000000000000E+000 
                                      98                  2.2338347063519184E-001                 -2.1154306133501363E-001                  5.1498446526685902E+000                 -7.2407808902945527E+000                  6.1338314301586099E+000                  3.5706215498381252E-005                  4.0938457768930181E-001                  5.9057971609519977E-001                  2.6789469740030481E-175                  0.0000000000000000E+000                  0.0000000000000000E+000 
                                      99                  2.2338347058826430E-001                 -2.1226372587061104E-001                  5.1575532785001572E+000                 -7.2245282119158407E+000                  6.1629881614586441E+000                  3.5706215498381252E-005                  4.0938457768930181E-001                  5.9057971609519977E-001                  2.7812051103903300E-175                  0.0000000000000000E+000                  0.0000000000000000E+000 
                                     100                  2.2338347050157839E-001                 -2.1355499760457752E-001                  5.1646068625486112E+000                 -7.2087591187162303E+000                  6.1899076784343308E+000                  3.5706215498381252E-005                  4.0938457768930181E-001                  5.9057971609519977E-001                  2.8841519805770316E-175                  0.0000000000000000E+000                  0.0000000000000000E+000 
                                     101                  2.2338347045823545E-001                 -2.1418175099761383E-001                  5.1691506219014691E+000                 -7.1993248740375169E+000                  6.2070664095608619E+000                  3.5706215498381252E-005                  4.0938457768930181E-001                  5.9057971609519977E-001                  2.9475563423396809E-175                  0.0000000000000000E+000                  0.0000000000000000E+000 
                                     102                  2.2338347041489248E-001                 -2.1479767407341605E-001                  5.1737538069748839E+000                 -7.1900058896315961E+000                  6.2243939569548754E+000                  3.5706215498381252E-005                  4.0938457768930181E-001                  5.9057971609519977E-001                  3.0115550959491662E-175                  0.0000000000000000E+000                  0.0000000000000000E+000 
                                     103                  2.2338347036766626E-001                 -2.1545743364365177E-001                  5.1784031028598934E+000                 -7.1807550242945961E+000                  6.2418606760463451E+000                  3.5706215498381252E-005                  4.0938457768930181E-001                  5.9057971609519977E-001                  3.0764610636648348E-175                  0.0000000000000000E+000                  0.0000000000000000E+000 
                                     104                  2.2338347032044004E-001                 -2.1610621394565457E-001                  5.1851449219561134E+000                 -7.1683293382750710E+000                  6.2669555922892339E+000                  3.5706215498381252E-005                  4.0938457768930181E-001                  5.9057971609519977E-001                  3.1658501942595442E-175                  0.0000000000000000E+000                  0.0000000000000000E+000 
                                     105                  2.2338347022598762E-001                 -2.1737555439155623E-001                  5.1918623469759257E+000                 -7.1551402811904179E+000                  6.2921803910254566E+000                  3.5706215498381252E-005                  4.0938457768930181E-001                  5.9057971609519977E-001                  3.2635756933110718E-175                  0.0000000000000000E+000                  0.0000000000000000E+000 
                                     106                  2.2338347017128790E-001                 -2.1809358493611647E-001                  5.1966191360243732E+000                 -7.1464067490543215E+000                  6.3099061409083630E+000                  3.5706215498381252E-005                  4.0938457768930181E-001                  5.9057971609519977E-001                  3.3299429381580484E-175                  0.0000000000000000E+000                  0.0000000000000000E+000 
                                     107                  2.2338347011659732E-001                 -2.1880067441718945E-001                  5.2035091963776079E+000                 -7.1347420330162148E+000                  6.3353664006730535E+000                  3.5706215498381252E-005                  4.0938457768930181E-001                  5.9057971609519977E-001                  3.4206956713317259E-175                  0.0000000000000000E+000                  0.0000000000000000E+000 
                                     108                  2.2338347000721620E-001                 -2.2018736349662291E-001                  5.2123192483296696E+000                 -7.1193218442373842E+000                  6.3680882711444342E+000                  3.5706215498381252E-005                  4.0938457768930181E-001                  5.9057971609519977E-001                  3.5444755591160136E-175                  0.0000000000000000E+000                  0.0000000000000000E+000 
                                     109                  2.2338346989396221E-001                 -2.2158646398121853E-001                  5.2186639137716160E+000                 -7.1077504639228684E+000                  6.3917922700220391E+000                  3.5706215498381252E-005                  4.0938457768930181E-001                  5.9057971609519977E-001                  3.6402951269679943E-175                  0.0000000000000000E+000                  0.0000000000000000E+000 
                                     110                  2.2338346983733520E-001                 -2.2227254687303566E-001                  5.2227625760086562E+000                 -7.1007856787294186E+000                  6.4069995234322299E+000                  3.5706215498381252E-005                  4.0938457768930181E-001                  5.9057971609519977E-001                  3.6992137423035376E-175                  0.0000000000000000E+000                  0.0000000000000000E+000 
                                     111                  2.2338346978070814E-001                 -2.2295090412785953E-001                  5.2268150697412255E+000                 -7.0939557032615772E+000                  6.4220337738779127E+000                  3.5706215498381252E-005                  4.0938457768930181E-001                  5.9057971609519977E-001                  3.7579184728764176E-175                  0.0000000000000000E+000                  0.0000000000000000E+000 
                                     112                  2.2338346972212483E-001                 -2.2364502899064961E-001                  5.2308204961365332E+000                 -7.0872210042744035E+000                  6.4369006854370268E+000                  3.5706215498381252E-005                  4.0938457768930181E-001                  5.9057971609519977E-001                  3.8167169663387875E-175                  0.0000000000000000E+000                  0.0000000000000000E+000 
                                     113                  2.2338346966354150E-001                 -2.2433174024445265E-001                  5.2366500272539982E+000                 -7.0780302490952431E+000                  6.4584206812722513E+000                  3.5706215498381252E-005                  4.0938457768930181E-001                  5.9057971609519977E-001                  3.8984466319592058E-175                  0.0000000000000000E+000                  0.0000000000000000E+000 
                                     114                  2.2338346954637481E-001                 -2.2568591138007910E-001                  5.2426114514975595E+000                 -7.0675469161147486E+000                  6.4806926105543017E+000                  3.5706215498381252E-005                  4.0938457768930181E-001                  5.9057971609519977E-001                  3.9938107275367630E-175                  0.0000000000000000E+000                  0.0000000000000000E+000 
                                     115                  2.2338346947461477E-001                 -2.2650160076137252E-001                  5.2469915332606050E+000                 -7.0601627921294590E+000                  6.4969995578747666E+000                  3.5706215498381252E-005                  4.0938457768930181E-001                  5.9057971609519977E-001                  4.0623799057048870E-175                  0.0000000000000000E+000                  0.0000000000000000E+000 
                                     116                  2.2338346940285470E-001                 -2.2730804417038586E-001                  5.2533447949403413E+000                 -7.0500999560604436E+000                  6.5205338822434022E+000                  3.5706215498381252E-005                  4.0938457768930181E-001                  5.9057971609519977E-001                  4.1577240848393165E-175                  0.0000000000000000E+000                  0.0000000000000000E+000 
                                     117                  2.2338346925935426E-001                 -2.2889685709482108E-001                  5.2605663422536271E+000                 -7.0372112666953246E+000                  6.5476245805556861E+000                  3.5706215498381252E-005                  4.0938457768930181E-001                  5.9057971609519977E-001                  4.2831206475556697E-175                  0.0000000000000000E+000                  0.0000000000000000E+000 
                                     118                  2.2338346914399923E-001                 -2.3014892973085599E-001                  5.2663824991184951E+000                 -7.0267656191055385E+000                  6.5694748331084556E+000                  3.5706215498381252E-005                  4.0938457768930181E-001                  5.9057971609519977E-001                  4.3875194769259275E-175                  0.0000000000000000E+000                  0.0000000000000000E+000 
                                     119                  2.2338346904101528E-001                 -2.3124906306575904E-001                  5.2734859357334622E+000                 -7.0146073763522336E+000                  6.5960593185089147E+000                  3.5706215498381252E-005                  4.0938457768930181E-001                  5.9057971609519977E-001                  4.5122457806172740E-175                  0.0000000000000000E+000                  0.0000000000000000E+000 
                                     120                  2.2338346886593707E-001                 -2.3308625243681597E-001                  5.2794410078974652E+000                 -7.0024434697631541E+000                  6.6187680708386321E+000                  3.5706215498381252E-005                  4.0938457768930181E-001                  5.9057971609519977E-001                  4.6405806398854254E-175                  0.0000000000000000E+000                  0.0000000000000000E+000 
                                     121                  2.2338346879385063E-001                 -2.3382838756512292E-001                  5.2834892715323569E+000                 -6.9948279562229994E+000                  6.6340792199050247E+000                  3.5706215498381252E-005                  4.0938457768930181E-001                  5.9057971609519977E-001                  4.7227804709214640E-175                  0.0000000000000000E+000                  0.0000000000000000E+000 
                                     122                  2.2338346869302900E-001                 -2.3485455827062118E-001                  5.2880555763103523E+000                 -6.9858337974693505E+000                  6.6514387962016537E+000                  3.5706215498381252E-005                  4.0938457768930181E-001                  5.9057971609519977E-001                  4.8217395292858725E-175                  0.0000000000000000E+000                  0.0000000000000000E+000 
                                     123                  2.2338346859220734E-001                 -2.3586679733343618E-001                  5.2940260191219579E+000                 -6.9743568307681034E+000                  6.6740916692283925E+000                  3.5706215498381252E-005                  4.0938457768930181E-001                  5.9057971609519977E-001                  4.9510348494879264E-175                  0.0000000000000000E+000                  0.0000000000000000E+000 
                                     124                  2.2338346842003973E-001                 -2.3756609500095432E-001                  5.3024705936578460E+000                 -6.9572452519158903E+000                  6.7063280207651479E+000                  3.5706215498381252E-005                  4.0938457768930181E-001                  5.9057971609519977E-001                  6.5483573595716598E-175                  0.0000000000000000E+000                  0.0000000000000000E+000 
                                     125                  2.2338346818476512E-001                 -2.3982929711313170E-001                  5.3094814327821318E+000                 -6.9406711156774197E+000                  6.7335677085533465E+000                  3.5706215498381252E-005                  4.0938457768930181E-001                  5.9057971609519977E-001                  2.1810576952834628E-174                  0.0000000000000000E+000                  0.0000000000000000E+000 
                                     126                  2.2338346805898007E-001                 -2.4100790431040339E-001                  5.3141864608793661E+000                 -6.9299389370692230E+000                  6.7517777569744064E+000                  3.5706215498381252E-005                  4.0938457768930181E-001                  5.9057971609519977E-001                  4.8687255316283021E-174                  0.0000000000000000E+000                  0.0000000000000000E+000 
                                     127                  2.2338346793319500E-001                 -2.4216706488406867E-001                  5.3183037569283123E+000                 -6.9201765390641228E+000                  6.7677880047770671E+000                  3.5706215498381252E-005                  4.0938457768930181E-001                  5.9057971609519977E-001                  9.8166109165688260E-174                  0.0000000000000000E+000                  0.0000000000000000E+000 
                                     128                  2.2338346783135909E-001                 -2.4309129187864847E-001                  5.3218893962183804E+000                 -6.9116062201373945E+000                  6.7817463921987660E+000                  3.5706215498381252E-005                  4.0938457768930181E-001                  5.9057971609519977E-001                  1.8050377798908092E-173                  0.0000000000000000E+000                  0.0000000000000000E+000 
                                     129                  2.2338346772952317E-001                 -2.4400322415810813E-001                  5.3253834475578117E+000                 -6.9030862336389633E+000                  6.7953823812053811E+000                  3.5706215498381252E-005                  4.0938457768930181E-001                  5.9057971609519977E-001                  3.2639236405778231E-173                  0.0000000000000000E+000                  0.0000000000000000E+000 
                                     130                  2.2338346762768729E-001                 -2.4490305373446936E-001                  5.3287906027327869E+000                 -6.8946164377399484E+000                  6.8087115834800258E+000                  3.5706215498381252E-005                  4.0938457768930181E-001                  5.9057971609519977E-001                  5.8091181600437086E-173                  0.0000000000000000E+000                  0.0000000000000000E+000 
                                     131                  2.2338346752585139E-001                 -2.4579097019129045E-001                  5.3327244623152659E+000                 -6.8848189209577892E+000                  6.8241064729529812E+000                  3.5706215498381252E-005                  4.0938457768930181E-001                  5.9057971609519977E-001                  1.1282619808253713E-172                  0.0000000000000000E+000                  0.0000000000000000E+000 
                                     132                  2.2338346738651943E-001                 -2.4698729793239382E-001                  5.3371274920363945E+000                 -6.8733886695428019E+000                  6.8414269341161233E+000                  3.5706215498381252E-005                  4.0938457768930181E-001                  5.9057971609519977E-001                  2.3689366906341187E-172                  0.0000000000000000E+000                  0.0000000000000000E+000 
                                     133                  2.2338346724718747E-001                 -2.4816213248129684E-001                  5.3413942917043240E+000                 -6.8620585929725264E+000                  6.8582604786383756E+000                  3.5706215498381252E-005                  4.0938457768930181E-001                  5.9057971609519977E-001                  4.8525944163263548E-172                  0.0000000000000000E+000                  0.0000000000000000E+000 
                                     134                  2.2338346710786053E-001                 -2.4931591507172354E-001                  5.3455334544299165E+000                 -6.8508329012466112E+000                  6.8746354332082795E+000                  3.5706215498381252E-005                  4.0938457768930181E-001                  5.9057971609519977E-001                  9.7133064670584554E-172                  0.0000000000000000E+000                  0.0000000000000000E+000 
                                     135                  2.2338346696853356E-001                 -2.5044917332762467E-001                  5.3497127637081920E+000                 -6.8393213289077943E+000                  6.8912031820927382E+000                  3.5706215498381252E-005                  4.0938457768930181E-001                  5.9057971609519977E-001                  1.9539702182576283E-171                  0.0000000000000000E+000                  0.0000000000000000E+000 
                                     136                  2.2338346681806781E-001                 -2.5165066802724906E-001                  5.3539224854586376E+000                 -6.8274458488596297E+000                  6.9079446879621278E+000                  3.5706215498381252E-005                  4.0938457768930181E-001                  5.9057971609519977E-001                  3.9446070015440995E-171                  0.0000000000000000E+000                  0.0000000000000000E+000 
                                     137                  2.2338346666760206E-001                 -2.5282940463887904E-001                  5.3604039102956218E+000                 -6.8099328508601822E+000                  6.9335774820440212E+000                  3.5706215498381252E-005                  4.0938457768930181E-001                  5.9057971609519977E-001                  1.1563412502129998E-170                  0.0000000000000000E+000                  0.0000000000000000E+000 
                                     138                  2.2338346633946260E-001                 -2.5532997657394685E-001                  5.3683901271540924E+000                 -6.7858673399926417E+000                  6.9656287365190472E+000                  3.5706215498381252E-005                  4.0938457768930181E-001                  5.9057971609519977E-001                  4.3451450685249966E-170                  0.0000000000000000E+000                  0.0000000000000000E+000 
                                     139                  2.2338346604257076E-001                 -2.5750532496782030E-001                  5.3737420337938859E+000                 -6.7665789337179003E+000                  6.9877032777024191E+000                  3.5706215498381252E-005                  4.0938457768930181E-001                  5.9057971609519977E-001                  1.0581412204464176E-169                  0.0000000000000000E+000                  0.0000000000000000E+000 
                                     140                  2.2338346589045038E-001                 -2.5858355870287264E-001                  5.3772441549589391E+000                 -6.7537658222217019E+000                  7.0021880199954536E+000                  3.5706215498381252E-005                  4.0938457768930181E-001                  5.9057971609519977E-001                  1.8916963233533072E-169                  0.0000000000000000E+000                  0.0000000000000000E+000 
                                     141                  2.2338346573833001E-001                 -2.5963818631945856E-001                  5.3811209464090277E+000                 -6.7390647888055994E+000                  7.0183247476120343E+000                  3.5706215498381252E-005                  4.0938457768930181E-001                  5.9057971609519977E-001                  3.5967722048459198E-169                  0.0000000000000000E+000                  0.0000000000000000E+000 
                                     142                  2.2338346554273883E-001                 -2.6095985910465164E-001                  5.3853225595667364E+000                 -6.7221943405292066E+000                  7.0359994304787667E+000                  3.5706215498381252E-005                  4.0938457768930181E-001                  5.9057971609519977E-001                  7.2177086826536018E-169                  0.0000000000000000E+000                  0.0000000000000000E+000 
                                     143                  2.2338346534714767E-001                 -2.6224266309368560E-001                  5.3900037994041412E+000                 -6.7029510940968793E+000                  7.0557891907435426E+000                  3.5706215498381252E-005                  4.0938457768930181E-001                  5.9057971609519977E-001                  1.5659203171465099E-168                  0.0000000000000000E+000                  0.0000000000000000E+000 
                                     144                  2.2338346509080306E-001                 -2.6386728508121726E-001                  5.3950918002796238E+000                 -6.6810154242736903E+000                  7.0775137821991967E+000                  3.5706215498381252E-005                  4.0938457768930181E-001                  5.9057971609519977E-001                  3.6315081994103805E-168                  0.0000000000000000E+000                  0.0000000000000000E+000 
                                     145                  2.2338346483445842E-001                 -2.6542898039069474E-001                  5.3998473558053099E+000                 -6.6599844951831644E+000                  7.0979429388574653E+000                  3.5706215498381252E-005                  4.0938457768930181E-001                  5.9057971609519977E-001                  7.9586996173457349E-168                  0.0000000000000000E+000                  0.0000000000000000E+000 
                                     146                  2.2338346459194394E-001                 -2.6685116172922829E-001                  5.4045724616967830E+000                 -6.6389360027088307E+000                  7.1182931269245397E+000                  3.5706215498381245E-005                  4.0938457768930175E-001                  5.9057971609519988E-001                  1.7314213717366337E-167                  0.0000000000000000E+000                  0.0000000000000000E+000 
                                     147                  2.2338346432041886E-001                 -2.6838369729337919E-001                  5.4109399511785989E+000                 -6.6108823495771869E+000                  7.1456875039428489E+000                  3.5706215498381252E-005                  4.0938457768930181E-001                  5.9057971609519977E-001                  4.9108198162760557E-167                  0.0000000000000000E+000                  0.0000000000000000E+000 
                                     148                  2.2338346387106231E-001                 -2.7079387518094628E-001                  5.4164529322983546E+000                 -6.5847523003628705E+000                  7.1698188753195238E+000                  3.5706215498381252E-005                  4.0938457768930181E-001                  5.9057971609519977E-001                  1.2114376287201979E-166                  0.0000000000000000E+000                  0.0000000000000000E+000 
                                     149                  2.2338346366141104E-001                 -2.7186552341880144E-001                  5.4198641058405430E+000                 -6.5691736701464123E+000                  7.1846461384022184E+000                  3.5706215498381252E-005                  4.0938457768930192E-001                  5.9057971609519977E-001                  2.1114017439406429E-166                  0.0000000000000000E+000                  0.0000000000000000E+000 
                                     150                  2.2338346345175975E-001                 -2.7290698521662488E-001                  5.4250880372212897E+000                 -6.5460452830406863E+000                  7.2072218339794043E+000                  3.5706215498381252E-005                  4.0938457768930192E-001                  5.9057971609519977E-001                  4.9223332072583711E-166                  0.0000000000000000E+000                  0.0000000000000000E+000 
                                     151                  2.2338346300121778E-001                 -2.7505249320056840E-001                  5.4307471045962803E+000                 -6.5195427915046977E+000                  7.2320207753850161E+000                  3.5706215498381245E-005                  4.0938457768930175E-001                  5.9057971609519988E-001                  1.2310333488185728E-165                  0.0000000000000000E+000                  0.0000000000000000E+000 
                                     152                  2.2338346270086604E-001                 -2.7641452177158449E-001                  5.4347596003687251E+000                 -6.5010555739713221E+000                  7.2495609654147479E+000                  3.5706215498381259E-005                  4.0938457768930181E-001                  5.9057971609519977E-001                  2.3509676500205081E-165                  0.0000000000000000E+000                  0.0000000000000000E+000 
                                     153                  2.2338346245057294E-001                 -2.7751152236038423E-001                  5.4383094899752376E+000                 -6.4848182066563238E+000                  7.2650674278886642E+000                  3.5706215498381252E-005                  4.0938457768930181E-001                  5.9057971609519977E-001                  4.1594019549906314E-165                  0.0000000000000000E+000                  0.0000000000000000E+000 
                                     154                  2.2338346220027977E-001                 -2.7857618508410420E-001                  5.4422192096044810E+000                 -6.4670765174322566E+000                  7.2821291245712070E+000                  3.5706215498381245E-005                  4.0938457768930175E-001                  5.9057971609519988E-001                  7.7813211399089646E-165                  0.0000000000000000E+000                  0.0000000000000000E+000 
                                     155                  2.2338346188430927E-001                 -2.7987700074069266E-001                  5.4464466433800851E+000                 -6.4477555345294313E+000                  7.3006257950196032E+000                  3.5706215498381252E-005                  4.0938457768930181E-001                  5.9057971609519977E-001                  1.5291599567923144E-164                  0.0000000000000000E+000                  0.0000000000000000E+000 
                                     156                  2.2338346156834707E-001                 -2.8113221382699410E-001                  5.4512942441873031E+000                 -6.4258923636147030E+000                  7.3217913398990433E+000                  3.5706215498381245E-005                  4.0938457768930170E-001                  5.9057971609519999E-001                  3.3074856179431317E-164                  0.0000000000000000E+000                  0.0000000000000000E+000 
                                     157                  2.2338346113609300E-001                 -2.8278156879679006E-001                  5.4553370252183324E+000                 -6.4070735236262815E+000                  7.3395969583922120E+000                  3.5706215498381252E-005                  4.0938457768930181E-001                  5.9057971609519977E-001                  6.2893395559466911E-164                  0.0000000000000000E+000                  0.0000000000000000E+000 
                                     158                  2.2338346091996594E-001                 -2.8357797703508081E-001                  5.4579755460337491E+000                 -6.3950898742195843E+000                  7.3511575861270817E+000                  3.5706215498381252E-005                  4.0938457768930181E-001                  5.9057971609519977E-001                  9.5504945952727054E-164                  0.0000000000000000E+000                  0.0000000000000000E+000 
                                     159                  2.2338346070384338E-001                 -2.8435692090204662E-001                  5.4624535347135996E+000                 -6.3753669477002282E+000                  7.3706467459529508E+000                  3.5706215498381238E-005                  4.0938457768930181E-001                  5.9057971609519977E-001                  1.9342711100905425E-163                  0.0000000000000000E+000                  0.0000000000000000E+000 
                                     160                  2.2338346017010791E-001                 -2.8621197991139197E-001                  5.4673227821379990E+000                 -6.3528428958730139E+000                  7.3921177270806924E+000                  3.5706215498381238E-005                  4.0938457768930181E-001                  5.9057971609519977E-001                  4.1661950809401866E-163                  0.0000000000000000E+000                  0.0000000000000000E+000 
                                     161                  2.2338345985249869E-001                 -2.8727068111561455E-001                  5.4708558216547241E+000                 -6.3368761081461997E+000                  7.4076215274484669E+000                  3.5706215498381252E-005                  4.0938457768930181E-001                  5.9057971609519977E-001                  7.2511957309454141E-163                  0.0000000000000000E+000                  0.0000000000000000E+000 
                                     162                  2.2338345953488942E-001                 -2.8829854717524350E-001                  5.4742997996107547E+000                 -6.3213414051373693E+000                  7.4227392010528499E+000                  3.5706215498381252E-005                  4.0938457768930175E-001                  5.9057971609519988E-001                  1.2427717559760395E-162                  0.0000000000000000E+000                  0.0000000000000000E+000 
                                     163                  2.2338345921692182E-001                 -2.8929839331438795E-001                  5.4776590159218355E+000                 -6.3062166140479619E+000                  7.4374893460718337E+000                  3.5706215498381252E-005                  4.0938457768930175E-001                  5.9057971609519988E-001                  2.0990632114980948E-162                  0.0000000000000000E+000                  0.0000000000000000E+000 
                                     164                  2.2338345889895422E-001                 -2.9027061775771629E-001                  5.4827354411062981E+000                 -6.2840032555889955E+000                  7.4596388385161045E+000                  3.5706215498381252E-005                  4.0938457768930170E-001                  5.9057971609519999E-001                  4.6167024766382621E-162                  0.0000000000000000E+000                  0.0000000000000000E+000 
                                     165                  2.2338345822935279E-001                 -2.9223574283187626E-001                  5.4877430104676064E+000                 -6.2609775087274810E+000                  7.4817938364721170E+000                  3.5706215498381245E-005                  4.0938457768930170E-001                  5.9057971609519999E-001                  1.0043345462498520E-161                  0.0000000000000000E+000                  0.0000000000000000E+000 
                                     166                  2.2338345787809194E-001                 -2.9322340750828330E-001                  5.4930221924411011E+000                 -6.2380055241333379E+000                  7.5048449332343239E+000                  3.5706215498381245E-005                  4.0938457768930175E-001                  5.9057971609519988E-001                  2.2652114828783690E-161                  0.0000000000000000E+000                  0.0000000000000000E+000 
                                     167                  2.2338345712057803E-001                 -2.9526485998743734E-001                  5.4993131110826097E+000                 -6.2095353312754469E+000                  7.5326341722766283E+000                  3.5706215498381259E-005                  4.0938457768930181E-001                  5.9057971609519977E-001                  5.9616987041427503E-161                  0.0000000000000000E+000                  0.0000000000000000E+000 
                                     168                  2.2338345648716001E-001                 -2.9688391264808162E-001                  5.5035526468264360E+000                 -6.1902026393039105E+000                  7.5514262994693695E+000                  3.5706215498381259E-005                  4.0938457768930181E-001                  5.9057971609519977E-001                  1.1419841318920435E-160                  0.0000000000000000E+000                  0.0000000000000000E+000 
                                     169                  2.2338345614293698E-001                 -2.9773266532166126E-001                  5.5082395048235027E+000                 -6.1697542752546042E+000                  7.5719774790159988E+000                  3.5706215498381252E-005                  4.0938457768930175E-001                  5.9057971609519988E-001                  2.3324090912654266E-160                  0.0000000000000000E+000                  0.0000000000000000E+000 
                                     170                  2.2338345537715865E-001                 -2.9955066515895329E-001                  5.5133837341110041E+000                 -6.1462586327264956E+000                  7.5948456506597237E+000                  3.5706215498381259E-005                  4.0938457768930181E-001                  5.9057971609519977E-001                  5.1057388504830690E-160                  0.0000000000000000E+000                  0.0000000000000000E+000 
                                     171                  2.2338345486601152E-001                 -3.0071214564699683E-001                  5.5173677298264723E+000                 -6.1283205351441685E+000                  7.6125077698952515E+000                  3.5706215498381252E-005                  4.0938457768930181E-001                  5.9057971609519977E-001                  9.3421208245269754E-160                  0.0000000000000000E+000                  0.0000000000000000E+000 
                                     172                  2.2338345435486445E-001                 -3.0183545942954659E-001                  5.5206229009227137E+000                 -6.1135112528042139E+000                  7.6269953857931316E+000                  3.5706215498381245E-005                  4.0938457768930181E-001                  5.9057971609519977E-001                  1.5290607224101691E-159                  0.0000000000000000E+000                  0.0000000000000000E+000 
                                     173                  2.2338345400481591E-001                 -3.0258377061341324E-001                  5.5232125734594160E+000                 -6.1018219907247078E+000                  7.6385048605402250E+000                  3.5706215498381245E-005                  4.0938457768930175E-001                  5.9057971609519988E-001                  2.2605074181784986E-159                  0.0000000000000000E+000                  0.0000000000000000E+000 
                                     174                  2.2338345365476736E-001                 -3.0331594363246106E-001                  5.5264779048685151E+000                 -6.0872109487805828E+000                  7.6529927696614379E+000                  3.5706215498381238E-005                  4.0938457768930175E-001                  5.9057971609519988E-001                  3.6957580532292292E-159                  0.0000000000000000E+000                  0.0000000000000000E+000 
                                     175                  2.2338345310285876E-001                 -3.0443931737540531E-001                  5.5303523437383966E+000                 -6.0696486819249342E+000                  7.6702639259690581E+000                  3.5706215498381238E-005                  4.0938457768930175E-001                  5.9057971609519988E-001                  6.6160664799898596E-159                  0.0000000000000000E+000                  0.0000000000000000E+000 
                                     176                  2.2338345255095282E-001                 -3.0552643297992044E-001                  5.5336714015459245E+000                 -6.0544958284692214E+000                  7.6851055706421798E+000                  3.5706215498381245E-005                  4.0938457768930187E-001                  5.9057971609519977E-001                  1.0884067430295131E-158                  0.0000000000000000E+000                  0.0000000000000000E+000 
                                     177                  2.2338345212841404E-001                 -3.0633547110062048E-001                  5.5364835116469404E+000                 -6.0417303815128509E+000                  7.6976705041587614E+000                  3.5706215498381245E-005                  4.0938457768930192E-001                  5.9057971609519977E-001                  1.6576166208461600E-158                  0.0000000000000000E+000                  0.0000000000000000E+000 
                                     178                  2.2338345170587534E-001                 -3.0712542555745603E-001                  5.5396908242780523E+000                 -6.0272493894001355E+000                  7.7119906876346400E+000                  3.5706215498381245E-005                  4.0938457768930175E-001                  5.9057971609519988E-001                  2.6749840160175790E-158                  0.0000000000000000E+000                  0.0000000000000000E+000 
                                     179                  2.2338345114219779E-001                 -3.0815109722565664E-001                  5.5432536904032368E+000                 -6.0110416625982017E+000                  7.7279493200786717E+000                  3.5706215498381259E-005                  4.0938457768930170E-001                  5.9057971609519999E-001                  4.5473328957420790E-158                  0.0000000000000000E+000                  0.0000000000000000E+000 
                                     180                  2.2338345057852024E-001                 -3.0914611702631190E-001                  5.5467172654836414E+000                 -5.9952784913105726E+000                  7.7434812982136787E+000                  3.5706215498381259E-005                  4.0938457768930170E-001                  5.9057971609519999E-001                  7.6069515485914970E-158                  0.0000000000000000E+000                  0.0000000000000000E+000 
                                     181                  2.2338345001485554E-001                 -3.1011216852969276E-001                  5.5500868676809256E+000                 -5.9799384630926928E+000                  7.7586084661896484E+000                  3.5706215498381245E-005                  4.0938457768930170E-001                  5.9057971609519999E-001                  1.2533473410081282E-157                  0.0000000000000000E+000                  0.0000000000000000E+000 
                                     182                  2.2338344945119085E-001                 -3.1105084816126016E-001                  5.5533674000860840E+000                 -5.9650011606305409E+000                  7.7733511471421055E+000                  3.5706215498381245E-005                  4.0938457768930181E-001                  5.9057971609519977E-001                  2.0356216225254115E-157                  0.0000000000000000E+000                  0.0000000000000000E+000 
                                     183                  2.2338344888753153E-001                 -3.1196360094767672E-001                  5.5577348169547225E+000                 -5.9454102622454865E+000                  7.7929101240762897E+000                  3.5706215498381245E-005                  4.0938457768930175E-001                  5.9057971609519988E-001                  3.8729155141012923E-157                  0.0000000000000000E+000                  0.0000000000000000E+000 
                                     184                  2.2338344790830397E-001                 -3.1349218705258913E-001                  5.5615257042666366E+000                 -5.9277802615577269E+000                  7.8100999046211017E+000                  3.5706215498381265E-005                  4.0938457768930187E-001                  5.9057971609519977E-001                  6.7673371349756350E-157                  0.0000000000000000E+000                  0.0000000000000000E+000 
                                     185                  2.2338344749273784E-001                 -3.1411974278197591E-001                  5.5637405934890367E+000                 -5.9176976191059474E+000                  7.8200854509157764E+000                  3.5706215498381245E-005                  4.0938457768930170E-001                  5.9057971609519999E-001                  9.3650080740426984E-157                  0.0000000000000000E+000                  0.0000000000000000E+000 
                                     186                  2.2338344707717170E-001                 -3.1473553570297363E-001                  5.5669997749669902E+000                 -5.9030649841347245E+000                  7.8347270854827009E+000                  3.5706215498381252E-005                  4.0938457768930164E-001                  5.9057971609519999E-001                  1.5083691058693861E-156                  0.0000000000000000E+000                  0.0000000000000000E+000 
                                     187                  2.2338344624607423E-001                 -3.1593374860650830E-001                  5.5712013829566658E+000                 -5.8839072868728044E+000                  7.8537153864018840E+000                  3.5706215498381252E-005                  4.0938457768930164E-001                  5.9057971609519999E-001                  2.7857404319683167E-156                  0.0000000000000000E+000                  0.0000000000000000E+000 
                                     188                  2.2338344541497673E-001                 -3.1708961463399760E-001                  5.5762730971260686E+000                 -5.8610704566977168E+000                  7.8765755370895736E+000                  3.5706215498381252E-005                  4.0938457768930170E-001                  5.9057971609519999E-001                  5.8235540957849924E-156                  0.0000000000000000E+000                  0.0000000000000000E+000 
                                     189                  2.2338344416833392E-001                 -3.1875067296287718E-001                  5.5811159625678712E+000                 -5.8386998352106572E+000                  7.8986185798369482E+000                  3.5706215498381259E-005                  4.0938457768930187E-001                  5.9057971609519977E-001                  1.1761423887005363E-155                  0.0000000000000000E+000                  0.0000000000000000E+000 
                                     190                  2.2338344333725416E-001                 -3.1981236973482641E-001                  5.5839345243021379E+000                 -5.8257090442410693E+000                  7.9114541872071866E+000                  3.5706215498381259E-005                  4.0938457768930181E-001                  5.9057971609519977E-001                  1.7685243621840791E-155                  0.0000000000000000E+000                  0.0000000000000000E+000 
                                     191                  2.2338344292125437E-001                 -3.2033096826775520E-001                  5.5857846158436031E+000                 -5.8172874770135277E+000                  7.9198509640024435E+000                  3.5706215498381259E-005                  4.0938457768930181E-001                  5.9057971609519977E-001                  2.3098908524236739E-155                  0.0000000000000000E+000                  0.0000000000000000E+000 
                                     192                  2.2338344250525458E-001                 -3.2084141837197194E-001                  5.5883773527158791E+000                 -5.8055969250240862E+000                  7.9315891429171632E+000                  3.5706215498381259E-005                  4.0938457768930181E-001                  5.9057971609519977E-001                  3.3554919417561962E-155                  0.0000000000000000E+000                  0.0000000000000000E+000 
                                     193                  2.2338344173645894E-001                 -3.2176426591249052E-001                  5.5916540711073148E+000                 -5.7906663269784389E+000                  7.9464883403897053E+000                  3.5706215498381252E-005                  4.0938457768930181E-001                  5.9057971609519977E-001                  5.3755719439910217E-155                  0.0000000000000000E+000                  0.0000000000000000E+000 
                                     194                  2.2338344096766333E-001                 -3.2266154923872448E-001                  5.5945834332234119E+000                 -5.7772744004739618E+000                  7.9598352235539407E+000                  3.5706215498381259E-005                  4.0938457768930181E-001                  5.9057971609519977E-001                  8.1852673383623929E-155                  0.0000000000000000E+000                  0.0000000000000000E+000 
                                     195                  2.2338344032526219E-001                 -3.2339264775311849E-001                  5.5971922848050140E+000                 -5.7653862387076904E+000                  7.9717186418048147E+000                  3.5706215498381252E-005                  4.0938457768930175E-001                  5.9057971609519988E-001                  1.1893210952827471E-154                  0.0000000000000000E+000                  0.0000000000000000E+000 
                                     196                  2.2338343968286101E-001                 -3.2410756666548685E-001                  5.6001942853284454E+000                 -5.7517758352469883E+000                  7.9853805374285995E+000                  3.5706215498381252E-005                  4.0938457768930175E-001                  5.9057971609519988E-001                  1.8263026891948443E-154                  0.0000000000000000E+000                  0.0000000000000000E+000 
                                     197                  2.2338343881405767E-001                 -3.2504999260571465E-001                  5.6035513460754682E+000                 -5.7364576281144402E+000                  8.0007058961115174E+000                  3.5706215498381252E-005                  4.0938457768930175E-001                  5.9057971609519988E-001                  2.9478139876382398E-154                  0.0000000000000000E+000                  0.0000000000000000E+000 
                                     198                  2.2338343794525437E-001                 -3.2596561443701322E-001                  5.6073597219582476E+000                 -5.7191804012046408E+000                  8.0180750283736515E+000                  3.5706215498381252E-005                  4.0938457768930170E-001                  5.9057971609519999E-001                  5.0660935951703701E-154                  0.0000000000000000E+000                  0.0000000000000000E+000 
                                     199                  2.2338343678632772E-001                 -3.2714789280637546E-001                  5.6105166520602072E+000                 -5.7045683804194214E+000                  8.0325887630622237E+000                  3.5706215498381252E-005                  4.0938457768930170E-001                  5.9057971609519999E-001                  7.9327102580307833E-154                  0.0000000000000000E+000                  0.0000000000000000E+000 
                                     200                  2.2338343620659395E-001                 -3.2772322373255502E-001                  5.6136125212461563E+000                 -5.6905929042666132E+000                  8.0467108461953316E+000                  3.5706215498381252E-005                  4.0938457768930170E-001                  5.9057971609519999E-001                  1.2291935562875842E-153                  0.0000000000000000E+000                  0.0000000000000000E+000 
                                     201                  2.2338343504712641E-001                 -3.2884399138578380E-001                  5.6170888145438127E+000                 -5.6745801899483252E+000                  8.0626960532689012E+000                  3.5706215498381259E-005                  4.0938457768930175E-001                  5.9057971609519988E-001                  2.0091259785877311E-153                  0.0000000000000000E+000                  0.0000000000000000E+000 
                                     202                  2.2338343418941087E-001                 -3.2964839838643289E-001                  5.6199719914616031E+000                 -5.6613785988198746E+000                  8.0759381839979731E+000                  3.5706215498381252E-005                  4.0938457768930187E-001                  5.9057971609519977E-001                  3.0165021856574655E-153                  0.0000000000000000E+000                  0.0000000000000000E+000 
                                     203                  2.2338343333169533E-001                 -3.3043301556756327E-001                  5.6241868743164174E+000                 -5.6423752073272508E+000                  8.0952093748819340E+000                  3.5706215498381252E-005                  4.0938457768930192E-001                  5.9057971609519977E-001                  5.4521583530484400E-153                  0.0000000000000000E+000                  0.0000000000000000E+000 
                                     204                  2.2338343161628541E-001                 -3.3194701436131130E-001                  5.6282250345759914E+000                 -5.6235457205226389E+000                  8.1139201144489856E+000                  3.5706215498381245E-005                  4.0938457768930175E-001                  5.9057971609519988E-001                  9.6105781998919893E-153                  0.0000000000000000E+000                  0.0000000000000000E+000 
                                     205                  2.2338343075788647E-001                 -3.3267813072319419E-001                  5.6310747774824037E+000                 -5.6105064937421822E+000                  8.1270472548903196E+000                  3.5706215498381252E-005                  4.0938457768930181E-001                  5.9057971609519977E-001                  1.4315367126316483E-152                  0.0000000000000000E+000                  0.0000000000000000E+000 
                                     206                  2.2338342975577166E-001                 -3.3351089341232948E-001                  5.6340681079463071E+000                 -5.5967707135172402E+000                  8.1408620054187217E+000                  3.5706215498381259E-005                  4.0938457768930181E-001                  5.9057971609519977E-001                  2.1738706328997040E-152                  0.0000000000000000E+000                  0.0000000000000000E+000 
                                     207                  2.2338342875365688E-001                 -3.3432232479455914E-001                  5.6371966666090740E+000                 -5.5824484048614416E+000                  8.1553009715700409E+000                  3.5706215498381252E-005                  4.0938457768930181E-001                  5.9057971609519977E-001                  3.3605559539612712E-152                  0.0000000000000000E+000                  0.0000000000000000E+000 
                                     208                  2.2338342760782570E-001                 -3.3522535900921613E-001                  5.6412259100350139E+000                 -5.5641206515150055E+000                  8.1738713026047343E+000                  3.5706215498381259E-005                  4.0938457768930175E-001                  5.9057971609519988E-001                  5.8790626687806979E-152                  0.0000000000000000E+000                  0.0000000000000000E+000 
                                     209                  2.2338342590780363E-001                 -3.3651957126087345E-001                  5.6447057277063175E+000                 -5.5479536153254347E+000                  8.1900545677261452E+000                  3.5706215498381272E-005                  4.0938457768930175E-001                  5.9057971609519988E-001                  9.5248512574098901E-152                  0.0000000000000000E+000                  0.0000000000000000E+000 
                                     210                  2.2338342505717496E-001                 -3.3714764185885565E-001                  5.6481124243071745E+000                 -5.5325501793168392E+000                  8.2057524295382365E+000                  3.5706215498381265E-005                  4.0938457768930175E-001                  5.9057971609519988E-001                  1.5243149915754350E-151                  0.0000000000000000E+000                  0.0000000000000000E+000 
                                     211                  2.2338342335597122E-001                 -3.3836773399530085E-001                  5.6519498132496580E+000                 -5.5148900325885934E+000                  8.2235719227354274E+000                  3.5706215498381265E-005                  4.0938457768930170E-001                  5.9057971609519999E-001                  2.5871517854050953E-151                  0.0000000000000000E+000                  0.0000000000000000E+000 
                                     212                  2.2338342208008383E-001                 -3.3925274112024750E-001                  5.6551505582627843E+000                 -5.5002832254457434E+000                  8.2384028983122590E+000                  3.5706215498381259E-005                  4.0938457768930170E-001                  5.9057971609519999E-001                  4.0164857955092291E-151                  0.0000000000000000E+000                  0.0000000000000000E+000 
                                     213                  2.2338342080419643E-001                 -3.4011365334611421E-001                  5.6582545649957146E+000                 -5.4861447139232693E+000                  8.2527883637615940E+000                  3.5706215498381265E-005                  4.0938457768930175E-001                  5.9057971609519988E-001                  6.1468391766292940E-151                  0.0000000000000000E+000                  0.0000000000000000E+000 
                                     214                  2.2338341954051569E-001                 -3.4094385212286454E-001                  5.6614852530637521E+000                 -5.4714978231954197E+000                  8.2677476025281180E+000                  3.5706215498381265E-005                  4.0938457768930175E-001                  5.9057971609519988E-001                  9.5608074145363304E-151                  0.0000000000000000E+000                  0.0000000000000000E+000 
                                     215                  2.2338341809338927E-001                 -3.4186862827266429E-001                  5.6640045927158145E+000                 -5.4599729747357246E+000                  8.2794635764356741E+000                  3.5706215498381259E-005                  4.0938457768930187E-001                  5.9057971609519977E-001                  1.3486255761932633E-150                  0.0000000000000000E+000                  0.0000000000000000E+000 
                                     216                  2.2338341736982609E-001                 -3.4232105488458264E-001                  5.6656599486373169E+000                 -5.4524825163826769E+000                  8.2871338568129094E+000                  3.5706215498381259E-005                  4.0938457768930192E-001                  5.9057971609519977E-001                  1.6897598155183488E-150                  0.0000000000000000E+000                  0.0000000000000000E+000 
                                     217                  2.2338341664626288E-001                 -3.4276712737168125E-001                  5.6683135960164268E+000                 -5.4406221741846155E+000                  8.2993784783938107E+000                  3.5706215498381252E-005                  4.0938457768930192E-001                  5.9057971609519977E-001                  2.4234219428934299E-150                  0.0000000000000000E+000                  0.0000000000000000E+000 
                                     218                  2.2338341501573913E-001                 -3.4375009371040449E-001                  5.6718862297733770E+000                 -5.4245102344279541E+000                  8.3159361322046497E+000                  3.5706215498381252E-005                  4.0938457768930181E-001                  5.9057971609519977E-001                  3.9349631187721924E-150                  0.0000000000000000E+000                  0.0000000000000000E+000 
                                     219                  2.2338341338521542E-001                 -3.4470361740688421E-001                  5.6753577374982704E+000                 -5.4088996373898111E+000                  8.3320235804653500E+000                  3.5706215498381259E-005                  4.0938457768930187E-001                  5.9057971609519977E-001                  6.2940778296420860E-150                  0.0000000000000000E+000                  0.0000000000000000E+000 
                                     220                  2.2338341175472656E-001                 -3.4562944617336455E-001                  5.6787336687460002E+000                 -5.3937615791232432E+000                  8.3476666374327397E+000                  3.5706215498381252E-005                  4.0938457768930175E-001                  5.9057971609519988E-001                  9.9260826352123686E-150                  0.0000000000000000E+000                  0.0000000000000000E+000 
                                     221                  2.2338341012423996E-001                 -3.4652921397527392E-001                  5.6820191869158503E+000                 -5.3790698605495315E+000                  8.3628891025948846E+000                  3.5706215498381259E-005                  4.0938457768930164E-001                  5.9057971609519999E-001                  1.5446302412816569E-149                  0.0000000000000000E+000                  0.0000000000000000E+000 
                                     222                  2.2338340849378258E-001                 -3.4740438593804263E-001                  5.6852199922602971E+000                 -5.3647974077409541E+000                  8.3777168078139770E+000                  3.5706215498381265E-005                  4.0938457768930164E-001                  5.9057971609519999E-001                  2.3738000770547038E-149                  0.0000000000000000E+000                  0.0000000000000000E+000 
                                     223                  2.2338340686245331E-001                 -3.4825678806003346E-001                  5.6883405825495776E+000                 -5.3509231997747122E+000                  8.3921698838346686E+000                  3.5706215498381279E-005                  4.0938457768930170E-001                  5.9057971609519999E-001                  3.6052397666799325E-149                  0.0000000000000000E+000                  0.0000000000000000E+000 
                                     224                  2.2338340523112399E-001                 -3.4908720188359865E-001                  5.6917623767627852E+000                 -5.3358162346891058E+000                  8.4079891495409953E+000                  3.5706215498381265E-005                  4.0938457768930170E-001                  5.9057971609519999E-001                  5.6933605859640689E-149                  0.0000000000000000E+000                  0.0000000000000000E+000 
                                     225                  2.2338340319287509E-001                 -3.5009566781602164E-001                  5.6945329482147145E+000                 -5.3234655255764487E+000                  8.4208601076850567E+000                  3.5706215498381272E-005                  4.0938457768930175E-001                  5.9057971609519988E-001                  8.2375941882019919E-149                  0.0000000000000000E+000                  0.0000000000000000E+000 
                                     226                  2.2338340217378325E-001                 -3.5058829562013410E-001                  5.6963512213709349E+000                 -5.3154594134079680E+000                  8.4292711334826560E+000                  3.5706215498381279E-005                  4.0938457768930187E-001                  5.9057971609519977E-001                  1.0490975716676516E-148                  0.0000000000000000E+000                  0.0000000000000000E+000 
                                     227                  2.2338340115469144E-001                 -3.5107356138623952E-001                  5.6990366863219100E+000                 -5.3037713066293355E+000                  8.4416441700261018E+000                  3.5706215498381265E-005                  4.0938457768930175E-001                  5.9057971609519988E-001                  1.4980608527684243E-148                  0.0000000000000000E+000                  0.0000000000000000E+000 
                                     228                  2.2338339911654340E-001                 -3.5202299681347315E-001                  5.7025223564288163E+000                 -5.2885213994399498E+000                  8.4577529760846328E+000                  3.5706215498381265E-005                  4.0938457768930164E-001                  5.9057971609519999E-001                  2.3767235760350378E-148                  0.0000000000000000E+000                  0.0000000000000000E+000 
                                     229                  2.2338339707741686E-001                 -3.5294606286388397E-001                  5.7059156677095144E+000                 -5.2737506069685764E+000                  8.4734194216337890E+000                  3.5706215498381259E-005                  4.0938457768930170E-001                  5.9057971609519999E-001                  3.7201479309136007E-148                  0.0000000000000000E+000                  0.0000000000000000E+000 
                                     230                  2.2338339503831925E-001                 -3.5384387855431676E-001                  5.7092211519108709E+000                 -5.2594374521754181E+000                  8.4886634970301031E+000                  3.5706215498381259E-005                  4.0938457768930175E-001                  5.9057971609519988E-001                  5.7487669296305765E-148                  0.0000000000000000E+000                  0.0000000000000000E+000 
                                     231                  2.2338339299925503E-001                 -3.5471790529628500E-001                  5.7124436578242026E+000                 -5.2455577987835964E+000                  8.5035073965467145E+000                  3.5706215498381252E-005                  4.0938457768930175E-001                  5.9057971609519988E-001                  8.7768468169715525E-148                  0.0000000000000000E+000                  0.0000000000000000E+000 
                                     232                  2.2338339096021703E-001                 -3.5556949014839806E-001                  5.7155875846017512E+000                 -5.2320887402434115E+000                  8.5179717323442059E+000                  3.5706215498381259E-005                  4.0938457768930187E-001                  5.9057971609519977E-001                  1.3247670698833919E-147                  0.0000000000000000E+000                  0.0000000000000000E+000 
                                     233                  2.2338338892117907E-001                 -3.5639987967217784E-001                  5.7185119975765986E+000                 -5.2196079283982160E+000                  8.5314174614971243E+000                  3.5706215498381265E-005                  4.0938457768930181E-001                  5.9057971609519977E-001                  1.9410924937813146E-147                  0.0000000000000000E+000                  0.0000000000000000E+000 
                                     234                  2.2338338707538788E-001                 -3.5713423380903975E-001                  5.7212322033434342E+000                 -5.2080714555526564E+000                  8.5439027700345349E+000                  3.5706215498381259E-005                  4.0938457768930181E-001                  5.9057971609519977E-001                  2.7668284011353155E-147                  0.0000000000000000E+000                  0.0000000000000000E+000 
                                     235                  2.2338338522959669E-001                 -3.5785293551594127E-001                  5.7252222060091622E+000                 -5.1914516324975404E+000                  8.5620999044272867E+000                  3.5706215498381259E-005                  4.0938457768930187E-001                  5.9057971609519977E-001                  4.6443968346101650E-147                  0.0000000000000000E+000                  0.0000000000000000E+000 
                                     236                  2.2338338153806922E-001                 -3.5924647579225139E-001                  5.7294913490627382E+000                 -5.1734129473328823E+000                  8.5817073683219718E+000                  3.5706215498381252E-005                  4.0938457768930187E-001                  5.9057971609519977E-001                  8.0752539177823444E-147                  0.0000000000000000E+000                  0.0000000000000000E+000 
                                     237                  2.2338337907710271E-001                 -3.6014477118547683E-001                  5.7319877576345561E+000                 -5.1629330015675015E+000                  8.5931534616864695E+000                  3.5706215498381265E-005                  4.0938457768930181E-001                  5.9057971609519977E-001                  1.1148609657445489E-146                  0.0000000000000000E+000                  0.0000000000000000E+000 
                                     238                  2.2338337784662468E-001                 -3.6058524090157723E-001                  5.7336295666169335E+000                 -5.1561193687079854E+000                  8.6006500301676461E+000                  3.5706215498381272E-005                  4.0938457768930175E-001                  5.9057971609519988E-001                  1.3775927994477926E-146                  0.0000000000000000E+000                  0.0000000000000000E+000 
                                     239                  2.2338337661614666E-001                 -3.6102016705068157E-001                  5.7362015187921731E+000                 -5.1455758475791313E+000                  8.6123412462395752E+000                  3.5706215498381272E-005                  4.0938457768930164E-001                  5.9057971609519999E-001                  1.9175073503220148E-146                  0.0000000000000000E+000                  0.0000000000000000E+000 
                                     240                  2.2338337393854923E-001                 -3.6194825120862545E-001                  5.7396369076031766E+000                 -5.1314302239708551E+000                  8.6279979379395311E+000                  3.5706215498381252E-005                  4.0938457768930164E-001                  5.9057971609519999E-001                  2.9799922179548611E-146                  0.0000000000000000E+000                  0.0000000000000000E+000 
                                     241                  2.2338337126095181E-001                 -3.6285229603962765E-001                  5.7431192880071000E+000                 -5.1171927520349030E+000                  8.6438366165779073E+000                  3.5706215498381245E-005                  4.0938457768930159E-001                  5.9057971609519999E-001                  4.6529438599608530E-146                  0.0000000000000000E+000                  0.0000000000000000E+000 
                                     242                  2.2338336836763742E-001                 -3.6380374612787147E-001                  5.7466409287653768E+000                 -5.1028639095793942E+000                  8.6598359392909625E+000                  3.5706215498381259E-005                  4.0938457768930170E-001                  5.9057971609519999E-001                  7.2922231280718198E-146                  0.0000000000000000E+000                  0.0000000000000000E+000 
                                     243                  2.2338336547436288E-001                 -3.6473029476434582E-001                  5.7500724044199876E+000                 -5.0889896412581646E+000                  8.6753977651753722E+000                  3.5706215498381265E-005                  4.0938457768930175E-001                  5.9057971609519988E-001                  1.1283209582089934E-145                  0.0000000000000000E+000                  0.0000000000000000E+000 
                                     244                  2.2338336258062189E-001                 -3.6563354628396399E-001                  5.7534189535674924E+000                 -5.0755449594722570E+000                  8.6905457203744838E+000                  3.5706215498381272E-005                  4.0938457768930187E-001                  5.9057971609519977E-001                  1.7249490342382706E-145                  0.0000000000000000E+000                  0.0000000000000000E+000 
                                     245                  2.2338335968689255E-001                 -3.6651467402737387E-001                  5.7568015266705199E+000                 -5.0620586599227515E+000                  8.7058192718620440E+000                  3.5706215498381272E-005                  4.0938457768930170E-001                  5.9057971609519999E-001                  2.6457549129787447E-145                  0.0000000000000000E+000                  0.0000000000000000E+000 
                                     246                  2.2338335658600525E-001                 -3.6743572539658231E-001                  5.7602142631296402E+000                 -5.0485300502818058E+000                  8.7212025904926893E+000                  3.5706215498381252E-005                  4.0938457768930181E-001                  5.9057971609519977E-001                  4.0685796981559680E-145                  0.0000000000000000E+000                  0.0000000000000000E+000 
                                     247                  2.2338335348511795E-001                 -3.6833415592611196E-001                  5.7654197140869838E+000                 -5.0284049353009959E+000                  8.7444443182865168E+000                  3.5706215498381259E-005                  4.0938457768930175E-001                  5.9057971609519988E-001                  7.8183572464305720E-145                  0.0000000000000000E+000                  0.0000000000000000E+000 
                                     248                  2.2338334687012226E-001                 -3.7018137840914195E-001                  5.7704983719306036E+000                 -5.0083438630383084E+000                  8.7673386795353583E+000                  3.5706215498381265E-005                  4.0938457768930181E-001                  5.9057971609519977E-001                  1.4766573602327120E-144                  0.0000000000000000E+000                  0.0000000000000000E+000 
                                     249                  2.2338334356264264E-001                 -3.7107167411217484E-001                  5.7737988582004496E+000                 -4.9956188105840118E+000                  8.7820776706431349E+000                  3.5706215498381252E-005                  4.0938457768930181E-001                  5.9057971609519977E-001                  2.2279081817205513E-144                  0.0000000000000000E+000                  0.0000000000000000E+000 
                                     250                  2.2338334025427745E-001                 -3.7194176798721407E-001                  5.7770240173218053E+000                 -4.9832639302162702E+000                  8.7964474631591170E+000                  3.5706215498381265E-005                  4.0938457768930187E-001                  5.9057971609519977E-001                  3.3261935443000046E-144                  0.0000000000000000E+000                  0.0000000000000000E+000 
                                     251                  2.2338333694594881E-001                 -3.7279249002752946E-001                  5.7803539457554960E+000                 -4.9706068563569650E+000                  8.8112411905247203E+000                  3.5706215498381265E-005                  4.0938457768930175E-001                  5.9057971609519988E-001                  5.0248991383593749E-144                  0.0000000000000000E+000                  0.0000000000000000E+000 
                                     252                  2.2338333326474352E-001                 -3.7371756212342050E-001                  5.7837773553478975E+000                 -4.9576551356278005E+000                  8.8264251514795244E+000                  3.5706215498381272E-005                  4.0938457768930164E-001                  5.9057971609519999E-001                  7.6705673857653554E-144                  0.0000000000000000E+000                  0.0000000000000000E+000 
                                     253                  2.2338332958310869E-001                 -3.7462124843545186E-001                  5.7871201346608716E+000                 -4.9450861494269702E+000                  8.8412175332457927E+000                  3.5706215498381259E-005                  4.0938457768930164E-001                  5.9057971609519999E-001                  1.1579372297914431E-143                  0.0000000000000000E+000                  0.0000000000000000E+000 
                                     254                  2.2338332590147386E-001                 -3.7550459127522012E-001                  5.7895720509177622E+000                 -4.9358504446450517E+000                  8.8520775616039504E+000                  3.5706215498381265E-005                  4.0938457768930175E-001                  5.9057971609519988E-001                  1.5653743913479614E-143                  0.0000000000000000E+000                  0.0000000000000000E+000 
                                     255                  2.2338332406046885E-001                 -3.7593898642309220E-001                  5.7911867278603619E+000                 -4.9298340831479903E+000                  8.8591982644926084E+000                  3.5706215498381265E-005                  4.0938457768930153E-001                  5.9057971609520010E-001                  1.9083148697896000E-143                  0.0000000000000000E+000                  0.0000000000000000E+000 
                                     256                  2.2338332221946383E-001                 -3.7636868582524002E-001                  5.7937243133196530E+000                 -4.9204883537423010E+000                  8.8703367995755187E+000                  3.5706215498381265E-005                  4.0938457768930170E-001                  5.9057971609519999E-001                  2.6034117264366127E-143                  0.0000000000000000E+000                  0.0000000000000000E+000 
                                     257                  2.2338331820167734E-001                 -3.7729078583348352E-001                  5.7971250892760189E+000                 -4.9079179873538266E+000                  8.8852878240709199E+000                  3.5706215498381259E-005                  4.0938457768930159E-001                  5.9057971609519999E-001                  3.9443794667416412E-143                  0.0000000000000000E+000                  0.0000000000000000E+000 
                                     258                  2.2338331418389090E-001                 -3.7819223869430796E-001                  5.8005714042801202E+000                 -4.8952630621836981E+000                  8.9003993757737554E+000                  3.5706215498381272E-005                  4.0938457768930181E-001                  5.9057971609519977E-001                  6.0019765622928165E-143                  0.0000000000000000E+000                  0.0000000000000000E+000 
                                     259                  2.2338330986331234E-001                 -3.7913982031502641E-001                  5.8040567599165085E+000                 -4.8825198153565221E+000                  8.9156558810809621E+000                  3.5706215498381272E-005                  4.0938457768930170E-001                  5.9057971609519999E-001                  9.1655400555084138E-143                  0.0000000000000000E+000                  0.0000000000000000E+000 
                                     260                  2.2338330554175606E-001                 -3.8006618631407962E-001                  5.8075623775862395E+000                 -4.8697826190088520E+000                  8.9309623373420681E+000                  3.5706215498381259E-005                  4.0938457768930164E-001                  5.9057971609519999E-001                  1.4013382806770996E-142                  0.0000000000000000E+000                  0.0000000000000000E+000 
                                     261                  2.2338330095866346E-001                 -3.8102645721512274E-001                  5.8102057653249632E+000                 -4.8601437734693329E+000                  8.9425214814843574E+000                  3.5706215498381272E-005                  4.0938457768930170E-001                  5.9057971609519999E-001                  1.9288680715912104E-142                  0.0000000000000000E+000                  0.0000000000000000E+000 
                                     262                  2.2338329866711717E-001                 -3.8149838313023393E-001                  5.8128120510577714E+000                 -4.8508211482198638E+000                  8.9538292970314881E+000                  3.5706215498381272E-005                  4.0938457768930175E-001                  5.9057971609519988E-001                  2.6404221199494353E-142                  0.0000000000000000E+000                  0.0000000000000000E+000 
                                     263                  2.2338329408405200E-001                 -3.8242666175546064E-001                  5.8162088062201400E+000                 -4.8386325853372210E+000                  8.9685858958802989E+000                  3.5706215498381259E-005                  4.0938457768930175E-001                  5.9057971609519988E-001                  3.9724362640942699E-142                  0.0000000000000000E+000                  0.0000000000000000E+000 
                                     264                  2.2338328950104144E-001                 -3.8333498314889836E-001                  5.8195832363534583E+000                 -4.8265936806308574E+000                  8.9832111447172629E+000                  3.5706215498381279E-005                  4.0938457768930170E-001                  5.9057971609519999E-001                  5.9535119714690431E-142                  0.0000000000000000E+000                  0.0000000000000000E+000 
                                     265                  2.2338328476530098E-001                 -3.8425369265289666E-001                  5.8229885618711190E+000                 -4.8145095128631406E+000                  8.9979379621990052E+000                  3.5706215498381272E-005                  4.0938457768930164E-001                  5.9057971609519999E-001                  8.9453660317691459E-142                  0.0000000000000000E+000                  0.0000000000000000E+000 
                                     266                  2.2338327987683707E-001                 -3.8518190840362704E-001                  5.8264067780945359E+000                 -4.8024455544650886E+000                  9.0126877009932382E+000                  3.5706215498381272E-005                  4.0938457768930181E-001                  5.9057971609519977E-001                  1.3445836483685383E-141                  0.0000000000000000E+000                  0.0000000000000000E+000 
                                     267                  2.2338327487827322E-001                 -3.8611096830043046E-001                  5.8298216917679770E+000                 -4.7904629654491275E+000                  9.0273885740834654E+000                  3.5706215498381259E-005                  4.0938457768930170E-001                  5.9057971609519999E-001                  2.0178978926583819E-141                  0.0000000000000000E+000                  0.0000000000000000E+000 
                                     268                  2.2338326976957582E-001                 -3.8704060681747332E-001                  5.8323550815172114E+000                 -4.7815558831957441E+000                  9.0383037539785462E+000                  3.5706215498381245E-005                  4.0938457768930164E-001                  5.9057971609519999E-001                  2.7254205507268067E-141                  0.0000000000000000E+000                  0.0000000000000000E+000 
                                     269                  2.2338326721522708E-001                 -3.8749817773216211E-001                  5.8348558069622696E+000                 -4.7729259692611006E+000                  9.0489969597968098E+000                  3.5706215498381231E-005                  4.0938457768930159E-001                  5.9057971609519999E-001                  3.6634235566782805E-141                  0.0000000000000000E+000                  0.0000000000000000E+000 
                                     270                  2.2338326210563889E-001                 -3.8839969140877195E-001                  5.8381211312855825E+000                 -4.7616349009768699E+000                  9.0629714267302717E+000                  3.5706215498381252E-005                  4.0938457768930170E-001                  5.9057971609519999E-001                  5.3862627307756269E-141                  0.0000000000000000E+000                  0.0000000000000000E+000 
                                     271                  2.2338325699607645E-001                 -3.8928349766280212E-001                  5.8413176368141633E+000                 -4.7506473031626095E+000                  9.0766190410853120E+000                  3.5706215498381245E-005                  4.0938457768930170E-001                  5.9057971609519999E-001                  7.8471221401390202E-141                  0.0000000000000000E+000                  0.0000000000000000E+000 
                                     272                  2.2338325188657177E-001                 -3.9015044099882257E-001                  5.8444484386640880E+000                 -4.7399483728281897E+000                  9.0899551546119071E+000                  3.5706215498381265E-005                  4.0938457768930148E-001                  5.9057971609520021E-001                  1.1332977718330362E-140                  0.0000000000000000E+000                  0.0000000000000000E+000 
                                     273                  2.2338324677710725E-001                 -3.9100131472517918E-001                  5.8482798825006528E+000                 -4.7270194839693325E+000                  9.1061936381121296E+000                  3.5706215498381279E-005                  4.0938457768930153E-001                  5.9057971609520010E-001                  1.7743697717551725E-140                  0.0000000000000000E+000                  0.0000000000000000E+000 
                                     274                  2.2338323911291263E-001                 -3.9224920036002092E-001                  5.8520064117251467E+000                 -4.7143734181300347E+000                  9.1220249477293276E+000                  3.5706215498381299E-005                  4.0938457768930170E-001                  5.9057971609519999E-001                  2.7413533520817047E-140                  0.0000000000000000E+000                  0.0000000000000000E+000 
                                     275                  2.2338323400305135E-001                 -3.9306308853176647E-001                  5.8549289264945035E+000                 -4.7045789270820686E+000                  9.1343791769629306E+000                  3.5706215498381292E-005                  4.0938457768930159E-001                  5.9057971609519999E-001                  3.8516310250324641E-140                  0.0000000000000000E+000                  0.0000000000000000E+000 
                                     276                  2.2338322889280540E-001                 -3.9386333571924115E-001                  5.8577972291399441E+000                 -4.6950163848253634E+000                  9.1464797124338393E+000                  3.5706215498381279E-005                  4.0938457768930170E-001                  5.9057971609519999E-001                  5.3731610235882681E-140                  0.0000000000000000E+000                  0.0000000000000000E+000 
                                     277                  2.2338322378259726E-001                 -3.9465045305027341E-001                  5.8609639725246678E+000                 -4.6845459526662685E+000                  9.1597962498717784E+000                  3.5706215498381265E-005                  4.0938457768930148E-001                  5.9057971609520021E-001                  7.7521433194349407E-140                  0.0000000000000000E+000                  0.0000000000000000E+000 
                                     278                  2.2338321739486749E-001                 -3.9561674156649729E-001                  5.8647485085503197E+000                 -4.6721068272045043E+000                  9.1756748216688404E+000                  3.5706215498381272E-005                  4.0938457768930175E-001                  5.9057971609519988E-001                  1.1998190142238563E-139                  0.0000000000000000E+000                  0.0000000000000000E+000 
                                     279                  2.2338320972925346E-001                 -3.9675180421557227E-001                  5.8684382589163055E+000                 -4.6599898631674836E+000                  9.1911521513432941E+000                  3.5706215498381299E-005                  4.0938457768930159E-001                  5.9057971609519999E-001                  1.8346196415430223E-139                  0.0000000000000000E+000                  0.0000000000000000E+000 
                                     280                  2.2338320334084080E-001                 -3.9767829601869609E-001                  5.8713938918965107E+000                 -4.6503415758041733E+000                  9.2035217548796169E+000                  3.5706215498381299E-005                  4.0938457768930164E-001                  5.9057971609519999E-001                  2.5755336151448284E-139                  0.0000000000000000E+000                  0.0000000000000000E+000 
                                     281                  2.2338319822999772E-001                 -3.9840737826101896E-001                  5.8742986040475094E+000                 -4.6409580347333454E+000                  9.2156288006964235E+000                  3.5706215498381272E-005                  4.0938457768930170E-001                  5.9057971609519999E-001                  3.5912299224785932E-139                  0.0000000000000000E+000                  0.0000000000000000E+000 
                                     282                  2.2338319184148459E-001                 -3.9930426778052674E-001                  5.8787209168881747E+000                 -4.6268654590558622E+000                  9.2339638411355960E+000                  3.5706215498381265E-005                  4.0938457768930159E-001                  5.9057971609519999E-001                  5.9466282771885340E-139                  0.0000000000000000E+000                  0.0000000000000000E+000 
                                     283                  2.2338318034170473E-001                 -4.0088058809143085E-001                  5.8826972079317104E+000                 -4.6139868520530207E+000                  9.2505580599688795E+000                  3.5706215498381265E-005                  4.0938457768930170E-001                  5.9057971609519999E-001                  9.3500580089509725E-139                  0.0000000000000000E+000                  0.0000000000000000E+000 
                                     284                  2.2338317523042342E-001                 -4.0156607722773313E-001                  5.8851029698832020E+000                 -4.6063370669214301E+000                  9.2605257309273838E+000                  3.5706215498381252E-005                  4.0938457768930175E-001                  5.9057971609519988E-001                  1.2283159510610456E-138                  0.0000000000000000E+000                  0.0000000000000000E+000 
                                     285                  2.2338317011922237E-001                 -4.0224276330768471E-001                  5.8874728070566400E+000                 -4.5988307252099085E+000                  9.2703299137214454E+000                  3.5706215498381252E-005                  4.0938457768930175E-001                  5.9057971609519988E-001                  1.6062172492761007E-138                  0.0000000000000000E+000                  0.0000000000000000E+000 
                                     286                  2.2338316500802138E-001                 -4.0291095061396631E-001                  5.8909705630518632E+000                 -4.5879085700266886E+000                  9.2847200433456418E+000                  3.5706215498381252E-005                  4.0938457768930170E-001                  5.9057971609519999E-001                  2.3835230875869787E-138                  0.0000000000000000E+000                  0.0000000000000000E+000 
                                     287                  2.2338315478572135E-001                 -4.0422306311575151E-001                  5.8955078673736647E+000                 -4.5736871292212973E+000                  9.3034146155734714E+000                  3.5706215498381279E-005                  4.0938457768930164E-001                  5.9057971609519999E-001                  3.9717582184062094E-138                  0.0000000000000000E+000                  0.0000000000000000E+000 
                                     288                  2.2338314456242719E-001                 -4.0550445566655280E-001                  5.8988221749333762E+000                 -4.5632715469124641E+000                  9.3170842322735723E+000                  3.5706215498381286E-005                  4.0938457768930170E-001                  5.9057971609519999E-001                  5.7615089697252457E-138                  0.0000000000000000E+000                  0.0000000000000000E+000 
                                     289                  2.2338313945080249E-001                 -4.0613411023802237E-001                  5.9009992625818306E+000                 -4.5565232444823947E+000                  9.3260150350403226E+000                  3.5706215498381286E-005                  4.0938457768930164E-001                  5.9057971609519999E-001                  7.3510774274621750E-138                  0.0000000000000000E+000                  0.0000000000000000E+000 
                                     290                  2.2338313433922452E-001                 -4.0675673805432822E-001                  5.9042175212219563E+000                 -4.5466762119102313E+000                  9.3391499435451255E+000                  3.5706215498381279E-005                  4.0938457768930175E-001                  5.9057971609519988E-001                  1.0527720783786617E-137                  0.0000000000000000E+000                  0.0000000000000000E+000 
                                     291                  2.2338312411612035E-001                 -4.0798186177733636E-001                  5.9094432769330307E+000                 -4.5307759479868963E+000                  9.3604299559338102E+000                  3.5706215498381279E-005                  4.0938457768930148E-001                  5.9057971609520021E-001                  1.8825619795836524E-137                  0.0000000000000000E+000                  0.0000000000000000E+000 
                                     292                  2.2338310877965817E-001                 -4.0977223618936748E-001                  5.9144884261829267E+000                 -4.5152801752315916E+000                  9.3810460873759567E+000                  3.5706215498381265E-005                  4.0938457768930153E-001                  5.9057971609520010E-001                  3.2936272442441258E-137                  0.0000000000000000E+000                  0.0000000000000000E+000 
                                     293                  2.2338309855542202E-001                 -4.1093578944211956E-001                  5.9184238296222187E+000                 -4.5033764958521818E+000                  9.3970293015079172E+000                  3.5706215498381286E-005                  4.0938457768930159E-001                  5.9057971609519999E-001                  5.0858265811081123E-137                  0.0000000000000000E+000                  0.0000000000000000E+000 
                                     294                  2.2338308833127993E-001                 -4.1207692085697040E-001                  5.9222678286440322E+000                 -4.4918122923216997E+000                  9.4126054358600388E+000                  3.5706215498381259E-005                  4.0938457768930175E-001                  5.9057971609519988E-001                  7.7639117440971722E-137                  0.0000000000000000E+000                  0.0000000000000000E+000 
                                     295                  2.2338307810659633E-001                 -4.1319683846547073E-001                  5.9260249218210888E+000                 -4.4805670479205437E+000                  9.4277962119898202E+000                  3.5706215498381306E-005                  4.0938457768930175E-001                  5.9057971609519988E-001                  1.1724410089112320E-136                  0.0000000000000000E+000                  0.0000000000000000E+000 
                                     296                  2.2338306788137377E-001                 -4.1429658666122493E-001                  5.9287835787065601E+000                 -4.4722832037716032E+000                  9.4389618335080279E+000                  3.5706215498381292E-005                  4.0938457768930187E-001                  5.9057971609519977E-001                  1.5857865326535549E-136                  0.0000000000000000E+000                  0.0000000000000000E+000 
                                     297                  2.2338306276878800E-001                 -4.1483913881471440E-001                  5.9315063567451762E+000                 -4.4642593444267371E+000                  9.4499012838577450E+000                  3.5706215498381279E-005                  4.0938457768930187E-001                  5.9057971609519977E-001                  2.1344273467940032E-136                  0.0000000000000000E+000                  0.0000000000000000E+000 
                                     298                  2.2338305254376123E-001                 -4.1591031605828488E-001                  5.9350628476402933E+000                 -4.4537357988236996E+000                  9.4642094803179955E+000                  3.5706215498381272E-005                  4.0938457768930164E-001                  5.9057971609519999E-001                  3.1440230161410609E-136                  0.0000000000000000E+000                  0.0000000000000000E+000 
                                     299                  2.2338304231873449E-001                 -4.1696354901565513E-001                  5.9385453440282401E+000                 -4.4434741967338240E+000                  9.4781940853306157E+000                  3.5706215498381306E-005                  4.0938457768930170E-001                  5.9057971609519999E-001                  4.5890688912109858E-136                  0.0000000000000000E+000                  0.0000000000000000E+000 
                                     300                  2.2338303209380561E-001                 -4.1799962755245879E-001                  5.9419571247353717E+000                 -4.4334612157777480E+000                  9.4918701895095925E+000                  3.5706215498381320E-005                  4.0938457768930164E-001                  5.9057971609519999E-001                  6.6402346687572688E-136                  0.0000000000000000E+000                  0.0000000000000000E+000 
                                     301                  2.2338302186889950E-001                 -4.1901930400998877E-001                  5.9453014419628252E+000                 -4.4236844667710224E+000                  9.5052524737528596E+000                  3.5706215498381326E-005                  4.0938457768930187E-001                  5.9057971609519977E-001                  9.5289143631236371E-136                  0.0000000000000000E+000                  0.0000000000000000E+000 
                                     302                  2.2338301164314212E-001                 -4.2002335882384084E-001                  5.9483720842757863E+000                 -4.4147257219836034E+000                  9.5175273014501762E+000                  3.5706215498381279E-005                  4.0938457768930181E-001                  5.9057971609519977E-001                  1.3265146004002607E-135                  0.0000000000000000E+000                  0.0000000000000000E+000 
                                     303                  2.2338300272624378E-001                 -4.2088657215010322E-001                  5.9517824313400540E+000                 -4.4048799876421230E+000                  9.5311026681207860E+000                  3.5706215498381320E-005                  4.0938457768930170E-001                  5.9057971609519999E-001                  1.9133436679540132E-135                  0.0000000000000000E+000                  0.0000000000000000E+000 
                                     304                  2.2338299000530537E-001                 -4.2209909719820587E-001                  5.9555023066214181E+000                 -4.3941121492900210E+000                  9.5459210098856158E+000                  3.5706215498381333E-005                  4.0938457768930148E-001                  5.9057971609520021E-001                  2.8502919275261176E-135                  0.0000000000000000E+000                  0.0000000000000000E+000 
                                     305                  2.2338297859320327E-001                 -4.2316862663903732E-001                  5.9589465681114229E+000                 -4.3841810214444594E+000                  9.5596176003331248E+000                  3.5706215498381299E-005                  4.0938457768930170E-001                  5.9057971609519999E-001                  4.1181542904576519E-135                  0.0000000000000000E+000                  0.0000000000000000E+000 
                                     306                  2.2338296718080886E-001                 -4.2422169524678560E-001                  5.9622510721284749E+000                 -4.3746663344891319E+000                  9.5727481971541728E+000                  3.5706215498381292E-005                  4.0938457768930153E-001                  5.9057971609520010E-001                  5.8565247853689802E-135                  0.0000000000000000E+000                  0.0000000000000000E+000 
                                     307                  2.2338295624343174E-001                 -4.2521606901929654E-001                  5.9648734581507519E+000                 -4.3670971525556030E+000                  9.5831757921933463E+000                  3.5706215498381279E-005                  4.0938457768930159E-001                  5.9057971609519999E-001                  7.7404092053741875E-135                  0.0000000000000000E+000                  0.0000000000000000E+000 
                                     308                  2.2338294911038703E-001                 -4.2585697697385061E-001                  5.9679353396196602E+000                 -4.3585409100266599E+000                  9.5952791407039086E+000                  3.5649094910593806E-005                  4.1026680295099011E-001                  5.8969754795409934E-001                  1.0728691861967839E-134                  0.0000000000000000E+000                  0.0000000000000000E+000 
                                     309                  2.2338293484434948E-001                 -4.2712207979480016E-001                  5.9723221810960405E+000                 -4.3460243164912278E+000                  9.6126393682544737E+000                  3.5649092582317447E-005                  4.1026683891112814E-001                  5.8969751199628950E-001                  1.7062893635548788E-134                  0.0000000000000000E+000                  0.0000000000000000E+000 
                                     310                  2.2338291772472546E-001                 -4.2861120391258528E-001                  5.9767198663086125E+000                 -4.3334315806219292E+000                  9.6300611861312753E+000                  3.5649090219143927E-005                  4.1026687541025147E-001                  5.8969747549952944E-001                  2.7130294974946513E-134                  0.0000000000000000E+000                  0.0000000000000000E+000 
                                     311                  2.2338290250702320E-001                 -4.2990950259231753E-001                  5.9802555015253747E+000                 -4.3233054803728592E+000                  9.6440655674417641E+000                  3.5649087843720013E-005                  4.1026691209858163E-001                  5.8969743881357473E-001                  3.9346855730202086E-134                  0.0000000000000000E+000                  0.0000000000000000E+000 
                                     312                  2.2338289109392642E-001                 -4.3086821668907749E-001                  5.9832307716151805E+000                 -4.3148348725257550E+000                  9.6558219372799510E+000                  3.5649086048757858E-005                  4.1026693982170248E-001                  5.8969741109224882E-001                  5.3753018284202020E-134                  0.0000000000000000E+000                  0.0000000000000000E+000 
                                     313                  2.2338287968082965E-001                 -4.3181461989232944E-001                  5.9866872735911398E+000                 -4.3050533177002164E+000                  9.6694467186068298E+000                  3.5649084243133205E-005                  4.1026696770950516E-001                  5.8969738320625176E-001                  7.7158195828875731E-134                  0.0000000000000000E+000                  0.0000000000000000E+000 
                                     314                  2.2338286409171518E-001                 -4.3308824616927466E-001                  5.9912943548938191E+000                 -4.2920550757960907E+000                  9.6875825045847321E+000                  3.5649082162809749E-005                  4.1026699984002024E-001                  5.8969735107781696E-001                  1.2472699135963446E-133                  0.0000000000000000E+000                  0.0000000000000000E+000 
                                     315                  2.2338284283352489E-001                 -4.3479123749037929E-001                  5.9962820866323714E+000                 -4.2778987729398414E+000                  9.7072554681159371E+000                  3.5649080237174446E-005                  4.1026702958138278E-001                  5.8969732133838004E-001                  2.0944309997825338E-133                  0.0000000000000000E+000                  0.0000000000000000E+000 
                                     316                  2.2338282299215650E-001                 -4.3634716822175607E-001                  5.9999655792619775E+000                 -4.2673865952908798E+000                  9.7218108707414519E+000                  3.5649078978061603E-005                  4.1026704902833167E-001                  5.8969730189269032E-001                  3.6359113031101194E-133                  8.6649996075618244E-137                  0.0000000000000000E+000 
                                     317                  2.2338281165430188E-001                 -4.3722232407989498E-001                  6.0042387695577588E+000                 -4.2554903996624596E+000                  9.7385383642635652E+000                  3.5649077591681063E-005                  4.1026707044092531E-001                  5.8969728048148307E-001                  5.6502779626515089E-133                  1.4657262908771868E-136                  0.0000000000000000E+000 
                                     318                  2.2338278614370000E-001                 -4.3915692367297221E-001                  6.0090193189426628E+000                 -4.2418931886522593E+000                  9.7573974718930536E+000                  3.5649076201951084E-005                  4.1026709190525096E-001                  5.8969725901854708E-001                  9.2435686250007233E-133                  2.4750501012921734E-136                  0.0000000000000000E+000 
                                     319                  2.2338276913640256E-001                 -4.4042081014218426E-001                  6.0118255154428013E+000                 -4.2339259277948020E+000                  9.7684584618077768E+000                  3.5649075438626568E-005                  4.1026710369476854E-001                  5.8969724722979278E-001                  1.2329961068358540E-132                  3.3632623472317250E-136                  0.0000000000000000E+000 
                                     320                  2.2338276063273968E-001                 -4.4104532846245931E-001                  6.0145958499285710E+000                 -4.2261964388481408E+000                  9.7793063582178092E+000                  3.5649074704624516E-005                  4.1026711503140167E-001                  5.8969723589389367E-001                  1.6371829642695610E-132                  4.5481112829157207E-136                  0.0000000000000000E+000 
                                     321                  2.2338274362500335E-001                 -4.4228026423943556E-001                  6.0185179895944634E+000                 -4.2152037868096830E+000                  9.7946878094362830E+000                  3.5649073716965336E-005                  4.1026713028575940E-001                  5.8969722064052366E-001                  2.4437225365003273E-132                  6.9661250056106239E-136                  0.0000000000000000E+000 
                                     322                  2.2338272377128798E-001                 -4.4369875567417238E-001                  6.0232305471353378E+000                 -4.2020464205700172E+000                  9.8131394818957816E+000                  3.5649072591369565E-005                  4.1026714767054240E-001                  5.8969720325686625E-001                  3.9477921778943053E-132                  1.1606823826144100E-135                  0.0000000000000000E+000 
                                     323                  2.2338269824511123E-001                 -4.4548781040128832E-001                  6.0269554878616862E+000                 -4.1914738935550728E+000                  9.8278108703470437E+000                  3.5649071759208680E-005                  4.1026716052323503E-001                  5.8969719040500568E-001                  5.7632674187674857E-132                  1.7362077183598146E-135                  0.0000000000000000E+000 
                                     324                  2.2338268689966231E-001                 -4.4627078430907485E-001                  6.0309012009777589E+000                 -4.1805942335261568E+000                  9.8431844632174172E+000                  3.5649070896664208E-005                  4.1026717384520089E-001                  5.8969717708390246E-001                  8.5884578557335995E-132                  2.6547015071216888E-135                  0.0000000000000000E+000 
                                     325                  2.2338265853609870E-001                 -4.4819772761671578E-001                  6.0352852215099553E+000                 -4.1682160479438375E+000                  9.8604129300039460E+000                  3.5649069994845474E-005                  4.1026718777375626E-001                  5.8969716315624887E-001                  1.3369409377335086E-131                  4.2518924667794830E-135                  0.0000000000000000E+000 
                                     326                  2.2338264150973836E-001                 -4.4933391133144263E-001                  6.0390452617525145E+000                 -4.1577656396707408E+000                  9.8751015123645924E+000                  3.5649069245353636E-005                  4.1026719934962858E-001                  5.8969715158112601E-001                  1.9511838616351565E-131                  6.3583492455716150E-135                  0.0000000000000000E+000 
                                     327                  2.2338261880791108E-001                 -4.5082629051270967E-001                  6.0421975057665129E+000                 -4.1488877195193927E+000                  9.8874745569590523E+000                  3.5649068643729763E-005                  4.1026720864168598E-001                  5.8969714228967030E-001                  2.6774056617234693E-131                  8.9043850555799275E-135                  0.0000000000000000E+000 
                                     328                  2.2338260745709909E-001                 -4.5156302755502492E-001                  6.0442719167639387E+000                 -4.1431041977235301E+000                  9.8955859567253288E+000                  3.5649068255272606E-005                  4.1026721464139171E-001                  5.8969713629035303E-001                  3.2954358626526643E-131                  1.1107358223547715E-134                  0.0000000000000000E+000 
                                     329                  2.2338259610628708E-001                 -4.5229371244241673E-001                  6.0473447229362485E+000                 -4.1346197215118226E+000                  9.9075578658878012E+000                  3.5649067689569292E-005                  4.1026722337865740E-001                  5.8969712755365311E-001                  4.4790895561399001E-131                  1.5398357681048508E-134                  0.0000000000000000E+000 
                                     330                  2.2338257339660772E-001                 -4.5373812423330639E-001                  6.0523515200659634E+000                 -4.1208000194187111E+000                  9.9270602985623562E+000                  3.5649066798487596E-005                  4.1026723714137958E-001                  5.8969711379182188E-001                  7.3740325404017898E-131                  2.6178105252807107E-134                  0.0000000000000000E+000 
                                     331                  2.2338253933109786E-001                 -4.5586296798607695E-001                  6.0569648634723565E+000                 -4.1078220443790485E+000                  9.9451538003819433E+000                  3.5649066021220301E-005                  4.1026724914624280E-001                  5.8969710178773593E-001                  1.1661409073520841E-130                  4.2637358928681547E-134                  0.0000000000000000E+000 
                                     332                  2.2338251945970447E-001                 -4.5707993213426562E-001                  6.0594660851147939E+000                 -4.1008157101022125E+000                  9.9549474256217021E+000                  3.5649065612522831E-005                  4.1026725545855947E-001                  5.8969709547582805E-001                  1.4940265980757224E-130                  5.5503710913371199E-134                  0.0000000000000000E+000 
                                     333                  2.2338250952120600E-001                 -4.5768262264277537E-001                  6.0622922837864133E+000                 -4.0930445345137878E+000                  9.9659382336869662E+000                  3.5649065156095285E-005                  4.1026726250806511E-001                  5.8969708842677881E-001                  1.9749899083221592E-130                  7.4702775921040334E-134                  0.0000000000000000E+000 
                                     334                  2.2338248538513289E-001                 -4.5913053884011851E-001                  6.0663287934464885E+000                 -4.0818409818013146E+000                  9.9816886146717465E+000                  3.5649064525665034E-005                  4.1026727224503590E-001                  5.8969707869043841E-001                  2.9400130177887578E-130                  1.1408916514466694E-133                  0.0000000000000000E+000 
                                     335                  2.2338245982960020E-001                 -4.6063990275445826E-001                  6.0710610222190722E+000                 -4.0687778095571039E+000                  1.0000116018155211E+001                  3.5649063810803779E-005                  4.1026728328604029E-001                  5.8969706765014895E-001                  4.6794584772168782E-130                  1.8710613200417070E-133                  0.0000000000000000E+000 
                                     336                  2.2338242574805206E-001                 -4.6261684150015414E-001                  6.0747904126872898E+000                 -4.0582789564628028E+000                  1.0014742260340451E+001                  3.5649063274445820E-005                  4.1026729157006808E-001                  5.8969705936665751E-001                  6.7449913314580854E-130                  2.7611142832620652E-133                  0.0000000000000000E+000 
                                     337                  2.2338241154684188E-001                 -4.6342871135870062E-001                  6.0770621187921137E+000                 -4.0519809062968992E+000                  1.0023601605578689E+001                  3.5649062953397870E-005                  4.1026729652864125E-001                  5.8969705440840536E-001                  8.4216041008558180E-130                  3.4970611549107373E-133                  0.0000000000000000E+000 
                                     338                  2.2338239592560433E-001                 -4.6431408013495745E-001                  6.0811121267216652E+000                 -4.0409153573683394E+000                  1.0039312608015354E+001                  3.5649062390769116E-005                  4.1026730521842053E-001                  5.8969704571918868E-001                  1.2494596242468565E-129                  5.3219047828616740E-133                  0.0000000000000000E+000 
                                     339                  2.2338235758268005E-001                 -4.6645482215259082E-001                  6.0867809205825418E+000                 -4.0251919373105967E+000                  1.0061423289991044E+001                  3.5649061640057245E-005                  4.1026731681313616E-001                  5.8969703412522378E-001                  2.1672827879831169E-129                  9.5642739889472501E-133                  0.0000000000000000E+000 
                                     340                  2.2338231814436682E-001                 -4.6861017361809798E-001                  6.0922259027124053E+000                 -4.0100615031192994E+000                  1.0082675186864682E+001                  3.5649060953776583E-005                  4.1026732741271438E-001                  5.8969702352633191E-001                  3.6708284319772907E-129                  1.6758016109326361E-132                  0.0000000000000000E+000 
                                     341                  2.2338228054081322E-001                 -4.7062367537237959E-001                  6.0962485144628102E+000                 -3.9987801749063796E+000                  1.0098428427660748E+001                  3.5649060470934843E-005                  4.1026733487018635E-001                  5.8969701606934266E-001                  5.4119357224923655E-129                  2.5330796139985109E-132                  0.0000000000000000E+000 
                                     342                  2.2338225964810371E-001                 -4.7172549879615144E-001                  6.0993556087479712E+000                 -3.9901806453204847E+000                  1.0110538265349442E+001                  3.5649060106884236E-005                  4.1026734049293379E-001                  5.8969701044695932E-001                  7.2965807444160502E-129                  3.4814814876648742E-132                  0.0000000000000000E+000 
                                     343                  2.2338223457752601E-001                 -4.7303255704639180E-001                  6.1021318829978854E+000                 -3.9824362291718627E+000                  1.0121389786203032E+001                  3.5649059791552179E-005                  4.1026734536322529E-001                  5.8969700557698324E-001                  9.5253701775451931E-129                  4.6234879386301001E-132                  0.0000000000000000E+000 
                                     344                  2.2338221786380758E-001                 -4.7389496808040510E-001                  6.1054180439457610E+000                 -3.9734066069571132E+000                  1.0134164791335527E+001                  3.5649059424816512E-005                  4.1026735102744338E-001                  5.8969699991313185E-001                  1.3045640656053375E-128                  6.4616459463368076E-132                  0.0000000000000000E+000 
                                     345                  2.2338218442976171E-001                 -4.7559967349877658E-001                  6.1097038706356424E+000                 -3.9615048348017665E+000                  1.0150890479560747E+001                  3.5649058964988224E-005                  4.1026735812947340E-001                  5.8969699281156163E-001                  1.9644136978536777E-128                  9.9894604008886245E-132                  0.0000000000000000E+000 
                                     346                  2.2338215099597267E-001                 -4.7727777614778660E-001                  6.1128495728356320E+000                 -3.9526823906958608E+000                  1.0163211429267013E+001                  3.5649058641145098E-005                  4.1026736313121792E-001                  5.8969698781014102E-001                  2.6512135845100571E-128                  1.3744242434199396E-131                  0.0000000000000000E+000 
                                     347                  2.2338213427916007E-001                 -4.7810710531929607E-001                  6.1159528314983440E+000                 -3.9441436533349874E+000                  1.0175282992524025E+001                  3.5649058327062327E-005                  4.1026736798221414E-001                  5.8969698295945883E-001                  3.5599400879393145E-128                  1.8808461569344844E-131                  0.0000000000000000E+000 
                                     348                  2.2338210084563448E-001                 -4.7974739139428357E-001                  6.1200058505097079E+000                 -3.9328777617866955E+000                  1.0191107831231431E+001                  3.5649057932466391E-005                  4.1026737407673303E-001                  5.8969697686533451E-001                  5.2274948945287602E-128                  2.8309363902063279E-131                  0.0000000000000000E+000 
                                     349                  2.2338206740677530E-001                 -4.8136401312246874E-001                  6.1239733640365639E+000                 -3.9218444589903738E+000                  1.0206602468695525E+001                  3.5649057560786741E-005                  4.1026737981731082E-001                  5.8969697112512842E-001                  7.6059490144925739E-128                  4.2194698680269049E-131                  0.0000000000000000E+000 
                                     350                  2.2338203396794482E-001                 -4.8295765301629651E-001                  6.1268907770832826E+000                 -3.9136547779444131E+000                  1.0218035555422283E+001                  3.5649057298294388E-005                  4.1026738387149492E-001                  5.8969696707120678E-001                  1.0015794116389943E-127                  5.6554534613830050E-131                  0.0000000000000000E+000 
                                     351                  2.2338201724854384E-001                 -4.8374604982116498E-001                  6.1297720663715705E+000                 -3.9057085462266414E+000                  1.0229255675262028E+001                  3.5649057043394961E-005                  4.1026738780840671E-001                  5.8969696313454989E-001                  1.3132462810052610E-127                  7.5456038656854498E-131                  0.0000000000000000E+000 
                                     352                  2.2338198380895299E-001                 -4.8530689982511438E-001                  6.1335418235397885E+000                 -3.8952122412580872E+000                  1.0243986985135134E+001                  3.5649056722446608E-005                  4.1026739276544166E-001                  5.8969695817783596E-001                  1.8707524086158920E-127                  1.0996090050103850E-130                  0.0000000000000000E+000 
                                     353                  2.2338195036276479E-001                 -4.8684718914052366E-001                  6.1363173951432373E+000                 -3.8874146607316775E+000                  1.0254868961866011E+001                  3.5649056495394358E-005                  4.1026739627225478E-001                  5.8969695467124983E-001                  2.4263866429518087E-127                  1.4502212899914107E-130                  0.0000000000000000E+000 
                                     354                  2.2338193363985304E-001                 -4.8760966427432878E-001                  6.1390605076064677E+000                 -3.8798377839960634E+000                  1.0265558715030750E+001                  3.5649056274756445E-005                  4.1026739967999876E-001                  5.8969695126372645E-001                  3.1349404704625402E-127                  1.9048290913378201E-130                  0.0000000000000000E+000 
                                     355                  2.2338190019418658E-001                 -4.8912003851467861E-001                  6.1426534880599108E+000                 -3.8698241700906082E+000                  1.0279606256726835E+001                  3.5649055996592519E-005                  4.1026740397622979E-001                  5.8969694696777364E-001                  4.3825386083689170E-127                  2.7208131126980880E-130                  0.0000000000000000E+000 
                                     356                  2.2338186674393307E-001                 -4.9061157344285389E-001                  6.1468392511071954E+000                 -3.8582263388888314E+000                  1.0295938054391730E+001                  3.5649055684150396E-005                  4.1026740880188628E-001                  5.8969694214242963E-001                  6.4666579500678489E-127                  4.1163205948119972E-130                  0.0000000000000000E+000 
                                     357                  2.2338182074974000E-001                 -4.9263276122792204E-001                  6.1502860457218667E+000                 -3.8484991931345158E+000                  1.0309476200563676E+001                  3.5649055440541728E-005                  4.1026741256441279E-001                  5.8969693838014670E-001                  8.9042603630365064E-127                  5.7855082943034263E-130                  0.0000000000000000E+000 
                                     358                  2.2338179984317233E-001                 -4.9354027898010300E-001                  6.1534739299965135E+000                 -3.8396979800015991E+000                  1.0321899132182180E+001                  3.5649055219852430E-005                  4.1026741597295036E-001                  5.8969693497182973E-001                  1.1955721153201942E-126                  7.9166857570323910E-130                  0.0000000000000000E+000 
                                     359                  2.2338175802430485E-001                 -4.9533582261389314E-001                  6.1584683064947034E+000                 -3.8258762140544906E+000                  1.0341378525574919E+001                  3.5649054889163808E-005                  4.1026742108042336E-001                  5.8969692986468747E-001                  1.8945800281592833E-126                  1.2921869875096532E-129                  0.0000000000000000E+000 
                                     360                  2.2338169947738781E-001                 -4.9780699789059546E-001                  6.1629269636356065E+000                 -3.8133041403368009E+000                  1.0358885152446117E+001                  3.5649054612987659E-005                  4.1026742534595328E-001                  5.8969692559943376E-001                  2.8551240113242159E-126                  1.9992360114393393E-129                  0.0000000000000000E+000 
                                     361                  2.2338166601872780E-001                 -4.9919737278894377E-001                  6.1661140245901853E+000                 -3.8044234276323605E+000                  1.0371345193431443E+001                  3.5649054422466618E-005                  4.1026742828854335E-001                  5.8969692265703411E-001                  3.8236742861515529E-126                  2.7281248881595392E-129                  0.0000000000000000E+000 
                                     362                  2.2338163256006782E-001                 -5.0057268014259981E-001                  6.1692517878964290E+000                 -3.7956841117844209E+000                  1.0383609943510780E+001                  3.5649054241438466E-005                  4.1026743108451602E-001                  5.8969691986124251E-001                  5.0942924829662198E-126                  3.7022565304711604E-129                  0.0000000000000000E+000 
                                     363                  2.2338159910140781E-001                 -5.0193338678480337E-001                  6.1723420729675054E+000                 -3.7870816114975594E+000                  1.0395686174575076E+001                  3.5649054069303062E-005                  4.1026743374314079E-001                  5.8969691720278994E-001                  6.7533542406057403E-126                  4.9976058825956060E-129                  0.0000000000000000E+000 
                                     364                  2.2338156564274783E-001                 -5.0327993815012473E-001                  6.1765232282854603E+000                 -3.7755708764270932E+000                  1.0411959669009908E+001                  3.5649053843852395E-005                  4.1026743722521752E-001                  5.8969691372093869E-001                  9.8766402286836680E-126                  7.4895707682102730E-129                  0.0000000000000000E+000 
                                     365                  2.2338150708016738E-001                 -5.0560442615698620E-001                  6.1820870725180592E+000                 -3.7601551086389087E+000                  1.0433661508867683E+001                  3.5649053560928300E-005                  4.1026744159496920E-001                  5.8969690935146990E-001                  1.6353676217071675E-125                  1.2809260747316725E-128                  0.0000000000000000E+000 
                                     366                  2.2338144015150402E-001                 -5.0821238632444676E-001                  6.1878607388022679E+000                 -3.7441211453815035E+000                  1.0456196685160977E+001                  3.5649053286464722E-005                  4.1026744583404862E-001                  5.8969690511266493E-001                  2.7541247863558345E-125                  2.2305999614043748E-128                  0.0000000000000000E+000 
                                     367                  2.2338137321482177E-001                 -5.1077138272245981E-001                  6.1931317028509891E+000                 -3.7294542983430947E+000                  1.0476781278451504E+001                  3.5649053052488974E-005                  4.1026744944779492E-001                  5.8969690149915266E-001                  4.4242970827347335E-125                  3.6939581177321886E-128                  0.0000000000000000E+000 
                                     368                  2.2338131464522479E-001                 -5.1297203704585292E-001                  6.1969125026955405E+000                 -3.7188801062746704E+000                  1.0491571601967081E+001                  3.5649052894866456E-005                  4.1026745188226860E-001                  5.8969689906483658E-001                  6.2097666581644977E-125                  5.2986600671235507E-128                  0.0000000000000000E+000 
                                     369                  2.2338128117704320E-001                 -5.1421398751371483E-001                  6.2006366239269886E+000                 -3.7086676725641370E+000                  1.0506037451517722E+001                  3.5649052744582435E-005                  4.1026745420339950E-001                  5.8969689674385595E-001                  8.6596644369790037E-125                  7.5486099279169416E-128                  0.0000000000000000E+000 
                                     370                  2.2338122260199766E-001                 -5.1636208895065527E-001                  6.2039577606149896E+000                 -3.6993656112589131E+000                  1.0519034126941348E+001                  3.5649052619105921E-005                  4.1026745614137922E-001                  5.8969689480600174E-001                  1.1645674785225337E-124                  1.0346192203721439E-127                  0.0000000000000000E+000 
                                     371                  2.2338119749827740E-001                 -5.1727277697947194E-001                  6.2069115054246016E+000                 -3.6912729096137387E+000                  1.0530502467116227E+001                  3.5649052510299342E-005                  4.1026745782189272E-001                  5.8969689312559703E-001                  1.5140990792495604E-124                  1.3680124557045648E-127                  0.0000000000000000E+000 
                                     372                  2.2338114728902728E-001                 -5.1907742907276166E-001                  6.2101405096286637E+000                 -3.6822934566107430E+000                  1.0543105012121675E+001                  3.5649052398134182E-005                  4.1026745955427923E-001                  5.8969689139332271E-001                  2.0166014996115764E-124                  1.8558357717723081E-127                  0.0000000000000000E+000 
                                     373                  2.2338111381339348E-001                 -5.2026827050833624E-001                  6.2139611611970711E+000                 -3.6718610835124030E+000                  1.0557920292318471E+001                  3.5649052270256303E-005                  4.1026746152934812E-001                  5.8969688941838161E-001                  2.8269796607566933E-124                  2.6586645252497551E-127                  0.0000000000000000E+000 
                                     374                  2.2338104686212584E-001                 -5.2262204539734491E-001                  6.2177057344520517E+000                 -3.6614037240659632E+000                  1.0572555829180946E+001                  3.5649052155549773E-005                  4.1026746330098601E-001                  5.8969688764685846E-001                  3.9349836780616197E-124                  3.7800001411831924E-127                  0.0000000000000000E+000 
                                     375                  2.2338101338447566E-001                 -5.2378505290430866E-001                  6.2201701765558663E+000                 -3.6546028325834201E+000                  1.0582147295912888E+001                  3.5649052083471803E-005                  4.1026746441422746E-001                  5.8969688653368912E-001                  4.8884426521261005E-124                  4.7617367368039127E-127                  0.0000000000000000E+000 
                                     376                  2.2338097990682548E-001                 -5.2493918989610189E-001                  6.2238201311041426E+000                 -3.6446437405828696E+000                  1.0596296317268093E+001                  3.5649051981525641E-005                  4.1026746598878194E-001                  5.8969688495923656E-001                  6.7344665701054040E-124                  6.6962526753738422E-127                  0.0000000000000000E+000 
                                     377                  2.2338091294822737E-001                 -5.2722216922225895E-001                  6.2273996762757555E+000                 -3.6346486414613857E+000                  1.0610285636470660E+001                  3.5649051891993832E-005                  4.1026746737159736E-001                  5.8969688357651062E-001                  9.2177096383922045E-124                  9.3516827081609272E-127                  0.0000000000000000E+000 
                                     378                  2.2338087946892835E-001                 -5.2835091952189606E-001                  6.2309306646911704E+000                 -3.6250054391967219E+000                  1.0623978141108546E+001                  3.5649051808575107E-005                  4.1026746865999630E-001                  5.8969688228819517E-001                  1.2546736824056424E-123                  1.2983564472110389E-126                  0.0000000000000000E+000 
                                     379                  2.2338081250766964E-001                 -5.3058471049700373E-001                  6.2361096896549117E+000                 -3.6106999942838320E+000                  1.0644142241785687E+001                  3.5649051701649002E-005                  4.1026747031146582E-001                  5.8969688063683257E-001                  1.9700630807539352E-123                  2.0985108062258654E-126                  0.0000000000000000E+000 
                                     380                  2.2338072880150339E-001                 -5.3333350703726423E-001                  6.2400369765598196E+000                 -3.5995507185063049E+000                  1.0659582721904636E+001                  3.5649051636118846E-005                  4.1026747132357649E-001                  5.8969687962478745E-001                  2.7725675683609788E-123                  3.0186420026642868E-126                  0.0000000000000000E+000 
                                     381                  2.2338069531716054E-001                 -5.3441952090277589E-001                  6.2433559710626767E+000                 -3.5903525867664592E+000                  1.0672521479531380E+001                  3.5649051585518338E-005                  4.1026747210509951E-001                  5.8969687884331501E-001                  3.6961130024799970E-123                  4.0990189321678915E-126                  0.0000000000000000E+000 
                                     382                  2.2338062834847475E-001                 -5.3656991905184814E-001                  6.2476920052535538E+000                 -3.5781425774841873E+000                  1.0689521765053200E+001                  3.5649051532830870E-005                  4.1026747291885535E-001                  5.8969687802961190E-001                  5.3778933679609685E-123                  6.1090763588718343E-126                  0.0000000000000000E+000 
                                     383                  2.2338056137836215E-001                 -5.3869182771791213E-001                  6.2514095734524275E+000                 -3.5675721251338315E+000                  1.0704148751768987E+001                  3.5649051486260260E-005                  4.1026747363813659E-001                  5.8969687731037712E-001                  7.4121591270172280E-123                  8.5945395651776466E-126                  0.0000000000000000E+000 
                                     384                  2.2338051114945473E-001                 -5.4026498915663024E-001                  6.2545453597831431E+000                 -3.5586723501317472E+000                  1.0716480754242413E+001                  3.5647939249976832E-005                  4.1028465208437137E-001                  5.8967969997637870E-001                  9.7091963616608299E-123                  1.1453288585942546E-125                  0.0000000000000000E+000 
                                     385                  2.2338046092054734E-001                 -5.4182299942619339E-001                  6.2571206664613097E+000                 -3.5512995443049959E+000                  1.0726639706264516E+001                  3.5647939208358478E-005                  4.1028465272716530E-001                  5.8967969933362641E-001                  1.2114833498051995E-122                  1.4494759322920421E-125                  0.0000000000000000E+000 
                                     386                  2.2338042743356876E-001                 -5.4285339392152876E-001                  6.2601748995636699E+000                 -3.5426605254734800E+000                  1.0738637147179011E+001                  3.5647939163221997E-005                  4.1028465342429654E-001                  5.8967969863654024E-001                  1.5739568357933056E-122                  1.9149642839143193E-125                  0.0000000000000000E+000 
                                     387                  2.2338036045707607E-001                 -5.4489520981570616E-001                  6.2641720584024441E+000                 -3.5311834452063007E+000                  1.0754424317956563E+001                  3.5647939115379685E-005                  4.1028465416321924E-001                  5.8967969789766539E-001                  2.2159277499440297E-122                  2.7556165659090801E-125                  0.0000000000000000E+000 
                                     388                  2.2338029347850299E-001                 -5.4691190772609621E-001                  6.2680926558532732E+000                 -3.5198692907134959E+000                  1.0769938558406549E+001                  3.5647939075820760E-005                  4.1028465477420523E-001                  5.8967969728671887E-001                  3.0968056741841547E-122                  3.9342617592513596E-125                  0.0000000000000000E+000 
                                     389                  2.2338022649909989E-001                 -5.4890416579437029E-001                  6.2709811659513148E+000                 -3.5114176132603632E+000                  1.0781427437248736E+001                  3.5647083679225434E-005                  4.1029786634142446E-001                  5.8966648657489640E-001                  3.9616355938439718E-122                  5.1123930438220563E-125                  0.0000000000000000E+000 
                                     390                  2.2338019300814765E-001                 -5.4989124438128323E-001                  6.2738364555484800E+000                 -3.5031895884186945E+000                  1.0792721537460158E+001                  3.5647083571530060E-005                  4.1029786800477525E-001                  5.8966648491165330E-001                  5.0494697797101628E-122                  6.6180007381202342E-125                  0.0000000000000000E+000 
                                     391                  2.2338012602485749E-001                 -5.5184817865541491E-001                  6.2775773048809818E+000                 -3.4922470935704375E+000                  1.0807599034266866E+001                  3.5647083445753548E-005                  4.1029786994738882E-001                  5.8966648296916535E-001                  6.9363743737890753E-122                  9.2770774558694856E-125                  0.0000000000000000E+000 
                                     392                  2.2338005904043012E-001                 -5.5378227337090480E-001                  6.2817072350489278E+000                 -3.4801476265980109E+000                  1.0824033799794499E+001                  3.5647083323674592E-005                  4.1029787183289340E-001                  5.8966648108378295E-001                  9.8389462732330382E-122                  1.3455862038253714E-124                  0.0000000000000000E+000 
                                     393                  2.2337997530920239E-001                 -5.5616882682169511E-001                  6.2853025180143307E+000                 -3.4694005324645283E+000                  1.0838446444283797E+001                  3.5647083233915067E-005                  4.1029787321922589E-001                  5.8966647969754016E-001                  1.3333936259403090E-121                  1.8592080772629127E-124                  0.0000000000000000E+000 
                                     394                  2.2337992506961590E-001                 -5.5758425824920388E-001                  6.2892834974029412E+000                 -3.4576923901110517E+000                  1.0854310832120557E+001                  3.5647083127666757E-005                  4.1029787486022679E-001                  5.8966647805664563E-001                  1.8644041158953652E-121                  2.6557780585380890E-124                  0.0000000000000000E+000 
                                     395                  2.2337982458918132E-001                 -5.6038020039365433E-001                  6.2936030034716897E+000                 -3.4445956676788829E+000                  1.0871718141464909E+001                  3.5645875867742505E-005                  4.1031652094290666E-001                  5.8964783318122560E-001                  2.6819084618518185E-121                  3.9093338652559386E-124                  0.0000000000000000E+000 
                                     396                  2.2337975759982601E-001                 -5.6221805128968894E-001                  6.2969966120993774E+000                 -3.4343217121734262E+000                  1.0885384713386639E+001                  3.5645875806238833E-005                  4.1031652189282836E-001                  5.8964783223136541E-001                  3.5655522049057652E-121                  5.2923876446242005E-124                  0.0000000000000000E+000 
                                     397                  2.2337969060950172E-001                 -5.6403576722584881E-001                  6.3011628699369870E+000                 -3.4217153679726549E+000                  1.0902158107873968E+001                  3.5645875745296445E-005                  4.1031652283408115E-001                  5.8964783129017362E-001                  5.0530232646324066E-121                  7.6684223273089322E-124                  0.0000000000000000E+000 
                                     398                  2.2337959012149375E-001                 -5.6672594057103254E-001                  6.3048282898804828E+000                 -3.4102905373609955E+000                  1.0917078817996087E+001                  3.5645065417983227E-005                  4.1032903830798717E-001                  5.8963531662659485E-001                  6.8666790434628881E-121                  1.0624949061266974E-123                  0.0000000000000000E+000 
                                     399                  2.2337953987659287E-001                 -5.6805445399427978E-001                  6.3072385970214642E+000                 -3.4028237864324238E+000                  1.0926866431906362E+001                  3.5645065365383274E-005                  4.1032903912039137E-001                  5.8963531581424322E-001                  8.3963082196936197E-121                  1.3158646153027887E-123                  0.0000000000000000E+000 
                                     400                  2.2337948963135296E-001                 -5.6937232141416250E-001                  6.3100149544284125E+000                 -3.3942067138194592E+000                  1.0938147809587091E+001                  3.5645065312052494E-005                  4.1032903994408348E-001                  5.8963531499060440E-001                  1.0580939178514320E-120                  1.6827488393489439E-123                  0.0000000000000000E+000 
                                     401                  2.2337942263683644E-001                 -5.7111327057654426E-001                  6.3139154355638079E+000                 -3.3820503501522170E+000                  1.0954020403817823E+001                  3.5645065243021531E-005                  4.1032904101026391E-001                  5.8963531392449309E-001                  1.4633201938151677E-120                  2.3755528214486987E-123                  0.0000000000000000E+000 
                                     402                  2.2337932214247899E-001                 -5.7369081864224580E-001                  6.3177307356025283E+000                 -3.3698569024148455E+000                  1.0969694901892314E+001                  3.5644390271322501E-005                  4.1033946592196163E-001                  5.8962488968776705E-001                  2.0091576733733991E-120                  3.3275999184545658E-123                  0.0000000000000000E+000 
                                     403                  2.2337925514461554E-001                 -5.7538650570681438E-001                  6.3207332432685135E+000                 -3.3602618281382530E+000                  1.0982028302994642E+001                  3.5644390178194922E-005                  4.1033946736031346E-001                  5.8962488824950832E-001                  2.5768341223899889E-120                  4.3355205428040580E-123                  0.0000000000000000E+000 
                                     404                  2.2337918814512950E-001                 -5.7706462142810111E-001                  6.3251602200971808E+000                 -3.3462015549241637E+000                  1.1000168446475771E+001                  3.5644390086682031E-005                  4.1033946877372685E-001                  5.8962488683618641E-001                  3.7146882739060970E-120                  6.3963324466118432E-123                  0.0000000000000000E+000 
                                     405                  2.2337905414487977E-001                 -5.8037032951982259E-001                  6.3294703285358977E+000                 -3.3319487980237286E+000                  1.1018108695710646E+001                  3.5642981024610270E-005                  4.1036123168274302E-001                  5.8960312533623238E-001                  5.3048339441941842E-120                  9.3411114106316582E-123                  0.0000000000000000E+000 
                                     406                  2.2337898714322449E-001                 -5.8199736842849925E-001                  6.3322974470922793E+000                 -3.3226652348288424E+000                  1.1029842437971325E+001                  3.5642980955976769E-005                  4.1036123274278463E-001                  5.8960312427625938E-001                  6.6963552386177766E-120                  1.1965987633550702E-122                  0.0000000000000000E+000 
                                     407                  2.2337892014032912E-001                 -5.8360793569778824E-001                  6.3350839451535945E+000                 -3.3134568713451231E+000                  1.1041436144227887E+001                  3.5642980899229478E-005                  4.1036123361924454E-001                  5.8960312339985621E-001                  8.4219185344709755E-120                  1.5268617644166252E-122                  0.0000000000000000E+000 
                                     408                  2.2337885313650765E-001                 -5.8520228666730145E-001                  6.3391977093406409E+000                 -3.2999448702151599E+000                  1.1058510751051097E+001                  3.5642980830551573E-005                  4.1036123467997232E-001                  5.8960312233919709E-001                  1.1802371627458031E-119                  2.1857651035106765E-122                  0.0000000000000000E+000 
                                     409                  2.2337871912603366E-001                 -5.8834430945761695E-001                  6.3432110428455761E+000                 -3.2862731283401962E+000                  1.1075412735345639E+001                  3.5642232528319742E-005                  4.1037279217890332E-001                  5.8959156558856840E-001                  1.6407412357762564E-119                  3.1020352955987873E-122                  0.0000000000000000E+000 
                                     410                  2.2337865211902586E-001                 -5.8989155568125584E-001                  6.3458466911991955E+000                 -3.2773576689417214E+000                  1.1086480891263921E+001                  3.5642232442176172E-005                  4.1037279350938749E-001                  5.8959156425817039E-001                  2.0356619449737872E-119                  3.9012510824622751E-122                  0.0000000000000000E+000 
                                     411                  2.2337858511148023E-001                 -5.9142358264225992E-001                  6.3484473191181605E+000                 -3.2685137450336712E+000                  1.1097425549064733E+001                  3.5642232371766260E-005                  4.1037279459686560E-001                  5.8959156317076267E-001                  2.5176905712455322E-119                  4.8899312069950339E-122                  0.0000000000000000E+000 
                                     412                  2.2337851810290257E-001                 -5.9294064294168347E-001                  6.3522912849722868E+000                 -3.2555232588466754E+000                  1.1113562274572571E+001                  3.5642232289341877E-005                  4.1037279586990727E-001                  5.8959156189780337E-001                  3.4437565711509056E-119                  6.8216346847528798E-122                  0.0000000000000000E+000 
                                     413                  2.2337838408357569E-001                 -5.9593156869309938E-001                  6.3572930211912828E+000                 -3.2382466536999885E+000                  1.1134748126748404E+001                  3.5641348022546077E-005                  4.1038645333625240E-001                  5.8957790531572507E-001                  5.1745039341619429E-119                  1.0514694927897957E-121                  0.0000000000000000E+000 
                                     414                  2.2337825006093487E-001                 -5.9886534577857697E-001                  6.3609575366979358E+000                 -3.2253391361879493E+000                  1.1150395907568790E+001                  3.5641347837867667E-005                  4.1038645618860337E-001                  5.8957790246355879E-001                  6.9706168571809380E-119                  1.4431237090874301E-121                  0.0000000000000000E+000 
                                     415                  2.2337818304841905E-001                 -6.0031102573290496E-001                  6.3633676533963950E+000                 -3.2169109261039255E+000                  1.1160657427509094E+001                  3.5641347731615542E-005                  4.1038645782966338E-001                  5.8957790082260497E-001                  8.4749028273125320E-119                  1.7761729445226541E-121                  0.0000000000000000E+000 
                                     416                  2.2337811603475974E-001                 -6.0174310823127664E-001                  6.3669342892865215E+000                 -3.2045171942031541E+000                  1.1175804289928179E+001                  3.5641347506809983E-005                  4.1038646130177631E-001                  5.8957789735071686E-001                  1.1307777373411475E-118                  2.4131287878953577E-121                  0.0000000000000000E+000 
                                     417                  2.2337798200562500E-001                 -6.0456792587248120E-001                  6.3715840057769118E+000                 -3.1880468073560695E+000                  1.1195712115053730E+001                  3.5640202389160360E-005                  4.1040414759943611E-001                  5.8956021219817467E-001                  1.6463108971697035E-118                  3.5965812114520416E-121                  0.0000000000000000E+000 
                                     418                  2.2337784797353763E-001                 -6.0734077569891121E-001                  6.3749963449624074E+000                 -3.1757456243012840E+000                  1.1210431420705657E+001                  3.5640202322208111E-005                  4.1040414863351082E-001                  5.8956021116416690E-001                  2.1681755326519336E-118                  4.8188252336442591E-121                  0.0000000000000000E+000 
                                     419                  2.2337778095626740E-001                 -6.0870793195350592E-001                  6.3772426656381755E+000                 -3.1677032700508634E+000                  1.1220093959768780E+001                  3.5640202292257148E-005                  4.1040414909610218E-001                  5.8956021070160558E-001                  2.5977828231035326E-118                  5.8392340115228003E-121                  0.0000000000000000E+000 
                                     420                  2.2337771393884351E-001                 -6.1006268359516125E-001                  6.3805698561860593E+000                 -3.1558650190090978E+000                  1.1234370680013031E+001                  3.5639290322574475E-005                  4.1041823443245967E-001                  5.8954612627721770E-001                  3.3931301514672592E-118                  7.7549694859959729E-121                  0.0000000000000000E+000 
                                     421                  2.2337757990085655E-001                 -6.1273630291504422E-001                  6.3846327100074047E+000                 -3.1411134472460938E+000                  1.1251956026686077E+001                  3.5639290200211560E-005                  4.1041823632235069E-001                  5.8954612438744913E-001                  4.7006356826328682E-118                  1.0963977336389656E-120                  0.0000000000000000E+000 
                                     422                  2.2337746327875954E-001                 -6.1502371361398644E-001                  6.3872789577378501E+000                 -3.1313833909088622E+000                  1.1263473977799752E+001                  3.5639290164964500E-005                  4.1041823686674012E-001                  5.8954612384309490E-001                  5.8111391239425528E-118                  1.3734451142658975E-120                  0.0000000000000000E+000 
                                     423                  2.2337741367645841E-001                 -6.1598579769960815E-001                  6.3896240656043144E+000                 -3.1228835110913198E+000                  1.1273620710307950E+001                  3.5638230036441176E-005                  4.1043461051064239E-001                  5.8952975125932117E-001                  7.0086755874480110E-118                  1.6758388460424293E-120                  0.0000000000000000E+000 
                                     424                  2.2337731447051215E-001                 -6.1789147047152426E-001                  6.3927042214620764E+000                 -3.1115771823922000E+000                  1.1287020971307005E+001                  3.5638229940104012E-005                  4.1043461199856596E-001                  5.8952974977149397E-001                  8.9625834713015615E-118                  2.1761228970629450E-120                  0.0000000000000000E+000 
                                     425                  2.2337721526242030E-001                 -6.1977265657399916E-001                  6.3957365169774230E+000                 -3.1003903450527557E+000                  1.1300244064165378E+001                  3.5638229878940326E-005                  4.1043461294323685E-001                  5.8952974882688425E-001                  1.1413067004350322E-117                  2.8131214878727508E-120                  0.0000000000000000E+000 
                                     426                  2.2337711605352115E-001                 -6.2162984555403067E-001                  6.3987221902765272E+000                 -3.0893218421849231E+000                  1.1313294640150687E+001                  3.5637426709761219E-005                  4.1044701786003934E-001                  5.8951734471325090E-001                  1.4474611873852843E-117                  3.6206941378062272E-120                  0.0000000000000000E+000 
                                     427                  2.2337701684338773E-001                 -6.2346355032014522E-001                  6.4023942034221522E+000                 -3.0757248190178883E+000                  1.1329339082473087E+001                  3.5637426386614490E-005                  4.1044702285102819E-001                  5.8951733972258524E-001                  1.9373519352562060E-117                  4.9348227501297315E-120                  0.0000000000000000E+000 
                                     428                  2.2337686802620474E-001                 -6.2617148678171564E-001                  6.4067051412851583E+000                 -3.0595325422338631E+000                  1.1348298861555861E+001                  3.5637425768869127E-005                  4.1044703239208113E-001                  5.8951733018215002E-001                  2.7268046160691319E-117                  7.0947852270118544E-120                  0.0000000000000000E+000 
                                     429                  2.2337671920523169E-001                 -6.2882918668616006E-001                  6.4102214851226860E+000                 -3.0461516030702169E+000                  1.1363859988912640E+001                  3.5636069996896336E-005                  4.1046797223758741E-001                  5.8949639169241563E-001                  3.6024936371978149E-117                  9.5356767776165793E-120                  0.0000000000000000E+000 
                                     430                  2.2337661999000041E-001                 -6.3057358569334865E-001                  6.4129914908636856E+000                 -3.0356258967813030E+000                  1.1376112214487218E+001                  3.5636069882077009E-005                  4.1046797401096735E-001                  5.8949638991915054E-001                  4.4837349298422404E-117                  1.2030497796110832E-119                  0.0000000000000000E+000 
                                     431                  2.2337652077426529E-001                 -6.3229673821874832E-001                  6.4157216076324790E+000                 -3.0252026393559226E+000                  1.1388216342078730E+001                  3.5636069739619098E-005                  4.1046797621122433E-001                  5.8949638771903601E-001                  5.5613198584036954E-117                  1.5122388690367086E-119                  0.0000000000000000E+000 
                                     432                  2.2337642155724186E-001                 -6.3399907072387485E-001                  6.4197518688942781E+000                 -3.0099226573345499E+000                  1.1406034563017506E+001                  3.5635032762897674E-005                  4.1048399227644466E-001                  5.8948037269079245E-001                  7.6356410362852730E-117                  2.1173763863562013E-119                  0.0000000000000000E+000 
                                     433                  2.2337622311962510E-001                 -6.3734383648016379E-001                  6.4236821404784452E+000                 -2.9945282511302311E+000                  1.1423675390953493E+001                  3.5635032630324956E-005                  4.1048399432402510E-001                  5.8948037064334458E-001                  1.0404086771631846E-116                  2.9407647221876650E-119                  0.0000000000000000E+000 
                                     434                  2.2337612389926523E-001                 -6.3898607386100104E-001                  6.4262626872846820E+000                 -2.9844975046980329E+000                  1.1435221228586858E+001                  3.5635032580831635E-005                  4.1048399508844763E-001                  5.8948036987897157E-001                  1.2739282909126345E-116                  3.6461986369051209E-119                  0.0000000000000000E+000 
                                     435                  2.2337602467857504E-001                 -6.4060902133511077E-001                  6.4288081545344102E+000                 -2.9745632090862535E+000                  1.1446635282002770E+001                  3.5634025020113353E-005                  4.1049955682464057E-001                  5.8946480915033939E-001                  1.5552229757397430E-116                  4.5062457707982019E-119                  0.0000000000000000E+000 
                                     436                  2.2337592545706686E-001                 -6.4221305795146655E-001                  6.4325693468300260E+000                 -2.9599768636567783E+000                  1.1463455069171992E+001                  3.5634024853190928E-005                  4.1049955940275079E-001                  5.8946480657239597E-001                  2.0865387832592076E-116                  6.1566301758391146E-119                  0.0000000000000000E+000 
                                     437                  2.2337572701188768E-001                 -6.4536655623445738E-001                  6.4362425061888331E+000                 -2.9453036783875950E+000                  1.1480115919789402E+001                  3.5634024747750437E-005                  4.1049956103127511E-001                  5.8946480494397713E-001                  2.7808709028002828E-116                  8.3519288725294690E-119                  0.0000000000000000E+000 
                                     438                  2.2337562778840866E-001                 -6.4691592259259734E-001                  6.4386563676784343E+000                 -2.9357334099570584E+000                  1.1491031206449607E+001                  3.5633042204802095E-005                  4.1051473636898267E-001                  5.8944963058881261E-001                  3.3568783670867902E-116                  1.0198959448962555E-118                  0.0000000000000000E+000 
                                     439                  2.2337552856390863E-001                 -6.4844775114902031E-001                  6.4410393291430523E+000                 -2.9262489201316382E+000                  1.1501828361666169E+001                  3.5633041982102943E-005                  4.1051473980856235E-001                  5.8944962714945559E-001                  4.0413910996894929E-116                  1.2419948395103235E-118                  0.0000000000000000E+000 
                                     440                  2.2337542933903481E-001                 -6.4996234779470774E-001                  6.4433921697435519E+000                 -2.9168512784919192E+000                  1.1512509837209588E+001                  3.5633041779680046E-005                  4.1051474293497647E-001                  5.8944962402324386E-001                  4.8529992533913072E-116                  1.5083306972385950E-118                  0.0000000000000000E+000 
                                     441                  2.2337533011326027E-001                 -6.5146003722325829E-001                  6.4468724802118613E+000                 -2.9030394643543551E+000                  1.1528267263880402E+001                  3.5633041160142009E-005                  4.1051475250371716E-001                  5.8944961445512267E-001                  6.3569584310847044E-116                  2.0089284108140282E-118                  0.0000000000000000E+000 
                                     442                  2.2337513165994569E-001                 -6.5440652412221045E-001                  6.4514052222634959E+000                 -2.8847449897740254E+000                  1.1548967168687851E+001                  3.5631575244490393E-005                  4.1053739351406837E-001                  5.8942697491068707E-001                  9.0333567607007896E-116                  2.9168284988445756E-118                  0.0000000000000000E+000 
                                     443                  2.2337493320350546E-001                 -6.5728896624534505E-001                  6.4547285434031538E+000                 -2.8711256959733853E+000                  1.1564263421298326E+001                  3.5631198611640011E-005                  4.1054321059382659E-001                  5.8942115820756169E-001                  1.1684892411945079E-115                  3.8330056552293015E-118                  0.0000000000000000E+000 
                                     444                  2.2337483397387983E-001                 -6.5870662940778313E-001                  6.4569154044378214E+000                 -2.8622263819600708E+000                  1.1574298428541281E+001                  3.5631198532240518E-005                  4.1054321182014858E-001                  5.8942115698131925E-001                  1.3834725597086206E-115                  4.5855625418772293E-118                  0.0000000000000000E+000 
                                     445                  2.2337473474325564E-001                 -6.6010914732870707E-001                  6.4601533786194949E+000                 -2.8491351243290994E+000                  1.1589116356789006E+001                  3.5630460514302164E-005                  4.1055461047856606E-001                  5.8940975906091964E-001                  1.7753885507011029E-115                  5.9752392892110593E-118                  0.0000000000000000E+000 
                                     446                  2.2337453627902809E-001                 -6.6287032488914488E-001                  6.4643774310027844E+000                 -2.8318011254454745E+000                  1.1608597379215659E+001                  3.5629707297617475E-005                  4.1056624388103069E-001                  5.8939812641167166E-001                  2.4575056959632407E-115                  8.4372522032177826E-118                  0.0000000000000000E+000 
                                     447                  2.2337433781128688E-001                 -6.6557406957898491E-001                  6.4674792250310205E+000                 -2.8189038866420946E+000                  1.1623004098252320E+001                  3.5628817080423623E-005                  4.1057999325104300E-001                  5.8938437793187659E-001                  3.1195674773040316E-115                  1.0867325359573316E-117                  0.0000000000000000E+000 
                                     448                  2.2337423857672181E-001                 -6.6690482430253695E-001                  6.4695221010954720E+000                 -2.8104672307161880E+000                  1.1632463829711835E+001                  3.5628817046970762E-005                  4.1057999376772125E-001                  5.8938437741523175E-001                  3.6487034523763890E-115                  1.2833319372948189E-117                  0.0000000000000000E+000 
                                     449                  2.2337413934123077E-001                 -6.6822198059389382E-001                  6.4725495693977013E+000                 -2.7980441185272524E+000                  1.1646444061186077E+001                  3.5628712150229851E-005                  4.1058161389381365E-001                  5.8938275739403612E-001                  4.5996391306868115E-115                  1.6409401758649927E-117                  0.0000000000000000E+000 
                                     450                  2.2337394086751766E-001                 -6.7081684027528710E-001                  6.4765048827406551E+000                 -2.7816048201838308E+000                  1.1664836455001991E+001                  3.5627418846955779E-005                  4.1060158891269222E-001                  5.8936278366846084E-001                  6.2237038368358056E-115                  2.2616453030147373E-117                  0.0000000000000000E+000 
                                     451                  2.2337374239002999E-001                 -6.7336009724297174E-001                  6.4794134274944399E+000                 -2.7693740931643172E+000                  1.1678447479360672E+001                  3.5627340952920522E-005                  4.1060279198304378E-001                  5.8936158067600330E-001                  7.7717706469279143E-115                  2.8628145014646344E-117                  0.0000000000000000E+000 
                                     452                  2.2337364315022548E-001                 -6.7461275451400016E-001                  6.4813305551895590E+000                 -2.7613673554009259E+000                  1.1687391774962176E+001                  3.5627340754427451E-005                  4.1060279504876163E-001                  5.8936157761048391E-001                  8.9938678965001960E-115                  3.3427327480450625E-117                  0.0000000000000000E+000 
                                     453                  2.2337354391013650E-001                 -6.7585316778152160E-001                  6.4841739204311128E+000                 -2.7495674238057557E+000                  1.1700620214870771E+001                  3.5627340491674667E-005                  4.1060279910696812E-001                  5.8936157355254015E-001                  1.1163181312160583E-114                  4.2042692917671225E-117                  0.0000000000000000E+000 
                                     454                  2.2337334542678824E-001                 -6.7829844501885683E-001                  6.4878936819747448E+000                 -2.7339572741126736E+000                  1.1718034279779667E+001                  3.5626422704177753E-005                  4.1061697429924121E-001                  5.8934739927805468E-001                  1.4806971907648960E-114                  5.6734130948450318E-117                  0.0000000000000000E+000 
                                     455                  2.2337314694040944E-001                 -6.8069722751101325E-001                  6.4906324681958889E+000                 -2.7223474383450168E+000                  1.1730929276050798E+001                  3.5625665160878090E-005                  4.1062867452610624E-001                  5.8933569980873290E-001                  1.8226793434622207E-114                  7.0725751663785738E-117                  0.0000000000000000E+000 
                                     456                  2.2337304769507496E-001                 -6.8187954971167575E-001                  6.4933393588958523E+000                 -2.7110337786665042E+000                  1.1743587775954941E+001                  3.5625549185990933E-005                  4.1063046575373757E-001                  5.8933390869707636E-001                  2.2364829379843987E-114                  8.7874908443494870E-117                  0.0000000000000000E+000 
                                     457                  2.2337284920314709E-001                 -6.8421151930846480E-001                  6.4968841471066332E+000                 -2.6960690659260576E+000                  1.1760259281779174E+001                  3.5624810350731284E-005                  4.1064187703565053E-001                  5.8932249815399873E-001                  2.9230449365044918E-114                  1.1673899372016490E-116                  0.0000000000000000E+000 
                                     458                  2.2337265070963452E-001                 -6.8650077151645728E-001                  6.4994966149112932E+000                 -2.6849395237761846E+000                  1.1772610125585983E+001                  3.5624617381178959E-005                  4.1064485744289725E-001                  5.8931951793972159E-001                  3.5599185829366024E-114                  1.4389232847273014E-116                  0.0000000000000000E+000 
                                     459                  2.2337255146196952E-001                 -6.8762970612076979E-001                  6.5012207383923153E+000                 -2.6776446487818508E+000                  1.1780736451043287E+001                  3.5623780577095718E-005                  4.1065778184948870E-001                  5.8930659436993427E-001                  4.0533422568576854E-114                  1.6513099129848520E-116                  0.0000000000000000E+000 
                                     460                  2.2337245221387941E-001                 -6.8874849302029739E-001                  6.5037810149657735E+000                 -2.6668785195713225E+000                  1.1792769509722191E+001                  3.5622909364899895E-005                  4.1067123768804287E-001                  5.8929313940259220E-001                  4.9128179475492376E-114                  2.0249935487106395E-116                  0.0000000000000000E+000 
                                     461                  2.2337225371637801E-001                 -6.9095650384006091E-001                  6.5071374913831264E+000                 -2.6526361288450810E+000                  1.1808625582210230E+001                  3.5622889555743234E-005                  4.1067154363969849E-001                  5.8929283347074579E-001                  6.3198884679461504E-114                  2.6453096553611763E-116                  0.0000000000000000E+000 
                                     462                  2.2337205521611120E-001                 -6.9312586097688600E-001                  6.5104358332811714E+000                 -2.6386232020018676E+000                  1.1824226513726652E+001                  3.5622796678813887E-005                  4.1067297812026793E-001                  5.8929139908305328E-001                  8.0903658974733842E-114                  3.4377640160056906E-116                  0.0000000000000000E+000 
                                     463                  2.2337185671349319E-001                 -6.9525780285026029E-001                  6.5128698780716796E+000                 -2.6282041649244583E+000                  1.1835792163698832E+001                  3.5621781125537872E-005                  4.1068866330120252E-001                  5.8927571491767194E-001                  9.7064372684797218E-114                  4.1702128325763997E-116                  0.0000000000000000E+000 
                                     464                  2.2337175746145027E-001                 -6.9631002819356369E-001                  6.5152789077250564E+000                 -2.6180232829374379E+000                  1.1847166162993794E+001                  3.5621780124355648E-005                  4.1068867876442300E-001                  5.8927569945545266E-001                  1.1616136412725605E-113                  5.0456943039655964E-116                  0.0000000000000000E+000 
                                     465                  2.2337155895619476E-001                 -6.9838806411049292E-001                  6.5184403545855343E+000                 -2.6045603125580228E+000                  1.1862162049368314E+001                  3.5620187154112786E-005                  4.1071328212799957E-001                  5.8925109768484629E-001                  1.4701447552520817E-113                  6.4775416144657443E-116                  0.0000000000000000E+000 
                                     466                  2.2337136044938277E-001                 -7.0043157012538504E-001                  6.5215501449778825E+000                 -2.5913035667843687E+000                  1.1876928249674185E+001                  3.5619619560028090E-005                  4.1072204859660705E-001                  5.8924233178383290E-001                  1.8525482930983533E-113                  8.2779651223897288E-116                  0.0000000000000000E+000 
                                     467                  2.2337116194105228E-001                 -7.0244160188974580E-001                  6.5246099445154151E+000                 -2.5782485699593463E+000                  1.1891471420306216E+001                  3.5619561458286736E-005                  4.1072294597574710E-001                  5.8924143446279453E-001                  2.3246658666093532E-113                  1.0532249003785638E-115                  0.0000000000000000E+000 
                                     468                  2.2337096342997895E-001                 -7.0441918827469774E-001                  6.5276212810244294E+000                 -2.5653926122733877E+000                  1.1905797939244025E+001                  3.5618660702400068E-005                  4.1073685811545357E-001                  5.8922752322384397E-001                  2.9054339149577763E-113                  1.3342784225609047E-115                  0.0000000000000000E+000 
                                     469                  2.2337076491628802E-001                 -7.0636531406168246E-001                  6.5298464842314905E+000                 -2.5558300319707503E+000                  1.1916427618279124E+001                  3.5617478518124405E-005                  4.1075511690570049E-001                  5.8920926561578146E-001                  3.4254824464911273E-113                  1.5888241876160016E-115                  0.0000000000000000E+000 
                                     470                  2.2337066565911567E-001                 -7.0732680158595751E-001                  6.5320506739845055E+000                 -2.5464670191019718E+000                  1.1926894595646466E+001                  3.5617476777913368E-005                  4.1075514378319222E-001                  5.8920923874002984E-001                  4.0301558259640601E-113                  1.8879023773995380E-115                  0.0000000000000000E+000 
                                     471                  2.2337046714311018E-001                 -7.0922746482402799E-001                  6.5356678565094386E+000                 -2.5310855975234103E+000                  1.1944090596511227E+001                  3.5617080042180872E-005                  4.1076127135117646E-001                  5.8920311156878136E-001                  5.2598481119484939E-113                  2.5041917000330437E-115                  0.0000000000000000E+000 
                                     472                  2.2337016936533866E-001                 -7.1202427555292691E-001                  6.5388567359654681E+000                 -2.5173146856325719E+000                  1.1959388059825747E+001                  3.5615663957338020E-005                  4.1078314272658861E-001                  5.8918124160945406E-001                  6.6515568051217420E-113                  3.2120069535336141E-115                  0.0000000000000000E+000 
                                     473                  2.2337002047500593E-001                 -7.1339872383110381E-001                  6.5409564943258918E+000                 -2.5083217016663739E+000                  1.1969419845677468E+001                  3.5615640643571115E-005                  4.1078350280681286E-001                  5.8918088155254356E-001                  7.7596729317390898E-113                  3.7824183539513087E-115                  0.0000000000000000E+000 
                                     474                  2.2336987158357435E-001                 -7.1475778474606944E-001                  6.5440675067413068E+000                 -2.4951017074170787E+000                  1.1984227223783055E+001                  3.5615533848603030E-005                  4.1078515225094703E-001                  5.8917923221520430E-001                  9.7434743217419289E-113                  4.8157183766290950E-115                  0.0000000000000000E+000 
                                     475                  2.2336957379859226E-001                 -7.1743138472176882E-001                  6.5474558372942875E+000                 -2.4804872287203676E+000                  1.2000497288551092E+001                  3.5613887720917933E-005                  4.1081057662909937E-001                  5.8915380948317964E-001                  1.2485370097909358E-112                  6.2639563483606374E-115                  0.0000000000000000E+000 
                                     476                  2.2336937527314932E-001                 -7.1918136936173971E-001                  6.5501258138086289E+000                 -2.4690265816442025E+000                  1.2013290005328169E+001                  3.5613851569825932E-005                  4.1081113498131067E-001                  5.8915325116711958E-001                  1.5170775223919743E-112                  7.7019582059332512E-115                  0.0000000000000000E+000 
                                     477                  2.2336917674507883E-001                 -7.2090638051036526E-001                  6.5534135681172936E+000                 -2.4549808788423118E+000                  1.2029012176504239E+001                  3.5612623464187440E-005                  4.1083010302517237E-001                  5.8913428435136339E-001                  1.9272234659748292E-112                  9.9269418281873095E-115                  0.0000000000000000E+000 
                                     478                  2.2336887894994703E-001                 -7.2344875748179327E-001                  6.5572795211958708E+000                 -2.4383560094442878E+000                  1.2047578010489225E+001                  3.5611512379916051E-005                  4.1084726367855412E-001                  5.8911712480906597E-001                  2.5523500472834261E-112                  1.3372431761759180E-114                  0.0000000000000000E+000 
                                     479                  2.2336858115020866E-001                 -7.2593859117143167E-001                  6.5604377801052021E+000                 -2.4246931509868448E+000                  1.2062804910103729E+001                  3.5611055134697468E-005                  4.1085432581317055E-001                  5.8911006313169478E-001                  3.2095983653165764E-112                  1.7051122854345398E-114                  0.0000000000000000E+000 
                                     480                  2.2336838261511249E-001                 -7.2757016082303716E-001                  6.5629286242482276E+000                 -2.4139698431844092E+000                  1.2074789818913839E+001                  3.5609506940481473E-005                  4.1087823761260139E-001                  5.8908615288045807E-001                  3.8436958743437893E-112                  2.0642664393663142E-114                  0.0000000000000000E+000 
                                     481                  2.2336818407794312E-001                 -7.2917987523763861E-001                  6.5653863112662423E+000                 -2.4033795918116327E+000                  1.2086624754368872E+001                  3.5609477156797171E-005                  4.1087869762044549E-001                  5.8908569290239776E-001                  4.5905086329748358E-112                  2.4920855392877068E-114                  0.0000000000000000E+000 
                                     482                  2.2336798554077378E-001                 -7.3076826028395492E-001                  6.5678116883141042E+000                 -2.3929253880589321E+000                  1.2098313300522536E+001                  3.5608087889379932E-005                  4.1090015480160386E-001                  5.8906423711050682E-001                  5.4683756658872960E-112                  3.0001166709741299E-114                  0.0000000000000000E+000 
                                     483                  2.2336778700099080E-001                 -7.3233588235864200E-001                  6.5702055751601023E+000                 -2.3825984128781541E+000                  1.2109858923182417E+001                  3.5608028220773410E-005                  4.1090107638090523E-001                  5.8906331559087399E-001                  6.4973141422461574E-112                  3.6021422177903964E-114                  0.0000000000000000E+000 
                                     484                  2.2336758846059668E-001                 -7.3388323123251564E-001                  6.5731574997896214E+000                 -2.3699189263127307E+000                  1.2124070304453527E+001                  3.5606847795431688E-005                  4.1091930800429077E-001                  5.8904508514791387E-001                  8.0326633791034725E-112                  4.5107833162177638E-114                  0.0000000000000000E+000 
                                     485                  2.2336729064505673E-001                 -7.3616752660734364E-001                  6.5760575994169050E+000                 -2.3573351352697620E+000                  1.2138119382784787E+001                  3.5605805184866747E-005                  4.1093541108380943E-001                  5.8902898311100571E-001                  9.8926799192520659E-112                  5.6255646941779666E-114                  0.0000000000000000E+000 
                                     486                  2.2336709209925645E-001                 -7.3766637983596606E-001                  6.5789178853209167E+000                 -2.3450325075228640E+000                  1.2151914545427257E+001                  3.5605126177357891E-005                  4.1094589832826023E-001                  5.8901849654556249E-001                  1.2140550291043418E-111                  6.9899469138997941E-114                  0.0000000000000000E+000 
                                     487                  2.2336679427753736E-001                 -7.3988007939564204E-001                  6.5817294970873155E+000                 -2.3328241295296590E+000                  1.2165556183095832E+001                  3.5603526717928053E-005                  4.1097060191664536E-001                  5.8899379455663670E-001                  1.4846103055508231E-111                  8.6517329253464441E-114                  0.0000000000000000E+000 
                                     488                  2.2336659572778036E-001                 -7.4133328162382117E-001                  6.5850563451276249E+000                 -2.3185614650608191E+000                  1.2181589417368556E+001                  3.5602936936778584E-005                  4.1097971106342140E-001                  5.8898468599964182E-001                  1.8818239177431718E-111                  1.1125263274534971E-113                  0.0000000000000000E+000 
                                     489                  2.2336619862462842E-001                 -7.4418793867338839E-001                  6.5883132642560351E+000                 -2.3043455337858370E+000                  1.2197456310584327E+001                  3.5602334934140402E-005                  4.1098900897060991E-001                  5.8897538869445598E-001                  2.3736187649605736E-111                  1.4231060132297197E-113                  0.0000000000000000E+000 
                                     490                  2.2336600007149865E-001                 -7.4558978856569103E-001                  6.5904567911607987E+000                 -2.2950711018272494E+000                  1.2207852974532896E+001                  3.5601565639839295E-005                  4.1100089069095863E-001                  5.8896350774340145E-001                  2.7642431941253863E-111                  1.6726135967871047E-113                  0.0000000000000000E+000 
                                     491                  2.2336580151646471E-001                 -7.4697530709246751E-001                  6.5925757675620584E+000                 -2.2859031349520267E+000                  1.2218135498617372E+001                  3.5600123440212477E-005                  4.1102316540769857E-001                  5.8894123446886115E-001                  3.2129237579774811E-111                  1.9617427437427519E-113                  0.0000000000000000E+000 
                                     492                  2.2336560296021832E-001                 -7.4834486270420453E-001                  6.5957144016808682E+000                 -2.2724293773103379E+000                  1.2233303742622033E+001                  3.5599304173422638E-005                  4.1103581895112207E-001                  5.8892858174470453E-001                  4.0119851760967710E-111                  2.4827695602558771E-113                  0.0000000000000000E+000 
                                     493                  2.2336520584434708E-001                 -7.5103781540014825E-001                  6.5987911038557545E+000                 -2.2590043021622019E+000                  1.2248321896459798E+001                  3.5597881651669333E-005                  4.1105778974371415E-001                  5.8890661237463415E-001                  4.9882051705445821E-111                  3.1276066746169947E-113                  0.0000000000000000E+000 
                                     494                  2.2336500728402989E-001                 -7.5236157364522205E-001                  6.6018272237331503E+000                 -2.2459685080471994E+000                  1.2263013338589055E+001                  3.5596689426706028E-005                  4.1107620361126629E-001                  5.8888819969930695E-001                  6.1783575649185015E-111                  3.9241885072362754E-113                  0.0000000000000000E+000 
                                     495                  2.2336461015842041E-001                 -7.5496590422429621E-001                  6.6048056731307243E+000                 -2.2329792308730472E+000                  1.2277563343598821E+001                  3.5595985477345223E-005                  4.1108707608136980E-001                  5.8887732793315284E-001                  7.6215905987588266E-111                  4.9026010910290288E-113                  0.0000000000000000E+000 
                                     496                  2.2336441159468687E-001                 -7.5624679216380186E-001                  6.6077462067029931E+000                 -2.2203582029500555E+000                  1.2291806149305746E+001                  3.5593996747157226E-005                  4.1111779194052561E-001                  5.8884661406272731E-001                  9.3690505555632331E-111                  6.1018645802752492E-113                  0.0000000000000000E+000 
                                     497                  2.2336401446249610E-001                 -7.5876809190452199E-001                  6.6106328293184280E+000                 -2.2077830345784708E+000                  1.2305915503083327E+001                  3.5592560038339990E-005                  4.1113998185127221E-001                  5.8882442558868942E-001                  1.1473782207880440E-110                  7.5642294263606405E-113                  0.0000000000000000E+000 
                                     498                  2.2336381589483542E-001                 -7.6000880084453404E-001                  6.6134839426726240E+000                 -2.1955497148255576E+000                  1.2319735621423405E+001                  3.5591718963415467E-005                  4.1115297222010022E-001                  5.8881143606093644E-001                  1.4004569975793623E-110                  9.3445650499494442E-113                  0.0000000000000000E+000 
                                     499                  2.2336341875420876E-001                 -7.6245220173572237E-001                  6.6162845637215622E+000                 -2.1833625529202969E+000                  1.2333429672293382E+001                  3.5590935953048181E-005                  4.1116506578414580E-001                  5.8879934327990113E-001                  1.7033667591588898E-110                  1.1500780496483336E-112                  0.0000000000000000E+000 
                                     500                  2.2336322018093049E-001                 -7.6365517930110971E-001                  6.6190518336614774E+000                 -2.1714967134364715E+000                  1.2346850935995850E+001                  3.5590742910731586E-005                  4.1116804731505424E-001                  5.8879636194203511E-001                  2.0653330533896637E-110                  1.4108601073316792E-112                  0.0000000000000000E+000 
                                     501                  2.2336282303084437E-001                 -7.6602536122712295E-001                  6.6226742528128471E+000                 -2.1558635132552642E+000                  1.2364497884273705E+001                  3.5589098480989267E-005                  4.1119344546705233E-001                  5.8877096543446661E-001                  2.6571690127339503E-110                  1.8429018430382551E-112                  0.0000000000000000E+000 
                                     502                  2.2336242587540697E-001                 -7.6834914368172913E-001                  6.6253427036872754E+000                 -2.1442792896673026E+000                  1.2377550375931520E+001                  3.5587610163722543E-005                  4.1121643246783335E-001                  5.8874797992200301E-001                  3.1983941515447532E-110                  2.2431095046728451E-112                  0.0000000000000000E+000 
                                     503                  2.2336222729569558E-001                 -7.6949410880833002E-001                  6.6279808838515022E+000                 -2.1329856645913541E+000                  1.2390354513432833E+001                  3.5586721424574452E-005                  4.1123015900837673E-001                  5.8873425427019876E-001                  3.8390173644859498E-110                  2.7222388249659189E-112                  0.0000000000000000E+000 
                                     504                  2.2336183013322239E-001                 -7.7175163309330419E-001                  6.6314373359361456E+000                 -2.1180984607324307E+000                  1.2407200125609069E+001                  3.5584949147356227E-005                  4.1125753175891100E-001                  5.8870688329194165E-001                  4.8751516531610887E-110                  3.5070063540217147E-112                  0.0000000000000000E+000 
                                     505                  2.2336143296404329E-001                 -7.7396708427955896E-001                  6.6356758635002828E+000                 -2.0999713672108351E+000                  1.2427784424712428E+001                  3.5583315397844975E-005                  4.1128276495445298E-001                  5.8868165173014919E-001                  6.5278171349024609E-110                  4.7793094461387177E-112                  0.0000000000000000E+000 
                                     506                  2.2336083720351865E-001                 -7.7721512634081102E-001                  6.6398109021978220E+000                 -2.0820806499699320E+000                  1.2448020373000128E+001                  3.5580734883532941E-005                  4.1132262089397070E-001                  5.8864179837114583E-001                  8.6761420661632266E-110                  6.4615478718113077E-112                  0.0000000000000000E+000 
                                     507                  2.2336044002238967E-001                 -7.7933202693092118E-001                  6.6422493127306899E+000                 -2.0715427140220273E+000                  1.2459951704875959E+001                  3.5579605914780033E-005                  4.1134005777065447E-001                  5.8862436262343076E-001                  1.0256731531869394E-109                  7.7159780112807585E-112                  0.0000000000000000E+000 
                                     508                  2.2336024143126151E-001                 -7.8037645536322375E-001                  6.6446623763395722E+000                 -2.0612465017727559E+000                  1.2471674822785840E+001                  3.5578446334369045E-005                  4.1135796744306996E-001                  5.8860645411059564E-001                  1.2097246033579349E-109                  9.1914981546533822E-112                  0.0000000000000000E+000 
                                     509                  2.2335984424515024E-001                 -7.8243838333435589E-001                  6.6478284293538392E+000                 -2.0476631632815439E+000                  1.2487114669161464E+001                  3.5576076429223904E-005                  4.1139457053161960E-001                  5.8856985339195123E-001                  1.5019050577597424E-109                  1.1560394901110014E-111                  0.0000000000000000E+000 
                                     510                  2.2335944705185340E-001                 -7.8446527887566131E-001                  6.6517168246690055E+000                 -2.0310850402166012E+000                  1.2506015836861142E+001                  3.5574304538374684E-005                  4.1142193731339671E-001                  5.8854248838206491E-001                  1.9572118083573133E-109                  1.5307260359320694E-111                  0.0000000000000000E+000 
                                     511                  2.2335885124631441E-001                 -7.8744282449370395E-001                  6.6555174558103518E+000                 -2.0147083631114659E+000                  1.2524621838860314E+001                  3.5571173291195577E-005                  4.1147029929772766E-001                  5.8849412952898117E-001                  2.5347964542343245E-109                  2.0133469783514731E-111                  0.0000000000000000E+000 
                                     512                  2.2335845403489349E-001                 -7.8938722735338074E-001                  6.6585069305793354E+000                 -2.0019071402381150E+000                  1.2539208112441028E+001                  3.5570288372479989E-005                  4.1148396683094685E-001                  5.8848046288068068E-001                  3.1043577038682365E-109                  2.4960956259115609E-111                  0.0000000000000000E+000 
                                     513                  2.2335805681847343E-001                 -7.9130050110174677E-001                  6.6629129496478861E+000                 -1.9832563337595108E+000                  1.2560572917987415E+001                  3.5567300023219884E-005                  4.1153012176234050E-001                  5.8843431093763621E-001                  4.1802316968282295E-109                  3.4217939078458609E-111                  0.0000000000000000E+000 
                                     514                  2.2335726236589326E-001                 -7.9503846450354299E-001                  6.6671987847862804E+000                 -1.9647325772139559E+000                  1.2581632333765469E+001                  3.5564236858924578E-005                  4.1157743220808601E-001                  5.8838700355505513E-001                  5.5837012921827791E-109                  4.6505169739070410E-111                  0.0000000000000000E+000 
                                     515                  2.2335686512770433E-001                 -7.9686424728627758E-001                  6.6700086206035181E+000                 -1.9527282606562462E+000                  1.2595350842242789E+001                  3.5562091192649734E-005                  4.1161057193466960E-001                  5.8835386597413775E-001                  6.7454704016516206E-109                  5.6820977324163784E-111                  0.0000000000000000E+000 
                                     516                  2.2335646787986818E-001                 -7.9866266980283784E-001                  6.6741541952673886E+000                 -1.9352032056579305E+000                  1.2615472751337853E+001                  3.5559113252683920E-005                  4.1165656609365103E-001                  5.8830787479309632E-001                  8.9054087346158045E-109                  7.6276806598203004E-111                  0.0000000000000000E+000 
                                     517                  2.2335567334623196E-001                 -8.0218139414811140E-001                  6.6781930961236720E+000                 -1.9177930744816860E+000                  1.2635323272883710E+001                  3.5556030939794553E-005                  4.1170417228714196E-001                  5.8826027168191830E-001                  1.1673689139999916E-108                  1.0161971163986760E-110                  0.0000000000000000E+000 
                                     518                  2.2335527605843661E-001                 -8.0390261301728405E-001                  6.6808436012620653E+000                 -1.9064899617346172E+000                  1.2648271346319348E+001                  3.5554440174876663E-005                  4.1172874158421069E-001                  5.8823570397561442E-001                  1.3933166847330375E-108                  1.2258430632056330E-110                  0.0000000000000000E+000 
                                     519                  2.2335487876574114E-001                 -8.0559954973668724E-001                  6.6834570366578960E+000                 -1.8953508019843210E+000                  1.2661039761777994E+001                  3.5552668540754021E-005                  4.1175610439830651E-001                  5.8820834293315272E-001                  1.6583661755593650E-108                  1.4743549291822165E-110                  0.0000000000000000E+000 
                                     520                  2.2335448147304565E-001                 -8.0727288112809614E-001                  6.6860344188005554E+000                 -1.8843735526321155E+000                  1.2673633365098565E+001                  3.5549551407131267E-005                  4.1180424839487489E-001                  5.8816020205371800E-001                  1.9685743367040976E-108                  1.7680759706983262E-110                  0.0000000000000000E+000 
                                     521                  2.2335408417845609E-001                 -8.0892329346322678E-001                  6.6898422193177396E+000                 -1.8683075169832348E+000                  1.2692137829183023E+001                  3.5547330222750617E-005                  4.1183855449308859E-001                  5.8812589817668859E-001                  2.5336613260249005E-108                  2.3104178273834545E-110                  0.0000000000000000E+000 
                                     522                  2.2335328958927700E-001                 -8.1215832035511171E-001                  6.6935601730337684E+000                 -1.8523473278261933E+000                  1.2710411542193714E+001                  3.5543092276048051E-005                  4.1190400939783495E-001                  5.8806044750988895E-001                  3.2418802884852991E-108                  2.9998668038287076E-110                  0.0000000000000000E+000 
                                     523                  2.2335289229468747E-001                 -8.1374367030034378E-001                  6.6960031389353665E+000                 -1.8419631988252951E+000                  1.2722351090526709E+001                  3.5540785334815166E-005                  4.1193964000512662E-001                  5.8802481920953853E-001                  3.8096006873554788E-108                  3.5593405481392096E-110                  0.0000000000000000E+000 
                                     524                  2.2335249500009791E-001                 -8.1530849731207311E-001                  6.6984147682429498E+000                 -1.8317150083077960E+000                  1.2734137560999272E+001                  3.5540007673442362E-005                  4.1195165094725983E-001                  5.8801280904506670E-001                  4.4660463019923771E-108                  4.2128857122495487E-110                  0.0000000000000000E+000 
                                     525                  2.2335209770550835E-001                 -8.1685333442226804E-001                  6.7007958882921317E+000                 -1.8216079428550735E+000                  1.2745774823143613E+001                  3.5536669132143330E-005                  4.1200321452226668E-001                  5.8796124880860123E-001                  5.2241341244045691E-108                  4.9739978895840018E-110                  0.0000000000000000E+000 
                                     526                  2.2335170041091881E-001                 -8.1837872486491103E-001                  6.7043181190997956E+000                 -1.8067890163162970E+000                  1.2762900442231409E+001                  3.5533184699611976E-005                  4.1205703088150863E-001                  5.8790743593379169E-001                  6.5823621120763039E-108                  6.3543264024600325E-110                  0.0000000000000000E+000 
                                     527                  2.2335090582173972E-001                 -8.2137351661645175E-001                  6.7077640140006620E+000                 -1.7920604043982216E+000                  1.2779828139764730E+001                  3.5529657086645903E-005                  4.1211149523855151E-001                  5.8785297510436185E-001                  8.2523613513867225E-108                  8.0744957418099485E-110                  0.0000000000000000E+000 
                                     528                  2.2335050852715016E-001                 -8.2284349536049817E-001                  6.7100308728871356E+000                 -1.7824565822180665E+000                  1.2790904560280660E+001                  3.5529395771952454E-005                  4.1211551392212981E-001                  5.8784895668209824E-001                  9.5704755970137964E-108                  9.4486226223996728E-110                  0.0000000000000000E+000 
                                     529                  2.2335011123256060E-001                 -8.2429591083824549E-001                  6.7122709956673594E+000                 -1.7729726929293628E+000                  1.2801849115467634E+001                  3.5529133260014993E-005                  4.1211955101777320E-001                  5.8784491984896681E-001                  1.1077126346459057E-107                  1.1033360829761983E-109                  0.0000000000000000E+000 
                                     530                  2.2334971393797107E-001                 -8.2573119725437372E-001                  6.7155877423512331E+000                 -1.7590512964712066E+000                  1.2817973451865099E+001                  3.5528761023177536E-005                  4.1212527553594774E-001                  5.8783919570302912E-001                  1.3744851102306776E-107                  1.3870882512531408E-109                  0.0000000000000000E+000 
                                     531                  2.2334891934879197E-001                 -8.2855235090725043E-001                  6.7188373108713648E+000                 -1.7452117235653508E+000                  1.2833922283583581E+001                  3.5528499904052482E-005                  4.1212929117345681E-001                  5.8783518032663906E-001                  1.6980560735763338E-107                  1.7357016100039650E-109                  0.0000000000000000E+000 
                                     532                  2.2334852205420241E-001                 -8.2993870332349295E-001                  6.7209767796939817E+000                 -1.7361795638321351E+000                  1.2844369442261831E+001                  3.5528319250262669E-005                  4.1213206925500884E-001                  5.8783240242574086E-001                  1.9507918974709918E-107                  2.0108827820582929E-109                  0.0000000000000000E+000 
                                     533                  2.2334812475961288E-001                 -8.3130951332552794E-001                  6.7230925316496002E+000                 -1.7272543217150984E+000                  1.2854699254017762E+001                  3.5527924137766549E-005                  4.1213814526779124E-001                  5.8782632680807101E-001                  2.2372453882893912E-107                  2.3253610586722484E-109                  0.0000000000000000E+000 
                                     534                  2.2334772746502332E-001                 -8.3266514504103650E-001                  6.7262275402746861E+000                 -1.7141360019275491E+000                  1.2869933169071635E+001                  3.5527642096094943E-005                  4.1214248248521129E-001                  5.8782198987269263E-001                  2.7391420078140041E-107                  2.8822101571171490E-109                  0.0000000000000000E+000 
                                     535                  2.2334693287584423E-001                 -8.3533251553852672E-001                  6.7303227569158048E+000                 -1.6968899695752946E+000                  1.2889922151487060E+001                  3.5527283500036672E-005                  4.1214799695072141E-001                  5.8781647576577856E-001                  3.5667295597428243E-107                  3.8135785263702455E-109                  0.0000000000000000E+000 
                                     536                  2.2334613828666516E-001                 -8.3794320162241498E-001                  6.7333334435786050E+000                 -1.6841389546433827E+000                  1.2904677131107091E+001                  3.5527034352499632E-005                  4.1215182832440145E-001                  5.8781264464124605E-001                  4.3294586079349587E-107                  4.6837610733858582E-109                  0.0000000000000000E+000 
                                     537                  2.2334574099207560E-001                 -8.3922795944098383E-001                  6.7353175225665396E+000                 -1.6758033168657551E+000                  1.2914355029887094E+001                  3.5526845338271786E-005                  4.1215473497219079E-001                  5.8780973818247095E-001                  4.9174319756877649E-107                  5.3610886138138095E-109                  0.0000000000000000E+000 
                                     538                  2.2334534369748604E-001                 -8.4049947027145422E-001                  6.7372812557667219E+000                 -1.6675587435312544E+000                  1.2923932239181276E+001                  3.5526563313636004E-005                  4.1215907192763190E-001                  5.8780540150905447E-001                  5.5769866072280581E-107                  6.1266939632700036E-109                  0.0000000000000000E+000 
                                     539                  2.2334494640289651E-001                 -8.4175802066727212E-001                  6.7401936440986061E+000                 -1.6554226418081488E+000                  1.2938073689444728E+001                  3.5526155667219700E-005                  4.1216534068589761E-001                  5.8779913315843513E-001                  6.7180443316041617E-107                  7.4640285564043252E-109                  0.0000000000000000E+000 
                                     540                  2.2334415181371742E-001                 -8.4423754097532544E-001                  6.7430544354974788E+000                 -1.6433502793141739E+000                  1.2952080419545439E+001                  3.5525881359066034E-005                  4.1216955897577795E-001                  5.8779491514286297E-001                  8.0658512431475423E-107                  9.0613302287188719E-109                  0.0000000000000000E+000 
                                     541                  2.2334375451912786E-001                 -8.4545883590771309E-001                  6.7458808854389476E+000                 -1.6315911862053081E+000                  1.2965800558045542E+001                  3.5525539462208990E-005                  4.1217481658568494E-001                  5.8778965787485282E-001                  9.6557792876017753E-107                  1.0966576860872602E-108                  0.0000000000000000E+000 
                                     542                  2.2334295992994879E-001                 -8.4786613824524737E-001                  6.7486586989414103E+000                 -1.6198926392274873E+000                  1.2979394008148423E+001                  3.5525015091481304E-005                  4.1218288012786697E-001                  5.8778159485704151E-001                  1.1523416609454112E-106                  1.3228530417624796E-108                  0.0000000000000000E+000 
                                     543                  2.2334256263535923E-001                 -8.4905244306356198E-001                  6.7514041090950609E+000                 -1.6084873591709858E+000                  1.2992717448929193E+001                  3.5524826100022591E-005                  4.1218578631039388E-001                  5.8777868886350615E-001                  1.3714391829890357E-106                  1.5911072463601495E-108                  0.0000000000000000E+000 
                                     544                  2.2334176804618014E-001                 -8.5139185159589315E-001                  6.7549995573169319E+000                 -1.5934666133856943E+000                  1.3010235194645007E+001                  3.5524467518619176E-005                  4.1219130023748185E-001                  5.8777317529499951E-001                  1.7220827212670155E-106                  2.0257020651090530E-108                  0.0000000000000000E+000 
                                     545                  2.2334097345700107E-001                 -8.5368820720168737E-001                  6.7576491894549982E+000                 -1.5823399751191172E+000                  1.3023192043600320E+001                  3.5524282653543041E-005                  4.1219414288534989E-001                  5.8777033283199653E-001                  2.0362210012440256E-106                  2.4196920729615979E-108                  0.0000000000000000E+000 
                                     546                  2.2334057616241151E-001                 -8.5482068371126951E-001                  6.7602693007039800E+000                 -1.5714790415668369E+000                  1.3035903490450748E+001                  3.5524114885885169E-005                  4.1219672259774093E-001                  5.8776775328737318E-001                  2.4016837239439563E-106                  2.8827551619361997E-108                  0.0000000000000000E+000 
                                     547                  2.2333978157323242E-001                 -8.5705552162746634E-001                  6.7637034020564979E+000                 -1.5571665275958773E+000                  1.3052627577913501E+001                  3.5523861723730850E-005                  4.1220061534686042E-001                  5.8776386079141585E-001                  2.9810341215791835E-106                  3.6254064164795161E-108                  0.0000000000000000E+000 
                                     548                  2.2333898698405336E-001                 -8.5925125459679597E-001                  6.7662360845369225E+000                 -1.5465582887334663E+000                  1.3065005456880453E+001                  3.5523659666387675E-005                  4.1220372225835317E-001                  5.8776075408198047E-001                  3.4954102427204888E-106                  4.2922133627338751E-108                  0.0000000000000000E+000 
                                     549                  2.2333858968946380E-001                 -8.6033484067372901E-001                  6.7687417783660253E+000                 -1.5361912754645997E+000                  1.3077159323279306E+001                  3.5523544941634323E-005                  4.1220548623664716E-001                  5.8775899021841127E-001                  4.0892865431838747E-106                  5.0696083978763831E-108                  0.0000000000000000E+000 
                                     550                  2.2333779510028470E-001                 -8.6247456798058919E-001                  6.7720283752587251E+000                 -1.5225221467855332E+000                  1.3093159440989780E+001                  3.5523455978092258E-005                  4.1220685409324387E-001                  5.8775762245077812E-001                  5.0226535909341771E-106                  6.3050199369170340E-108                  0.0000000000000000E+000 
                                     551                  2.2333700051110564E-001                 -8.6457861330093622E-001                  6.7744539269563884E+000                 -1.5123994104693821E+000                  1.3105008546225520E+001                  3.5516628390437616E-005                  4.1231182584750631E-001                  5.8765265752410323E-001                  5.8458266438067743E-106                  7.4030018372600626E-108                  0.0000000000000000E+000 
                                     552                  2.2333660321651608E-001                 -8.6561762355084637E-001                  6.7768546840561665E+000                 -1.5024823421203526E+000                  1.3116652348817924E+001                  3.5516628384670561E-005                  4.1231182593615628E-001                  5.8765265743545902E-001                  6.7884068212928091E-106                  8.6752333091340642E-108                  0.0000000000000000E+000 
                                     553                  2.2333580862733698E-001                 -8.6767052413665668E-001                  6.7792202667315360E+000                 -1.4926081455665692E+000                  1.3128205661695297E+001                  3.5516628378903406E-005                  4.1231182602480648E-001                  5.8765265734681460E-001                  7.8657395766819501E-106                  1.0142390828990486E-107                  0.0000000000000000E+000 
                                     554                  2.2333541133274745E-001                 -8.6868459179001956E-001                  6.7815623251321799E+000                 -1.4829429278187116E+000                  1.3139563789249033E+001                  3.5516628373136324E-005                  4.1231182611345635E-001                  5.8765265725817051E-001                  9.0962915117087166E-106                  1.1833347411946602E-107                  0.0000000000000000E+000 
                                     555                  2.2333461674356836E-001                 -8.7068886368400433E-001                  6.7846376788760709E+000                 -1.4701897047139516E+000                  1.3154529250811590E+001                  3.5516628292131650E-005                  4.1231182735862787E-001                  5.8765265601307992E-001                  1.1006914036697296E-105                  1.4485894455839715E-107                  0.0000000000000000E+000 
                                     556                  2.2333382215438927E-001                 -8.7266205737587366E-001                  6.7876645318616635E+000                 -1.4576465924073070E+000                  1.3169256967912620E+001                  3.5516628235565360E-005                  4.1231182822814222E-001                  5.8765265514362219E-001                  1.3273515945502480E-105                  1.7669026135288579E-107                  0.0000000000000000E+000 
                                     557                  2.2333302756521023E-001                 -8.7460518438669066E-001                  6.7899014182932618E+000                 -1.4483365472358378E+000                  1.3180175243108140E+001                  3.5516383870781235E-005                  4.1231558450407885E-001                  5.8764889911205032E-001                  1.5241298608702417E-105                  2.0459323531285944E-107                  0.0000000000000000E+000 
                                     558                  2.2333263027062064E-001                 -8.7556573250201397E-001                  6.7921173110761632E+000                 -1.4392116927650198E+000                  1.3190919210885854E+001                  3.5516383414596733E-005                  4.1231559151636071E-001                  5.8764889210022475E-001                  1.7470449161942874E-105                  2.3647375550513101E-107                  0.0000000000000000E+000 
                                     559                  2.2333183568144155E-001                 -8.7746555268879622E-001                  6.7957544816630575E+000                 -1.4242401430350542E+000                  1.3208555304126495E+001                  3.5516382654289220E-005                  4.1231560320349647E-001                  5.8764888041384922E-001                  2.1848100891233986E-105                  2.9978211490086141E-107                  0.0000000000000000E+000 
                                     560                  2.2333064379767292E-001                 -8.8026373213727038E-001                  6.7993169471867780E+000                 -1.4094435818176578E+000                  1.3225936709664179E+001                  3.5516381871599301E-005                  4.1231561523468579E-001                  5.8764886838344266E-001                  2.7191513582463182E-105                  3.7809721717567394E-107                  0.0000000000000000E+000 
                                     561                  2.2332984920849383E-001                 -8.8209578055330840E-001                  6.8014234066714465E+000                 -1.4007028890057989E+000                  1.3236211045975658E+001                  3.5516381380267560E-005                  4.1231562278723721E-001                  5.8764886083138257E-001                  3.0938785549525949E-105                  4.3359413822999780E-107                  0.0000000000000000E+000 
                                     562                  2.2332945191390433E-001                 -8.8300208890543885E-001                  6.8035113199764243E+000                 -1.3921258248151429E+000                  1.3246331065774351E+001                  3.5516380891543895E-005                  4.1231563029969670E-001                  5.8764885331941175E-001                  3.5149143391985211E-105                  4.9644365562786608E-107                  0.0000000000000000E+000 
                                     563                  2.2332865732472523E-001                 -8.8479590132153463E-001                  6.8069417062662190E+000                 -1.3780400191551174E+000                  1.3262958054958025E+001                  3.5516380081988293E-005                  4.1231564274385440E-001                  5.8764884087606362E-001                  4.3329199633881729E-105                  6.1982749186061407E-107                  0.0000000000000000E+000 
                                     564                  2.2332746544095655E-001                 -8.8744097359682494E-001                  6.8103059495151363E+000                 -1.3641094730721330E+000                  1.3279359350646091E+001                  3.5516379274011330E-005                  4.1231565516374580E-001                  5.8764882845698019E-001                  5.3187494718440424E-105                  7.7039938432131012E-107                  0.0000000000000000E+000 
                                     565                  2.2332667085177751E-001                 -8.8917472738515957E-001                  6.8129585503313681E+000                 -1.3531851944371267E+000                  1.3292249728410942E+001                  3.5516371554308801E-005                  4.1231577382783385E-001                  5.8764870980061179E-001                  6.2489309151258236E-105                  9.1405799616906009E-107                  0.0000000000000000E+000 
                                     566                  2.2332587626259842E-001                 -8.9088564944559723E-001                  6.8155754286830534E+000                 -1.3424152410983561E+000                  1.3304964415805307E+001                  3.5516371554308808E-005                  4.1231577382783391E-001                  5.8764870980061179E-001                  7.3237023667105184E-105                  1.0816725071887624E-106                  0.0000000000000000E+000 
                                     567                  2.2332508167341933E-001                 -8.9257437787080973E-001                  6.8188006664897092E+000                 -1.3292080104511290E+000                  1.3320588401129982E+001                  3.5516371554308801E-005                  4.1231577382783385E-001                  5.8764870980061179E-001                  8.9011667619745002E-105                  1.3303767326271646E-106                  0.0000000000000000E+000 
                                     568                  2.2332388978965070E-001                 -8.9506732722059101E-001                  6.8225982314871221E+000                 -1.3136015049512930E+000                  1.3339034240071069E+001                  3.5516371554308808E-005                  4.1231577382783385E-001                  5.8764870980061179E-001                  1.1194863901857477E-104                  1.6967240650862968E-106                  0.0000000000000000E+000 
                                     569                  2.2332269790588208E-001                 -8.9751366304903368E-001                  6.8257047016934074E+000                 -1.3007940464003189E+000                  1.3354160269811185E+001                  3.5516371554308801E-005                  4.1231577382783385E-001                  5.8764870980061179E-001                  1.3499706563616460E-104                  2.0695051514217604E-106                  0.0000000000000000E+000 
                                     570                  2.2332190331670299E-001                 -8.9911948925954188E-001                  6.8281569328013445E+000                 -1.2907339643796452E+000                  1.3366065273466246E+001                  3.5516371554308781E-005                  4.1231577382783402E-001                  5.8764870980061168E-001                  1.5643628439059939E-104                  2.4198012619090551E-106                  0.0000000000000000E+000 
                                     571                  2.2332110872752389E-001                 -9.0070594123901282E-001                  6.8305787563217608E+000                 -1.2808045928554428E+000                  1.3377820847638860E+001                  3.5516371554308801E-005                  4.1231577382783385E-001                  5.8764870980061179E-001                  1.8090406797503889E-104                  2.8231631915424779E-106                  0.0000000000000000E+000 
                                     572                  2.2332031413834483E-001                 -9.0227351740985329E-001                  6.8335668821755071E+000                 -1.2686108858384131E+000                  1.3392285424329122E+001                  3.5515761625522566E-005                  4.1232514943108389E-001                  5.8763933480729058E-001                  2.1633586038649237E-104                  3.4129913879813055E-106                  0.0000000000000000E+000 
                                     573                  2.2331912225457617E-001                 -9.0459064929225685E-001                  6.8370903682037119E+000                 -1.2541842437585005E+000                  1.3409384142731440E+001                  3.5515167888363552E-005                  4.1233427573595149E-001                  5.8763020909616015E-001                  2.6703859832907968E-104                  4.2671395049693067E-106                  0.0000000000000000E+000 
                                     574                  2.2331793037080755E-001                 -9.0686792641043579E-001                  6.8399766232242536E+000                 -1.2423299019387604E+000                  1.3423422926802031E+001                  3.5515044958475014E-005                  4.1233616525591782E-001                  5.8762831969912366E-001                  3.1721434790416842E-104                  5.1223292273488029E-106                  0.0000000000000000E+000 
                                     575                  2.2331713578162846E-001                 -9.0836462305796550E-001                  6.8428254853184738E+000                 -1.2307260025839390E+000                  1.3437207825280391E+001                  3.5515044815967236E-005                  4.1233616744577217E-001                  5.8762831750941191E-001                  3.7577063324396081E-104                  6.1309114535101611E-106                  0.0000000000000000E+000 
                                     576                  2.2331594389785983E-001                 -9.1057866043443636E-001                  6.8453495443602224E+000                 -1.2203539048061651E+000                  1.3449495434872690E+001                  3.5515044687710334E-005                  4.1233616941664081E-001                  5.8762831553867145E-001                  4.3659635022679212E-104                  7.1887176396136628E-106                  0.0000000000000000E+000 
                                     577                  2.2331534795597552E-001                 -9.1167197992565929E-001                  6.8478473001072819E+000                 -1.2102096695640487E+000                  1.3461564172917893E+001                  3.5515016028464073E-005                  4.1233660981096193E-001                  5.8762787517300963E-001                  5.0621022631845672E-104                  8.4105117344468064E-106                  0.0000000000000000E+000 
                                     578                  2.2331415607220689E-001                 -9.1383226096713055E-001                  6.8503079196705636E+000                 -1.2001102510464545E+000                  1.3473539267897136E+001                  3.5514985909567364E-005                  4.1233707263510466E-001                  5.8762741237898575E-001                  5.8563708934432375E-104                  9.8169348671962021E-106                  0.0000000000000000E+000 
                                     579                  2.2331356013032255E-001                 -9.1489940989254881E-001                  6.8527435349276127E+000                 -1.1902266014191976E+000                  1.3485306537251333E+001                  3.5514983591834614E-005                  4.1233710825070685E-001                  5.8762737676570131E-001                  6.7618730438753274E-104                  1.1434715104482067E-105                  0.0000000000000000E+000 
                                     580                  2.2331236824655393E-001                 -9.1700868464692542E-001                  6.8554096851598221E+000                 -1.1793146392129701E+000                  1.3498263494651175E+001                  3.5514981016576275E-005                  4.1233714782359615E-001                  5.8762733719538729E-001                  7.9139377474916731E-104                  1.3511885286358095E-105                  0.0000000000000000E+000 
                                     581                  2.2331157365737483E-001                 -9.1839664790149944E-001                  6.8585688080590614E+000                 -1.1665270482657897E+000                  1.3513508494186839E+001                  3.5514977926265980E-005                  4.1233719531106583E-001                  5.8762728971100797E-001                  9.5291120211784151E-104                  1.6455120942987450E-105                  0.0000000000000000E+000 
                                     582                  2.2330998447901670E-001                 -9.2113064801075328E-001                  6.8616687537310002E+000                 -1.1538097912261396E+000                  1.3528605463482442E+001                  3.5514974835955678E-005                  4.1233724279853518E-001                  5.8762724222662888E-001                  1.1434221837112118E-103                  1.9965439510648431E-105                  0.0000000000000000E+000 
                                     583                  2.2330918988983761E-001                 -9.2247705629887633E-001                  6.8647289060147081E+000                 -1.1414891569040826E+000                  1.3543374153347933E+001                  3.5487860117776462E-005                  4.1275364429900957E-001                  5.8721086784087273E-001                  1.3689540528556911E-103                  2.4124498637831139E-105                  0.0000000000000000E+000 
                                     584                  2.2330760071147945E-001                 -9.2513094106258131E-001                  6.8687293611703995E+000                 -1.1252557734508353E+000                  1.3562773799437505E+001                  3.5460304064453747E-005                  4.1317617682952940E-001                  5.8678836286640612E-001                  1.7312298245581002E-103                  3.0892749306536242E-105                  0.0000000000000000E+000 
                                     585                  2.2330601153312130E-001                 -9.2773430436775350E-001                  6.8716727892904261E+000                 -1.1131982425014786E+000                  1.3577109345059148E+001                  3.5459321403285280E-005                  4.1319122390492125E-001                  5.8677331677367550E-001                  2.0559338487270675E-103                  3.7070958510789836E-105                  0.0000000000000000E+000 
                                     586                  2.2330521694394220E-001                 -9.2901746631168691E-001                  6.8736134829192190E+000                 -1.1053036578449085E+000                  1.3586519407120116E+001                  3.5458678717368479E-005                  4.1320106528509604E-001                  5.8676347603618662E-001                  2.3019493199014073E-103                  4.1792439900744369E-105                  0.0000000000000000E+000 
                                     587                  2.2330442235476311E-001                 -9.3028867975094320E-001                  6.8755351541068377E+000                 -1.0974884827820408E+000                  1.3595837178388759E+001                  3.5458050005671450E-005                  4.1321069291142498E-001                  5.8675384903856931E-001                  2.5741674426194797E-103                  4.7052570717578234E-105                  0.0000000000000000E+000 
                                     588                  2.2330362776558405E-001                 -9.3154818331744205E-001                  6.8783865273788534E+000                 -1.0859681339646936E+000                  1.3609605683093417E+001                  3.5456962537853960E-005                  4.1322734314066728E-001                  5.8673719989679485E-001                  3.0372058077042769E-103                  5.6076213985134352E-105                  0.0000000000000000E+000 
                                     589                  2.2330203858722586E-001                 -9.3403315704885836E-001                  6.8821199822090415E+000                 -1.0707930765146532E+000                  1.3627711245593725E+001                  3.5455304520156424E-005                  4.1325272600360169E-001                  5.8671181869187816E-001                  3.7707206211419348E-103                  7.0536896215049556E-105                  0.0000000000000000E+000 
                                     590                  2.2330044940886773E-001                 -9.3647397631135532E-001                  6.8848707617577718E+000                 -1.0595499530069790E+000                  1.3641104870050485E+001                  3.5453979490600527E-005                  4.1327301004824285E-001                  5.8669153597226653E-001                  4.4214177943342709E-103                  8.3508850696828529E-105                  0.0000000000000000E+000 
                                     591                  2.2329965481968864E-001                 -9.3767827460513742E-001                  6.8875903957442972E+000                 -1.0485712390451727E+000                  1.3654240466918411E+001                  3.5452666106228117E-005                  4.1329311596467688E-001                  5.8667143136921696E-001                  5.1719514616710347E-103                  9.8616416171546333E-105                  0.0000000000000000E+000 
                                     592                  2.2329806564133048E-001                 -9.4005596170565364E-001                  6.8911542170927422E+000                 -1.0341322096412158E+000                  1.3671525639117307E+001                  3.5435757644864668E-005                  4.1355177727163001E-001                  5.8641278697072519E-001                  6.3532300618795576E-103                  1.2253544677052986E-104                  0.0000000000000000E+000 
                                     593                  2.2329647646297229E-001                 -9.4239366245917822E-001                  6.8937820634206854E+000                 -1.0234014381874974E+000                  1.3684321082374902E+001                  3.5435429654538709E-005                  4.1355679458866840E-001                  5.8640776998167699E-001                  7.3896793077146539E-103                  1.4384264264683793E-104                  0.0000000000000000E+000 
                                     594                  2.2329568187379323E-001                 -9.4354783177263146E-001                  6.8963815337578103E+000                 -1.0129112364926183E+000                  1.3696881187243761E+001                  3.5435077580058170E-005                  4.1356218037398274E-001                  5.8640238454843718E-001                  8.5765129743200449E-103                  1.6846776530010104E-104                  0.0000000000000000E+000 
                                     595                  2.2329409269543504E-001                 -9.4582795022925581E-001                  6.8997908400568617E+000                 -9.9907672892201815E-001                  1.3713419420404245E+001                  3.5434643840910544E-005                  4.1356881533921208E-001                  5.8639575001694699E-001                  1.0424496384883265E-102                  2.0721673453060113E-104                  0.0000000000000000E+000 
                                     596                  2.2329250351707688E-001                 -9.4807135860044511E-001                  6.9023068340983214E+000                 -9.8881449038362967E-001                  1.3725669491463444E+001                  3.5434425527496262E-005                  4.1357215468733960E-001                  5.8639241088713290E-001                  1.2037137598560436E-102                  2.4137892076019742E-104                  0.0000000000000000E+000 
                                     597                  2.2329170892789779E-001                 -9.4917963200038491E-001                  6.9045208981648836E+000                 -9.7986859915919877E-001                  1.3736383182975112E+001                  3.5434312686756953E-005                  4.1357388046270871E-001                  5.8639068522460458E-001                  1.3655965498063697E-102                  2.7595927554426398E-104                  0.0000000000000000E+000 
                                     598                  2.2329038461259937E-001                 -9.5100753102997215E-001                  6.9072519151602298E+000                 -9.6879596111401511E-001                  1.3749631819303096E+001                  3.5434067204274379E-005                  4.1357763515796941E-001                  5.8638693077482629E-001                  1.5953122003965818E-102                  3.2545182114094689E-104                  0.0000000000000000E+000 
                                     599                  2.2328906029730092E-001                 -9.5281191124683973E-001                  6.9099457054271696E+000                 -9.5787722794038366E-001                  1.3762700386549369E+001                  3.5433800241743819E-005                  4.1358171833725088E-001                  5.8638284786250738E-001                  1.8592014645709588E-102                  3.8284414324126042E-104                  0.0000000000000000E+000 
                                     600                  2.2328773598200244E-001                 -9.5459342110382894E-001                  6.9126032965004578E+000                 -9.4710811694330033E-001                  1.3775593887088018E+001                  3.5433478331721913E-005                  4.1358664184809557E-001                  5.8637792467357275E-001                  2.1617019542082392E-102                  4.4924467300811234E-104                  0.0000000000000000E+000 
                                     601                  2.2328641166670399E-001                 -9.5635268237991433E-001                  6.9152256723913608E+000                 -9.3648444452741708E-001                  1.3788317116717780E+001                  3.5433106119934554E-005                  4.1359233473899587E-001                  5.8637223215488421E-001                  2.5077429174565228E-102                  5.2589692846616103E-104                  0.0000000000000000E+000 
                                     602                  2.2328508735140551E-001                 -9.5809029131697554E-001                  6.9191019811376560E+000                 -9.2091550453389459E-001                  1.3807019866626392E+001                  3.5432556731745132E-005                  4.1360073696603966E-001                  5.8636383047722862E-001                  3.1207992167780231E-102                  6.6325566917538286E-104                  0.0000000000000000E+000 
                                     603                  2.2328243872080858E-001                 -9.6150325371446266E-001                  6.9228910172847105E+000                 -9.0544614869352813E-001                  1.3825510685158592E+001                  3.5432009573908522E-005                  4.1360910474503770E-001                  5.8635546324538845E-001                  3.8648015243973700E-102                  8.3213900098294595E-104                  0.0000000000000000E+000 
                                     604                  2.2328111440551013E-001                 -9.6317925066235699E-001                  6.9253817528575015E+000                 -8.9536560973473511E-001                  1.3837597071561788E+001                  3.5431641478452835E-005                  4.1361473393448572E-001                  5.8634983442403588E-001                  4.4458507855073478E-102                  9.6545497130519849E-104                  0.0000000000000000E+000 
                                     605                  2.2327979009021165E-001                 -9.6483575083790907E-001                  6.9278416181032183E+000                 -8.8541192087582210E-001                  1.3849534433687953E+001                  3.5431269795513519E-005                  4.1362041786477155E-001                  5.8634415086543301E-001                  5.1042115248249584E-102                  1.1177953464157166E-103                  0.0000000000000000E+000 
                                     606                  2.2327846577491320E-001                 -9.6647324152136227E-001                  6.9302713823893898E+000                 -8.7558180563782495E-001                  1.3861326539089358E+001                  3.5430895462686909E-005                  4.1362614223465882E-001                  5.8633842686987847E-001                  5.8488603816724566E-102                  1.2915487872099260E-103                  0.0000000000000000E+000 
                                     607                  2.2327714145961472E-001                 -9.6809219151965664E-001                  6.9335619132924879E+000                 -8.6234813271706368E-001                  1.3877235317979348E+001                  3.5430372251605122E-005                  4.1363414292050987E-001                  5.8633042670723845E-001                  7.0296782950547284E-102                  1.5698162906882921E-103                  0.0000000000000000E+000 
                                     608                  2.2327483118812433E-001                 -9.7087361766556357E-001                  6.9364915242717737E+000                 -8.5040799520841748E-001                  1.3891531575739242E+001                  3.5429893729247004E-005                  4.1364146008049396E-001                  5.8632311002577686E-001                  8.2804275387621269E-102                  1.8676560846959237E-103                  0.0000000000000000E+000 
                                     609                  2.2327384523193244E-001                 -9.7204434490139924E-001                  6.9390913528516194E+000                 -8.3995482012511935E-001                  1.3904104459599482E+001                  3.5429467268157905E-005                  4.1364798105823702E-001                  5.8631658947449483E-001                  9.5698675033547304E-102                  2.1776402981735178E-103                  0.0000000000000000E+000 
                                     610                  2.2327187331954862E-001                 -9.7435776941075736E-001                  6.9425016765851391E+000                 -8.2616558921533734E-001                  1.3920663920283639E+001                  3.5428899842320963E-005                  4.1365665731871321E-001                  5.8630791378144442E-001                  1.1568253877142806E-101                  2.6629954531132518E-103                  0.0000000000000000E+000 
                                     611                  2.2326990140716479E-001                 -9.7663471050050277E-001                  6.9458545062349195E+000                 -8.1261085406143241E-001                  1.3936946748616426E+001                  3.5428337134208246E-005                  4.1366526119002528E-001                  5.8629931047284045E-001                  1.3933451806343105E-101                  3.2440561805863313E-103                  0.0000000000000000E+000 
                                     612                  2.2326792949478100E-001                 -9.7887639836258888E-001                  6.9491517485721355E+000                 -7.9928239966732839E-001                  1.3952962390628146E+001                  3.5427776739922874E-005                  4.1367382944648340E-001                  5.8629074277677673E-001                  1.6723787629977642E-101                  3.9373069726559476E-103                  0.0000000000000000E+000 
                                     613                  2.2326595758239717E-001                 -9.8108400022317488E-001                  6.9523952783953025E+000                 -7.8617253491118377E-001                  1.3968719813110061E+001                  3.5427225431803804E-005                  4.1368225849644907E-001                  5.8628231427811905E-001                  2.0005511935976347E-101                  4.7616856450338700E-103                  0.0000000000000000E+000 
                                     614                  2.2326398567001335E-001                 -9.8325862509836326E-001                  6.9555867376905551E+000                 -7.7327371589429406E-001                  1.3984227535558837E+001                  3.5426680967347360E-005                  4.1369058270316444E-001                  5.8627399061586827E-001                  2.3853531743388977E-101                  5.7388444800261895E-103                  0.0000000000000000E+000 
                                     615                  2.2326201375762952E-001                 -9.8540132643663425E-001                  6.9587277596677382E+000                 -7.6057891079123996E-001                  1.3999493659336434E+001                  3.5426140201680638E-005                  4.1369885022231440E-001                  5.8626572363748397E-001                  2.8352504036970931E-101                  6.8935191648302792E-103                  0.0000000000000000E+000 
                                     616                  2.2326004184524570E-001                 -9.8751310643105128E-001                  6.9618199016498163E+000                 -7.4808144537661769E-001                  1.4014525894589637E+001                  3.5425596416574582E-005                  4.1370716388930223E-001                  5.8625741051428126E-001                  3.3597835223018275E-101                  8.2538828459219641E-103                  0.0000000000000000E+000 
                                     617                  2.2325806993286187E-001                 -9.8959491937191346E-001                  6.9648646501582423E+000                 -7.3577491255621741E-001                  1.4029331585048121E+001                  3.5425071553225354E-005                  4.1371518794594248E-001                  5.8624938698250428E-001                  3.9696769785072074E-101                  9.8519560285740272E-103                  0.0000000000000000E+000 
                                     618                  2.2325609802047805E-001                 -9.9164767441019308E-001                  6.9678634253795639E+000                 -7.2365325941923253E-001                  1.4043917730855430E+001                  3.5424565611632853E-005                  4.1372292239223724E-001                  5.8624165304215115E-001                  4.6769654505599279E-101                  1.1724034530091895E-102                  0.0000000000000000E+000 
                                     619                  2.2325412610809425E-001                 -9.9367223860397202E-001                  6.9708175849269898E+000                 -7.1171073581797362E-001                  1.4058291009682353E+001                  3.5424071485196551E-005                  4.1373047598793000E-001                  5.8623409994058484E-001                  5.4951250638432781E-101                  1.3911169834011873E-102                  0.0000000000000000E+000 
                                     620                  2.2325215419571043E-001                 -9.9566943958579102E-001                  6.9737284274835778E+000                 -6.9994187352003356E-001                  1.4072457796255984E+001                  3.5423576312219602E-005                  4.1373804546145621E-001                  5.8622653096223165E-001                  6.4392163025156389E-101                  1.6459689976505516E-102                  0.0000000000000000E+000 
                                     621                  2.2325018228332660E-001                 -9.9764006801456717E-001                  6.9765971965648577E+000                 -6.8834138587348093E-001                  1.4086424180442997E+001                  3.5423101166213884E-005                  4.1374530855827490E-001                  5.8621926834055893E-001                  7.5260290658908760E-101                  1.9421790269605542E-102                  0.0000000000000000E+000 
                                     622                  2.2324821037094278E-001                 -9.9958487946663921E-001                  6.9794250837610550E+000                 -6.7690428702716776E-001                  1.4100195983966175E+001                  3.5422637907093021E-005                  4.1375238981536616E-001                  5.8621218754672677E-001                  8.7742593432476180E-101                  2.2856123592792115E-102                  0.0000000000000000E+000 
                                     623                  2.2324623845855895E-001                 -1.0015045967780221E+000                  6.9822132315566314E+000                 -6.6562578554776108E-001                  1.4113778775949324E+001                  3.5422192392574102E-005                  4.1375919958708474E-001                  5.8620537822052277E-001                  1.0204678054463309E-100                  2.6828494704017743E-102                  0.0000000000000000E+000 
                                     624                  2.2324426654617513E-001                 -1.0033999118169841E+000                  6.9849627361305497E+000                 -6.5450132045992115E-001                  1.4127177887338203E+001                  3.5421761285386644E-005                  4.1376578892286475E-001                  5.8619878931584979E-001                  1.1840327222279429E-100                  3.1412575295065808E-102                  0.0000000000000000E+000 
                                     625                  2.2324229463379131E-001                 -1.0052714873395634E+000                  6.9876746497666993E+000                 -6.4352654443345447E-001                  1.4140398424319040E+001                  3.5421334275143798E-005                  4.1377231560546135E-001                  5.8619226306026351E-001                  1.3706725559100747E-100                  3.6690689527781947E-102                  0.0000000000000000E+000 
                                     626                  2.2324032272140748E-001                 -1.0071199586956683E+000                  6.9903499832731226E+000                 -6.3269727592339997E-001                  1.4153445280814431E+001                  3.5420911361845477E-005                  4.1377877963487525E-001                  5.8618579945376292E-001                  1.5832081231642715E-100                  4.2754684137584918E-102                  0.0000000000000000E+000 
                                     627                  2.2323835080902371E-001                 -1.0089459352627010E+000                  6.9929897083726829E+000                 -6.2200949068863243E-001                  1.4166323150113540E+001                  3.5420502031432271E-005                  4.1378503590610372E-001                  5.8617954359186486E-001                  1.8247523583405520E-100                  4.9706858011074067E-102                  0.0000000000000000E+000 
                                     628                  2.2323637889663989E-001                 -1.0107500017870346E+000                  6.9955947596005714E+000                 -6.1145938978524950E-001                  1.4179036535708409E+001                  3.5420088560674544E-005                  4.1379135546937607E-001                  5.8617322444206321E-001                  2.0987373973628323E-100                  5.7660901069388317E-102                  0.0000000000000000E+000 
                                     629                  2.2323440698425606E-001                 -1.0125327199539351E+000                  6.9981660363576479E+000                 -6.0104324296255307E-001                  1.4191589761436706E+001                  3.5419695390714671E-005                  4.1379736456683952E-001                  5.8616721573776975E-001                  2.4089372214051419E-100                  6.6743076998823820E-102                  0.0000000000000000E+000 
                                     630                  2.2323243507187224E-001                 -1.0142946292553441E+000                  7.0019679762147531E+000                 -5.8576094178993043E-001                  1.4210055360060862E+001                  3.5419132703505696E-005                  4.1380596425862054E-001                  5.8615861660867596E-001                  2.9514920329665220E-100                  8.2798108364179650E-102                  7.0911360386406182E-057 
                                     631                  2.2322849124710459E-001                 -1.0177585044824227E+000                  7.0056857419810212E+000                 -5.7056346944001879E-001                  1.4228329709270930E+001                  3.5418600137066546E-005                  4.1381410327310347E-001                  5.8615047812675947E-001                  3.6003667200536438E-100                  1.0223336218368096E-101                  1.2368032851218684E-056 
                                     632                  2.2322651933472076E-001                 -1.0194610244810458E+000                  7.0081302522821503E+000                 -5.6064922292583874E-001                  1.4240282292345402E+001                  3.5418257623077675E-005                  4.1381933771095153E-001                  5.8614524403142543E-001                  4.1011055527288847E-100                  1.1738254734521797E-101                  1.7809466694861867E-056 
                                     633                  2.2322454742233697E-001                 -1.0211446958147876E+000                  7.0105449883056998E+000                 -5.5085261271913133E-001                  1.4252093949186646E+001                  3.5417921413308056E-005                  4.1382447577681070E-001                  5.8614010630177593E-001                  4.6631631927907654E-100                  1.3452183074869489E-101                  2.5516182174643835E-056 
                                     634                  2.2322257550995314E-001                 -1.0228099639419765E+000                  7.0141185326580509E+000                 -5.3645907499776002E-001                  1.4269489573848182E+001                  3.5417453936321749E-005                  4.1383161961000375E-001                  5.8613296293605988E-001                  5.6358746399086842E-100                  1.6447904087119081E-101                  4.3374200556201653E-056 
                                     635                  2.2321863168518549E-001                 -1.0260873509690422E+000                  7.0176174782915153E+000                 -5.2213933587164174E-001                  1.4286717409915203E+001                  3.5417000986866564E-005                  4.1383854131028536E-001                  5.8612604168872773E-001                  1.6277867733847680E-200                  2.0027984224318039E-101                  7.2902454214320802E-056 
                                     636                  2.2321665977280167E-001                 -1.0276999261382829E+000                  7.0199199014549345E+000                 -5.1278505469426550E-001                  1.4297998414623468E+001                  3.5416694869840163E-005                  4.1384321924368450E-001                  5.8612136406144566E-001                  1.7036499528857632E-200                  2.2789839000038731E-101                  1.0249436102909793E-055 
                                     637                  2.2321468786041784E-001                 -1.0292957255303878E+000                  7.0221958132774462E+000                 -5.0353481814395995E-001                  1.4309154424833160E+001                  3.5416389790494222E-005                  4.1384788131044925E-001                  5.8611670229976021E-001                  1.7820461725536579E-200                  2.5889301394925147E-101                  1.4345967383058473E-055 
                                     638                  2.2321271594803402E-001                 -1.0308751210295461E+000                  7.0255663575241138E+000                 -4.8993222932041858E-001                  1.4325601859575077E+001                  3.5413523926967201E-005                  4.1389166974334818E-001                  5.8607291673272488E-001                  1.9042387939965588E-200                  3.1250618784163387E-101                  2.3577248148624377E-055 
                                     639                  2.2320877212326640E-001                 -1.0339864663083000E+000                  7.0288701085435417E+000                 -4.7638802673554603E-001                  1.4341900939464191E+001                  3.5413482914504569E-005                  4.1389229637456820E-001                  5.8607229014251727E-001                  2.0329283294524379E-200                  3.7587922930273866E-101                  3.8351741462157975E-055 
                                     640                  2.2320680021088257E-001                 -1.0355187734331317E+000                  7.0310455375733545E+000                 -4.6752965305356009E-001                  1.4352584607469158E+001                  3.5413455989331466E-005                  4.1389270776585940E-001                  5.8607187877815126E-001                  2.1219740450482841E-200                  4.2432296980474925E-101                  5.2787359412012050E-055 
                                     641                  2.2320482829849875E-001                 -1.0370360398567136E+000                  7.0331971532848305E+000                 -4.5876388683846048E-001                  1.4363156627959773E+001                  3.5413429975183701E-005                  4.1389310523840228E-001                  5.8607148133162257E-001                  2.2138123191302584E-200                  4.7829924111768864E-101                  7.2370086851234206E-055 
                                     642                  2.2320285638611492E-001                 -1.0385385791144650E+000                  7.0353254372844241E+000                 -4.5008866374840045E-001                  1.4373619408985647E+001                  3.5413402477366147E-005                  4.1389352537862062E-001                  5.8607106121890196E-001                  2.3084958608323500E-200                  5.3835903530392463E-101                  9.8834958650350718E-055 
                                     643                  2.2320088447373110E-001                 -1.0400266945591219E+000                  7.0384797025690391E+000                 -4.3730990348067822E-001                  1.4389062062456841E+001                  3.5413359252413877E-005                  4.1389418581251186E-001                  5.8607040082823580E-001                  2.4556984141120297E-200                  6.4120903711050422E-101                  1.5666985911493892E-054 
                                     644                  2.2319694064896345E-001                 -1.0429610726882388E+000                  7.0426015773888855E+000                 -4.2047548405066232E-001                  1.4409362358404142E+001                  3.5413298530335144E-005                  4.1389511358221281E-001                  5.8606947311925683E-001                  2.6627780921960513E-200                  8.0560390541667829E-101                  2.8579224345679165E-054 
                                     645                  2.2319299682419586E-001                 -1.0458411464329980E+000                  7.0456324943326925E+000                 -4.0800183535681495E-001                  1.4424374340252458E+001                  3.5413236509294491E-005                  4.1389606117754213E-001                  5.8606852558594857E-001                  2.8264597786587254E-200                  9.5265373218319231E-101                  4.4435990513569940E-054 
                                     646                  2.2319102491181203E-001                 -1.0472613670928030E+000                  7.0476300126354152E+000                 -3.9982999522129081E-001                  1.4434228128776073E+001                  3.5413152562322470E-005                  4.1389734375596476E-001                  5.8606724309147284E-001                  2.9393368168547078E-200                  1.0636402349486796E-100                  5.9394662757197726E-054 
                                     647                  2.2318905299942821E-001                 -1.0486687928238483E+000                  7.0505922970596799E+000                 -3.8777895392177714E-001                  1.4448786185988940E+001                  3.5412853080989156E-005                  4.1390191934783083E-001                  5.8606266779908811E-001                  3.1143992733772110E-200                  1.2519459900525397E-100                  9.1237297754082876E-054 
                                     648                  2.2318510917466056E-001                 -1.0514464401238328E+000                  7.0544670234121227E+000                 -3.7188882622489450E-001                  1.4467940820111460E+001                  3.5412840610543541E-005                  4.1390210987312248E-001                  5.8606247728626704E-001                  3.3598165811165925E-200                  1.5492060186666062E-100                  1.5983814285880706E-053 
                                     649                  2.2318116534989291E-001                 -1.0541757169491770E+000                  7.0573187830190083E+000                 -3.6010463707530754E-001                  1.4482118151501965E+001                  3.5412831257709468E-005                  4.1390225276709064E-001                  5.8606233440165167E-001                  3.5531480270586934E-200                  1.8119559413857928E-100                  2.4135834824777282E-053 
                                     650                  2.2317919343750911E-001                 -1.0555226704818002E+000                  7.0591992326151498E+000                 -3.5237593180446403E-001                  1.4491432496730376E+001                  3.5412825022486376E-005                  4.1390234802973858E-001                  5.8606223914523892E-001                  3.6861814675057691E-200                  2.0086371708886212E-100                  3.1652287976963644E-053 
                                     651                  2.2317722152512529E-001                 -1.0568581819829146E+000                  7.0619893592101324E+000                 -3.4096612855918673E-001                  1.4505205487442373E+001                  3.5412815669652107E-005                  4.1390249092370768E-001                  5.8606209626062267E-001                  3.8920675274620446E-200                  2.3396284611868677E-100                  4.7283231956354458E-053 
                                     652                  2.2317327770035764E-001                 -1.0594958683472191E+000                  7.0656418455463266E+000                 -3.2591082034364149E-001                  1.4523341516197803E+001                  3.5412797019920832E-005                  4.1390277585703222E-001                  5.8606181134594793E-001                  4.1797911381389321E-200                  2.8563194293255661E-100                  7.9912085774878104E-053 
                                     653                  2.2316933387558999E-001                 -1.0620901431882712E+000                  7.0683320876529727E+000                 -3.1473710083071449E-001                  1.4536775417718708E+001                  3.5412796937833534E-005                  4.1390277711117057E-001                  5.8606181009189162E-001                  0.0000000000000000E+000                  0.0000000000000000E+000                  1.1756491975463989E-052 
                                     654                  2.2316736196320616E-001                 -1.0633713815471129E+000                  7.0701068461702343E+000                 -3.0740161865297094E-001                  1.4545608421039088E+001                  3.5412796878259769E-005                  4.1390277802134556E-001                  5.8606180918177619E-001                  0.0000000000000000E+000                  0.0000000000000000E+000                  1.5158051937213476E-052 
                                     655                  2.2316539005082237E-001                 -1.0646423147636541E+000                  7.0727413337451317E+000                 -2.9656222827212486E-001                  1.4558679712364906E+001                  3.5412796781625744E-005                  4.1390277949773202E-001                  5.8606180770548633E-001                  0.0000000000000000E+000                  0.0000000000000000E+000                  2.2086240044437709E-052 
                                     656                  2.2316144622605472E-001                 -1.0671541049996025E+000                  7.0761924562298049E+000                 -2.8224982903237761E-001                  1.4575903828405185E+001                  3.5412796698845465E-005                  4.1390278076245901E-001                  5.8606180644084216E-001                  0.0000000000000000E+000                  0.0000000000000000E+000                  3.6145248355720113E-052 
                                     657                  2.2315750240128707E-001                 -1.0696266697294035E+000                  7.0795805426919172E+000                 -2.6816722287518463E-001                  1.4592844784562045E+001                  3.5412796657281429E-005                  4.1390278139747949E-001                  5.8606180580586320E-001                  0.0000000000000000E+000                  0.0000000000000000E+000                  5.8565133990507340E-052 
                                     658                  2.2315355857651942E-001                 -1.0720612604242725E+000                  7.0820781741504719E+000                 -2.5770607459708778E-001                  1.4605404845888398E+001                  3.5412796621461510E-005                  4.1390278194474078E-001                  5.8606180525863771E-001                  0.0000000000000000E+000                  0.0000000000000000E+000                  8.3558201112104671E-052 
                                     659                  2.2315158666413559E-001                 -1.0732646205248793E+000                  7.0837267282709595E+000                 -2.5083053706067066E-001                  1.4613671039168302E+001                  3.5412796595426367E-005                  4.1390278234250855E-001                  5.8606180486089610E-001                  0.0000000000000000E+000                  0.0000000000000000E+000                  1.0559945692627219E-051 
                                     660                  2.2314961475175182E-001                 -1.0744589292140858E+000                  7.0861751295466258E+000                 -2.4065966984002821E-001                  1.4625914593470359E+001                  3.5412796553141297E-005                  4.1390278298854632E-001                  5.8606180421490062E-001                  0.0000000000000000E+000                  0.0000000000000000E+000                  1.4940579971188682E-051 
                                     661                  2.2314567092698417E-001                 -1.0768210756481102E+000                  7.0893849924671084E+000                 -2.2721932050818308E-001                  1.4642061206751597E+001                  3.5412796497838353E-005                  4.1390278383347029E-001                  5.8606180337003189E-001                  0.0000000000000000E+000                  0.0000000000000000E+000                  2.3538034772639554E-051 
                                     662                  2.2314172710221652E-001                 -1.0791486371725976E+000                  7.0925387982704766E+000                 -2.1397868033227732E-001                  1.4657959924914696E+001                  3.5412792032656643E-005                  4.1390285205305916E-001                  5.8606173515490823E-001                  0.0000000000000000E+000                  0.0000000000000000E+000                  3.6759417218843839E-051 
                                     663                  2.2313778327744888E-001                 -1.0814426350002986E+000                  7.0956380956172582E+000                 -2.0093114725116351E-001                  1.4673618509470224E+001                  3.5412789037434307E-005                  4.1390289781442813E-001                  5.8606168939653447E-001                  0.0000000000000000E+000                  0.0000000000000000E+000                  5.6922079021036146E-051 
                                     664                  2.2313383945268125E-001                 -1.0837040418560193E+000                  7.0993924897304126E+000                 -1.8911914398407148E-001                  1.4692657580113668E+001                  3.3423995852389336E-005                  4.4309822647566760E-001                  5.5686834952848008E-001                  0.0000000000000000E+000                  0.0000000000000000E+000                  1.1628514999430802E-050 
                                     665                  2.2312800723725557E-001                 -1.0870218122332600E+000                  7.1026528248619663E+000                 -1.7510842379549468E-001                  1.4709512543642674E+001                  3.3341550734652806E-005                  4.4413489008408980E-001                  5.5583176836517556E-001                  0.0000000000000000E+000                  0.0000000000000000E+000                  1.8533847208059155E-050 
                                     666                  2.2312509112954274E-001                 -1.0886557683879097E+000                  7.1047970461622754E+000                 -1.6594235133810517E-001                  1.4720559215089271E+001                  3.3286587322828344E-005                  4.4482599915637161E-001                  5.5514071425630562E-001                  0.0000000000000000E+000                  0.0000000000000000E+000                  2.5164340429048869E-050 
                                     667                  2.2312217502182993E-001                 -1.0902736701876290E+000                  7.1079702169161427E+000                 -1.5244390911123734E-001                  1.4736856043937850E+001                  3.3203965391440624E-005                  4.4587470406667068E-001                  5.5409209196793796E-001                  0.0000000000000000E+000                  0.0000000000000000E+000                  3.9529560650573328E-050 
                                     668                  2.2311634280640424E-001                 -1.0934629153812896E+000                  7.1121043992667721E+000                 -1.3464380576502871E-001                  1.4758280426175364E+001                  3.3094392195094440E-005                  4.4723283960747906E-001                  5.5273406600032582E-001                  0.0000000000000000E+000                  0.0000000000000000E+000                  7.1157321081435106E-050 
                                     669                  2.2311051059097858E-001                 -1.0965916236269737E+000                  7.1151351629986728E+000                 -1.2144268457436555E-001                  1.4774124210494271E+001                  3.3012570903369625E-005                  4.4822717588656624E-001                  5.5173981154253038E-001                  0.0000000000000000E+000                  0.0000000000000000E+000                  1.0945022610987924E-049 
                                     670                  2.2310759448326575E-001                 -1.0981338450906255E+000                  7.1171295258618885E+000                 -1.1279396233767362E-001                  1.4784519227115325E+001                  3.2958127976034858E-005                  4.4888252659874356E-001                  5.5108451527328040E-001                  0.0000000000000000E+000                  0.0000000000000000E+000                  1.4520451719718480E-049 
                                     671                  2.2310467837555290E-001                 -1.0996617744816364E+000                  7.1200825760671851E+000                 -1.0003854871419823E-001                  1.4799870246795425E+001                  3.2876620485755348E-005                  4.4985424245618855E-001                  5.5011288092332578E-001                  0.0000000000000000E+000                  0.0000000000000000E+000                  2.2046806455425397E-049 
                                     672                  2.2309884616012726E-001                 -1.1026760668225788E+000                  7.1229738176386297E+000                 -8.7320065164207969E-002                  1.4815106898656483E+001                  3.2795249530643178E-005                  4.5081645836974732E-001                  5.4915074638072203E-001                  0.0000000000000000E+000                  0.0000000000000000E+000                  3.3193413252390278E-049 
                                     673                  2.2309593005241443E-001                 -1.1041626669534750E+000                  7.1248770127590610E+000                 -7.8980393469811491E-002                  1.4825109934810605E+001                  3.2741164623440196E-005                  4.5144563145451927E-001                  5.4852162738085730E-001                  0.0000000000000000E+000                  0.0000000000000000E+000                  4.3426766477332071E-049 
                                     674                  2.2309301394470157E-001                 -1.1056359778317133E+000                  7.1276960123789284E+000                 -6.6670697410837379E-002                  1.4839891050867744E+001                  3.2660280856943383E-005                  4.5237093479527607E-001                  5.4759640492386696E-001                  0.0000000000000000E+000                  0.0000000000000000E+000                  6.4600003787629013E-049 
                                     675                  2.2308718172927591E-001                 -1.1085438887672472E+000                  7.1313736534277048E+000                 -5.0419547643858129E-002                  1.4859350502666830E+001                  3.2552635824652961E-005                  4.5359015349848769E-001                  5.4637729386568767E-001                  0.0000000000000000E+000                  0.0000000000000000E+000                  1.0843231842299030E-048 
                                     676                  2.2308134951385022E-001                 -1.1114013361339898E+000                  7.1340731202652048E+000                 -3.8350818674447590E-002                  1.4873761416536453E+001                  3.2472193132184836E-005                  4.5448129920043601E-001                  5.4548622860643181E-001                  0.0000000000000000E+000                  0.0000000000000000E+000                  1.5855047733241135E-048 
                                     677                  2.2307843340613739E-001                 -1.1128115544351860E+000                  7.1358508921386097E+000                 -3.0429054415673201E-002                  1.4883230474944073E+001                  3.2418699664974165E-005                  4.5506460522760778E-001                  5.4490297607272731E-001                  0.0000000000000000E+000                  0.0000000000000000E+000                  2.0351903112566932E-048 
                                     678                  2.2307551729842456E-001                 -1.1142097801251505E+000                  7.1384852937310059E+000                 -1.8726038584576929E-002                  1.4897234044551725E+001                  3.2338563077523086E-005                  4.5593239162035354E-001                  5.4403526981656891E-001                  0.0000000000000000E+000                  0.0000000000000000E+000                  2.9443258656115644E-048 
                                     679                  2.2306968508299890E-001                 -1.1169712409753245E+000                  7.1419243584267189E+000                 -3.2641810259996726E-003                  1.4915683003941199E+001                  3.2231976391327792E-005                  4.5706478898715119E-001                  5.4290297903645746E-001                  0.0000000000000000E+000                  0.0000000000000000E+000                  4.7674448099352355E-048 
                                     680                  2.2306385286757324E-001                 -1.1196870116620243E+000                  7.1452889038020082E+000                  1.1953621456756032E-002                  1.4933818624165212E+001                  3.2125686339993622E-005                  4.5817014431441427E-001                  5.4179772999924580E-001                  0.0000000000000000E+000                  0.0000000000000000E+000                  7.6338943213800307E-048 
                                     681                  2.2305802065214755E-001                 -1.1223585192817691E+000                  7.1485812392632857E+000                  2.6938430057112675E-002                  1.4951651600533122E+001                  3.2020060262987961E-005                  4.5923180221329929E-001                  5.4073617772643767E-001                  0.0000000000000000E+000                  0.0000000000000000E+000                  1.2091817395566534E-047 
                                     682                  2.2305218843672189E-001                 -1.1249871037853143E+000                  7.1518035270819933E+000                  4.1689893928487043E-002                  1.4969192064986711E+001                  3.1913325351733833E-005                  4.6031182857791947E-001                  5.3965625809672879E-001                  0.0000000000000000E+000                  0.0000000000000000E+000                  1.8959939245930507E-047 
                                     683                  2.2304635622129623E-001                 -1.1275740894488415E+000                  7.1549578434036869E+000                  5.6229021590467283E-002                  1.4986449633400778E+001                  3.1808662057713310E-005                  4.6131592175430663E-001                  5.3865226958363566E-001                  0.0000000000000000E+000                  0.0000000000000000E+000                  2.9423276758184337E-047 
                                     684                  2.2304052400587057E-001                 -1.1301206581971255E+000                  7.1580461952307912E+000                  7.0559017984362718E-002                  1.5003433428446558E+001                  3.1705290895450356E-005                  4.6227404522797555E-001                  5.3769424948112898E-001                  0.0000000000000000E+000                  0.0000000000000000E+000                  4.5214101755974208E-047 
                                     685                  2.2303469179044491E-001                 -1.1326279586775341E+000                  7.1610704692807268E+000                  8.4689526813443550E-002                  1.5020152116761455E+001                  3.1603567650537837E-005                  4.6316758930784330E-001                  5.3680080712450617E-001                  0.0000000000000000E+000                  0.0000000000000000E+000                  6.8813489523454982E-047 
                                     686                  2.2302885957501922E-001                 -1.1350970699189287E+000                  7.1640324497291408E+000                  9.8624654344043258E-002                  1.5036613936929818E+001                  3.1502977173472480E-005                  4.6401519602524988E-001                  5.3595330099757665E-001                  0.0000000000000000E+000                  0.0000000000000000E+000                  1.0376841303336225E-046 
                                     687                  2.2302302735959359E-001                 -1.1375290348078857E+000                  7.1669338064474513E+000                  1.1236921277806519E-001                  1.5052826729633709E+001                  3.1403382839132849E-005                  4.6482840311323786E-001                  5.3514019350392306E-001                  0.0000000000000000E+000                  0.0000000000000000E+000                  1.5509498341556110E-046 
                                     688                  2.2301719514416790E-001                 -1.1399248569446896E+000                  7.1697761170228311E+000                  1.2592933792148325E-001                  1.5068797964389406E+001                  3.1304784647518946E-005                  4.6560721057180743E-001                  5.3436148464354505E-001                  0.0000000000000000E+000                  0.0000000000000000E+000                  2.2981830242733816E-046 
                                     689                  2.2301136292874224E-001                 -1.1422854943369565E+000                  7.1725608898025639E+000                  1.3931260476837476E-001                  1.5084534762812250E+001                  3.1207431037539260E-005                  4.6633920627063558E-001                  5.3362958629832691E-001                  0.0000000000000000E+000                  0.0000000000000000E+000                  3.3767789734328334E-046 
                                     690                  2.2300553071331655E-001                 -1.1446118528687830E+000                  7.1750174776705578E+000                  1.5122687865946322E-001                  1.5098517690296310E+001                  3.1120345611535078E-005                  4.6697866682266809E-001                  5.3299021283172032E-001                  0.0000000000000000E+000                  0.0000000000000000E+000                  4.7409246702782099E-046 
                                     691                  2.2300086494097604E-001                 -1.1464488103080508E+000                  7.1771653163281268E+000                  1.6168670692318110E-001                  1.5110782610545918E+001                  3.1043771616027326E-005                  4.6751581857143398E-001                  5.3245313765695002E-001                  0.0000000000000000E+000                  0.0000000000000000E+000                  6.3756731970949576E-046 
                                     692                  2.2299619916863550E-001                 -1.1482648226118146E+000                  7.1803314821680235E+000                  1.7708588008923043E-001                  1.5128847249851090E+001                  3.0930067153298917E-005                  4.6827826639806391E-001                  5.3169080353478271E-001                  0.0000000000000000E+000                  0.0000000000000000E+000                  9.8565398676316108E-046 
                                     693                  2.2298686762395442E-001                 -1.1518360899645999E+000                  7.1839107613827888E+000                  1.9491292714204650E-001                  1.5149650265870370E+001                  3.0799114688915335E-005                  4.6910898611850016E-001                  5.3086021476681089E-001                  0.0000000000000000E+000                  0.0000000000000000E+000                  1.6139020221212938E-045 
                                     694                  2.2297988672773528E-001                 -1.1544557469667514E+000                  7.1868999116979797E+000                  2.0988564613051830E-001                  1.5167104359367153E+001                  3.0688200683570783E-005                  4.6977562418403612E-001                  5.3019368761528030E-001                  0.0000000000000000E+000                  0.0000000000000000E+000                  2.4345506704017968E-045 
                                     695                  2.2297290583151613E-001                 -1.1570324624329622E+000                  7.1898183855608693E+000                  2.2464584774682714E-001                  1.5184278591552840E+001                  3.0578086873303396E-005                  4.7041196582525646E-001                  5.2955745608787019E-001                  0.0000000000000000E+000                  0.0000000000000000E+000                  3.6360946785584914E-045 
                                     696                  2.2296592493529699E-001                 -1.1595674392105730E+000                  7.1926679996656260E+000                  2.3920112232462035E-001                  1.5201181672444745E+001                  3.0468844309524547E-005                  4.7101489642787492E-001                  5.2895463472781556E-001                  0.0000000000000000E+000                  0.0000000000000000E+000                  5.3783284203341627E-045 
                                     697                  2.2295894403907784E-001                 -1.1620618209857518E+000                  7.1950965727011269E+000                  2.5176386387424382E-001                  1.5215734384525216E+001                  3.0374151185732540E-005                  4.7151772367163614E-001                  5.2845190217717808E-001                  0.0000000000000000E+000                  0.0000000000000000E+000                  7.5087897046444664E-045 
                                     698                  2.2295374412671104E-001                 -1.1638940400648654E+000                  7.1971327888712988E+000                  2.6234887470774304E-001                  1.5227986639294596E+001                  3.0293577176674337E-005                  4.7193548774789151E-001                  5.2803421867493183E-001                  0.0000000000000000E+000                  0.0000000000000000E+000                  9.9309332924153315E-045 
                                     699                  2.2294854421434429E-001                 -1.1657047834259182E+000                  7.2001299110331463E+000                  2.7793648570344626E-001                  1.5246032362555319E+001                  3.0173447499819241E-005                  4.7253262600215717E-001                  5.2743720055034293E-001                  0.0000000000000000E+000                  0.0000000000000000E+000                  1.4975155397146600E-044 
                                     700                  2.2293814438961074E-001                 -1.1692639311670379E+000                  7.2030291911220594E+000                  2.9348615039369008E-001                  1.5263922885569775E+001                  3.0054098536893533E-005                  4.7310006425797085E-001                  5.2686988164349224E-001                  0.0000000000000000E+000                  0.0000000000000000E+000                  2.2310584603853399E-044 
                                     701                  2.2293294447724393E-001                 -1.1710127167040933E+000                  7.2049260306672540E+000                  3.0366465829515144E-001                  1.5275637600171544E+001                  2.9974587252328005E-005                  4.7347454966476760E-001                  5.2649547574798006E-001                  0.0000000000000000E+000                  0.0000000000000000E+000                  2.8948329371007317E-044 
                                     702                  2.2292774456487718E-001                 -1.1727416357618690E+000                  7.2077182299847369E+000                  3.1866463972654241E-001                  1.5292904808066771E+001                  2.9855402361557082E-005                  4.7403056762934398E-001                  5.2593957696829441E-001                  0.0000000000000000E+000                  0.0000000000000000E+000                  4.2453463227453495E-044 
                                     703                  2.2291734474014363E-001                 -1.1761417287347669E+000                  7.2113150617136537E+000                  3.3846042946392196E-001                  1.5315590078419071E+001                  2.9697263273278484E-005                  4.7473991769366680E-001                  5.2523038504305997E-001                  0.0000000000000000E+000                  0.0000000000000000E+000                  6.9598876836322757E-044 
                                     704                  2.2290694491541008E-001                 -1.1794666623539920E+000                  7.2139212651313347E+000                  3.5314818853182106E-001                  1.5332354260861599E+001                  2.9578250537483907E-005                  4.7528342543626578E-001                  5.2468699631319671E-001                  0.0000000000000000E+000                  0.0000000000000000E+000                  9.9682119373719111E-044 
                                     705                  2.2290174500304327E-001                 -1.1811016419300384E+000                  7.2156264434155606E+000                  3.6277447563350046E-001                  1.5343343298817659E+001                  2.9498797749145207E-005                  4.7564737328783535E-001                  5.2432312791441549E-001                  0.0000000000000000E+000                  0.0000000000000000E+000                  1.2606765199734983E-043 
                                     706                  2.2289654509067652E-001                 -1.1827188442944214E+000                  7.2181366098197692E+000                  3.7697848521036009E-001                  1.5359557455900550E+001                  2.9379768001036299E-005                  4.7618616421587473E-001                  5.2378445601612422E-001                  8.8368329981634720E-199                  8.4483226065970179E-097                  1.7807420511718550E-043 
                                     707                  2.2288614526594297E-001                 -1.1859014554905039E+000                  7.2213691602498251E+000                  3.9572848357656387E-001                  1.5380876048915841E+001                  2.9220064215420190E-005                  4.7693556372190971E-001                  5.2303521621387494E-001                  9.4926053773817843E-199                  1.0028335302009768E-096                  2.7827610428970628E-043 
                                     708                  2.2287574544120942E-001                 -1.1890166173305952E+000                  7.2244880370977960E+000                  4.1415500736223149E-001                  1.5401773466542011E+001                  2.9059412786466223E-005                  4.7771359788015572E-001                  5.2225734270705781E-001                  1.0178534223845408E-198                  1.1836765848442262E-096                  4.2851864266915909E-043 
                                     709                  2.2286534561647586E-001                 -1.1920666339436805E+000                  7.2274967795521174E+000                  4.3226563006194085E-001                  1.5422265235028094E+001                  2.8896890698734626E-005                  4.7855359179897294E-001                  5.2141751131032832E-001                  1.0894833848129737E-198                  1.3894280599394475E-096                  6.5072620363146571E-043 
                                     710                  2.2285494579174231E-001                 -1.1950537188163861E+000                  7.2303987488909014E+000                  4.5007480907972996E-001                  1.5442366008322331E+001                  2.8733073145594546E-005                  4.7943470483789297E-001                  5.2053656208896149E-001                  0.0000000000000000E+000                  0.0000000000000000E+000                  9.7483680932625323E-043 
                                     711                  2.2284454596700876E-001                 -1.1979799502325981E+000                  7.2324993050716806E+000                  4.6329977876397738E-001                  1.5457242064323550E+001                  2.8608593193811509E-005                  4.8015079917892178E-001                  5.1982059222788446E-001                  0.0000000000000000E+000                  0.0000000000000000E+000                  1.3081893466970706E-042 
                                     712                  2.2283934605464195E-001                 -1.1994207707436935E+000                  7.2338732462969002E+000                  4.7198111423420236E-001                  1.5467010822574549E+001                  2.8524571544206775E-005                  4.8066314972193547E-001                  5.1930832570652030E-001                  0.0000000000000000E+000                  0.0000000000000000E+000                  1.5860235222125272E-042 
                                     713                  2.2283414614227520E-001                 -1.2008471314110705E+000                  7.2358951146519024E+000                  4.8481383574313713E-001                  1.5481448975249970E+001                  2.8397948182253080E-005                  4.8144444018087285E-001                  5.1852716187094483E-001                  0.0000000000000000E+000                  0.0000000000000000E+000                  2.1059337846399152E-042 
                                     714                  2.2282374631754159E-001                 -1.2036575874087829E+000                  7.2384952112597869E+000                  5.0176024253006035E-001                  1.5500456879238053E+001                  2.8226429090264578E-005                  4.8260090639854158E-001                  5.1737086717236813E-001                  0.0000000000000000E+000                  0.0000000000000000E+000                  3.0399364056404969E-042 
                                     715                  2.2281334649280804E-001                 -1.2064129539593482E+000                  7.2410002704663023E+000                  5.1843444331023814E-001                  1.5519124917523994E+001                  2.8052025093043662E-005                  4.8387637310343540E-001                  5.1609557487147151E-001                  0.0000000000000000E+000                  0.0000000000000000E+000                  4.3384974387243814E-042 
                                     716                  2.2280294666807449E-001                 -1.2091149925045479E+000                  7.2434128713809267E+000                  5.3484941821160759E-001                  1.5537464271649938E+001                  2.7875761105746360E-005                  4.8524088537942511E-001                  5.1473123885946914E-001                  0.0000000000000000E+000                  0.0000000000000000E+000                  6.1229598962560261E-042 
                                     717                  2.2279254684334093E-001                 -1.2117653557895125E+000                  7.2457354748952154E+000                  5.5101007638585098E-001                  1.5555485566921572E+001                  2.7697049780649874E-005                  4.8671862720079229E-001                  5.1325367574942704E-001                  0.0000000000000000E+000                  0.0000000000000000E+000                  8.5495769175435910E-042 
                                     718                  2.2278214701860738E-001                 -1.2143656407731038E+000                  7.2479704497115316E+000                  5.6693370631121021E-001                  1.5573198912862168E+001                  2.7517215593489388E-005                  4.8824281758654015E-001                  5.1172966519786645E-001                  0.0000000000000000E+000                  0.0000000000000000E+000                  1.1810767999810215E-041 
                                     719                  2.2277174719387383E-001                 -1.2169173164584639E+000                  7.2511909134919419E+000                  5.9019329868927306E-001                  1.5599066373478605E+001                  2.7244556350753094E-005                  4.9065539078442161E-001                  5.0931736465922761E-001                  0.0000000000000000E+000                  0.0000000000000000E+000                  1.8851303033173532E-041 
                                     720                  2.2275094754440672E-001                 -1.2218815718748117E+000                  7.2541728944232187E+000                  6.1335046606831090E-001                  1.5624586235366035E+001                  2.6970299134205651E-005                  4.9312758608544827E-001                  5.0684544361541750E-001                  0.0000000000000000E+000                  0.0000000000000000E+000                  2.9302252696202727E-041 
                                     721                  2.2274054771967317E-001                 -1.2242956465343997E+000                  7.2556039541900930E+000                  6.2470506223029398E-001                  1.5637075228732725E+001                  2.6833037647797456E-005                  4.9436088201087258E-001                  5.0561228495147970E-001                  0.0000000000000000E+000                  0.0000000000000000E+000                  3.6250323528082594E-041 
                                     722                  2.2273534780730639E-001                 -1.2254862769454866E+000                  7.2565381354632041E+000                  6.3218241949407217E-001                  1.5645294679889869E+001                  2.6741459121853593E-005                  4.9518158504110771E-001                  5.0479167349977039E-001                  0.0000000000000000E+000                  0.0000000000000000E+000                  4.1664251709380341E-041 
                                     723                  2.2273014789493961E-001                 -1.2266662048532690E+000                  7.2579099937907472E+000                  6.4326391369629798E-001                  1.5657468842717719E+001                  2.6603940081993837E-005                  4.9641634516550165E-001                  5.0355705089441638E-001                  0.0000000000000000E+000                  0.0000000000000000E+000                  5.1139119245839781E-041 
                                     724                  2.2271974807020603E-001                 -1.2289946340217106E+000                  7.2596649209051423E+000                  6.5793380908579258E-001                  1.5673521515733189E+001                  2.6420766624471300E-005                  4.9804361592767576E-001                  5.0192996330569972E-001                  0.0000000000000000E+000                  0.0000000000000000E+000                  6.6619858743953729E-041 
                                     725                  2.2270934824547248E-001                 -1.2312819009147793E+000                  7.2621846455101462E+000                  6.7944094044037151E-001                  1.5697015982983910E+001                  2.6146186231933022E-005                  5.0046073661303714E-001                  4.9951311720073088E-001                  0.0000000000000000E+000                  0.0000000000000000E+000                  9.7586384073213583E-041 
                                     726                  2.2268854859600537E-001                 -1.2357378675586461E+000                  7.2644958753120559E+000                  7.0091572435664817E-001                  1.5720211562187272E+001                  2.5876595438990510E-005                  5.0257724119495262E-001                  4.9739688220960843E-001                  0.0000000000000000E+000                  0.0000000000000000E+000                  1.3947878650036248E-040 
                                     727                  2.2267814877127182E-001                 -1.2379075124033299E+000                  7.2655995823852573E+000                  7.1148395427462396E-001                  1.5731582324095641E+001                  2.5743588376611220E-005                  5.0350868966702655E-001                  4.9646556674459685E-001                  0.0000000000000000E+000                  0.0000000000000000E+000                  1.6555266599752778E-040 
                                     728                  2.2267294885890501E-001                 -1.2389781782865978E+000                  7.2663182134827746E+000                  7.1844491576201464E-001                  1.5739073446736636E+001                  2.5654817836490718E-005                  5.0418345103576767E-001                  4.9579089414639588E-001                  0.0000000000000000E+000                  0.0000000000000000E+000                  1.8522891863195612E-040 
                                     729                  2.2266774894653826E-001                 -1.2400396078087428E+000                  7.2673706231609607E+000                  7.2873854355939838E-001                  1.5750179726044228E+001                  2.5520013983400371E-005                  5.0545712646393659E-001                  4.9451735352208004E-001                  0.0000000000000000E+000                  0.0000000000000000E+000                  2.1879333665314536E-040 
                                     730                  2.2265734912180471E-001                 -1.2421354599129708E+000                  7.2687085086317982E+000                  7.4245810475770468E-001                  1.5764834567390633E+001                  2.5345322745574033E-005                  5.0652566319442405E-001                  4.9344899148283039E-001                  0.0000000000000000E+000                  0.0000000000000000E+000                  2.7025863548894998E-040 
                                     731                  2.2264694929707116E-001                 -1.2441954969762241E+000                  7.2706174616703807E+000                  7.6271370922932857E-001                  1.5786322622094961E+001                  2.5089283069266713E-005                  5.0740510911408943E-001                  4.9256980160284136E-001                  0.0000000000000000E+000                  0.0000000000000000E+000                  3.6499639258203967E-040 
                                     732                  2.2262614964760402E-001                 -1.2482111173801145E+000                  7.2723415014331305E+000                  7.8283652058179343E-001                  1.5807548378616874E+001                  2.4839066869138259E-005                  5.0870872935272926E-001                  4.9126643158040162E-001                  0.0000000000000000E+000                  0.0000000000000000E+000                  4.8424319733530755E-040 
                                     733                  2.2261574982287047E-001                 -1.2501680201453045E+000                  7.2734294632468330E+000                  7.9607525625785969E-001                  1.5821386343791456E+001                  2.4676419905080269E-005                  5.0890885816988707E-001                  4.9106646541020782E-001                  0.0000000000000000E+000                  0.0000000000000000E+000                  5.7807969877829488E-040 
                                     734                  2.2260534999813691E-001                 -1.2520917833829965E+000                  7.2744579545633892E+000                  8.0915980616051630E-001                  1.5835032348546003E+001                  2.4517567729420573E-005                  5.0920905139562511E-001                  4.9076643103664552E-001                  0.0000000000000000E+000                  0.0000000000000000E+000                  6.8566365747048184E-040 
                                     735                  2.2259495017340336E-001                 -1.2539832120444421E+000                  7.2754279951499834E+000                  8.2214892349482660E-001                  1.5848490925415399E+001                  2.4359822696648821E-005                  5.0920905139562445E-001                  4.9076658878167889E-001                  0.0000000000000000E+000                  0.0000000000000000E+000                  8.0645862629293000E-040 
                                     736                  2.2258455034866981E-001                 -1.2558428463354869E+000                  7.2767963347984237E+000                  8.4138996853686943E-001                  1.5868255032783090E+001                  2.4126763256021993E-005                  5.0836036030428933E-001                  4.9161551293245465E-001                  0.0000000000000000E+000                  0.0000000000000000E+000                  1.0130485263169274E-039 
                                     737                  2.2256375069920267E-001                 -1.2594689205803065E+000                  7.2779986278638011E+000                  8.6063468082671357E-001                  1.5887784703075791E+001                  2.3895434207987979E-005                  5.0698960695355622E-001                  4.9298649761223579E-001                  0.0000000000000000E+000                  0.0000000000000000E+000                  1.2466952201204665E-039 
                                     738                  2.2255335087446912E-001                 -1.2612360176146058E+000                  7.2787454748250964E+000                  8.7327861973870291E-001                  1.5900535360479678E+001                  2.3742459455024130E-005                  5.0576448095820403E-001                  4.9421177658234094E-001                  0.0000000000000000E+000                  0.0000000000000000E+000                  1.4195858123773208E-039 
                                     739                  2.2254295104973557E-001                 -1.2629733108744234E+000                  7.2796098985414082E+000                  8.8887392191994385E-001                  1.5916169639482309E+001                  2.3552809952696815E-005                  5.0394824710765052E-001                  4.9602820008239679E-001                  0.0000000000000000E+000                  0.0000000000000000E+000                  1.6532537859945122E-039 
                                     740                  2.2252741668139311E-001                 -1.2655140465544661E+000                  7.2805287842304525E+000                  9.0740113473952211E-001                  1.5934603575702967E+001                  2.3326788572353924E-005                  5.0153120788948635E-001                  4.9844546532194134E-001                  0.0000000000000000E+000                  0.0000000000000000E+000                  1.9559322096402448E-039 
                                     741                  2.2251188231305069E-001                 -1.2679912372412330E+000                  7.2813335252682387E+000                  9.2573137935916538E-001                  1.5952685303477887E+001                  2.3102394534462995E-005                  4.9875669380529597E-001                  5.0122020380016963E-001                  0.0000000000000000E+000                  0.0000000000000000E+000                  2.2794391724748863E-039 
                                     742                  2.2249634794470824E-001                 -1.2704065210343360E+000                  7.2820267411316744E+000                  9.4381766175206183E-001                  1.5970425601104713E+001                  2.2878228969862032E-005                  4.9603687793688295E-001                  5.0394024383414715E-001                  0.0000000000000000E+000                  0.0000000000000000E+000                  2.6233890993149550E-039 
                                     743                  2.2248081357636582E-001                 -1.2727617760661847E+000                  7.2826111147188497E+000                  9.6169118702168022E-001                  1.5987834767786861E+001                  2.2655007418872414E-005                  4.9315680807291840E-001                  5.0682053691966278E-001                  0.0000000000000000E+000                  0.0000000000000000E+000                  2.9791060534413798E-039 
                                     744                  2.2246527920802336E-001                 -1.2750586803002948E+000                  7.2830892824041698E+000                  9.7929505626798086E-001                  1.6004922633505132E+001                  2.2431266589370153E-005                  4.9056411997691168E-001                  5.0941344875649897E-001                  0.0000000000000000E+000                  0.0000000000000000E+000                  3.3472625654737975E-039 
                                     745                  2.2244974483968091E-001                 -1.2772991823704276E+000                  7.2834638091496151E+000                  9.9665171061794455E-001                  1.6021698639818442E+001                  2.2206963670937689E-005                  4.8815237542490053E-001                  5.1182541761142852E-001                  0.0000000000000000E+000                  0.0000000000000000E+000                  3.7202254589103967E-039 
                                     746                  2.2243421047133849E-001                 -1.2794850733275740E+000                  7.2837374151653274E+000                  1.0137615461745761E+000                  1.6038171847525696E+001                  2.1982962276595565E-005                  4.8596415162212220E-001                  5.1401386541560123E-001                  0.0000000000000000E+000                  0.0000000000000000E+000                  4.0923571430007206E-039 
                                     747                  2.2241867610299604E-001                 -1.2816181046774464E+000                  7.2838904452921813E+000                  1.0286028139671501E+000                  1.6052301684390759E+001                  2.1789974638057199E-005                  4.8350486626584027E-001                  5.1647334375952170E-001                  0.0000000000000000E+000                  0.0000000000000000E+000                  4.3910346964012509E-039 
                                     748                  2.2240714127165775E-001                 -1.2831683498546274E+000                  7.2839683018889039E+000                  1.0408041177821421E+000                  1.6064156499341735E+001                  2.1619990773612195E-005                  4.8350486626584038E-001                  5.1647351374338601E-001                  0.0000000000000000E+000                  0.0000000000000000E+000                  4.6881319511822480E-039 
                                     749                  2.2239560644031947E-001                 -1.2846917345960336E+000                  7.2840082617603930E+000                  1.0588164930395640E+000                  1.6081590496439585E+001                  2.1357407027354413E-005                  4.8350486626584022E-001                  5.1647377632713243E-001                  0.0000000000000000E+000                  0.0000000000000000E+000                  5.1240176925343412E-039 
                                     750                  2.2237253677764290E-001                 -1.2876603892243004E+000                  7.2838657265715439E+000                  1.0825466209007339E+000                  1.6104395238727051E+001                  2.1007190436273149E-005                  4.8366755090914826E-001                  5.1631144190041545E-001                  0.0000000000000000E+000                  0.0000000000000000E+000                  5.6513554681999742E-039 
                                     751                  2.2234946711496634E-001                 -1.2905284285042167E+000                  7.2835409021483537E+000                  1.1058562205030555E+000                  1.6126625134822415E+001                  2.0622218945207833E-005                  4.8383023555245630E-001                  5.1614914222859842E-001                  0.0000000000000000E+000                  0.0000000000000000E+000                  6.1045253558739946E-039 
                                     752                  2.2232639745228977E-001                 -1.2933000598917821E+000                  7.2830491355330622E+000                  1.1286380424865727E+000                  1.6148303527315313E+001                  2.0207942665935523E-005                  4.8478196771664395E-001                  5.1519782434069006E-001                  0.0000000000000000E+000                  0.0000000000000000E+000                  6.4967890519193764E-039 
                                     753                  2.2230332778961318E-001                 -1.2959800395455179E+000                  7.2824076033944820E+000                  1.1510274134218477E+000                  1.6169452554336427E+001                  1.9788901017994086E-005                  4.8562852098523823E-001                  5.1435169011374371E-001                  0.0000000000000000E+000                  0.0000000000000000E+000                  6.7908665339156839E-039 
                                     754                  2.2228025812693661E-001                 -1.2985721328814603E+000                  7.2816353813371411E+000                  1.1730008864237136E+000                  1.6190093089409970E+001                  1.9365094001383759E-005                  4.8654213709666017E-001                  5.1343849780933848E-001                  0.0000000000000000E+000                  0.0000000000000000E+000                  6.9919117552498270E-039 
                                     755                  2.2225718846426007E-001                 -1.3010801337010640E+000                  7.2809739309207435E+000                  1.1892671376319313E+000                  1.6205293914667809E+001                  1.9052343720022266E-005                  4.8722829532507017E-001                  5.1275265233120981E-001                  0.0000000000000000E+000                  0.0000000000000000E+000                  7.0786899378327856E-039 
                                     756                  2.2224565363292179E-001                 -1.3023037153062864E+000                  7.2805093809600443E+000                  1.1999506602683023E+000                  1.6215249847857645E+001                  1.8852852225219609E-005                  4.8765736183575137E-001                  5.1232378531202349E-001                  0.0000000000000000E+000                  0.0000000000000000E+000                  7.1130110066563607E-039 
                                     757                  2.2223411880158350E-001                 -1.3035076160465815E+000                  7.2797813122480717E+000                  1.2157308463073695E+000                  1.6229926893601281E+001                  1.8555506625626722E-005                  4.8833076158458477E-001                  5.1165068290878968E-001                  0.0000000000000000E+000                  0.0000000000000000E+000                  7.1345594111723082E-039 
                                     758                  2.2221104913890694E-001                 -1.3058581614316445E+000                  7.2787450201168582E+000                  1.2365079653822235E+000                  1.6249156324590825E+001                  1.8193279468272204E-005                  4.8900161925316071E-001                  5.1098018746737095E-001                  0.0000000000000000E+000                  0.0000000000000000E+000                  7.0958426357881635E-039 
                                     759                  2.2218797947623037E-001                 -1.3081350034502357E+000                  7.2776641324314557E+000                  1.2568645035137651E+000                  1.6267950297554655E+001                  1.7865916500557344E-005                  4.8968347449723443E-001                  5.1029865958626508E-001                  0.0000000000000000E+000                  0.0000000000000000E+000                  7.0109483322184950E-039 
                                     760                  2.2216490981355380E-001                 -1.3103414917420135E+000                  7.2765573814429860E+000                  1.2768778362336322E+000                  1.6286324846655898E+001                  1.7599849118970075E-005                  4.8984225367744860E-001                  5.1014014647343242E-001                  0.0000000000000000E+000                  0.0000000000000000E+000                  6.8748924770489036E-039 
                                     761                  2.2214184015087721E-001                 -1.3124804718734862E+000                  7.2754390711995454E+000                  1.2964604134036160E+000                  1.6304295194046698E+001                  1.7392099390511689E-005                  4.9008042244777006E-001                  5.0990218545283938E-001                  0.0000000000000000E+000                  0.0000000000000000E+000                  6.7226584571726486E-039 
                                     762                  2.2211877048820064E-001                 -1.3145551219323093E+000                  7.2743173457705925E+000                  1.3156675837693745E+000                  1.6321875878605987E+001                  1.7228147650689481E-005                  4.9008042244777000E-001                  5.0990234940457935E-001                  0.0000000000000000E+000                  0.0000000000000000E+000                  6.5499440717505438E-039 
                                     763                  2.2209570082552410E-001                 -1.3165682414239384E+000                  7.2731925741321470E+000                  1.3344822502552303E+000                  1.6339080757623702E+001                  1.7121606528781888E-005                  4.9006108253182989E-001                  5.0992179586164132E-001                  0.0000000000000000E+000                  0.0000000000000000E+000                  6.3667567093974200E-039 
                                     764                  2.2207263116284753E-001                 -1.3185226093187674E+000                  7.2720561693853298E+000                  1.3529260027563386E+000                  1.6355923064355196E+001                  1.7032545172168720E-005                  4.9004174261588973E-001                  5.0994122483893811E-001                  0.0000000000000000E+000                  0.0000000000000000E+000                  6.1700320551663100E-039 
                                     765                  2.2204956150017097E-001                 -1.3204208077209596E+000                  7.2703061136979779E+000                  1.3798677937869999E+000                  1.6380432549794460E+001                  1.6922259490975055E-005                  4.8988962010783310E-001                  5.1009345763267588E-001                  0.0000000000000000E+000                  0.0000000000000000E+000                  5.8333208497687468E-039 
                                     766                  2.2200342217481783E-001                 -1.3240576465440104E+000                  7.2683425850602239E+000                  1.4064521441465876E+000                  1.6404396430681707E+001                  1.6798503183101046E-005                  4.8979465893597712E-001                  5.1018854256083979E-001                  0.0000000000000000E+000                  0.0000000000000000E+000                  5.3849634144739013E-039 
                                     767                  2.2198035251214124E-001                 -1.3258002059980687E+000                  7.2669070547972909E+000                  1.4238178240221209E+000                  1.6419909036695444E+001                  1.6666567682900846E-005                  4.8979465893597696E-001                  5.1018867449634020E-001                  0.0000000000000000E+000                  0.0000000000000000E+000                  5.0308798243544214E-039 
                                     768                  2.2195728284946467E-001                 -1.3274944551661287E+000                  7.2645043410780330E+000                  1.4494276060500013E+000                  1.6442525127961151E+001                  1.6394517490173457E-005                  4.8996591880786761E-001                  5.1001768667464220E-001                  0.0000000000000000E+000                  0.0000000000000000E+000                  4.4197560051380616E-039 
                                     769                  2.2191114352411156E-001                 -1.3307438790305128E+000                  7.2614360486510954E+000                  1.4750951254285034E+000                  1.6464653765902337E+001                  1.5964623285519092E-005                  4.9107469489895145E-001                  5.0890934047776304E-001                  0.0000000000000000E+000                  0.0000000000000000E+000                  3.6402786270215862E-039 
                                     770                  2.2188807386143500E-001                 -1.3323010120331453E+000                  7.2591416651123479E+000                  1.4920365926085259E+000                  1.6479003207125665E+001                  1.5606629597343359E-005                  4.9192053564782784E-001                  5.0806385772257490E-001                  0.0000000000000000E+000                  0.0000000000000000E+000                  3.1139507233314544E-039 
                                     771                  2.2186500419875843E-001                 -1.3338145396465537E+000                  7.2553273689766735E+000                  1.5169513130639578E+000                  1.6499956932697231E+001                  1.4962542737470756E-005                  4.9512799906688254E-001                  5.0485703839037999E-001                  0.0000000000000000E+000                  0.0000000000000000E+000                  2.3888568399344516E-039 
                                     772                  2.2181886487340527E-001                 -1.3367167165811908E+000                  7.2494330332567918E+000                  1.5500842619011193E+000                  1.6527098939233316E+001                  1.4101070039917555E-005                  5.0011166078559566E-001                  4.9987423814436438E-001                  0.0000000000000000E+000                  0.0000000000000000E+000                  1.5422831091659629E-039 
                                     773                  2.2177272554805216E-001                 -1.3394586562400292E+000                  7.2434013225174469E+000                  1.5822821027182403E+000                  1.6553272717838013E+001                  1.3376965896767278E-005                  5.0569835676359831E-001                  4.9428826627050493E-001                  0.0000000000000000E+000                  0.0000000000000000E+000                  9.7741745258476274E-040 
                                     774                  2.2172658622269903E-001                 -1.3420520215320375E+000                  7.2395840079434475E+000                  1.6051225530470774E+000                  1.6572354279170650E+001                  1.3034829903460656E-005                  5.0971603599539883E-001                  4.9027092917469772E-001                  0.0000000000000000E+000                  0.0000000000000000E+000                  7.4197052505445415E-040 
                                     775                  2.2170351656002246E-001                 -1.3432987095730513E+000                  7.2374327141210006E+000                  1.6195754499230972E+000                  1.6584763344117537E+001                  1.2892777761996149E-005                  5.1258281035615183E-001                  4.8740429686608622E-001                  0.0000000000000000E+000                  0.0000000000000000E+000                  6.4198800857684078E-040 
                                     776                  2.2168044689734587E-001                 -1.3445148935279467E+000                  7.2349090816189019E+000                  1.6400271951587198E+000                  1.6602932872840260E+001                  1.2763501863577358E-005                  5.1698601899585195E-001                  4.8300121750228453E-001                  0.0000000000000000E+000                  0.0000000000000000E+000                  5.5398567896669154E-040 
                                     777                  2.2163430757199273E-001                 -1.3468641050649244E+000                  7.2335037003777662E+000                  1.6644651501520999E+000                  1.6626520727680486E+001                  1.2698966296421752E-005                  5.2336434075369453E-001                  4.7662296028000906E-001                  0.0000000000000000E+000                  0.0000000000000000E+000                  5.5574584050515262E-040 
                                     778                  2.2158816824663963E-001                 -1.3491203839292625E+000                  7.2333482863369873E+000                  1.6866675781696172E+000                  1.6649346205128957E+001                  1.2634430729266090E-005                  5.3049543119446119E-001                  4.6949193437480952E-001                  0.0000000000000000E+000                  0.0000000000000000E+000                  6.3356448620535704E-040 
                                     779                  2.2154202892128649E-001                 -1.3512972937266965E+000                  7.2335363003413766E+000                  1.7078565411765778E+000                  1.6671455394796730E+001                  1.2513276124530190E-005                  5.3704363329073901E-001                  4.6294385343313649E-001                  0.0000000000000000E+000                  0.0000000000000000E+000                  7.4312066594230812E-040 
                                     780                  2.2149588959593333E-001                 -1.3534014272954134E+000                  7.2334403808821577E+000                  1.7286957324596075E+000                  1.6692890690288952E+001                  1.2357920397893483E-005                  5.4331923331869558E-001                  4.5666840876090653E-001                  0.0000000000000000E+000                  0.0000000000000000E+000                  8.4235416408270031E-040 
                                     781                  2.2144975027058023E-001                 -1.3554358547328393E+000                  7.2327875648124849E+000                  1.7494991917934859E+000                  1.6713690610771483E+001                  1.2135310924218624E-005                  5.4941745612911541E-001                  4.5057040855996033E-001                  0.0000000000000000E+000                  0.0000000000000000E+000                  8.9790103144380766E-040 
                                     782                  2.2140361094522709E-001                 -1.3574021104811573E+000                  7.2315664715095407E+000                  1.7702762784105588E+000                  1.6733890030534141E+001                  1.1848469768991601E-005                  5.5557542577778640E-001                  4.4441272575244462E-001                  0.0000000000000000E+000                  0.0000000000000000E+000                  9.0009900021536869E-040 
                                     783                  2.2135747161987393E-001                 -1.3593017094415678E+000                  7.2299088648373822E+000                  1.7910293906639505E+000                  1.6753520646708374E+001                  1.1574980332985864E-005                  5.6108940938860274E-001                  4.3889901563106426E-001                  0.0000000000000000E+000                  0.0000000000000000E+000                  8.5736790135907683E-040 
                                     784                  2.2131133229452080E-001                 -1.3611361773607447E+000                  7.2270003628105464E+000                  1.8215912625782211E+000                  1.6781851001592059E+001                  1.1182548471272274E-005                  5.6850173675435456E-001                  4.3148708069717412E-001                  0.0000000000000000E+000                  0.0000000000000000E+000                  7.5537279837757936E-040 
                                     785                  2.2121905364381453E-001                 -1.3646191238149243E+000                  7.2244983036000745E+000                  1.8510757375259015E+000                  1.6809274973950117E+001                  1.0858855088467223E-005                  5.7407640624155198E-001                  4.2591273490335957E-001                  0.0000000000000000E+000                  0.0000000000000000E+000                  6.8466974602343873E-040 
                                     786                  2.2117291431846139E-001                 -1.3662754633260699E+000                  7.2231929405272508E+000                  1.8697983185824611E+000                  1.6826898486975619E+001                  1.0659661285922894E-005                  5.7700297758713182E-001                  4.2298636275158230E-001                  0.0000000000000000E+000                  0.0000000000000000E+000                  6.6108129525597335E-040 
                                     787                  2.2112677499310829E-001                 -1.3678798833230359E+000                  7.2224309628751540E+000                  1.8875534426653431E+000                  1.6844078336494285E+001                  1.0471408244036390E-005                  5.7954285806621375E-001                  4.2044667052554219E-001                  0.0000000000000000E+000                  0.0000000000000000E+000                  6.7253119465573150E-040 
                                     788                  2.2108063566775515E-001                 -1.3694369431189481E+000                  7.2222598835558678E+000                  1.9042941916179887E+000                  1.6860835096134402E+001                  1.0307718346159193E-005                  5.8181345040090660E-001                  4.1817624188074720E-001                  0.0000000000000000E+000                  0.0000000000000000E+000                  7.2494047063261380E-040 
                                     789                  2.2103449634240199E-001                 -1.3709511021254472E+000                  7.2224738121159477E+000                  1.9281175906107084E+000                  1.6885139608933766E+001                  1.0094934358022504E-005                  5.8486181109065838E-001                  4.1512809397498363E-001                  0.0000000000000000E+000                  0.0000000000000000E+000                  8.4699381248142425E-040 
                                     790                  2.2094221769169575E-001                 -1.3738618873448121E+000                  7.2241663588098515E+000                  1.9573531009978618E+000                  1.6916349584376835E+001                  9.8765664725886175E-006                  5.8782438272320192E-001                  4.1216574071032552E-001                  0.0000000000000000E+000                  0.0000000000000000E+000                  1.1926591753934631E-039 
                                     791                  2.2084993904098946E-001                 -1.3766371519100649E+000                  7.2261330622542657E+000                  1.9776681109618948E+000                  1.6938914386730172E+001                  9.7262656271583065E-006                  5.9014312392337287E-001                  4.0984714981100001E-001                  0.0000000000000000E+000                  0.0000000000000000E+000                  1.6501083785717435E-039 
                                     792                  2.2080379971563635E-001                 -1.3779803565440183E+000                  7.2272789637960546E+000                  1.9908988861259245E+000                  1.6953504984239899E+001                  9.6345814961519228E-006                  5.9184679506884452E-001                  4.0814357034965931E-001                  0.0000000000000000E+000                  0.0000000000000000E+000                  2.0107080378309876E-039 
                                     793                  2.2075766039028319E-001                 -1.3792952744972575E+000                  7.2285803148758152E+000                  2.0106204776145620E+000                  1.6974756470187447E+001                  9.5279990836334056E-006                  5.9390575068144125E-001                  4.0608472131947515E-001                  0.0000000000000000E+000                  0.0000000000000000E+000                  2.5767598032887462E-039 
                                     794                  2.2066538173957703E-001                 -1.3818420785634209E+000                  7.2267116520976273E+000                  2.0393755593149843E+000                  1.7002170455226757E+001                  9.3210672004010015E-006                  5.9901947014748735E-001                  4.0097120878531223E-001                  0.0000000000000000E+000                  0.0000000000000000E+000                  2.4891068546212275E-039 
                                     795                  2.2057310308887079E-001                 -1.3842670050203365E+000                  7.2266112339539879E+000                  2.0587040970518395E+000                  1.7022073838118793E+001                  9.1337340160616285E-006                  6.0420009648820949E-001                  3.9579076977777450E-001                  0.0000000000000000E+000                  0.0000000000000000E+000                  2.7794752467952030E-039 
                                     796                  2.2052696376351774E-001                 -1.3854412064836319E+000                  7.2265946613232819E+000                  2.0710469081960765E+000                  1.7034987665906414E+001                  8.9855218078540258E-006                  6.0847213930028654E-001                  3.9151887517790562E-001                  0.0000000000000000E+000                  0.0000000000000000E+000                  3.0118892261985478E-039 
                                     797                  2.2048082443816466E-001                 -1.3865917072360152E+000                  7.2255781530197964E+000                  2.0898888707560008E+000                  1.7053856620063840E+001                  8.7282183675706164E-006                  6.1610764139579710E-001                  3.8388363038583528E-001                  0.0000000000000000E+000                  0.0000000000000000E+000                  3.0746625138963784E-039 
                                     798                  2.2038854578745845E-001                 -1.3888208674532319E+000                  7.2263082907055258E+000                  2.1131779314400245E+000                  1.7078277069060867E+001                  8.5504296445948711E-006                  6.1930721365635866E-001                  3.8068423591399669E-001                  0.0000000000000000E+000                  0.0000000000000000E+000                  3.7924612279523418E-039 
                                     799                  2.2029626713675227E-001                 -1.3909658002050811E+000                  7.2297878055349898E+000                  2.1332650053031381E+000                  1.7101836538110064E+001                  8.5069501361669210E-006                  6.1903742156103581E-001                  3.8095407148882798E-001                  0.0000000000000000E+000                  0.0000000000000000E+000                  6.0913546010607378E-039 
                                     800                  2.2020398848604605E-001                 -1.3930438759018715E+000                  7.2329171845646316E+000                  2.1529103696082470E+000                  1.7124594873936964E+001                  8.4553802803231676E-006                  6.1874340521182603E-001                  3.8124813940789370E-001                  0.0000000000000000E+000                  0.0000000000000000E+000                  9.3906547680318500E-039 
                                     801                  2.2011170983533987E-001                 -1.3950583189889458E+000                  7.2335251214972818E+000                  2.1743667109551881E+000                  1.7146605627267832E+001                  8.2714989029609944E-006                  6.1887915198716137E-001                  3.8111257651393571E-001                  0.0000000000000000E+000                  0.0000000000000000E+000                  1.1158765678032587E-038 
                                     802                  2.2001943118463368E-001                 -1.3970020499994193E+000                  7.2317446367380560E+000                  2.1975643793203035E+000                  1.7167914995546010E+001                  7.9329206699832522E-006                  6.1927284228941082E-001                  3.8071922478991915E-001                  0.0000000000000000E+000                  0.0000000000000000E+000                  1.0361920514012537E-038 
                                     803                  2.1992715253392747E-001                 -1.3988690955442940E+000                  7.2350530064234277E+000                  2.2148296163708552E+000                  1.7188563114297811E+001                  7.8609081130627640E-006                  6.1927284228941060E-001                  3.8071929680247629E-001                  0.0000000000000000E+000                  0.0000000000000000E+000                  1.6109310614952865E-038 
                                     804                  2.1983487388322129E-001                 -1.4006863522791704E+000                  7.2380367253763431E+000                  2.2332452816520325E+000                  1.7208590845297319E+001                  7.7888955561422893E-006                  6.1044084796702314E-001                  3.8955136313742067E-001                  0.0000000000000000E+000                  0.0000000000000000E+000                  2.3280205191658845E-038 
                                     805                  2.1974259523251510E-001                 -1.4024498378130201E+000                  7.2389922792155792E+000                  2.2517492995239783E+000                  1.7228034148490085E+001                  7.7168829992218248E-006                  6.1044084796702380E-001                  3.8955143514997692E-001                  0.0000000000000000E+000                  0.0000000000000000E+000                  2.8276523455669600E-038 
                                     806                  2.1965031658180897E-001                 -1.4041601632682719E+000                  7.2403084286079791E+000                  2.2643788754830578E+000                  1.7242279161192638E+001                  7.5778049552593979E-006                  6.1213785167381174E-001                  3.8785457052123296E-001                  0.0000000000000000E+000                  0.0000000000000000E+000                  3.4951068566968047E-038 
                                     807                  2.1960417725645584E-001                 -1.4049981624494869E+000                  7.2406221838703742E+000                  2.2731687955248110E+000                  1.7251591628262272E+001                  7.4855984161750480E-006                  6.1345528485879552E-001                  3.8653722954278835E-001                  0.0000000000000000E+000                  0.0000000000000000E+000                  3.8007303502686049E-038 
                                     808                  2.1955803793110279E-001                 -1.4058241045493340E+000                  7.2411894295323060E+000                  2.2855033936250724E+000                  1.7265295728928123E+001                  7.3208645513939681E-006                  6.1834545581565181E-001                  3.8164722331979684E-001                  0.0000000000000000E+000                  0.0000000000000000E+000                  4.3980505687448916E-038 
                                     809                  2.1946575928039661E-001                 -1.4074433440830854E+000                  7.2362225649925813E+000                  2.3085068212587005E+000                  1.7283172157573375E+001                  7.0784355349582588E-006                  6.1834545581565203E-001                  3.8164746574881303E-001                  0.0000000000000000E+000                  0.0000000000000000E+000                  2.9029709736159583E-038 
                                     810                  2.1937348062969042E-001                 -1.4089959657598561E+000                  7.2344794553020941E+000                  2.3265838906154612E+000                  1.7300576978998215E+001                  6.8044146364101373E-006                  6.1626488569121374E-001                  3.8372830989414985E-001                  0.0000000000000000E+000                  0.0000000000000000E+000                  2.6108227871870500E-038 
                                     811                  2.1928120197898426E-001                 -1.4105011003467969E+000                  7.2280899330955597E+000                  2.3523327064602269E+000                  1.7325492471488275E+001                  6.3574563259664616E-006                  6.1647699786943333E-001                  3.8351664467424074E-001                  0.0000000000000000E+000                  0.0000000000000000E+000                  1.4975957470697694E-038 
                                     812                  2.1909977484824142E-001                 -1.4133320140134786E+000                  7.2196469441501758E+000                  2.3785954878389237E+000                  1.7349507448304372E+001                  5.8657643542943820E-006                  6.2127824359044093E-001                  3.7871589064520483E-001                  0.0000000000000000E+000                  0.0000000000000000E+000                  7.0298908010305935E-039 
                                     813                  2.1900906128286998E-001                 -1.4146838165728313E+000                  7.2154836352899085E+000                  2.3965605327122419E+000                  1.7364992077083869E+001                  5.5879495120309738E-006                  6.2452320457186061E-001                  3.7547120747862739E-001                  0.0000000000000000E+000                  0.0000000000000000E+000                  4.9771136746173935E-039 
                                     814                  2.1891834771749855E-001                 -1.4159928161946898E+000                  7.2100866187351338E+000                  2.4232882701814713E+000                  1.7387484390709925E+001                  5.2090904163044412E-006                  6.2958925334919968E-001                  3.7040553756038397E-001                  0.0000000000000000E+000                  0.0000000000000000E+000                  3.2443780049011289E-039 
                                     815                  2.1873692058675567E-001                 -1.4184870823020923E+000                  7.2001082433229637E+000                  2.4537683814985818E+000                  1.7409335924660251E+001                  4.6896162370935974E-006                  6.3438213278778810E-001                  3.6561317759597478E-001                  0.0000000000000000E+000                  0.0000000000000000E+000                  1.2992008284362948E-039 
                                     816                  2.1864620702138424E-001                 -1.4196645376198918E+000                  7.2003013927490178E+000                  2.4674156046738003E+000                  1.7423459973961091E+001                  4.3915826898438615E-006                  6.3438213278778821E-001                  3.6561347562952196E-001                  0.0000000000000000E+000                  0.0000000000000000E+000                  1.4232263758326790E-039 
                                     817                  2.1855549345601280E-001                 -1.4208147785338010E+000                  7.1926600559570515E+000                  2.4949932508813903E+000                  1.7444023889577423E+001                  4.0169562273055497E-006                  6.3309743728196310E-001                  3.6689854576180958E-001                  0.0000000000000000E+000                  0.0000000000000000E+000                  7.0171141471866781E-040 
                                     818                  2.1837406632526993E-001                 -1.4229987122179120E+000                  7.1875682886621943E+000                  2.5257646631788404E+000                  1.7470501108406264E+001                  3.5900464670846411E-006                  6.3200773499242635E-001                  3.6798867496110654E-001                  0.0000000000000000E+000                  0.0000000000000000E+000                  4.6544047376080963E-040 
                                     819                  2.1819263919452708E-001                 -1.4250633378324598E+000                  7.1812684485908465E+000                  2.5562046216049499E+000                  1.7495901275234438E+001                  3.1533148029912082E-006                  6.3340125823455973E-001                  3.6659558845063733E-001                  0.0000000000000000E+000                  0.0000000000000000E+000                  2.7218881433574200E-040 
                                     820                  2.1801121206378427E-001                 -1.4270150974220592E+000                  7.1775755813285818E+000                  2.5844593201668564E+000                  1.7520301122812327E+001                  2.7507380904752571E-006                  6.2388390038409225E-001                  3.7611334887781722E-001                  0.0000000000000000E+000                  0.0000000000000000E+000                  1.9952340569334379E-040 
                                     821                  2.1782978493304142E-001                 -1.4288681131721728E+000                  7.1711271901386997E+000                  2.6097358922388207E+000                  1.7540905520659493E+001                  2.4767947930186642E-006                  6.2861994889019379E-001                  3.7137757431501317E-001                  0.0000000000000000E+000                  0.0000000000000000E+000                  1.1309283223790395E-040 
                                     822                  2.1769371458498446E-001                 -1.4301937765785719E+000                  7.1767387655075643E+000                  2.6209705077236376E+000                  1.7558013583540692E+001                  2.2439599338735589E-006                  6.2861994889019379E-001                  3.7137780714987234E-001                  0.0000000000000000E+000                  0.0000000000000000E+000                  2.2499708012955985E-040 
                                     823                  2.1755764423692744E-001                 -1.4314973712902406E+000                  7.1691409017012671E+000                  2.6530237816368318E+000                  1.7582746970888742E+001                  1.8974707993005062E-006                  6.1814339611456948E-001                  3.8185470641463126E-001                  0.0000000000000000E+000                  0.0000000000000000E+000                  1.0801365379046345E-040 
                                     824                  2.1728550354081344E-001                 -1.4339506728020799E+000                  7.1645235962438356E+000                  2.6872968065489613E+000                  1.7614318986286371E+001                  1.4859989660540478E-006                  6.1872738373116254E-001                  3.8127113026987136E-001                  0.0000000000000000E+000                  0.0000000000000000E+000                  7.7197744029386328E-041 
                                     825                  2.1701336284469938E-001                 -1.4362553787532000E+000                  7.1643269098229538E+000                  2.7087051228290693E+000                  1.7637015037042687E+001                  1.2570172235854244E-006                  6.2144631016142782E-001                  3.7855243282134865E-001                  0.0000000000000000E+000                  0.0000000000000000E+000                  8.5714264454190305E-041 
                                     826                  2.1687729249664242E-001                 -1.4373653269633522E+000                  7.1652613718656326E+000                  2.7218418540066174E+000                  1.7651649939356794E+001                  1.1335085330380029E-006                  6.2064784448291532E-001                  3.7935102200855164E-001                  0.0000000000000000E+000                  0.0000000000000000E+000                  1.0173544551668151E-040 
                                     827                  2.1674122214858541E-001                 -1.4384503989752047E+000                  7.1664352348607183E+000                  2.7410036138121048E+000                  1.7672910669544986E+001                  9.5283290243965482E-007                  6.1990835722151882E-001                  3.8009068994557871E-001                  0.0000000000000000E+000                  0.0000000000000000E+000                  1.2813173457967874E-040 
                                     828                  2.1646908145247140E-001                 -1.4405498258704863E+000                  7.1639201268972661E+000                  2.7615077933278607E+000                  1.7693540121284329E+001                  8.0415650454449961E-007                  6.2969514472264043E-001                  3.7030405112085507E-001                  0.0000000000000000E+000                  0.0000000000000000E+000                  1.1288165619895154E-040 
                                     829                  2.1633301110441436E-001                 -1.4415619571339544E+000                  7.1642858384821784E+000                  2.7736651484326842E+000                  1.7706881787338933E+001                  7.3149546812452017E-007                  6.3037565145629160E-001                  3.6962361704824032E-001                  0.0000000000000000E+000                  0.0000000000000000E+000                  1.2594917811745374E-040 
                                     830                  2.1619694075635737E-001                 -1.4425529813219240E+000                  7.1680537202211250E+000                  2.7888082309839710E+000                  1.7726316793118002E+001                  6.4357653362249824E-007                  6.2884612449823285E-001                  3.7115323192523353E-001                  0.0000000000000000E+000                  0.0000000000000000E+000                  2.0716353219942481E-040 
                                     831                  2.1592480006024337E-001                 -1.4444865324050782E+000                  7.1737883384719980E+000                  2.8062152212078124E+000                  1.7751346422209799E+001                  5.5486008331758740E-007                  6.3755129511476305E-001                  3.6244815002515363E-001                  0.0000000000000000E+000                  0.0000000000000000E+000                  4.5053658821318267E-040 
                                     832                  2.1565265936412942E-001                 -1.4463687615748182E+000                  7.1785785791840535E+000                  2.8227345096126255E+000                  1.7775384860795199E+001                  4.7056819215629263E-007                  6.5267353215120294E-001                  3.4732599728060487E-001                  0.0000000000000000E+000                  0.0000000000000000E+000                  9.0103683518187694E-040 
                                     833                  2.1538051866801528E-001                 -1.4482041576530407E+000                  7.1826370974911233E+000                  2.8402406716676740E+000                  1.7798511940856745E+001                  3.9760960857623411E-007                  6.5780198942257162E-001                  3.4219761296781981E-001                  0.0000000000000000E+000                  0.0000000000000000E+000                  1.5905373585771123E-039 
                                     834                  2.1510837797190110E-001                 -1.4499892245202752E+000                  7.1835680285686294E+000                  2.8592065071148274E+000                  1.7820796789226971E+001                  3.5399126354153922E-007                  6.6656024899732513E-001                  3.3343939701141134E-001                  0.0000000000000000E+000                  0.0000000000000000E+000                  2.0315405065867642E-039 
                                     835                  2.1483623727578696E-001                 -1.4517188852015119E+000                  7.1877930968589636E+000                  2.8755536033368210E+000                  1.7842299250293898E+001                  2.8441757785002398E-007                  6.6711583647534745E-001                  3.3288387910707473E-001                  0.0000000000000000E+000                  0.0000000000000000E+000                  3.5481751895836158E-039 
                                     836                  2.1456409657967279E-001                 -1.4534044161630590E+000                  7.1934233354152708E+000                  2.8896322206477016E+000                  1.7863074390257907E+001                  2.3448503060988493E-007                  6.7086768740066238E-001                  3.2913207811430700E-001                  0.0000000000000000E+000                  0.0000000000000000E+000                  7.2356162244536728E-039 
                                     837                  2.1429195588355868E-001                 -1.4550550948049279E+000                  7.1999774126292486E+000                  2.9031857934491061E+000                  1.7883172785177663E+001                  1.9518435621468498E-007                  6.6708760418962187E-001                  3.3291220062602189E-001                  0.0000000000000000E+000                  0.0000000000000000E+000                  1.5690497529093503E-038 
                                     838                  2.1401981518744459E-001                 -1.4566732205121378E+000                  7.2059582674930498E+000                  2.9162143705862222E+000                  1.7902639901982287E+001                  1.6263262252924379E-007                  6.6689215187564510E-001                  3.3310768549173242E-001                  0.0000000000000000E+000                  0.0000000000000000E+000                  3.2268414902549380E-038 
                                     839                  2.1374767449133045E-001                 -1.4582610089519306E+000                  7.2106678182569688E+000                  2.9308583374906827E+000                  1.7921516788789319E+001                  1.3864657114328726E-007                  6.5748837230297597E-001                  3.4251148905045292E-001                  0.0000000000000000E+000                  0.0000000000000000E+000                  5.5766493333132701E-038 
                                     840                  2.1347553379521633E-001                 -1.4598128894283113E+000                  7.2151233195022870E+000                  2.9421289573215001E+000                  1.7937966443157773E+001                  1.1781143592320420E-007                  6.5933595888743413E-001                  3.4066392330112993E-001                  0.0000000000000000E+000                  0.0000000000000000E+000                  9.6710687103795263E-038 
                                     841                  2.1326008907745936E-001                 -1.4610214585710231E+000                  7.2188633283745247E+000                  2.9531811715773268E+000                  1.7952142694347245E+001                  1.0428496771231883E-007                  6.5025165517281580E-001                  3.4974824054221654E-001                  0.0000000000000000E+000                  0.0000000000000000E+000                  1.4727679057279613E-037 
                                     842                  2.1304464435970236E-001                 -1.4622094523716507E+000                  7.2246848511584698E+000                  2.9673666701695298E+000                  1.7972774631974314E+001                  9.0206813320486541E-008                  6.5040072233247470E-001                  3.4959918746071195E-001                  0.0000000000000000E+000                  0.0000000000000000E+000                  2.9699492855768903E-037 
                                     843                  2.1261375492418844E-001                 -1.4645371618040073E+000                  7.2338028630288314E+000                  2.9830851972422598E+000                  1.7996338022537731E+001                  7.7296594703380014E-008                  6.3701582191006545E-001                  3.6298410079333987E-001                  0.0000000000000000E+000                  0.0000000000000000E+000                  8.0254846224936312E-037 
                                     844                  2.1228285765269569E-001                 -1.4662856143950826E+000                  7.2362745659037087E+000                  2.9993910105936137E+000                  1.8016098561818872E+001                  6.7811731142822449E-008                  6.3598815106541917E-001                  3.6401178112284971E-001                  0.0000000000000000E+000                  0.0000000000000000E+000                  1.1329756804362210E-036 
                                     845                  2.1195196038120293E-001                 -1.4679898404372689E+000                  7.2436909143128503E+000                  3.0110070817212296E+000                  1.8035262216708141E+001                  6.0136818049128486E-008                  6.3495761057529232E-001                  3.6504232928788960E-001                  0.0000000000000000E+000                  0.0000000000000000E+000                  2.6268626099283793E-036 
                                     846                  2.1162106310971021E-001                 -1.4696685890342129E+000                  7.2493280059989642E+000                  3.0231893884262035E+000                  1.8053867334632521E+001                  5.5214145415661875E-008                  6.3741693867552540E-001                  3.6258300611032923E-001                  0.0000000000000000E+000                  0.0000000000000000E+000                  5.1291753055609004E-036 
                                     847                  2.1129016583821744E-001                 -1.4713197839797707E+000                  7.2575178167558798E+000                  3.0383208952577645E+000                  1.8076353059515128E+001                  4.8970207359665400E-008                  6.2706682377528322E-001                  3.7293312725450944E-001                  0.0000000000000000E+000                  0.0000000000000000E+000                  1.2457803918386502E-035 
                                     848                  2.1079381993097826E-001                 -1.4737456734090213E+000                  7.2593989886973986E+000                  3.0545441650425769E+000                  1.8096021320000677E+001                  4.5811699285959978E-008                  6.2978946077444564E-001                  3.7021049341385504E-001                  0.0000000000000000E+000                  0.0000000000000000E+000                  1.6740316265803505E-035 
                                     849                  2.1054564697735864E-001                 -1.4749288107177136E+000                  7.2640106656968273E+000                  3.0632774404902814E+000                  1.8108777044909235E+001                  4.2292037703430629E-008                  6.2281645920715922E-001                  3.7718349850080313E-001                  0.0000000000000000E+000                  0.0000000000000000E+000                  2.7370462509246039E-035 
                                     850                  2.1029747402373905E-001                 -1.4760978528727233E+000                  7.2711701424425623E+000                  3.0754151110847792E+000                  1.8127408596768511E+001                  3.7781587710907604E-008                  6.1495971709234187E-001                  3.8504024512607038E-001                  0.0000000000000000E+000                  0.0000000000000000E+000                  5.8859954390663401E-035 
                                     851                  2.0980112811649987E-001                 -1.4783988931936347E+000                  7.2766605699448252E+000                  3.0972138804658162E+000                  1.8145606188421105E+001                  2.1390967460861249E-008                  5.3285330815216725E-001                  4.6714667045686531E-001                  1.2380231256517188E-091                  6.0465004939268566E-093                  7.5590009242463475E-035 
                                     852                  2.0955295516288025E-001                 -1.4795060554730473E+000                  7.2808678806572464E+000                  3.1114720709430581E+000                  1.8157432348486545E+001                  1.4138808665073632E-008                  4.7512685949141120E-001                  5.2487312636978012E-001                  1.3289789870165444E-091                  8.2936443448409105E-093                  8.8907319558470570E-035 
                                     853                  2.0930478220926060E-001                 -1.4805855816442528E+000                  7.2884647841476102E+000                  3.1230579968970957E+000                  1.8176884235448227E+001                  1.4138808665073632E-008                  4.7512685949141120E-001                  5.2487312636978012E-001                  1.7761693508271182E-091                  1.1314838832698786E-092                  2.0480088707442484E-034 
                                     854                  2.0871395727040420E-001                 -1.4831193506795075E+000                  7.2987782407821316E+000                  3.1388938695946282E+000                  1.8203404618285855E+001                  1.4138808665073632E-008                  4.7512685949141120E-001                  5.2487312636978012E-001                  2.6257921948377459E-091                  1.7204929097107581E-092                  6.3105900773138074E-034 
                                     855                  2.0812313233154781E-001                 -1.4856051190973911E+000                  7.3081036661765735E+000                  3.1532318542784972E+000                  1.8227401003024909E+001                  1.4138808665073632E-008                  4.7512685949141120E-001                  5.2487312636978012E-001                  3.7299221057619743E-091                  2.5074972899943065E-092                  1.7321690567025620E-033 
                                     856                  2.0760327699682052E-001                 -1.4877554328559248E+000                  7.3154962874473499E+000                  3.1646096827677237E+000                  1.8246433615707282E+001                  1.4138808665073632E-008                  4.7512685949141120E-001                  5.2487312636978012E-001                  4.9253946166605968E-091                  3.3753215479661270E-092                  3.8365910029430229E-033 
                                     857                  2.0721338549577506E-001                 -1.4893469076219397E+000                  7.3223732487142099E+000                  3.1751505980494854E+000                  1.8264088894020393E+001                  1.4138808665073622E-008                  4.7512685949141109E-001                  5.2487312636978023E-001                  6.3699373996323446E-091                  4.4435804864507570E-092                  8.0038894196863247E-033 
                                     858                  2.0673414385904784E-001                 -1.4912795645831183E+000                  7.3302603110356781E+000                  3.1872460912905454E+000                  1.8284341632447923E+001                  1.4138808665070310E-008                  4.7512685949138161E-001                  5.2487312636980965E-001                  8.5420299333428056E-091                  6.0811588209781103E-092                  1.8512369964814187E-032 
                                     859                  2.0618788962060147E-001                 -1.4934525518096196E+000                  7.3364565247690958E+000                  3.1968040189725193E+000                  1.8300311416868848E+001                  1.4138808665063263E-008                  4.7512685949131889E-001                  5.2487312636987249E-001                  0.0000000000000000E+000                  0.0000000000000000E+000                  3.5655538674155816E-032 
                                     860                  2.0590562441932295E-001                 -1.4945634919746309E+000                  7.3427634634712433E+000                  3.2064380343540342E+000                  1.8316460885869152E+001                  1.4138808665054792E-008                  4.7512685949124456E-001                  5.2487312636994676E-001                  1.7643104502904004E-195                  9.9645231879113349E-092                  6.9230681973037553E-032 
                                     861                  2.0532615555821407E-001                 -1.4968202114358760E+000                  7.3510082406688531E+000                  3.2190987784514142E+000                  1.8337642757705250E+001                  1.4138808665052941E-008                  4.7512685949122840E-001                  5.2487312636996286E-001                  0.0000000000000000E+000                  0.0000000000000000E+000                  1.6413148838366004E-031 
                                     862                  2.0474668669710522E-001                 -1.4990462933989421E+000                  7.3590306369102212E+000                  3.2314178492325940E+000                  1.8358250199738535E+001                  1.4138808665047110E-008                  4.7512685949117722E-001                  5.2487312637001415E-001                  0.0000000000000000E+000                  0.0000000000000000E+000                  3.7844684995586230E-031 
                                     863                  2.0416380997652217E-001                 -1.5012564503037402E+000                  7.3655772796020207E+000                  3.2415019857654501E+000                  1.8375098972092808E+001                  1.4138808665045960E-008                  4.7512685949116712E-001                  5.2487312637002415E-001                  0.0000000000000000E+000                  0.0000000000000000E+000                  7.4629559310025609E-031 
                                     864                  2.0377171605518113E-001                 -1.5027276674540622E+000                  7.3707570097149464E+000                  3.2494556558759315E+000                  1.8388401093098327E+001                  1.4138808665045533E-008                  4.7512685949116323E-001                  5.2487312637002814E-001                  0.0000000000000000E+000                  0.0000000000000000E+000                  1.2751451564245023E-030 
                                     865                  2.0337611269288772E-001                 -1.5042000081195834E+000                  7.3758630872105684E+000                  3.2572969592883041E+000                  1.8401513729515443E+001                  1.4138808665045497E-008                  4.7512685949116296E-001                  5.2487312637002836E-001                  0.0000000000000000E+000                  0.0000000000000000E+000                  2.1603773169479995E-030 
                                     866                  2.0298050933059431E-001                 -1.5056607269320770E+000                  7.3827612454611256E+000                  3.2678429798884570E+000                  1.8419174749512568E+001                  1.4138808665045488E-008                  4.7512685949116285E-001                  5.2487312637002848E-001                  0.0000000000000000E+000                  0.0000000000000000E+000                  4.4008335930037188E-030 
                                     867                  2.0228462531387356E-001                 -1.5082034491077658E+000                  7.3914392464015846E+000                  3.2811687318566993E+000                  1.8441454151489712E+001                  1.4138808665045488E-008                  4.7512685949116285E-001                  5.2487312637002848E-001                  0.0000000000000000E+000                  0.0000000000000000E+000                  1.0790668022286825E-029 
                                     868                  2.0156727250090953E-001                 -1.5107908521991804E+000                  7.3993786578685565E+000                  3.2933828101173197E+000                  1.8461859258534638E+001                  1.4138808665045488E-008                  4.7512685949116285E-001                  5.2487312637002848E-001                  0.0000000000000000E+000                  0.0000000000000000E+000                  2.4639389031348857E-029 
                                     869                  2.0095239866122613E-001                 -1.5129830221252965E+000                  7.4065166927033550E+000                  3.3043480778103276E+000                  1.8480184974090960E+001                  1.4138808665045488E-008                  4.7512685949116285E-001                  5.2487312637002848E-001                  0.0000000000000000E+000                  0.0000000000000000E+000                  5.2174823884586522E-029 
                                     870                  2.0033752482154271E-001                 -1.5151529846321599E+000                  7.4134585838388318E+000                  3.3150643729735094E+000                  1.8498062597614659E+001                  1.4138808665045488E-008                  4.7512685949116285E-001                  5.2487312637002848E-001                  0.0000000000000000E+000                  0.0000000000000000E+000                  1.0950583251952308E-028 
                                     871                  1.9972265098185929E-001                 -1.5173018751674565E+000                  7.4169771598336069E+000                  3.3385847794902563E+000                  1.8514088991767146E+001                  5.4860168691306790E-009                  3.7431527926777602E-001                  6.2568471524620706E-001                  0.0000000000000000E+000                  0.0000000000000000E+000                  8.6208327459602539E-029 
                                     872                  1.9921025611545640E-001                 -1.5190210345851340E+000                  7.4056781031058136E+000                  3.3601143499702606E+000                  1.8527413626071365E+001                  5.1106638446105467E-009                  3.6856410020486691E-001                  6.3143589468446926E-001                  0.0000000000000000E+000                  0.0000000000000000E+000                  3.0081978853122552E-029 
                                     873                  1.9876599932809977E-001                 -1.5204550254468596E+000                  7.4034860194034744E+000                  3.3761653910911384E+000                  1.8542779380799121E+001                  4.6874955344942447E-009                  3.6340068482237337E-001                  6.3659931049013108E-001                  0.0000000000000000E+000                  0.0000000000000000E+000                  2.5359988624504188E-029 
                                     874                  1.9808244369994757E-001                 -1.5226078724401286E+000                  7.4053032744690634E+000                  3.3927609848153786E+000                  1.8561370805868403E+001                  4.1535938939529564E-009                  3.5146173587802587E-001                  6.4853825996838022E-001                  0.0000000000000000E+000                  0.0000000000000000E+000                  2.9884217966239798E-029 
                                     875                  1.9737005056873280E-001                 -1.5248000759010778E+000                  7.4060754625125309E+000                  3.4058515943061765E+000                  1.8575494093259699E+001                  3.9513894418779733E-009                  3.4187348386472571E-001                  6.5812651218388485E-001                  0.0000000000000000E+000                  0.0000000000000000E+000                  3.1782436634962623E-029 
                                     876                  1.9699943525159413E-001                 -1.5259194217218581E+000                  7.4097436857767356E+000                  3.4162156021075583E+000                  1.8589647829197759E+001                  3.7697716875872806E-009                  3.3714588098746850E-001                  6.6285411524275983E-001                  0.0000000000000000E+000                  0.0000000000000000E+000                  4.6126255679958919E-029 
                                     877                  1.9625820461731680E-001                 -1.5281305956743421E+000                  7.4166159361016213E+000                  3.4283167574889499E+000                  1.8608127203570760E+001                  3.1392519894600949E-009                  3.2986395198598212E-001                  6.7013604487476597E-001                  0.0000000000000000E+000                  0.0000000000000000E+000                  9.1261405145769743E-029 
                                     878                  1.9551697398303944E-001                 -1.5303138964660581E+000                  7.4236019972193725E+000                  3.4405467969440711E+000                  1.8626138030467022E+001                  2.8408854191836534E-009                  3.1714353477755924E-001                  6.8285646238155540E-001                  0.0000000000000000E+000                  0.0000000000000000E+000                  1.7655157266981391E-028 
                                     879                  1.9477574334876196E-001                 -1.5324686156076499E+000                  7.4308237406753292E+000                  3.4529955776003951E+000                  1.8644771201181197E+001                  2.4378311774090581E-009                  3.0578658750003318E-001                  6.9421341006213566E-001                  0.0000000000000000E+000                  0.0000000000000000E+000                  3.6177291079040837E-028 
                                     880                  1.9394265992695203E-001                 -1.5348591443384554E+000                  7.4371188608047127E+000                  3.4663289344879749E+000                  1.8663988273653079E+001                  2.0600137894746224E-009                  2.9716780353401773E-001                  7.0283219440596856E-001                  0.0000000000000000E+000                  0.0000000000000000E+000                  7.0737962329474063E-028 
                                     881                  1.9310957650514210E-001                 -1.5372157201013434E+000                  7.4448035111318207E+000                  3.4780756650866169E+000                  1.8684114103512062E+001                  1.8046978072883563E-009                  3.0033230391053012E-001                  6.9966769428477216E-001                  0.0000000000000000E+000                  0.0000000000000000E+000                  1.8494701919093958E-027 
                                     882                  1.9214832640305371E-001                 -1.5399088398131202E+000                  7.4529399010511375E+000                  3.4928722293335559E+000                  1.8705092242026975E+001                  1.6887329909040531E-009                  2.8072797100578895E-001                  7.1927202730547801E-001                  0.0000000000000000E+000                  0.0000000000000000E+000                  4.2343075260997130E-027 
                                     883                  1.9118707630096535E-001                 -1.5425602448318532E+000                  7.4611642815769867E+000                  3.5063183300197349E+000                  1.8726537605931714E+001                  1.1529817713513785E-009                  2.7582751110693438E-001                  7.2417248774008391E-001                  0.0000000000000000E+000                  0.0000000000000000E+000                  1.1648580104182047E-026 
                                     884                  1.9012428695239772E-001                 -1.5454573371631675E+000                  7.4691880232980905E+000                  3.5208538488340042E+000                  1.8748419928321944E+001                  1.0508969182618089E-009                  2.6610631912951788E-001                  7.3389367981958520E-001                  0.0000000000000000E+000                  0.0000000000000000E+000                  3.0453315462795383E-026 
                                     885                  1.8906149760383012E-001                 -1.5483153200561324E+000                  7.4757059693524441E+000                  3.5330231638500122E+000                  1.8766848290480876E+001                  9.0815352439547428E-010                  2.6005056254246628E-001                  7.3994943654938017E-001                  0.0000000000000000E+000                  0.0000000000000000E+000                  6.8575481294869439E-026 
                                     886                  1.8828768486769695E-001                 -1.5503733725064444E+000                  7.4812431875545524E+000                  3.5434331845522613E+000                  1.8782011917489424E+001                  7.9373973679433988E-010                  2.5051737876077035E-001                  7.4948262044548986E-001                  0.0000000000000000E+000                  0.0000000000000000E+000                  1.3018888845485650E-025 
                                     887                  1.8751387213156373E-001                 -1.5524113081789568E+000                  7.4870518012827247E+000                  3.5546588073806116E+000                  1.8799449774417166E+001                  7.0775330765378866E-010                  2.4954685381309644E-001                  7.5045314547915032E-001                  0.0000000000000000E+000                  0.0000000000000000E+000                  2.8456236961727247E-025 
                                     888                  1.8646672442327034E-001                 -1.5551433607070750E+000                  7.4940091532615503E+000                  3.5681270898042818E+000                  1.8819047303770141E+001                  5.4309778386657290E-010                  2.3832202475543157E-001                  7.6167797470147058E-001                  0.0000000000000000E+000                  0.0000000000000000E+000                  6.4133070821299160E-025 
                                     889                  1.8541957671497686E-001                 -1.5578421387278125E+000                  7.5015961131225000E+000                  3.5827054949466159E+000                  1.8840482722404730E+001                  4.6536651592779721E-010                  2.2749681560827353E-001                  7.7250318392635997E-001                  0.0000000000000000E+000                  0.0000000000000000E+000                  1.5675385831115074E-024 
                                     890                  1.8411089988086615E-001                 -1.5611722075681547E+000                  7.5084886177422030E+000                  3.5954363897155033E+000                  1.8860698429769016E+001                  3.7839372098876414E-010                  2.2777980284692970E-001                  7.7222019677467657E-001                  0.0000000000000000E+000                  0.0000000000000000E+000                  3.9924293104553823E-024 
                                     891                  1.8314303080582914E-001                 -1.5636120728767982E+000                  7.5129617151457078E+000                  3.6082885012486701E+000                  1.8877457668387031E+001                  2.9544718948993054E-010                  2.1573147144977198E-001                  7.8426852825478077E-001                  0.0000000000000000E+000                  0.0000000000000000E+000                  6.3379714394536810E-024 
                                     892                  1.8217516173079210E-001                 -1.5660207952826433E+000                  7.5214015306551874E+000                  3.6241931455138467E+000                  1.8902259392318545E+001                  2.3403346112678127E-010                  2.1362435459367729E-001                  7.8637564517228919E-001                  0.0000000000000000E+000                  0.0000000000000000E+000                  1.9015742179315588E-023 
                                     893                  1.8018806073764179E-001                 -1.5709097535184187E+000                  7.5308415473565065E+000                  3.6437742763289487E+000                  1.8929975189268422E+001                  1.7491196547664984E-010                  1.9535672636682930E-001                  8.0464327345825870E-001                  0.0000000000000000E+000                  0.0000000000000000E+000                  5.1157348922213124E-023 
                                     894                  1.7878453993090032E-001                 -1.5743065808007948E+000                  7.5375225610705749E+000                  3.6583421779765706E+000                  1.8952155447650274E+001                  1.0422992659640881E-010                  1.9577774139022769E-001                  8.0422225850554241E-001                  0.0000000000000000E+000                  0.0000000000000000E+000                  1.2472302011726872E-022 
                                     895                  1.7738101912415899E-001                 -1.5776689434241453E+000                  7.5442861286349743E+000                  3.6727699856058735E+000                  1.8972111631698358E+001                  8.1157857959639401E-011                  1.7984631247222843E-001                  8.2015368744661377E-001                  0.0000000000000000E+000                  0.0000000000000000E+000                  2.3449107950126455E-022 
                                     896                  1.7619398774140885E-001                 -1.5804790430959403E+000                  7.5497359801167301E+000                  3.6848144744293361E+000                  1.8989960343806963E+001                  6.7540388010878728E-011                  1.7682341399289495E-001                  8.2317658593956466E-001                  0.0000000000000000E+000                  0.0000000000000000E+000                  4.5333569373884594E-022 
                                     897                  1.7500695635865879E-001                 -1.5832656286209781E+000                  7.5559037468942858E+000                  3.6982248165085561E+000                  1.9008684792822194E+001                  4.7456188603514200E-011                  1.6401409385599999E-001                  8.3598590609654377E-001                  0.0000000000000000E+000                  0.0000000000000000E+000                  8.0189862637052714E-022 
                                     898                  1.7364496656552425E-001                 -1.5864300790656525E+000                  7.5617087194253321E+000                  3.7113329410589713E+000                  1.9028244352315230E+001                  3.5755091673467873E-011                  1.6243665621251846E-001                  8.3756334375172647E-001                  0.0000000000000000E+000                  0.0000000000000000E+000                  1.6414154385335882E-021 
                                     899                  1.7228297677238960E-001                 -1.5895680137271944E+000                  7.5674779639698011E+000                  3.7242771634501164E+000                  1.9046881319029847E+001                  2.7065969434603740E-011                  1.5541433443009903E-001                  8.4458566554283498E-001                  0.0000000000000000E+000                  0.0000000000000000E+000                  2.9957327261142396E-021 
                                     900                  1.7098924228624574E-001                 -1.5925226965426682E+000                  7.5729591757556580E+000                  3.7366831233303905E+000                  1.9064640283901188E+001                  1.6668235996979099E-011                  1.4815611964159889E-001                  8.5184388034173286E-001                  0.0000000000000000E+000                  0.0000000000000000E+000                  5.1872606892654595E-021 
                                     901                  1.6969550780010192E-001                 -1.5954531357253825E+000                  7.5778294524286718E+000                  3.7480114480939930E+000                  1.9081221741998188E+001                  1.2654876800540729E-011                  1.4508825921801902E-001                  8.5491174076932608E-001                  0.0000000000000000E+000                  0.0000000000000000E+000                  8.9868440224760745E-021 
                                     902                  1.6852420644845320E-001                 -1.5980881163545628E+000                  7.5824379547945320E+000                  3.7587538992507343E+000                  1.9096674861628529E+001                  1.0502272245290479E-011                  1.4012128549082567E-001                  8.5987871449867204E-001                  0.0000000000000000E+000                  0.0000000000000000E+000                  1.4394581334999479E-020 
                                     903                  1.6735290509680426E-001                 -1.6007057810899150E+000                  7.5875101240609970E+000                  3.7706106300499207E+000                  1.9113853361938514E+001                  8.2943319744390522E-012                  1.3564570897645986E-001                  8.6435429101524575E-001                  0.0000000000000000E+000                  0.0000000000000000E+000                  2.4501466632286256E-020 
                                     904                  1.6586625338125033E-001                 -1.6040054502647290E+000                  7.5931277866455167E+000                  3.7837009718830399E+000                  1.9132689318132375E+001                  5.0208860867798211E-012                  1.2951914599563880E-001                  8.7048085399934028E-001                  0.0000000000000000E+000                  0.0000000000000000E+000                  4.2582724086499668E-020 
                                     905                  1.6437960166569643E-001                 -1.6072806859242761E+000                  7.5983506953199189E+000                  3.7960653431063318E+000                  1.9150881083644233E+001                  3.2193686613305329E-012                  1.2726697181361593E-001                  8.7273302818316467E-001                  0.0000000000000000E+000                  0.0000000000000000E+000                  7.6523883067904977E-020 
                                     906                  1.6293234092730949E-001                 -1.6104493940330118E+000                  7.6043483830653491E+000                  3.8102410125298132E+000                  1.9171508859875114E+001                  2.2335741696781984E-012                  1.2279237747908930E-001                  8.7720762251867712E-001                  0.0000000000000000E+000                  0.0000000000000000E+000                  1.4227117727673674E-019 
                                     907                  1.6097074021652846E-001                 -1.6147143430565127E+000                  7.6098937250198011E+000                  3.8236458860587090E+000                  1.9191291333362170E+001                  1.5667674348144722E-012                  1.2138041239314663E-001                  8.7861958760528658E-001                  0.0000000000000000E+000                  0.0000000000000000E+000                  2.6817897680191367E-019 
                                     908                  1.5959930543329096E-001                 -1.6176786662231029E+000                  7.6149029565415374E+000                  3.8356465043002790E+000                  1.9208674581047248E+001                  1.3843412465153490E-012                  1.1725790244898356E-001                  8.8274209754963207E-001                  0.0000000000000000E+000                  0.0000000000000000E+000                  4.4003099157517744E-019 
                                     909                  1.5797072662819706E-001                 -1.6211801674730455E+000                  7.6200905557223866E+000                  3.8482568525227618E+000                  1.9227186299029697E+001                  7.2714701185684817E-013                  1.1524977963959544E-001                  8.8475022035967743E-001                  3.5927523318282209E-115                  1.5320268416479915E-047                  7.7403809760639470E-019 
                                     910                  1.5634214782310316E-001                 -1.6246645259570769E+000                  7.6248944221584152E+000                  3.8599741808149099E+000                  1.9244296557229806E+001                  5.0945330697078946E-013                  1.1269590383852074E-001                  8.8730409616096984E-001                  0.0000000000000000E+000                  0.0000000000000000E+000                  1.2760423886374496E-018 
                                     911                  1.5490157801327192E-001                 -1.6277332869384209E+000                  7.6299389530628972E+000                  3.8724032908418451E+000                  1.9262744881303167E+001                  3.2989923704951918E-013                  1.1256399237249969E-001                  8.8743600762717045E-001                  0.0000000000000000E+000                  0.0000000000000000E+000                  2.2984980027842965E-018 
                                     912                  1.5295957373132807E-001                 -1.6318545306803431E+000                  7.6346356662973127E+000                  3.8840044377189087E+000                  1.9279696164776890E+001                  2.0963801002616428E-013                  1.1038052276716945E-001                  8.8961947723262091E-001                  0.0000000000000000E+000                  0.0000000000000000E+000                  3.7472249900429026E-018 
                                     913                  1.5174525161488236E-001                 -1.6344222842639913E+000                  7.6394794083573263E+000                  3.8959962049396140E+000                  1.9297451558062630E+001                  1.4034474980036059E-013                  1.0995051615875612E-001                  8.9004948384110349E-001                  1.8981915633817027E-036                  0.0000000000000000E+000                  6.4902004363611965E-018 
                                     914                  1.4957225414334699E-001                 -1.6390036840657993E+000                  7.6448655712672107E+000                  3.9094414880015824E+000                  1.9317224264751893E+001                  7.8175297764057953E-014                  1.0861490264415039E-001                  8.9138509735577143E-001                  0.0000000000000000E+000                  0.0000000000000000E+000                  1.1628945714285597E-017 
                                     915                  1.4791434305172085E-001                 -1.6424883541659518E+000                  7.6494480903640065E+000                  3.9209482796993975E+000                  1.9334288703646330E+001                  5.6639354561535731E-014                  1.0868129068676488E-001                  8.9131870931317847E-001                  0.0000000000000000E+000                  0.0000000000000000E+000                  1.9675089898539718E-017 
                                     916                  1.4619441669835206E-001                 -1.6460961456538492E+000                  7.6547471414971104E+000                  3.9341812149828459E+000                  1.9353679270048090E+001                  2.9243958849326719E-014                  1.0672209347645387E-001                  8.9327790652351691E-001                  0.0000000000000000E+000                  0.0000000000000000E+000                  3.3992781174907798E-017 
                                     917                  1.4399673302460261E-001                 -1.6506962602583377E+000                  7.6603909504582672E+000                  3.9484475058103570E+000                  1.9374784295912391E+001                  2.1780310825865812E-014                  1.0649037596528799E-001                  8.9350962403469025E-001                  0.0000000000000000E+000                  0.0000000000000000E+000                  6.3821658390950789E-017 
                                     918                  1.4184682508289101E-001                 -1.6551899027179293E+000                  7.6657069031905030E+000                  3.9619423640635949E+000                  1.9394770373916369E+001                  9.9880014537052437E-015                  1.0652879599624218E-001                  8.9347120400374780E-001                  2.1313772284984473E-038                  0.0000000000000000E+000                  1.1585800396444012E-016 
                                     919                  1.3979246860525549E-001                 -1.6594806979878265E+000                  7.6697767159314294E+000                  3.9722900637761818E+000                  1.9409985694736594E+001                  7.2954513387819290E-015                  1.0568556788618359E-001                  8.9431443211380912E-001                  0.0000000000000000E+000                  0.0000000000000000E+000                  1.7791213337232841E-016 
                                     920                  1.3859594604316128E-001                 -1.6619789094593529E+000                  7.6727376445027478E+000                  3.9797826883798568E+000                  1.9421010759435305E+001                  4.3120191706415304E-015                  1.0503233501907255E-001                  8.9496766498092317E-001                  0.0000000000000000E+000                  0.0000000000000000E+000                  2.4232778462169474E-016 
                                     921                  1.3739942348106710E-001                 -1.6644771325923635E+000                  7.6760926082545069E+000                  3.9881277181767487E+000                  1.9433428222194458E+001                  3.8998588348591422E-015                  1.0502030878484146E-001                  8.9497969121515464E-001                  0.0000000000000000E+000                  0.0000000000000000E+000                  3.5029062152086472E-016 
                                     922                  1.3586634153356428E-001                 -1.6676795517142529E+000                  7.6797374533097189E+000                  3.9959683955026044E+000                  1.9445375789939181E+001                  2.2299389290846538E-015                  1.0434846283502019E-001                  8.9565153716497758E-001                  0.0000000000000000E+000                  0.0000000000000000E+000                  5.0872040514447853E-016 
                                     923                  1.3474731593039130E-001                 -1.6700196280058031E+000                  7.6812946025947966E+000                  4.0033636840271463E+000                  1.9455338465472032E+001                  1.8814579371830132E-015                  1.0435475819116630E-001                  8.9564524180883187E-001                  0.0000000000000000E+000                  0.0000000000000000E+000                  6.1401673634058131E-016 
                                     924                  1.3362829032721837E-001                 -1.6723576678634395E+000                  7.6856984040993206E+000                  4.0130081972770055E+000                  1.9470008796657670E+001                  1.4017813810174342E-015                  1.0371209094626718E-001                  8.9628790905373146E-001                  0.0000000000000000E+000                  0.0000000000000000E+000                  9.6558131965020346E-016 
                                     925                  1.3140127590716974E-001                 -1.6770197131062168E+000                  7.6899765396561932E+000                  4.0239004221475625E+000                  1.9486131180972553E+001                  9.0968188465339392E-016                  1.0348383796526271E-001                  8.9651616203473639E-001                  0.0000000000000000E+000                  0.0000000000000000E+000                  1.5238447837986258E-015 
                                     926                  1.2991659962713789E-001                 -1.6801333424228861E+000                  7.6930876078290744E+000                  4.0318532630901149E+000                  1.9497782506445319E+001                  6.4467994622044253E-016                  1.0245297767222146E-001                  8.9754702232777794E-001                  0.0000000000000000E+000                  0.0000000000000000E+000                  2.0673095151804154E-015 
                                     927                  1.2867936939377728E-001                 -1.6827317267166304E+000                  7.6958525163524758E+000                  4.0389577658082159E+000                  1.9508257643899356E+001                  3.8821407017511406E-016                  1.0208730756303756E-001                  8.9791269243696203E-001                  0.0000000000000000E+000                  0.0000000000000000E+000                  2.7518357910128569E-015 
                                     928                  1.2744213916041663E-001                 -1.6853342838551142E+000                  7.6985665451095233E+000                  4.0459610714397130E+000                  1.9518631725985731E+001                  3.6617061895859753E-016                  1.0212688011696262E-001                  8.9787311988303697E-001                  1.3561755502930831E-035                  0.0000000000000000E+000                  3.6831537908358825E-015 
                                     929                  1.2620490892705558E-001                 -1.6879417094219415E+000                  7.7012683057189379E+000                  4.0529235445165597E+000                  1.9528907577153770E+001                  2.8883125256953565E-016                  1.0189623608493625E-001                  8.9810376391506341E-001                  0.0000000000000000E+000                  0.0000000000000000E+000                  4.8787434130722806E-015 
                                     930                  1.2496767869369454E-001                 -1.6905543491166937E+000                  7.7040739344680640E+000                  4.0601454280375346E+000                  1.9539541689373614E+001                  2.7749619324774544E-016                  1.0138593370090897E-001                  8.9861406629909080E-001                  0.0000000000000000E+000                  0.0000000000000000E+000                  6.4728752179565596E-015 
                                     931                  1.2361879507878192E-001                 -1.6934091884238589E+000                  7.7069879076083225E+000                  4.0676375089777661E+000                  1.9550530533689173E+001                  2.0998262505162763E-016                  1.0049880224996985E-001                  8.9950119775002990E-001                  1.4560380593570145E-035                  0.0000000000000000E+000                  8.5787602611496596E-015 
                                     932                  1.2226991146386949E-001                 -1.6962711563508786E+000                  7.7097180789744195E+000                  4.0746748602593570E+000                  1.9560871044001168E+001                  1.9448373093787690E-016                  9.9839978688934988E-002                  9.0016002131106476E-001                  0.0000000000000000E+000                  0.0000000000000000E+000                  1.1213716655208612E-014 
                                     933                  1.2105682051407576E-001                 -1.6988517010497992E+000                  7.7122669222804614E+000                  4.0812585952526419E+000                  1.9570573067491669E+001                  1.7046566698536909E-016                  9.9448599785350769E-002                  9.0055140021464908E-001                  0.0000000000000000E+000                  0.0000000000000000E+000                  1.4482402393649416E-014 
                                     934                  1.1984372956428205E-001                 -1.7014391970140275E+000                  7.7146211944928407E+000                  4.0873618829661691E+000                  1.9579598070140623E+001                  1.4890682663838797E-016                  9.9300379912586237E-002                  9.0069962008741355E-001                  0.0000000000000000E+000                  0.0000000000000000E+000                  1.8446939197041849E-014 
                                     935                  1.1878227498321280E-001                 -1.7037094402263369E+000                  7.7176813187125264E+000                  4.0952200500350537E+000                  1.9591104126345574E+001                  7.8941579281093585E-017                  9.8137093939718090E-002                  9.0186290606028185E-001                  0.0000000000000000E+000                  0.0000000000000000E+000                  2.4490865012157038E-014 
                                     936                  1.1690995385424681E-001                 -1.7077284355657927E+000                  7.7215736671818425E+000                  4.1052915784220776E+000                  1.9605938504668966E+001                  8.9658865817636881E-017                  9.7416785569255912E-002                  9.0258321443074396E-001                  0.0000000000000000E+000                  0.0000000000000000E+000                  3.5877528907430212E-014 
                                     937                  1.1496483195136668E-001                 -1.7119253985123710E+000                  7.7255904118059906E+000                  4.1157215582400442E+000                  1.9621377375339918E+001                  5.9293046611453976E-017                  9.7229752836061500E-002                  9.0277024716393850E-001                  0.0000000000000000E+000                  0.0000000000000000E+000                  5.4006916806999873E-014 
                                     938                  1.1288504776290233E-001                 -1.7164402337848652E+000                  7.7291042543782886E+000                  4.1248423353491042E+000                  1.9634733186759330E+001                  4.5881119114574743E-017                  9.6013694272125014E-002                  9.0398630572787497E-001                  0.0000000000000000E+000                  0.0000000000000000E+000                  7.4613317558751794E-014 
                                     939                  1.1144865005000545E-001                 -1.7195754081012966E+000                  7.7319596210575430E+000                  4.1322878484524512E+000                  1.9645740003914348E+001                  4.2891059484358745E-017                  9.5777455084608984E-002                  9.0422254491539100E-001                  0.0000000000000000E+000                  0.0000000000000000E+000                  9.9202069037711372E-014 
                                     940                  1.0995240243240592E-001                 -1.7228576474843449E+000                  7.7343502627196932E+000                  4.1384960162280571E+000                  1.9654890264210806E+001                  2.1105760146863793E-017                  9.5329391182142384E-002                  9.0467060881785755E-001                  0.0000000000000000E+000                  0.0000000000000000E+000                  1.2480586950815833E-013 
                                     941                  1.0899480395714266E-001                 -1.7249674195333347E+000                  7.7371943277273774E+000                  4.1458635600059353E+000                  1.9665692322351546E+001                  1.7879867950594572E-017                  9.4339165874678471E-002                  9.0566083412532150E-001                  0.0000000000000000E+000                  0.0000000000000000E+000                  1.6145056613330956E-013 
                                     942                  1.0701975710191039E-001                 -1.7293424028082003E+000                  7.7410118720526828E+000                  4.1558323442572185E+000                  1.9680403209739769E+001                  9.7811973932153217E-018                  9.3792464444276649E-002                  9.0620753555572331E-001                  0.0000000000000000E+000                  0.0000000000000000E+000                  2.3346602393465538E-013 
                                     943                  1.0497134250594763E-001                 -1.7339161229890430E+000                  7.7444647864897025E+000                  4.1648538929456134E+000                  1.9693668793499047E+001                  6.5615974202436845E-018                  9.2931699420625069E-002                  9.0706830057937493E-001                  0.0000000000000000E+000                  0.0000000000000000E+000                  3.2152486458789127E-013 
                                     944                  1.0335732126580593E-001                 -1.7375473510499253E+000                  7.7476178111412528E+000                  4.1730952632107758E+000                  1.9705848448994917E+001                  4.4568619769957781E-018                  9.2559372307274401E-002                  9.0744062769272560E-001                  0.0000000000000000E+000                  0.0000000000000000E+000                  4.3578234060499037E-013 
                                     945                  1.0157036917850704E-001                 -1.7415981063634847E+000                  7.7501416213403145E+000                  4.1796953329748625E+000                  1.9715500049221156E+001                  1.4269373803235396E-018                  9.1516496191436258E-002                  9.0848350380856369E-001                  0.0000000000000000E+000                  0.0000000000000000E+000                  5.4198357096854871E-013 
                                     946                  1.0064807132699952E-001                 -1.7437015743764523E+000                  7.7526301997051528E+000                  4.1862539670920711E+000                  1.9725238720455813E+001                  2.2105435651704050E-018                  9.1617431091408963E-002                  9.0838256890859104E-001                  0.0000000000000000E+000                  0.0000000000000000E+000                  6.9682955932587405E-013 
                                     947                  9.8803475623982576E-002                 -1.7479370681423070E+000                  7.7559586443741013E+000                  4.1949906478987788E+000                  1.9738151348301503E+001                  8.5152849463921878E-019                  9.1218669568744457E-002                  9.0878133043125553E-001                  0.0000000000000000E+000                  0.0000000000000000E+000                  9.5688930221799714E-013 
                                     948                  9.6958879920966121E-002                 -1.7522120351475157E+000                  7.7592722416175031E+000                  4.2036910212904415E+000                  1.9750947395119280E+001                  4.8535512402577882E-019                  9.0351513410411144E-002                  9.0964848658958886E-001                  3.5494497050033867E-033                  0.0000000000000000E+000                  1.2899564978718019E-012 
                                     949                  9.5114284217949582E-002                 -1.7565284094523028E+000                  7.7621115429636758E+000                  4.2111774096080650E+000                  1.9762000002712789E+001                  2.9669339857128941E-019                  8.9941644622238900E-002                  9.1005835537776114E-001                  0.0000000000000000E+000                  0.0000000000000000E+000                  1.6828270494956480E-012 
                                     950                  9.3750270857073090E-002                 -1.7597484541838282E+000                  7.7645019662887185E+000                  4.2174737519021557E+000                  1.9771320102538713E+001                  2.1500714189040744E-019                  8.9739901855199006E-002                  9.1026009814480102E-001                  0.0000000000000000E+000                  0.0000000000000000E+000                  2.1132351350978469E-012 
                                     951                  9.2386257496196722E-002                 -1.7629938190899064E+000                  7.7669446857439857E+000                  4.2238345652110239E+000                  1.9780582970748249E+001                  1.2003878813492388E-019                  8.8296426244373227E-002                  9.1170357375562672E-001                  0.0000000000000000E+000                  0.0000000000000000E+000                  2.5550063647704233E-012 
                                     952                  9.1022244135320063E-002                 -1.7662647930478768E+000                  7.7692925176369947E+000                  4.2300284119729179E+000                  1.9789790318273738E+001                  8.5586490159225668E-020                  8.8355481944271314E-002                  9.1164451805572866E-001                  4.4429251712393450E-033                  0.0000000000000000E+000                  3.2187188930931186E-012 
                                     953                  8.9658230774443598E-002                 -1.7695634528897635E+000                  7.7716011669802496E+000                  4.2361104212925316E+000                  1.9798814839917988E+001                  6.6902744791830935E-020                  8.8269038002995778E-002                  9.1173096199700421E-001                  9.5030774325511042E-033                  0.0000000000000000E+000                  4.0165998718368989E-012 
                                     954                  8.8333084246342897E-002                 -1.7727956471799480E+000                  7.7738863027690828E+000                  4.2421040824208509E+000                  1.9807658452620618E+001                  6.1191565622161300E-020                  8.7757382954985558E-002                  9.1224261704501441E-001                  0.0000000000000000E+000                  0.0000000000000000E+000                  4.9249618392794589E-012 
                                     955                  8.7007937718242487E-002                 -1.7760558319120137E+000                  7.7761599288919827E+000                  4.2480621459453145E+000                  1.9816454472424830E+001                  2.8424862356344593E-020                  8.7262352682688782E-002                  9.1273764731731122E-001                  0.0000000000000000E+000                  0.0000000000000000E+000                  6.0308897999452145E-012 
                                     956                  8.5682791190141813E-002                 -1.7793451680940093E+000                  7.7783947570470655E+000                  4.2539460947997449E+000                  1.9825204418337602E+001                  3.4474488683388528E-020                  8.7260737417629505E-002                  9.1273926258237048E-001                  0.0000000000000000E+000                  0.0000000000000000E+000                  7.4796053935411892E-012 
                                     957                  8.4357644662041209E-002                 -1.7826651685497021E+000                  7.7812094792097248E+000                  4.2612850401583522E+000                  1.9836059170577801E+001                  2.3159994213607914E-020                  8.6686606485782025E-002                  9.1331339351421792E-001                  0.0000000000000000E+000                  0.0000000000000000E+000                  9.6060087646625917E-012 
                                     958                  8.2369924869888769E-002                 -1.7877050209984424E+000                  7.7837186984913185E+000                  4.2678879428948546E+000                  1.9845817193637835E+001                  9.6748602854786162E-021                  8.6195930615914199E-002                  9.1380406938408576E-001                  0.0000000000000000E+000                  0.0000000000000000E+000                  1.2008429496837036E-011 
                                     959                  8.1376064973813431E-002                 -1.7902529239569038E+000                  7.7853923817918460E+000                  4.2722570610508521E+000                  1.9852275035561405E+001                  1.4496876870762415E-020                  8.5812177640265677E-002                  9.1418782235973428E-001                  0.0000000000000000E+000                  0.0000000000000000E+000                  1.3900126245345429E-011 
                                     960                  8.0382205077738147E-002                 -1.7928202827813404E+000                  7.7873475153101115E+000                  4.2773058952421579E+000                  1.9859704805670752E+001                  1.3372433728026288E-020                  8.5015444200818024E-002                  9.1498455579918203E-001                  0.0000000000000000E+000                  0.0000000000000000E+000                  1.6277235221409251E-011 
                                     961                  7.9078564744828883E-002                 -1.7962182095104935E+000                  7.7894868224851503E+000                  4.2829204699555090E+000                  1.9868108686038880E+001                  1.0531451833881781E-020                  8.5305988239785621E-002                  9.1469401176021436E-001                  0.0000000000000000E+000                  0.0000000000000000E+000                  2.0153114585491282E-011 
                                     962                  7.7774924411919827E-002                 -1.7996525841785662E+000                  7.7916377429953041E+000                  4.2885177875614033E+000                  1.9876408140353263E+001                  7.0933554603454246E-021                  8.4920084289938150E-002                  9.1507991571006186E-001                  2.6095554238877882E-032                  0.0000000000000000E+000                  2.4373384754671651E-011 
                                     963                  7.6492790274204150E-002                 -1.8030668641508150E+000                  7.7937633188362136E+000                  4.2940444893439054E+000                  1.9884604343513725E+001                  4.9975554139900111E-021                  8.4540906653409589E-002                  9.1545909334659037E-001                  0.0000000000000000E+000                  0.0000000000000000E+000                  2.9397854447619940E-011 
                                     964                  7.5210656136488835E-002                 -1.8065188708921360E+000                  7.7959062865592799E+000                  4.2995828603174795E+000                  1.9892768279617673E+001                  5.9822565627131445E-021                  8.3712003469849583E-002                  9.1628799653015047E-001                  1.6427815604431674E-032                  0.0000000000000000E+000                  3.4926627570393636E-011 
                                     965                  7.3928521998773505E-002                 -1.8100098521119836E+000                  7.7979851458533949E+000                  4.3049887050036055E+000                  1.9900833642992154E+001                  5.1132343699249061E-021                  8.3659809544215147E-002                  9.1634019045578485E-001                  0.0000000000000000E+000                  0.0000000000000000E+000                  4.2393555268964741E-011 
                                     966                  7.2667894056245005E-002                 -1.8134823376418507E+000                  7.8000507888812640E+000                  4.3103429674908682E+000                  1.9908801457067273E+001                  3.4449503043475102E-021                  8.3419099484056278E-002                  9.1658090051594376E-001                  0.0000000000000000E+000                  0.0000000000000000E+000                  5.1022629651005153E-011 
                                     967                  7.1407266113719947E-002                 -1.8169960420086864E+000                  7.8021193999656147E+000                  4.3156879766994116E+000                  1.9916741809867968E+001                  1.9243415498593240E-021                  8.3032249044655587E-002                  9.1696775095534444E-001                  0.0000000000000000E+000                  0.0000000000000000E+000                  6.1074187968814983E-011 
                                     968                  7.0146638171194944E-002                 -1.8205525622495971E+000                  7.8041800255204370E+000                  4.3210104838139021E+000                  1.9924655939049369E+001                  1.2826340574894478E-021                  8.2685088331173190E-002                  9.1731491166882684E-001                  0.0000000000000000E+000                  0.0000000000000000E+000                  7.3128054629741051E-011 
                                     969                  6.8886010228669955E-002                 -1.8241536937411835E+000                  7.8060563890264314E+000                  4.3258420041061836E+000                  1.9931834972021459E+001                  1.2251647263895341E-021                  8.2289508083361426E-002                  9.1771049191663856E-001                  0.0000000000000000E+000                  0.0000000000000000E+000                  8.5880867896586140E-011 
                                     970                  6.7854205660836289E-002                 -1.8271356143321236E+000                  7.8077240569130462E+000                  4.3301504563227287E+000                  1.9938276088338277E+001                  1.4233820059735464E-021                  8.2247125842075955E-002                  9.1775287415792406E-001                  0.0000000000000000E+000                  0.0000000000000000E+000                  1.0017998013263524E-010 
                                     971                  6.6822401093002193E-002                 -1.8301498814491541E+000                  7.8094312913210846E+000                  4.3345133630751906E+000                  1.9944701930534446E+001                  8.6335840713081753E-022                  8.1405574380765441E-002                  9.1859442561923454E-001                  0.0000000000000000E+000                  0.0000000000000000E+000                  1.1385886885640333E-010 
                                     972                  6.5790596525168263E-002                 -1.8331971516326919E+000                  7.8110811524308525E+000                  4.3387776663936632E+000                  1.9951113175316699E+001                  7.9926012180705720E-022                  8.1602277206851204E-002                  9.1839772279314880E-001                  0.0000000000000000E+000                  0.0000000000000000E+000                  1.3373084398710920E-010 
                                     973                  6.4758791957334333E-002                 -1.8362792071928136E+000                  7.8128264531715566E+000                  4.3432330463561852E+000                  1.9957689778000894E+001                  3.7522105738197074E-022                  8.0830149770726001E-002                  9.1916985022927400E-001                  0.0000000000000000E+000                  0.0000000000000000E+000                  1.5284569088498045E-010 
                                     974                  6.3668731854961594E-002                 -1.8395738010581193E+000                  7.8145770760838431E+000                  4.3477357254143234E+000                  1.9964433656631225E+001                  1.4284730633523230E-022                  8.0798609866671423E-002                  9.1920139013332858E-001                  0.0000000000000000E+000                  0.0000000000000000E+000                  1.7964142763924586E-010 
                                     975                  6.2578671752589007E-002                 -1.8429099472897821E+000                  7.8163415683440833E+000                  4.3522525070314479E+000                  1.9971163694861222E+001                  2.8322938727529025E-022                  8.0467822574072853E-002                  9.1953217742592719E-001                  0.0000000000000000E+000                  0.0000000000000000E+000                  2.0903151105965645E-010 
                                     976                  6.1488611650216435E-002                 -1.8462890462894845E+000                  7.8176666397803931E+000                  4.3556427806513431E+000                  1.9976211198806180E+001                  3.3517078026539040E-022                  8.0178995293756494E-002                  9.1982100470624351E-001                  5.3272353695430448E-032                  0.0000000000000000E+000                  2.3385581321517738E-010 
                                     977                  6.0943581599030162E-002                 -1.8479951909755628E+000                  7.8191272624659476E+000                  4.3593686133034568E+000                  1.9981761715959326E+001                  1.9672931984711138E-022                  7.9869699947322625E-002                  9.2013030005267737E-001                  1.1966100097202301E-031                  0.0000000000000000E+000                  2.6471376021365192E-010 
                                     978                  5.9680854274773334E-002                 -1.8519920831265460E+000                  7.8207078069933829E+000                  4.3634300606642169E+000                  1.9987857401211581E+001                  2.3868671641101021E-022                  7.9896717262495170E-002                  9.2010328273750486E-001                  0.0000000000000000E+000                  0.0000000000000000E+000                  3.0689876910293508E-010 
                                     979                  5.8963157001702501E-002                 -1.8542921868435953E+000                  7.8224458074342325E+000                  4.3678500777529212E+000                  1.9994448064266958E+001                  1.8957836619228965E-022                  7.9539077492259011E-002                  9.2046092250774103E-001                  0.0000000000000000E+000                  0.0000000000000000E+000                  3.5580496636751623E-010 
                                     980                  5.7527762455561647E-002                 -1.8589565229844953E+000                  7.8247676631478855E+000                  4.3737485088739190E+000                  2.0003240859612475E+001                  1.1319983583204557E-022                  7.9005263026571002E-002                  9.2099473697342904E-001                  0.0000000000000000E+000                  0.0000000000000000E+000                  4.3262271796369001E-010 
                                     981                  5.6092367909421292E-002                 -1.8637100668318374E+000                  7.8270689695271463E+000                  4.3796160718933734E+000                  2.0012018589143633E+001                  8.2946659552509667E-023                  7.8724199458000105E-002                  9.2127580054199987E-001                  0.0000000000000000E+000                  0.0000000000000000E+000                  5.3027207834925607E-010 
                                     982                  5.4656973363280487E-002                 -1.8685579404041148E+000                  7.8290130370579423E+000                  4.3845390908899020E+000                  2.0019334855476998E+001                  9.2574913706196298E-023                  7.8053542698319198E-002                  9.2194645730168079E-001                  5.6515586777251159E-032                  0.0000000000000000E+000                  6.1946654548416861E-010 
                                     983                  5.3700043665853264E-002                 -1.8718445620868109E+000                  7.8305531011986265E+000                  4.3884455462760323E+000                  2.0025173064877020E+001                  6.4434902088277499E-023                  7.7786054632836554E-002                  9.2221394536716339E-001                  0.0000000000000000E+000                  0.0000000000000000E+000                  7.0794550394090778E-010 
                                     984                  5.2743113968426063E-002                 -1.8751770739082758E+000                  7.8320690978365919E+000                  4.3923105517547656E+000                  2.0031007042441338E+001                  9.2785830341322089E-023                  7.7959452227258585E-002                  9.2204054777274136E-001                  0.0000000000000000E+000                  0.0000000000000000E+000                  8.2138695630076920E-010 
                                     985                  5.1786184270998313E-002                 -1.8785575344719350E+000                  7.8336113764478066E+000                  4.3962132984340352E+000                  2.0036837498535249E+001                  4.9528443380296284E-023                  7.7632539450160590E-002                  9.2236746054983942E-001                  0.0000000000000000E+000                  0.0000000000000000E+000                  9.3727898324961967E-010 
                                     986                  5.0829254573570619E-002                 -1.8819874897691202E+000                  7.8354558804170678E+000                  4.4008782564410289E+000                  2.0043821347750768E+001                  8.1431564204651640E-023                  7.7342322856872522E-002                  9.2265767714312752E-001                  0.0000000000000000E+000                  0.0000000000000000E+000                  1.1023162984280729E-009 
                                     987                  4.9489552997175501E-002                 -1.8868764835043386E+000                  7.8376162927303143E+000                  4.4063324957126460E+000                  2.0051976390875485E+001                  8.3520941919410952E-023                  7.6889716175366093E-002                  9.2311028382463389E-001                  0.0000000000000000E+000                  0.0000000000000000E+000                  1.3280279990601042E-009 
                                     988                  4.8149851420780668E-002                 -1.8918721252310393E+000                  7.8397888585778208E+000                  4.4117998020334088E+000                  2.0060129740306255E+001                  6.0918247919016028E-023                  7.6241735055753657E-002                  9.2375826494424640E-001                  0.0000000000000000E+000                  0.0000000000000000E+000                  1.5908534877387671E-009 
                                     989                  4.6810149844385585E-002                 -1.8969804553209439E+000                  7.8419350414959190E+000                  4.4172209544291565E+000                  2.0068283555664070E+001                  7.4503175491855679E-023                  7.6133949970716305E-002                  9.2386605002928368E-001                  0.0000000000000000E+000                  0.0000000000000000E+000                  1.9439928340577064E-009 
                                     990                  4.5470448267990439E-002                 -1.9022087697280325E+000                  7.8442485791104026E+000                  4.4230429999247516E+000                  2.0077016928976978E+001                  5.7017912628705841E-023                  7.5796348857250964E-002                  9.2420365114274905E-001                  0.0000000000000000E+000                  0.0000000000000000E+000                  2.3951176027579665E-009 
                                     991                  4.3939360752107012E-002                 -1.9083402081151539E+000                  7.8460972167412004E+000                  4.4277048541898276E+000                  2.0084032297483635E+001                  5.6512938438081606E-023                  7.5696619195477585E-002                  9.2430338080452246E-001                  0.0000000000000000E+000                  0.0000000000000000E+000                  2.8523593354997419E-009 
                                     992                  4.3173816994164949E-002                 -1.9114719742077964E+000                  7.8473290747667095E+000                  4.4308022281196004E+000                  2.0088699047943024E+001                  3.9707885234413009E-023                  7.5649518206976296E-002                  9.2435048179302370E-001                  0.0000000000000000E+000                  0.0000000000000000E+000                  3.2089243447287376E-009 
                                     993                  4.2408273236222899E-002                 -1.9146499923207452E+000                  7.8488938730176265E+000                  4.4347060164611047E+000                  2.0094528364009477E+001                  3.5857519672300559E-023                  7.5143299183056497E-002                  9.2485670081694349E-001                  0.0000000000000000E+000                  0.0000000000000000E+000                  3.6635522638580957E-009 
                                     994                  4.1259957599311101E-002                 -1.9195071812809572E+000                  7.8507529603063197E+000                  4.4393674435570389E+000                  2.0101541033045564E+001                  3.1516445956273669E-023                  7.4959949866145500E-002                  9.2504005013385449E-001                  0.0000000000000000E+000                  0.0000000000000000E+000                  4.3658481433181670E-009 
                                     995                  4.0111641962399087E-002                 -1.9244784273055442E+000                  7.8525237283060276E+000                  4.4437957802464050E+000                  2.0108187147931048E+001                  2.2463714287454706E-023                  7.4641993244587646E-002                  9.2535800675541235E-001                  0.0000000000000000E+000                  0.0000000000000000E+000                  5.1364694092025063E-009 
                                     996                  3.9087366276514067E-002                 -1.9290142565000772E+000                  7.8541851357267083E+000                  4.4479557128974694E+000                  2.0114460313786307E+001                  1.7482722892737419E-023                  7.4559510294766124E-002                  9.2544048970523385E-001                  0.0000000000000000E+000                  0.0000000000000000E+000                  6.0424731973867370E-009 
                                     997                  3.8063090590628720E-002                 -1.9336514529523288E+000                  7.8560789568882194E+000                  4.4526767332546093E+000                  2.0121531367365051E+001                  1.3583281505842315E-023                  7.4068750471812300E-002                  9.2593124952818773E-001                  0.0000000000000000E+000                  0.0000000000000000E+000                  7.1664994892150950E-009 
                                     998                  3.6780082976798086E-002                 -1.9396112326616930E+000                  7.8581977845345916E+000                  4.4579389095250601E+000                  2.0129421934565197E+001                  8.5109475359839042E-024                  7.3547525003345202E-002                  9.2645247499665484E-001                  1.4241484230546628E-031                  0.0000000000000000E+000                  8.6993967222185491E-009 
                                     999                  3.5497075362968700E-002                 -1.9457504737341540E+000                  7.8597766043723505E+000                  4.4618805671948865E+000                  2.0135370188311686E+001                  8.1044411281500551E-024                  7.3462177670419307E-002                  9.2653782232958071E-001                  0.0000000000000000E+000                  0.0000000000000000E+000                  1.0191884327764149E-008 
                                    1000                  3.4855571556053670E-002                 -1.9488916161959535E+000                  7.8608342409675238E+000                  4.4645108870685393E+000                  2.0139332866965351E+001                  5.1626342588048701E-024                  7.3332046489140282E-002                  9.2666795351085973E-001                  0.0000000000000000E+000                  0.0000000000000000E+000                  1.1306295955421945E-008 
                                    1001                  3.4214067749138641E-002                 -1.9520828275664921E+000                  7.8624238088194751E+000                  4.4684526670945166E+000                  2.0145273380464491E+001                  4.7016072791084053E-024                  7.3128095141765048E-002                  9.2687190485823501E-001                  0.0000000000000000E+000                  0.0000000000000000E+000                  1.3224019810298706E-008 
                                    1002                  3.2931060135309095E-002                 -1.9586233623802674E+000                  7.8640266729388655E+000                  4.4724310559818248E+000                  2.0151263311860106E+001                  2.4990897982069080E-024                  7.2891450148459963E-002                  9.2710854985154001E-001                  0.0000000000000000E+000                  0.0000000000000000E+000                  1.5489323885520081E-008 
                                    1003                  3.2289556328394892E-002                 -1.9619766658830828E+000                  7.8651068202533265E+000                  4.4750970976415623E+000                  2.0155255500204241E+001                  1.6598855730362245E-024                  7.2534839065152804E-002                  9.2746516093484721E-001                  0.0000000000000000E+000                  0.0000000000000000E+000                  1.7103405709819795E-008 
                                    1004                  3.1648052521480056E-002                 -1.9653882319413307E+000                  7.8667060684037597E+000                  4.4790556713385854E+000                  2.0161242947867073E+001                  8.4295061033744376E-025                  7.2465226847831035E-002                  9.2753477315216892E-001                  0.0000000000000000E+000                  0.0000000000000000E+000                  2.0210810845378451E-008 
                                    1005                  3.0365044907650695E-002                 -1.9723966966568840E+000                  7.8683222256202967E+000                  4.4830577753302343E+000                  2.0167286426601805E+001                  4.5971217687387753E-025                  7.2315644590918313E-002                  9.2768435540908167E-001                  0.0000000000000000E+000                  0.0000000000000000E+000                  2.3882008540994538E-008 
                                    1006                  2.9723541100734746E-002                 -1.9759986461751060E+000                  7.8694256494176695E+000                  4.4857622331706350E+000                  2.0171316337171799E+001                  1.9219521173311383E-025                  7.1765873336315053E-002                  9.2823412666368499E-001                  0.0000000000000000E+000                  0.0000000000000000E+000                  2.6288559283206587E-008 
                                    1007                  2.9082037293818724E-002                 -1.9796692846685091E+000                  7.8710540465096228E+000                  4.4897678362296203E+000                  2.0177363518684636E+001                  1.2651238012776973E-025                  7.1555674135324862E-002                  9.2844432586467518E-001                  0.0000000000000000E+000                  0.0000000000000000E+000                  3.1098257695570153E-008 
                                    1008                  2.7799029679989009E-002                 -1.9872302220899827E+000                  7.8726873345084449E+000                  4.4938000223807135E+000                  2.0183474660026896E+001                  6.0002894192029270E-026                  7.1534932535494644E-002                  9.2846506746450541E-001                  0.0000000000000000E+000                  0.0000000000000000E+000                  3.7159451789532946E-008 
                                    1009                  2.7157525873074771E-002                 -1.9911272785755914E+000                  7.8737929231010257E+000                  4.4965106599542208E+000                  2.0187552099824199E+001                  2.6344166244299839E-026                  7.1260924739089515E-002                  9.2873907526091048E-001                  0.0000000000000000E+000                  0.0000000000000000E+000                  4.1495420118867300E-008 
                                    1010                  2.6516022066160636E-002                 -1.9951068884630685E+000                  7.8754472983010260E+000                  4.5005633856833560E+000                  2.0193674385100998E+001                  1.6002793704805315E-026                  7.1032563394378787E-002                  9.2896743660562120E-001                  0.0000000000000000E+000                  0.0000000000000000E+000                  4.9381508159180354E-008 
                                    1011                  2.5233014452329058E-002                 -2.0033307980701260E+000                  7.8776441277671072E+000                  4.5059461775407543E+000                  2.0201819780080463E+001                  5.4926767947395119E-027                  7.0820842141301285E-002                  9.2917915785869876E-001                  0.0000000000000000E+000                  0.0000000000000000E+000                  6.2598832366668509E-008 
                                    1012                  2.3980313806300078E-002                 -2.0117301539785792E+000                  7.8792869392858069E+000                  4.5099702847341394E+000                  2.0207916779792615E+001                  2.3240971264824298E-027                  7.0710544693242325E-002                  9.2928945530675766E-001                  0.0000000000000000E+000                  0.0000000000000000E+000                  7.5021394910642746E-008 
                                    1013                  2.3353963483285330E-002                 -2.0160788448602585E+000                  7.8803867632084836E+000                  4.5126570140646640E+000                  2.0211989107558782E+001                  1.6377896485193527E-027                  7.0634264039642472E-002                  9.2936573596035754E-001                  0.0000000000000000E+000                  0.0000000000000000E+000                  8.4739761721848621E-008 
                                    1014                  2.2727613160270457E-002                 -2.0205341451887620E+000                  7.8820446421570978E+000                  4.5166948475180444E+000                  2.0218110490633876E+001                  1.2891264750233635E-027                  7.0502768810474223E-002                  9.2949723118952576E-001                  0.0000000000000000E+000                  0.0000000000000000E+000                  1.0185486853722388E-007 
                                    1015                  2.1474912514241135E-002                 -2.0297891750282209E+000                  7.8842760282939279E+000                  4.5221369745024047E+000                  2.0226370722349873E+001                  5.9387833781250427E-028                  7.0403652753961238E-002                  9.2959634724603879E-001                  0.0000000000000000E+000                  0.0000000000000000E+000                  1.3117253987171046E-007 
                                    1016                  2.0222211868211434E-002                 -2.0395491781194455E+000                  7.8869813574435899E+000                  4.5287019358600320E+000                  2.0236333676738465E+001                  4.7981312470570258E-028                  7.0199302968083008E-002                  9.2980069703191703E-001                  0.0000000000000000E+000                  0.0000000000000000E+000                  1.7809661723349143E-007 
                                    1017                  1.8479542254269059E-002                 -2.0540905188215977E+000                  7.8902010241818985E+000                  4.5364825673708342E+000                  2.0248145564599106E+001                  3.6364229881028104E-028                  6.9914027647249632E-002                  9.3008597235275037E-001                  0.0000000000000000E+000                  0.0000000000000000E+000                  2.5672097274772984E-007 
                                    1018                  1.6736872640326431E-002                 -2.0699539169677501E+000                  7.8925950847947224E+000                  4.5422363613188210E+000                  2.0256898749059211E+001                  2.5980272498783983E-028                  6.9768025442048673E-002                  9.3023197455795137E-001                  0.0000000000000000E+000                  0.0000000000000000E+000                  3.3860669672087471E-007 
                                    1019                  1.5956458736751524E-002                 -2.0775593319106016E+000                  7.8940854338797957E+000                  4.5458162007120704E+000                  2.0262346002660710E+001                  1.5688739603825724E-028                  6.9677866098567132E-002                  9.3032213390143292E-001                  4.9672851087680105E-030                  0.0000000000000000E+000                  4.0265115330395425E-007 
                                    1020                  1.5176044833177390E-002                 -2.0855188300450576E+000                  7.8955929477167555E+000                  4.5494304655533000E+000                  2.0267851055107759E+001                  1.4596729883089404E-028                  6.9611613079307105E-002                  9.3038838692069292E-001                  0.0000000000000000E+000                  0.0000000000000000E+000                  4.8055552374234923E-007 
                                    1021                  1.4395630929602509E-002                 -2.0938696948606439E+000                  7.8971188999543429E+000                  4.5530819988377162E+000                  2.0273419070437711E+001                  9.8432456545696940E-029                  6.9571955954643536E-002                  9.3042804404535651E-001                  0.0000000000000000E+000                  0.0000000000000000E+000                  5.7575771473758950E-007 
                                    1022                  1.3615217026027776E-002                 -2.1026554358196377E+000                  7.8985175890580459E+000                  4.5564211687640865E+000                  2.0278506986195207E+001                  7.8889697755441069E-029                  6.9492261288228094E-002                  9.3050773871177195E-001                  0.0000000000000000E+000                  0.0000000000000000E+000                  6.7850591629102328E-007 
                                    1023                  1.2987687745727339E-002                 -2.1100696887140535E+000                  7.8997784807235751E+000                  4.5594245443415904E+000                  2.0283087868416377E+001                  4.5333513747000174E-029                  6.9440285639545199E-002                  9.3055971436045481E-001                  6.1062848261672748E-031                  0.0000000000000000E+000                  7.8766252030512899E-007 
                                    1024                  1.2360158465427028E-002                 -2.1178289388860487E+000                  7.9016944872625530E+000                  4.5639676725735399E+000                  2.0290019108284621E+001                  2.8844353530495271E-029                  6.9332851238388810E-002                  9.3066714876161116E-001                  1.5021018648785164E-029                  0.0000000000000000E+000                  9.8725801756832387E-007 
                                    1025                  1.1105099904825510E-002                 -2.1345326167719891E+000                  7.9035884457219128E+000                  4.5684618671873318E+000                  2.0296877571398930E+001                  1.7467326644200177E-029                  6.9241547706562101E-002                  9.3075845229343790E-001                  0.0000000000000000E+000                  0.0000000000000000E+000                  1.2356679967688758E-006 
                                    1026                  1.0554012936161799E-002                 -2.1424389665273638E+000                  7.9047594524856493E+000                  4.5712276049887857E+000                  2.0301101401200796E+001                  1.4284664142647338E-029                  6.9182641079963567E-002                  9.3081735892003648E-001                  8.8758836597040160E-030                  0.0000000000000000E+000                  1.4196536375101910E-006 
                                    1027                  1.0002925967497914E-002                 -2.1507475512931125E+000                  7.9065423605672844E+000                  4.5754195539976630E+000                  2.0307505020334858E+001                  1.1537615268966880E-029                  6.9068704693644359E-002                  9.3093129530635566E-001                  0.0000000000000000E+000                  0.0000000000000000E+000                  1.7521376638213082E-006 
                                    1028                  8.9007520301721300E-003                 -2.1687623579865591E+000                  7.9085671865718243E+000                  4.5801796562255825E+000                  2.0314784834925174E+001                  1.2085141935285280E-029                  6.8991871280196918E-002                  9.3100812871980310E-001                  0.0000000000000000E+000                  0.0000000000000000E+000                  2.2307929423881303E-006 
                                    1029                  8.1852343100609088E-003                 -2.1816362511044929E+000                  7.9101987129406286E+000                  4.5839977470244744E+000                  2.0320629906637073E+001                  1.3807089759398637E-029                  6.8937608211148471E-002                  9.3106239178885153E-001                  0.0000000000000000E+000                  0.0000000000000000E+000                  2.7110701891408111E-006 
                                    1030                  7.4697165899497847E-003                 -2.1956378922527118E+000                  7.9118727990515039E+000                  4.5879035927887060E+000                  2.0326616139466417E+001                  1.7323638264029727E-029                  6.8906238777069459E-002                  9.3109376122293053E-001                  0.0000000000000000E+000                  0.0000000000000000E+000                  3.3150655544467146E-006 
                                    1031                  6.7541988698387109E-003                 -2.2109937851591885E+000                  7.9135980801287600E+000                  4.5919144241886771E+000                  2.0332764782330816E+001                  1.6371405164495869E-029                  6.8855902155394333E-002                  9.3114409784460572E-001                  0.0000000000000000E+000                  0.0000000000000000E+000                  4.0751734186391307E-006 
                                    1032                  6.0386811497276371E-003                 -2.2280063850605369E+000                  7.9151037948503218E+000                  4.5954068722362322E+000                  2.0338124626901216E+001                  1.5786568643274656E-029                  6.8836460459982499E-002                  9.3116353954001752E-001                  2.8453635672919934E-029                  0.0000000000000000E+000                  4.8844976567405791E-006 
                                    1033                  5.5453888953839112E-003                 -2.2409109694106180E+000                  7.9163636612980923E+000                  4.5983183461631230E+000                  2.0342597854544390E+001                  1.4788428842354370E-029                  6.8834604196953725E-002                  9.3116539580304625E-001                  0.0000000000000000E+000                  0.0000000000000000E+000                  5.6868739059725973E-006 
                                    1034                  5.0520966410401600E-003                 -2.2549800570961964E+000                  7.9176620981484049E+000                  4.6013089196388739E+000                  2.0347188828075950E+001                  1.5841964239825381E-029                  6.8786802320923407E-002                  9.3121319767907662E-001                  0.0000000000000000E+000                  0.0000000000000000E+000                  6.6378316340738075E-006 
                                    1035                  4.5588043866964089E-003                 -2.2704522360190347E+000                  7.9190001619898744E+000                  4.6043826524688178E+000                  2.0351915049821336E+001                  1.2576882305406673E-029                  6.8774483030010533E-002                  9.3122551696998945E-001                  0.0000000000000000E+000                  0.0000000000000000E+000                  7.7958970120359853E-006 
                                    1036                  4.0655121323526578E-003                 -2.2876484026347601E+000                  7.9206532707966177E+000                  4.6081628456688124E+000                  2.0357729649145654E+001                  1.2229936440711071E-029                  6.8741514144583543E-002                  9.3125848585541648E-001                  0.0000000000000000E+000                  0.0000000000000000E+000                  9.4994847465578387E-006 
                                    1037                  3.3829256634643800E-003                 -2.3151497198507980E+000                  7.9221779702690132E+000                  4.6116450616932667E+000                  2.0363087650836324E+001                  6.8970374606636241E-030                  6.8713330437482581E-002                  9.3128666956251738E-001                  0.0000000000000000E+000                  0.0000000000000000E+000                  1.1397568753588972E-005 
                                    1038                  3.0416324290213821E-003                 -2.3310103283691999E+000                  7.9232284707336813E+000                  4.6140328276633902E+000                  2.0366765988406964E+001                  6.5112066618142209E-030                  6.8702832836549405E-002                  9.3129716716345057E-001                  0.0000000000000000E+000                  0.0000000000000000E+000                  1.2924336414835320E-005 
                                    1039                  2.7003391945783595E-003                 -2.3487210152625821E+000                  7.9247411087230315E+000                  4.6174539925782296E+000                  2.0372041449431013E+001                  4.0934466124448621E-030                  6.8691960833876686E-002                  9.3130803916612326E-001                  0.0000000000000000E+000                  0.0000000000000000E+000                  1.5487364493006540E-005 
                                    1040                  2.0951981884650981E-003                 -2.3863578203628037E+000                  7.9268398884535181E+000                  4.6221840714970748E+000                  2.0379338075361225E+001                  2.3946901202600567E-030                  6.8663776379083025E-002                  9.3133622362091695E-001                  0.0000000000000000E+000                  0.0000000000000000E+000                  1.9884642330106789E-005 
                                    1041                  1.4900571823517875E-003                 -2.4366938252996757E+000                  7.9287158833798532E+000                  4.6263983757646887E+000                  2.0385844315187910E+001                  1.7101332969002549E-030                  6.8648118422645080E-002                  9.3135188157735493E-001                  0.0000000000000000E+000                  0.0000000000000000E+000                  2.4858935454908446E-005 
                                    1042                  1.1254184517981419E-003                 -2.4779815435184145E+000                  7.9302621424252075E+000                  4.6298470985887361E+000                  2.0391176361508034E+001                  1.3986633660901676E-030                  6.8642905926390552E-002                  9.3135709407360945E-001                  0.0000000000000000E+000                  0.0000000000000000E+000                  2.9877030069661705E-005 
                                    1043                  7.6077972124449658E-004                 -2.5354012681488030E+000                  7.9320221124749146E+000                  4.6337495296467477E+000                  2.0397213516681578E+001                  1.1160024522900022E-030                  6.8619154213751074E-002                  9.3138084578624891E-001                  0.0000000000000000E+000                  0.0000000000000000E+000                  3.6783661792492026E-005 
                                    1044                  3.9614099069224001E-004                 -2.6307554848104364E+000                  7.9336559261432056E+000                  4.6373686208318086E+000                  2.0402812174274242E+001                  1.0998641851047371E-030                  6.8587615830430174E-002                  9.3141238416956984E-001                  0.0000000000000000E+000                  0.0000000000000000E+000                  4.4578345422370000E-005 
                                    1045                  2.1382162541727737E-004                 -2.7205634458997494E+000                  7.9346576930577868E+000                  4.6395774004841002E+000                  2.0406231813861840E+001                  1.0933534425375081E-030                  6.8568090637992032E-002                  9.3143190936200793E-001                  0.0000000000000000E+000                  0.0000000000000000E+000                  5.0139929984650163E-005 
                                    1046                  1.2266194277967967E-004                 -2.8013375429823988E+000                  7.9352598763725535E+000                  4.6409012191895123E+000                  2.0408282835908174E+001                  1.0908541051941775E-030                  6.8559323318998472E-002                  9.3144067668100150E-001                  0.0000000000000000E+000                  0.0000000000000000E+000                  5.3813310072966592E-005 
                                    1047                  7.7082101460613381E-005                 -2.8687816752996613E+000                  7.9356110914590152E+000                  4.6416717131599778E+000                  2.0409477753256120E+001                  1.0908541051941831E-030                  6.8559323318782256E-002                  9.3144067668121777E-001                  0.0000000000000000E+000                  0.0000000000000000E+000                  5.6089284585339138E-005 
                                    1048                  5.4292180801165287E-005                 -2.9196294469476869E+000                  7.9358746074647488E+000                  4.6422478986721876E+000                  2.0410371834522767E+001                  1.0908541051941775E-030                  6.8559323318616167E-002                  9.3144067668138386E-001                  5.3008796780336432E-029                  0.0000000000000000E+000                  5.7858565807679308E-005 
                                    1049                  3.1502260141717186E-005                 -2.9985556763303340E+000                  7.9361415374568729E+000                  4.6428314962014952E+000                  2.0411277436241537E+001                  1.0908541051941777E-030                  6.8559323318446247E-002                  9.3144067668155373E-001                  0.0000000000000000E+000                  0.0000000000000000E+000                  5.9706936384307963E-005 
                                    1050                  1.5751130046161596E-005                 -3.0990086037882718E+000                  7.9363473478769633E+000                  4.6432819483647982E+000                  2.0411976305881780E+001                  1.0908541051941775E-030                  6.8559323318313006E-002                  9.3144067668168695E-001                  0.0000000000000000E+000                  0.0000000000000000E+000                  6.1171937527030497E-005 
                                    1051                  7.8755649982433067E-006                 -3.1994209260530315E+000                  7.9364769426995601E+000                  4.6435655092268062E+000                  2.0412416268809075E+001                  1.0908541051941775E-030                  6.8559323318228491E-002                  9.3144067668177155E-001                  0.0000000000000000E+000                  0.0000000000000000E+000                  6.2112550483637221E-005 
                                    1052                  3.9377824742320586E-006                 -3.2998076985777858E+000                  7.9365585704167740E+000                  4.6437440547824353E+000                  2.0412693310218494E+001                  1.0908541051941775E-030                  6.8559323318174742E-002                  9.3144067668182529E-001                  3.2122274960077129E-029                  0.0000000000000000E+000                  6.2712309376572855E-005 
                                    1053                  1.9688912120719425E-006                 -3.4001783887031061E+000                  7.9366099890101447E+000                  4.6438564966187617E+000                  2.0412867788629086E+001                  1.0908541051941775E-030                  6.8559323318141241E-002                  9.3144067668185881E-001                  0.0000000000000000E+000                  0.0000000000000000E+000                  6.3093029921035946E-005 
                                    1054                  9.8444558116969047E-007                 -3.5005389533093312E+000                  7.9366423794979548E+000                  4.6439273166157831E+000                  2.0412977684599095E+001                  1.0908541051941777E-030                  6.8559323318119508E-002                  9.3144067668188046E-001                  0.0000000000000000E+000                  0.0000000000000000E+000                  6.3334027011187328E-005 
                                    1055                  4.9222276570451999E-007                 -3.6008931427353867E+000                  7.9366627841027748E+000                  4.6439719247392768E+000                  2.0413046907365771E+001                  1.0908541051941775E-030                  6.8559323318106144E-002                  9.3144067668189390E-001                  0.0000000000000000E+000                  0.0000000000000000E+000                  6.3486309421330594E-005 
                                    1056                  2.4611135712209516E-007                 -3.7012433203343269E+000                  7.9366756386414874E+000                  4.6440000236242298E+000                  2.0413090512057263E+001                  1.0908541051941773E-030                  6.8559323318097706E-002                  9.3144067668190234E-001                  0.0000000000000000E+000                  0.0000000000000000E+000                  6.3582429093934947E-005 
                                    1057                  1.2305564951420626E-007                 -3.8015909810567576E+000                  7.9366837370930048E+000                  4.6440177236431310E+000                  2.0413117980132874E+001                  1.0908541051941773E-030                  6.8559323318092322E-002                  9.3144067668190766E-001                  0.0000000000000000E+000                  0.0000000000000000E+000                  6.3643058140437072E-005 
                                    1058                  6.1527797961157519E-008                 -3.9019370652342231E+000                  7.9366888393582302E+000                  4.6440288733480681E+000                  2.0413135283475061E+001                  1.0908541051941775E-030                  6.8559323318088686E-002                  9.3144067668191133E-001                  0.0000000000000000E+000                  0.0000000000000000E+000                  6.3681284955719220E-005 
                                    1059                  3.0763871399392398E-008                 -4.0022821887977829E+000                  7.9366920554536886E+000                  4.6440358962483268E+000                  2.0413146183713433E+001                  1.0908541051941775E-030                  6.8559323318086660E-002                  9.3144067668191333E-001                  0.0000000000000000E+000                  0.0000000000000000E+000                  6.3705390350087595E-005 
                                    1060                  1.5381910419157043E-008                 -4.1026267414061071E+000                  7.9366947384062252E+000                  4.6440418031753836E+000                  2.0413155339200564E+001                  1.0908541051941775E-030                  6.8559323318084842E-002                  9.3144067668191521E-001                  0.0000000000000000E+000                  0.0000000000000000E+000                  6.3725522320283857E-005 
