                                       1                                        2                                        3                                        4                                        5                                        6                                        7                                        8                                        9                                       10                                       11                                       12                                       13                                       14                                       15                                       16                                       17                                       18                                       19                                       20                                       21                                       22                                       23                                       24                                       25                                       26                                       27                                       28                                       29                                       30                                       31                                       32                                       33                                       34                                       35                                       36                                       37                                       38                                       39                                       40                                       41                                       42                                       43                                       44                                       45                                       46                                       47                                       48                                       49 
                            model_number                                num_zones                             initial_mass                                initial_z                                 star_age                                time_step                                     Teff                            photosphere_L                            photosphere_r                               center_eta                                center_h1                               center_he3                               center_he4                               center_c12                               center_n14                               center_o16                              center_ne20                                star_mass                                star_mdot                             star_mass_h1                            star_mass_he3                            star_mass_he4                            star_mass_c12                            star_mass_n14                            star_mass_o16                           star_mass_ne20                             he_core_mass                             co_core_mass                             fe_core_mass                   neutron_rich_core_mass                             dynamic_time                             kh_timescale                            nuc_timescale                           power_nuc_burn                             power_h_burn                            power_he_burn                                power_neu                                burn_min1                                burn_min2                             time_seconds                           version_number                                 compiler                                    build                         MESA_SDK_version                             math_backend                                     date                                     msun                                     rsun                                     lsun 
                                     360                                      874                  1.0000000000000000E+000                  2.0000000000000000E-002                  1.3773853675940483E-002                  6.9796322511527962E-004                  8.1006009929261025E+004                  1.8920369244554971E+002                  6.9836663582976535E-002                  2.2986418496641252E+000                  0.0000000000000000E+000                  0.0000000000000000E+000                  6.8559323329592012E-002                  4.4241129212751218E-001                  2.0548874098890239E-007                  4.6479312223768438E-001                  2.0158826096892329E-002                  2.2338349999932886E-001                 -1.8629425104459061E-010                  1.5267663312802173E-061                  9.2975693623628519E-049                  3.5549665238027460E-002                  9.4658572750992778E-002                  2.2130301241512037E-004                  8.7741273728279862E-002                  4.1843007386769540E-003                  2.2338349999932886E-001                  1.2230385963014540E-001                  0.0000000000000000E+000                  0.0000000000000000E+000                  3.9080196182188814E+002                  8.8934445172606822E+004                  1.1806508483634146E+007                  1.5198157982360607E+006                  7.8098314844644242E-033                  8.0672794581776339E-008                  3.5900635953320522E+005                  5.0000000000000000E+001                  1.0000000000000000E+003                  4.3466976476385939E+005                               "r23.05.1"                               "gfortran"                                 "13.1.0"                    "x86_64-linux-23.7.3"                                 "CRMATH"                               "20260529"                  1.9884098706980504E+033                  6.9570000000000000E+010                  3.8280000000000003E+033 

                                       1                                        2                                        3                                        4                                        5                                        6                                        7                                        8                                        9                                       10                                       11                                       12 
                                    zone                                     mass                                     logR                                     logT                                   logRho                                     logP                        x_mass_fraction_H                       y_mass_fraction_He                   z_mass_fraction_metals                                       pp                                      cno                                tri_alpha 
                                       1                  2.2338349999932886E-001                 -1.1559165170418115E+000                  4.9128700670432952E+000                 -7.2659299929396450E+000                  5.4680573314148759E+000                  3.6237130548313891E-005                  4.0108851175347016E-001                  5.9887525111598161E-001                  2.4769421323007076E-175                  0.0000000000000000E+000                  0.0000000000000000E+000 
                                       2                  2.2338349999932450E-001                 -1.1559647502290293E+000                  4.9214305110585252E+000                 -7.2141498735468321E+000                  5.5192367645322102E+000                  3.6237130548313891E-005                  4.0108851175347016E-001                  5.9887525111598161E-001                  2.7909195604413833E-175                  0.0000000000000000E+000                  0.0000000000000000E+000 
                                       3                  2.2338349999932011E-001                 -1.1560075757278114E+000                  4.9297346529838864E+000                 -7.1705043691387793E+000                  5.5650329233117866E+000                  3.6237130548313891E-005                  4.0108851175347016E-001                  5.9887525111598161E-001                  3.0863026602793983E-175                  0.0000000000000000E+000                  0.0000000000000000E+000 
                                       4                  2.2338349999931575E-001                 -1.1560463174815832E+000                  4.9377178491643470E+000                 -7.1328130570204973E+000                  5.6064713440017719E+000                  3.6237130548313891E-005                  4.0108851175347016E-001                  5.9887525111598161E-001                  3.3664421098219216E-175                  0.0000000000000000E+000                  0.0000000000000000E+000 
                                       5                  2.2338349999931137E-001                 -1.1560818478223547E+000                  4.9453528692989979E+000                 -7.0996429736141957E+000                  5.6443098708118331E+000                  3.6237130548313884E-005                  4.0108851175347016E-001                  5.9887525111598161E-001                  3.6339512620539899E-175                  0.0000000000000000E+000                  0.0000000000000000E+000 
                                       6                  2.2338349999930704E-001                 -1.1561147732916108E+000                  4.9526346700000881E+000                 -7.0700149612119505E+000                  5.6791243956038056E+000                  3.6237130548313884E-005                  4.0108851175347016E-001                  5.9887525111598161E-001                  3.8908291557948590E-175                  0.0000000000000000E+000                  0.0000000000000000E+000 
                                       7                  2.2338349999930265E-001                 -1.1561455342236764E+000                  4.9595710152892147E+000                 -7.0432369844930953E+000                  5.7113628059247770E+000                  3.6237130548313884E-005                  4.0108851175347010E-001                  5.9887525111598161E-001                  4.1385942511892814E-175                  0.0000000000000000E+000                  0.0000000000000000E+000 
                                       8                  2.2338349999929830E-001                 -1.1561744617332932E+000                  4.9661770121024160E+000                 -7.0188030595210220E+000                  5.7413803138228081E+000                  3.6237130548313891E-005                  4.0108851175347021E-001                  5.9887525111598150E-001                  4.3784208715878583E-175                  0.0000000000000000E+000                  0.0000000000000000E+000 
                                       9                  2.2338349999929391E-001                 -1.1562018119982804E+000                  4.9724715125658046E+000                 -6.9963315737085221E+000                  5.7694633804035567E+000                  3.6237130548313898E-005                  4.0108851175347016E-001                  5.9887525111598161E-001                  4.6112430859641883E-175                  0.0000000000000000E+000                  0.0000000000000000E+000 
                                      10                  2.2338349999928955E-001                 -1.1562277878646756E+000                  4.9784746670250781E+000                 -6.9755292784059932E+000                  5.7958463866212542E+000                  3.6237130548313884E-005                  4.0108851175346999E-001                  5.9887525111598172E-001                  4.8377993434205961E-175                  0.0000000000000000E+000                  0.0000000000000000E+000 
                                      11                  2.2338349999928522E-001                 -1.1562525531797925E+000                  4.9842063358782633E+000                 -6.9561653151072012E+000                  5.8207235390407455E+000                  3.6237130548313891E-005                  4.0108851175347005E-001                  5.9887525111598161E-001                  5.0586897063257363E-175                  0.0000000000000000E+000                  0.0000000000000000E+000 
                                      12                  2.2338349999928084E-001                 -1.1562762424988418E+000                  4.9896851626359284E+000                 -6.9380500320748650E+000                  5.8442575568216535E+000                  3.6237130548313891E-005                  4.0108851175347016E-001                  5.9887525111598161E-001                  5.2744646701377547E-175                  0.0000000000000000E+000                  0.0000000000000000E+000 
                                      13                  2.2338349999927648E-001                 -1.1562989676570714E+000                  4.9949283380091787E+000                 -6.9210266969409275E+000                  5.8665861307114238E+000                  3.6237130548313891E-005                  4.0108851175347010E-001                  5.9887525111598161E-001                  5.4856203852336740E-175                  0.0000000000000000E+000                  0.0000000000000000E+000 
                                      14                  2.2338349999927209E-001                 -1.1563208226389590E+000                  4.9999516539504283E+000                 -6.9049659719407046E+000                  5.8878268064154415E+000                  3.6237130548313891E-005                  4.0108851175347016E-001                  5.9887525111598161E-001                  5.6925856575261652E-175                  0.0000000000000000E+000                  0.0000000000000000E+000 
                                      15                  2.2338349999926774E-001                 -1.1563418872820646E+000                  5.0047694446137667E+000                 -6.8897598161144957E+000                  5.9080799287753232E+000                  3.6237130548313891E-005                  4.0108851175347016E-001                  5.9887525111598161E-001                  5.8957355022494352E-175                  0.0000000000000000E+000                  0.0000000000000000E+000 
                                      16                  2.2338349999926335E-001                 -1.1563622283988060E+000                  5.0093950325852710E+000                 -6.8753150167757671E+000                  5.9274320782666425E+000                  3.6237130548313891E-005                  4.0108851175347016E-001                  5.9887525111598161E-001                  6.0954292836721279E-175                  0.0000000000000000E+000                  0.0000000000000000E+000 
                                      17                  2.2338349999925902E-001                 -1.1563819043359735E+000                  5.0138412757543023E+000                 -6.8615524659162075E+000                  5.9459597947877274E+000                  3.6237130548313891E-005                  4.0108851175347010E-001                  5.9887525111598161E-001                  6.2919848625811024E-175                  0.0000000000000000E+000                  0.0000000000000000E+000 
                                      18                  2.2338349999925464E-001                 -1.1564009671678204E+000                  5.0181204796421106E+000                 -6.8484051375541135E+000                  5.9637311975178999E+000                  3.6237130548313891E-005                  4.0108851175347010E-001                  5.9887525111598161E-001                  6.4856751762314539E-175                  0.0000000000000000E+000                  0.0000000000000000E+000 
                                      19                  2.2338349999925028E-001                 -1.1564194633020040E+000                  5.0222440600517011E+000                 -6.8358163100355931E+000                  5.9808062346979369E+000                  3.6237130548313891E-005                  4.0108851175347016E-001                  5.9887525111598161E-001                  6.6767273937509480E-175                  0.0000000000000000E+000                  0.0000000000000000E+000 
                                      20                  2.2338349999924589E-001                 -1.1564374328027553E+000                  5.0262224834747427E+000                 -6.8237369267360322E+000                  5.9972376076527514E+000                  3.6237130548313891E-005                  4.0108851175347010E-001                  5.9887525111598161E-001                  6.8653411422716661E-175                  0.0000000000000000E+000                  0.0000000000000000E+000 
                                      21                  2.2338349999924154E-001                 -1.1564549112775884E+000                  5.0300653735964991E+000                 -6.8121238537104229E+000                  6.0130722166287010E+000                  3.6237130548313891E-005                  4.0108851175347010E-001                  5.9887525111598161E-001                  7.0516995682431725E-175                  0.0000000000000000E+000                  0.0000000000000000E+000 
                                      22                  2.2338349999923721E-001                 -1.1564719304294246E+000                  5.0337814828666589E+000                 -6.8009392845680932E+000                  6.0283519759577375E+000                  3.6237130548313891E-005                  4.0108851175347010E-001                  5.9887525111598161E-001                  7.2359660907246253E-175                  0.0000000000000000E+000                  0.0000000000000000E+000 
                                      23                  2.2338349999923282E-001                 -1.1564885187069458E+000                  5.0373787339067508E+000                 -6.7901497361025918E+000                  6.0431145164672602E+000                  3.6237130548313891E-005                  4.0108851175347010E-001                  5.9887525111598161E-001                  7.4182899245567169E-175                  0.0000000000000000E+000                  0.0000000000000000E+000 
                                      24                  2.2338349999922846E-001                 -1.1565047017113657E+000                  5.0408643175419989E+000                 -6.7797254209316273E+000                  6.0573937511792417E+000                  3.6237130548313891E-005                  4.0108851175347010E-001                  5.9887525111598161E-001                  7.5988077340112993E-175                  0.0000000000000000E+000                  0.0000000000000000E+000 
                                      25                  2.2338349999922408E-001                 -1.1565205026119076E+000                  5.0442447826485495E+000                 -6.7696399928149535E+000                  6.0712203592757961E+000                  3.6237130548313891E-005                  4.0108851175347010E-001                  5.9887525111598161E-001                  7.7776403193266698E-175                  0.0000000000000000E+000                  0.0000000000000000E+000 
                                      26                  2.2338349999921972E-001                 -1.1565359424479118E+000                  5.0475261083902190E+000                 -6.7598702612071611E+000                  6.0846221821756332E+000                  3.6237130548313891E-005                  4.0108851175347010E-001                  5.9887525111598161E-001                  7.9548906223712734E-175                  0.0000000000000000E+000                  0.0000000000000000E+000 
                                      27                  2.2338349999921533E-001                 -1.1565510404153057E+000                  5.0507137684289365E+000                 -6.7503952929549751E+000                  6.0976245639181572E+000                  3.6237130548313891E-005                  4.0108851175347010E-001                  5.9887525111598161E-001                  8.1306540365641536E-175                  0.0000000000000000E+000                  0.0000000000000000E+000 
                                      28                  2.2338349999921100E-001                 -1.1565658140742991E+000                  5.0538128003892036E+000                 -6.7411961252532961E+000                  6.1102506426086522E+000                  3.6237130548313891E-005                  4.0108851175347016E-001                  5.9887525111598161E-001                  8.3050192770114994E-175                  0.0000000000000000E+000                  0.0000000000000000E+000 
                                      29                  2.2338349999920662E-001                 -1.1565802795457432E+000                  5.0568278868747871E+000                 -6.7322556410422552E+000                  6.1225216013295016E+000                  3.6237130548313891E-005                  4.0108851175347010E-001                  5.9887525111598161E-001                  8.4780668189639456E-175                  0.0000000000000000E+000                  0.0000000000000000E+000 
                                      30                  2.2338349999920226E-001                 -1.1565944516669420E+000                  5.0597634093077692E+000                 -6.7235584116716174E+000                  6.1344568833311026E+000                  3.6237130548313891E-005                  4.0108851175347010E-001                  5.9887525111598161E-001                  8.6498683319257172E-175                  0.0000000000000000E+000                  0.0000000000000000E+000 
                                      31                  2.2338349999919790E-001                 -1.1566083441416846E+000                  5.0640461263699041E+000                 -6.7110004995839709E+000                  6.1517686266981393E+000                  3.6237130548313891E-005                  4.0108851175347010E-001                  5.9887525111598161E-001                  8.9040986205766580E-175                  0.0000000000000000E+000                  0.0000000000000000E+000 
                                      32                  2.2338349999918919E-001                 -1.1566353409827972E+000                  5.0698485687030299E+000                 -6.6938721940416901E+000                  6.1752754868892987E+000                  3.6237130548313891E-005                  4.0108851175347010E-001                  5.9887525111598161E-001                  9.2629549087068694E-175                  0.0000000000000000E+000                  0.0000000000000000E+000 
                                      33                  2.2338349999917928E-001                 -1.1566647869531677E+000                  5.0756961484501470E+000                 -6.6765951497847649E+000                  6.1989476533048977E+000                  3.6237130548313891E-005                  4.0108851175347010E-001                  5.9887525111598161E-001                  9.6395946047383888E-175                  0.0000000000000000E+000                  0.0000000000000000E+000 
                                      34                  2.2338349999916940E-001                 -1.1566930901448780E+000                  5.0798723921236437E+000                 -6.6641685024903961E+000                  6.2158960407619830E+000                  3.6237130548313891E-005                  4.0108851175347010E-001                  5.9887525111598161E-001                  9.9199378774159142E-175                  0.0000000000000000E+000                  0.0000000000000000E+000 
                                      35                  2.2338349999916443E-001                 -1.1567068445509741E+000                  5.0825856409685173E+000                 -6.6561842294777183E+000                  6.2268396903440228E+000                  3.6237130548313891E-005                  4.0108851175347010E-001                  5.9887525111598161E-001                  1.0104353297867278E-174                  0.0000000000000000E+000                  0.0000000000000000E+000 
                                      36                  2.2338349999915949E-001                 -1.1567203496710665E+000                  5.0865544672327658E+000                 -6.6446249884817448E+000                  6.2427568016991835E+000                  3.6237130548313891E-005                  4.0108851175347010E-001                  5.9887525111598161E-001                  1.0377438238408909E-174                  0.0000000000000000E+000                  0.0000000000000000E+000 
                                      37                  2.2338349999914961E-001                 -1.1567466541023168E+000                  5.0903594259980292E+000                 -6.6333820266257364E+000                  6.2581147644983242E+000                  3.6237130548313891E-005                  4.0108851175347010E-001                  5.9887525111598161E-001                  1.0650136719848045E-174                  0.0000000000000000E+000                  0.0000000000000000E+000 
                                      38                  2.2338349999914467E-001                 -1.1567594719362426E+000                  5.0928383347039361E+000                 -6.6261379959437843E+000                  6.2680609076741503E+000                  3.6237130548313891E-005                  4.0108851175347010E-001                  5.9887525111598161E-001                  1.0829629011132077E-174                  0.0000000000000000E+000                  0.0000000000000000E+000 
                                      39                  2.2338349999913976E-001                 -1.1567720788489395E+000                  5.0964742735328894E+000                 -6.6156245744455635E+000                  6.2825673002457663E+000                  3.6237130548313898E-005                  4.0108851175347010E-001                  5.9887525111598161E-001                  1.1095530222458691E-174                  0.0000000000000000E+000                  0.0000000000000000E+000 
                                      40                  2.2338349999912985E-001                 -1.1567966927896300E+000                  5.1011373601961836E+000                 -6.6020995562704927E+000                  6.3011890072269345E+000                  3.6237130548313891E-005                  4.0108851175347010E-001                  5.9887525111598161E-001                  1.1447233529196701E-174                  0.0000000000000000E+000                  0.0000000000000000E+000 
                                      41                  2.2338349999911997E-001                 -1.1568205559987248E+000                  5.1056266097465137E+000                 -6.5891639771630679E+000                  6.3190488178186417E+000                  3.6237130548313898E-005                  4.0108851175347010E-001                  5.9887525111598161E-001                  1.1794045125439561E-174                  0.0000000000000000E+000                  0.0000000000000000E+000 
                                      42                  2.2338349999911006E-001                 -1.1568437226793826E+000                  5.1099569620952217E+000                 -6.5767774071885032E+000                  6.3362066746554877E+000                  3.6237130548313898E-005                  4.0108851175347010E-001                  5.9887525111598161E-001                  1.2135991265322788E-174                  0.0000000000000000E+000                  0.0000000000000000E+000 
                                      43                  2.2338349999910015E-001                 -1.1568662415066853E+000                  5.1141410775030627E+000                 -6.5649021057169552E+000                  6.3527157125093874E+000                  3.6237130548313898E-005                  4.0108851175347010E-001                  5.9887525111598161E-001                  1.2473138104718824E-174                  0.0000000000000000E+000                  0.0000000000000000E+000 
                                      44                  2.2338349999909024E-001                 -1.1568881562868878E+000                  5.1181897772437912E+000                 -6.5535029874304049E+000                  6.3686232517964658E+000                  3.6237130548313891E-005                  4.0108851175347010E-001                  5.9887525111598161E-001                  1.2805582379332579E-174                  0.0000000000000000E+000                  0.0000000000000000E+000 
                                      45                  2.2338349999908036E-001                 -1.1569095065336279E+000                  5.1221124049641711E+000                 -6.5425475575838883E+000                  6.3839716171940939E+000                  3.6237130548313891E-005                  4.0108851175347010E-001                  5.9887525111598161E-001                  1.3133443064244788E-174                  0.0000000000000000E+000                  0.0000000000000000E+000 
                                      46                  2.2338349999907045E-001                 -1.1569303279719176E+000                  5.1259171039370992E+000                 -6.5320055476234709E+000                  6.3987988170601309E+000                  3.6237130548313898E-005                  4.0108851175347005E-001                  5.9887525111598161E-001                  1.3456862606973665E-174                  0.0000000000000000E+000                  0.0000000000000000E+000 
                                      47                  2.2338349999906057E-001                 -1.1569506529663736E+000                  5.1296110870895655E+000                 -6.5218490199694399E+000                  6.4131391111286700E+000                  3.6237130548313898E-005                  4.0108851175347005E-001                  5.9887525111598161E-001                  1.3775994894979813E-174                  0.0000000000000000E+000                  0.0000000000000000E+000 
                                      48                  2.2338349999905069E-001                 -1.1569705109058426E+000                  5.1332009400416023E+000                 -6.5120528595117433E+000                  6.4270234878314554E+000                  3.6237130548313898E-005                  4.0108851175347010E-001                  5.9887525111598161E-001                  1.4090980229667764E-174                  0.0000000000000000E+000                  0.0000000000000000E+000 
                                      49                  2.2338349999904078E-001                 -1.1569899285677696E+000                  5.1366927986657851E+000                 -6.5025947339817343E+000                  6.4404800679832643E+000                  3.6237130548313898E-005                  4.0108851175347010E-001                  5.9887525111598161E-001                  1.4401935932924561E-174                  0.0000000000000000E+000                  0.0000000000000000E+000 
                                      50                  2.2338349999903090E-001                 -1.1570089304420008E+000                  5.1417819453493125E+000                 -6.4890680481072449E+000                  6.4599173774969740E+000                  3.6237130548313898E-005                  4.0108851175347005E-001                  5.9887525111598161E-001                  1.4858630207850391E-174                  0.0000000000000000E+000                  0.0000000000000000E+000 
                                      51                  2.2338349999901111E-001                 -1.1570457758626584E+000                  5.1482423305254787E+000                 -6.4719453954086159E+000                  6.4845585308417704E+000                  3.6237130548313898E-005                  4.0108851175347005E-001                  5.9887525111598161E-001                  1.5457584509970002E-174                  0.0000000000000000E+000                  0.0000000000000000E+000 
                                      52                  2.2338349999899132E-001                 -1.1570812057098678E+000                  5.1528706912201709E+000                 -6.4597423931493640E+000                  6.5021688321335942E+000                  3.6237130548313898E-005                  4.0108851175347005E-001                  5.9887525111598161E-001                  1.5899144698289091E-174                  0.0000000000000000E+000                  0.0000000000000000E+000 
                                      53                  2.2338349999898141E-001                 -1.1570984329325664E+000                  5.1558818041635774E+000                 -6.4519518565039027E+000                  6.5135262073937783E+000                  3.6237130548313898E-005                  4.0108851175347010E-001                  5.9887525111598161E-001                  1.6187623941900118E-174                  0.0000000000000000E+000                  0.0000000000000000E+000 
                                      54                  2.2338349999897153E-001                 -1.1571153558780971E+000                  5.1602924729567450E+000                 -6.4407438417133740E+000                  6.5300266007137173E+000                  3.6237130548313898E-005                  4.0108851175347010E-001                  5.9887525111598161E-001                  1.6611868026048163E-174                  0.0000000000000000E+000                  0.0000000000000000E+000 
                                      55                  2.2338349999895174E-001                 -1.1571483451556674E+000                  5.1659388829664943E+000                 -6.4264702605065978E+000                  6.5511012795272983E+000                  3.6237130548313891E-005                  4.0108851175347010E-001                  5.9887525111598161E-001                  1.7168303811990436E-174                  0.0000000000000000E+000                  0.0000000000000000E+000 
                                      56                  2.2338349999893192E-001                 -1.1571802749853957E+000                  5.1700129687712080E+000                 -6.4162330049585288E+000                  6.5662665622865992E+000                  3.6237130548313891E-005                  4.0108851175347005E-001                  5.9887525111598161E-001                  1.7578845237514316E-174                  0.0000000000000000E+000                  0.0000000000000000E+000 
                                      57                  2.2338349999892204E-001                 -1.1571958705334111E+000                  5.1726724116884224E+000                 -6.4096616257420189E+000                  6.5760917130222847E+000                  3.6237130548313891E-005                  4.0108851175347005E-001                  5.9887525111598161E-001                  1.7847540424567550E-174                  0.0000000000000000E+000                  0.0000000000000000E+000 
                                      58                  2.2338349999891213E-001                 -1.1572112335216718E+000                  5.1765797493800498E+000                 -6.4001568750848543E+000                  6.5904268333798237E+000                  3.6237130548313891E-005                  4.0108851175347005E-001                  5.9887525111598161E-001                  1.8243469310333120E-174                  0.0000000000000000E+000                  0.0000000000000000E+000 
                                      59                  2.2338349999889234E-001                 -1.1572412990670302E+000                  5.1816054226151804E+000                 -6.3879715057487072E+000                  6.6088377129839611E+000                  3.6237130548313891E-005                  4.0108851175347005E-001                  5.9887525111598161E-001                  1.8763953327109095E-174                  0.0000000000000000E+000                  0.0000000000000000E+000 
                                      60                  2.2338349999887255E-001                 -1.1572705387510103E+000                  5.1864523544860184E+000                 -6.3763519558434165E+000                  6.6265044069404775E+000                  3.6237130548313891E-005                  4.0108851175347005E-001                  5.9887525111598161E-001                  1.9274112086776957E-174                  0.0000000000000000E+000                  0.0000000000000000E+000 
                                      61                  2.2338349999885276E-001                 -1.1572990121749438E+000                  5.1911318561244704E+000                 -6.3652457161272915E+000                  6.6434848068320944E+000                  3.6237130548313891E-005                  4.0108851175347005E-001                  5.9887525111598161E-001                  1.9774710562775716E-174                  0.0000000000000000E+000                  0.0000000000000000E+000 
                                      62                  2.2338349999883300E-001                 -1.1573267720690152E+000                  5.1956540581132931E+000                 -6.3546064276069574E+000                  6.6598303003071777E+000                  3.6237130548313891E-005                  4.0108851175347005E-001                  5.9887525111598161E-001                  2.0266467085786321E-174                  0.0000000000000000E+000                  0.0000000000000000E+000 
                                      63                  2.2338349999881321E-001                 -1.1573538652997619E+000                  5.2000280742834883E+000                 -6.3443929747949417E+000                  6.6755867102685347E+000                  3.6237130548313891E-005                  4.0108851175347005E-001                  5.9887525111598161E-001                  2.0750057456338822E-174                  0.0000000000000000E+000                  0.0000000000000000E+000 
                                      64                  2.2338349999879342E-001                 -1.1573803336995288E+000                  5.2063628898666030E+000                 -6.3299010122010797E+000                  6.6982040880515630E+000                  3.6237130548313891E-005                  4.0108851175347005E-001                  5.9887525111598161E-001                  2.1456123978123404E-174                  0.0000000000000000E+000                  0.0000000000000000E+000 
                                      65                  2.2338349999875382E-001                 -1.1574315469379972E+000                  5.2123398597245290E+000                 -6.3159665245440006E+000                  6.7197115606579070E+000                  3.6237130548313891E-005                  4.0108851175347005E-001                  5.9887525111598161E-001                  2.2157708467650627E-174                  0.0000000000000000E+000                  0.0000000000000000E+000 
                                      66                  2.2338349999873403E-001                 -1.1574563515126657E+000                  5.2161967287767093E+000                 -6.3071347045977930E+000                  6.7334831476824348E+000                  3.6237130548313891E-005                  4.0108851175347005E-001                  5.9887525111598161E-001                  2.2614227513155686E-174                  0.0000000000000000E+000                  0.0000000000000000E+000 
                                      67                  2.2338349999871424E-001                 -1.1574806608788359E+000                  5.2217993305122059E+000                 -6.2944998820197267E+000                  6.7533591476865862E+000                  3.6237130548313891E-005                  4.0108851175347005E-001                  5.9887525111598161E-001                  2.3283749338024922E-174                  0.0000000000000000E+000                  0.0000000000000000E+000 
                                      68                  2.2338349999867466E-001                 -1.1575278972064047E+000                  5.2288627884978274E+000                 -6.2783961502953964E+000                  6.7785307005086279E+000                  3.6237130548313891E-005                  4.0108851175347005E-001                  5.9887525111598161E-001                  2.4165941221104382E-174                  0.0000000000000000E+000                  0.0000000000000000E+000 
                                      69                  2.2338349999863508E-001                 -1.1575734286631758E+000                  5.2355427700054049E+000                 -6.2631736254632164E+000                  6.8023326120306393E+000                  3.6237130548313891E-005                  4.0108851175347010E-001                  5.9887525111598161E-001                  2.5030615216970691E-174                  0.0000000000000000E+000                  0.0000000000000000E+000 
                                      70                  2.2338349999859547E-001                 -1.1576174054286348E+000                  5.2418707699154581E+000                 -6.2487189817878805E+000                  6.8249064464142526E+000                  3.6237130548313891E-005                  4.0108851175347010E-001                  5.9887525111598161E-001                  2.5880334942049780E-174                  0.0000000000000000E+000                  0.0000000000000000E+000 
                                      71                  2.2338349999855592E-001                 -1.1576599553174658E+000                  5.2480129352726390E+000                 -6.2346267338274313E+000                  6.8468630492091078E+000                  3.6237130548313898E-005                  4.0108851175347010E-001                  5.9887525111598161E-001                  2.6736555756671594E-174                  0.0000000000000000E+000                  0.0000000000000000E+000 
                                      72                  2.2338349999851448E-001                 -1.1577030885173507E+000                  5.2539660165975839E+000                 -6.2208324754747517E+000                  6.8682377106110781E+000                  3.6237130548313898E-005                  4.0108851175347010E-001                  5.9887525111598161E-001                  2.7602142446571131E-174                  0.0000000000000000E+000                  0.0000000000000000E+000 
                                      73                  2.2338349999847304E-001                 -1.1577448854888412E+000                  5.2596126638324483E+000                 -6.2075951513031784E+000                  6.8886172020258618E+000                  3.6237130548313898E-005                  4.0108851175347005E-001                  5.9887525111598161E-001                  2.8459160568192820E-174                  0.0000000000000000E+000                  0.0000000000000000E+000 
                                      74                  2.2338349999843157E-001                 -1.1577854392385987E+000                  5.2649757437524629E+000                 -6.1948502684943518E+000                  6.9080901982087646E+000                  3.6237130548313898E-005                  4.0108851175347005E-001                  5.9887525111598161E-001                  2.9309470432922133E-174                  0.0000000000000000E+000                  0.0000000000000000E+000 
                                      75                  2.2338349999839016E-001                 -1.1578248310591286E+000                  5.2700770496322100E+000                 -6.1825463432949403E+000                  6.9267340210987021E+000                  3.6237130548313898E-005                  4.0108851175347005E-001                  5.9887525111598161E-001                  3.0154493826070577E-174                  0.0000000000000000E+000                  0.0000000000000000E+000 
                                      76                  2.2338349999834869E-001                 -1.1578631328135880E+000                  5.2749370167128191E+000                 -6.1706423408574480E+000                  6.9446164988459262E+000                  3.6237130548313898E-005                  4.0108851175347005E-001                  5.9887525111598161E-001                  3.0995269640080272E-174                  0.0000000000000000E+000                  0.0000000000000000E+000 
                                      77                  2.2338349999830728E-001                 -1.1579004087044857E+000                  5.2800413499322207E+000                 -6.1579852347397406E+000                  6.9635007583293635E+000                  3.6237130548313898E-005                  4.0108851175347005E-001                  5.9887525111598161E-001                  3.1915009039153571E-174                  0.0000000000000000E+000                  0.0000000000000000E+000 
                                      78                  2.2338349999825743E-001                 -1.1579439620453384E+000                  5.2862983877960215E+000                 -6.1422270282005131E+000                  6.9868090151306488E+000                  3.6237130548313891E-005                  4.0108851175347005E-001                  5.9887525111598161E-001                  3.3098390561540039E-174                  0.0000000000000000E+000                  0.0000000000000000E+000 
                                      79                  2.2338349999818907E-001                 -1.1580016185714488E+000                  5.2914515798799444E+000                 -6.1286602613002863E+000                  7.0063812635193967E+000                  3.6237130548313891E-005                  4.0108851175347005E-001                  5.9887525111598161E-001                  3.4152353878792507E-174                  0.0000000000000000E+000                  0.0000000000000000E+000 
                                      80                  2.2338349999815321E-001                 -1.1580309234101973E+000                  5.2961571974141846E+000                 -6.1163698786152807E+000                  7.0241927734732519E+000                  3.6237130548313891E-005                  4.0108851175347005E-001                  5.9887525111598161E-001                  3.5136154217760324E-174                  0.0000000000000000E+000                  0.0000000000000000E+000 
                                      81                  2.2338349999809010E-001                 -1.1580811188331206E+000                  5.3013903300655771E+000                 -6.1021852613611536E+000                  7.0443281127854611E+000                  3.6237130548313891E-005                  4.0108851175347005E-001                  5.9887525111598161E-001                  3.8562255545820055E-174                  0.0000000000000000E+000                  0.0000000000000000E+000 
                                      82                  2.2338349999803639E-001                 -1.1581224528997889E+000                  5.3059778798296664E+000                 -6.0895379821889604E+000                  7.0621134804991357E+000                  3.6237130548313905E-005                  4.0108851175347005E-001                  5.9887525111598161E-001                  8.5191825023589227E-174                  0.0000000000000000E+000                  0.0000000000000000E+000 
                                      83                  2.2338349999798232E-001                 -1.1581628835247493E+000                  5.3107949719804957E+000                 -6.0760271381753093E+000                  7.0809338002168820E+000                  3.6237130548313891E-005                  4.0108851175346993E-001                  5.9887525111598183E-001                  1.9538999730126874E-173                  0.0000000000000000E+000                  0.0000000000000000E+000 
                                      84                  2.2338349999791748E-001                 -1.1582098996180445E+000                  5.3156814323471462E+000                 -6.0619437383997488E+000                  7.1002626066089478E+000                  3.6237130548313891E-005                  4.0108851175346999E-001                  5.9887525111598172E-001                  4.5254014082213062E-173                  0.0000000000000000E+000                  0.0000000000000000E+000 
                                      85                  2.2338349999785478E-001                 -1.1582539323214120E+000                  5.3208088769623014E+000                 -6.0469198753690501E+000                  7.1206983802309285E+000                  3.6237130548313884E-005                  4.0108851175346993E-001                  5.9887525111598183E-001                  1.0894886550408988E-172                  0.0000000000000000E+000                  0.0000000000000000E+000 
                                      86                  2.2338349999777640E-001                 -1.1583071342763451E+000                  5.3258787806784236E+000                 -6.0315990424939505E+000                  7.1411969858311313E+000                  3.6237130548313905E-005                  4.0108851175346999E-001                  5.9887525111598172E-001                  2.5914619085099691E-172                  0.0000000000000000E+000                  0.0000000000000000E+000 
                                      87                  2.2338349999770651E-001                 -1.1583529355821165E+000                  5.3302733689408335E+000                 -6.0180725629010787E+000                  7.1591198138696841E+000                  3.6237130548313905E-005                  4.0108851175346999E-001                  5.9887525111598172E-001                  5.4807829569712458E-172                  0.0000000000000000E+000                  0.0000000000000000E+000 
                                      88                  2.2338349999764096E-001                 -1.1583945984393109E+000                  5.3348016265082343E+000                 -6.0039614287709471E+000                  7.1776967760294479E+000                  3.6237130548313911E-005                  4.0108851175347005E-001                  5.9887525111598161E-001                  1.1833147297664775E-171                  0.0000000000000000E+000                  0.0000000000000000E+000 
                                      89                  2.2338349999756010E-001                 -1.1584443178849997E+000                  5.3393737307086395E+000                 -5.9893728640466355E+000                  7.1966689200605893E+000                  3.6237130548313911E-005                  4.0108851175347005E-001                  5.9887525111598161E-001                  2.5692063842580310E-171                  0.0000000000000000E+000                  0.0000000000000000E+000 
                                      90                  2.2338349999748491E-001                 -1.1584890830329120E+000                  5.3439384657122408E+000                 -5.9746335473792254E+000                  7.2157212713997154E+000                  3.6237130548313911E-005                  4.0108851175347005E-001                  5.9887525111598161E-001                  5.5589610995501286E-171                  0.0000000000000000E+000                  0.0000000000000000E+000 
                                      91                  2.2338349999739648E-001                 -1.1585399621532813E+000                  5.3472705442116126E+000                 -5.9635539731894189E+000                  7.2298323772991813E+000                  3.6237130548313918E-005                  4.0108851175346999E-001                  5.9887525111598172E-001                  9.7561755728906419E-171                  0.0000000000000000E+000                  0.0000000000000000E+000 
                                      92                  2.2338349999735904E-001                 -1.1585609664665175E+000                  5.3498936138465218E+000                 -5.9549086953031685E+000                  7.2408930844852923E+000                  3.6237130548313911E-005                  4.0108851175346993E-001                  5.9887525111598183E-001                  1.5173496657884609E-170                  0.0000000000000000E+000                  0.0000000000000000E+000 
                                      93                  2.2338349999729498E-001                 -1.1585962252358117E+000                  5.3534849894712950E+000                 -5.9429160557112795E+000                  7.2561370569357555E+000                  3.6237130548313905E-005                  4.0108851175346999E-001                  5.9887525111598172E-001                  2.7749198166267101E-170                  0.0000000000000000E+000                  0.0000000000000000E+000 
                                      94                  2.2338349999721485E-001                 -1.1586390982666710E+000                  5.3579694574149119E+000                 -5.9277832812104441E+000                  7.2752748247145824E+000                  3.6237130548313905E-005                  4.0108851175346993E-001                  5.9887525111598183E-001                  5.8856183262614586E-170                  0.0000000000000000E+000                  0.0000000000000000E+000 
                                      95                  2.2338349999710672E-001                 -1.1586950323496770E+000                  5.3627513259083983E+000                 -5.9113101366131477E+000                  7.2959002106927011E+000                  3.6237130548313911E-005                  4.0108851175346999E-001                  5.9887525111598172E-001                  1.3095958420946407E-169                  0.0000000000000000E+000                  0.0000000000000000E+000 
                                      96                  2.2338349999700258E-001                 -1.1587468935988250E+000                  5.3664218438345870E+000                 -5.8984433402587779E+000                  7.3118773329620499E+000                  3.6237130548313911E-005                  4.0108851175346999E-001                  5.9887525111598172E-001                  2.4162886938077594E-169                  0.0000000000000000E+000                  0.0000000000000000E+000 
                                      97                  2.2338349999693527E-001                 -1.1587794491512982E+000                  5.3708536643760665E+000                 -5.8830784764022441E+000                  7.3310643136078237E+000                  3.6237130548313898E-005                  4.0108851175347005E-001                  5.9887525111598161E-001                  5.0489903801644542E-169                  0.0000000000000000E+000                  0.0000000000000000E+000 
                                      98                  2.2338349999678825E-001                 -1.1588481073381307E+000                  5.3751766305882276E+000                 -5.8675275384731957E+000                  7.3501459231046340E+000                  3.6237130548313898E-005                  4.0108851175346999E-001                  5.9887525111598172E-001                  1.0350422684499965E-168                  0.0000000000000000E+000                  0.0000000000000000E+000 
                                      99                  2.2338349999671267E-001                 -1.1588821807937444E+000                  5.3787123840911439E+000                 -5.8549349607804766E+000                  7.3656768000451125E+000                  3.6237130548313911E-005                  4.0108851175347016E-001                  5.9887525111598161E-001                  1.8581365666810560E-168                  0.0000000000000000E+000                  0.0000000000000000E+000 
                                     100                  2.2338349999659976E-001                 -1.1589316272102661E+000                  5.3831007485632822E+000                 -5.8391337573422843E+000                  7.3850697648307486E+000                  3.6237130548313911E-005                  4.0108851175347027E-001                  5.9887525111598139E-001                  3.8346809442607728E-168                  0.0000000000000000E+000                  0.0000000000000000E+000 
                                     101                  2.2338349999646775E-001                 -1.1589874035482348E+000                  5.3869415395917564E+000                 -5.8250911244559296E+000                  7.4021863126511178E+000                  3.6237130548313911E-005                  4.0108851175347027E-001                  5.9887525111598139E-001                  7.2193843115096743E-168                  0.0000000000000000E+000                  0.0000000000000000E+000 
                                     102                  2.2338349999637444E-001                 -1.1590255825601425E+000                  5.3914750995681233E+000                 -5.8087037686920455E+000                  7.4222766081986018E+000                  3.6237130548313905E-005                  4.0108851175347021E-001                  5.9887525111598150E-001                  1.5193085830082306E-167                  0.0000000000000000E+000                  0.0000000000000000E+000 
                                     103                  2.2338349999619181E-001                 -1.1590975790520370E+000                  5.3965558996355973E+000                 -5.7899124056102647E+000                  7.4450769626335678E+000                  3.6237130548313898E-005                  4.0108851175347016E-001                  5.9887525111598161E-001                  3.4909798393458093E-167                  0.0000000000000000E+000                  0.0000000000000000E+000 
                                     104                  2.2338349999604562E-001                 -1.1591527820262815E+000                  5.4004605249041857E+000                 -5.7754345644423140E+000                  7.4626304792699845E+000                  3.6237130548313884E-005                  4.0108851175346999E-001                  5.9887525111598172E-001                  6.6028469361604384E-167                  0.0000000000000000E+000                  0.0000000000000000E+000 
                                     105                  2.2338349999592674E-001                 -1.1591962172263981E+000                  5.4041459448938207E+000                 -5.7618113934542441E+000                  7.4791774056692040E+000                  3.6237130548313884E-005                  4.0108851175347005E-001                  5.9887525111598161E-001                  1.2028382759677306E-166                  0.0000000000000000E+000                  0.0000000000000000E+000 
                                     106                  2.2338349999578588E-001                 -1.1592461180695894E+000                  5.4075593367959724E+000                 -5.7490983890679166E+000                  7.4945703046537293E+000                  3.6237130548313884E-005                  4.0108851175346999E-001                  5.9887525111598172E-001                  2.0937490047632039E-166                  0.0000000000000000E+000                  0.0000000000000000E+000 
                                     107                  2.2338349999567619E-001                 -1.1592838635366876E+000                  5.4119250574381823E+000                 -5.7330513840177320E+000                  7.5141261827698678E+000                  3.6237130548313891E-005                  4.0108851175346993E-001                  5.9887525111598183E-001                  4.2433616272131000E-166                  0.0000000000000000E+000                  0.0000000000000000E+000 
                                     108                  2.2338349999545459E-001                 -1.1593573813202256E+000                  5.4163338487187929E+000                 -5.7165061950557217E+000                  7.5341053242891665E+000                  3.6237130548313905E-005                  4.0108851175347005E-001                  5.9887525111598161E-001                  8.6470192295558612E-166                  0.0000000000000000E+000                  0.0000000000000000E+000 
                                     109                  2.2338349999532220E-001                 -1.1593996754628475E+000                  5.4193047102031358E+000                 -5.7054351077845018E+000                  7.5475220190855969E+000                  3.6237130548313905E-005                  4.0108851175347010E-001                  5.9887525111598161E-001                  1.3949218743892530E-165                  0.0000000000000000E+000                  0.0000000000000000E+000 
                                     110                  2.2338349999520771E-001                 -1.1594353574895138E+000                  5.4232698144053968E+000                 -5.6908235970402457E+000                  7.5653261806282899E+000                  3.6237130548313891E-005                  4.0108851175347010E-001                  5.9887525111598161E-001                  2.6355296582377688E-165                  0.0000000000000000E+000                  0.0000000000000000E+000 
                                     111                  2.2338349999498269E-001                 -1.1595031624103258E+000                  5.4281125873914915E+000                 -5.6727859769371110E+000                  7.5872064173287344E+000                  3.6237130548313884E-005                  4.0108851175347016E-001                  5.9887525111598161E-001                  5.7207335715899746E-165                  0.0000000000000000E+000                  0.0000000000000000E+000 
                                     112                  2.2338349999477117E-001                 -1.1595643360198831E+000                  5.4328316253676787E+000                 -5.6552775326813007E+000                  7.6084927787411480E+000                  3.6237130548313905E-005                  4.0108851175347010E-001                  5.9887525111598161E-001                  1.2139999797715210E-164                  0.0000000000000000E+000                  0.0000000000000000E+000 
                                     113                  2.2338349999453658E-001                 -1.1596295176664220E+000                  5.4369170905331723E+000                 -5.6400422430286499E+000                  7.6269811397907583E+000                  3.6237130548313911E-005                  4.0108851175347010E-001                  5.9887525111598161E-001                  2.3242338986476991E-164                  0.0000000000000000E+000                  0.0000000000000000E+000 
                                     114                  2.2338349999436580E-001                 -1.1596753613606745E+000                  5.4414824915919562E+000                 -5.6232769857205254E+000                  7.6474786519609479E+000                  3.6237130548313911E-005                  4.0108851175347005E-001                  5.9887525111598161E-001                  4.7886910196274840E-164                  0.0000000000000000E+000                  0.0000000000000000E+000 
                                     115                  2.2338349999406676E-001                 -1.1597526235764553E+000                  5.4463088410989773E+000                 -5.6053437793132694E+000                  7.6692983017375571E+000                  3.6237130548313918E-005                  4.0108851175346999E-001                  5.9887525111598172E-001                  1.0260451706798643E-163                  0.0000000000000000E+000                  0.0000000000000000E+000 
                                     116                  2.2338349999384102E-001                 -1.1598086032755912E+000                  5.4494388533635751E+000                 -5.5937333217063427E+000                  7.6834422230362103E+000                  3.6237130548313945E-005                  4.0108851175346993E-001                  5.9887525111598183E-001                  1.6793874160512017E-163                  0.0000000000000000E+000                  0.0000000000000000E+000 
                                     117                  2.2338349999371240E-001                 -1.1598396733048726E+000                  5.4524054660886048E+000                 -5.5828789113443253E+000                  7.6967522631458616E+000                  3.6237130548313939E-005                  4.0108851175346993E-001                  5.9887525111598183E-001                  2.6752296125748870E-163                  0.0000000000000000E+000                  0.0000000000000000E+000 
                                     118                  2.2338349999349702E-001                 -1.1598904387354370E+000                  5.4559133972574516E+000                 -5.5700016422894416E+000                  7.7125250306744935E+000                  3.6237130548313918E-005                  4.0108851175346999E-001                  5.9887525111598172E-001                  4.6338687063021757E-163                  0.0000000000000000E+000                  0.0000000000000000E+000 
                                     119                  2.2338349999329102E-001                 -1.1599375763218627E+000                  5.4590377042818963E+000                 -5.5585591638234879E+000                  7.7265605658627381E+000                  3.6237130548313905E-005                  4.0108851175347005E-001                  5.9887525111598161E-001                  7.5490500419523295E-163                  0.0000000000000000E+000                  0.0000000000000000E+000 
                                     120                  2.2338349999310911E-001                 -1.1599781398548472E+000                  5.4635060540063511E+000                 -5.5424547427015023E+000                  7.7464679427597005E+000                  3.6237130548313898E-005                  4.0108851175347010E-001                  5.9887525111598161E-001                  1.5132631044929835E-162                  0.0000000000000000E+000                  0.0000000000000000E+000 
                                     121                  2.2338349999271914E-001                 -1.1600619661596661E+000                  5.4681399629308158E+000                 -5.5255045732472619E+000                  7.7672908447095717E+000                  3.6237130548313871E-005                  4.0108851175347010E-001                  5.9887525111598161E-001                  3.1069362158144801E-162                  0.0000000000000000E+000                  0.0000000000000000E+000 
                                     122                  2.2338349999248264E-001                 -1.1601108705075696E+000                  5.4715277758794167E+000                 -5.5132624332664273E+000                  7.7824195799578293E+000                  3.6237130548313857E-005                  4.0108851175347021E-001                  5.9887525111598150E-001                  5.2470722764312692E-162                  0.0000000000000000E+000                  0.0000000000000000E+000 
                                     123                  2.2338349999224497E-001                 -1.1601586753007795E+000                  5.4757118753619665E+000                 -5.4982856784980623E+000                  7.8010144132322017E+000                  3.6237130548313878E-005                  4.0108851175346999E-001                  5.9887525111598172E-001                  1.0001637708343613E-161                  0.0000000000000000E+000                  0.0000000000000000E+000 
                                     124                  2.2338349999187707E-001                 -1.1602301962000796E+000                  5.4797895264953134E+000                 -5.4835719643281760E+000                  7.8192226827826357E+000                  3.6237130548313891E-005                  4.0108851175346982E-001                  5.9887525111598183E-001                  1.8723610051450021E-161                  0.0000000000000000E+000                  0.0000000000000000E+000 
                                     125                  2.2338349999162671E-001                 -1.1602772601376847E+000                  5.4835571430890555E+000                 -5.4701463778160289E+000                  7.8359372636882876E+000                  3.6237130548313905E-005                  4.0108851175346977E-001                  5.9887525111598194E-001                  3.3351077582128542E-161                  0.0000000000000000E+000                  0.0000000000000000E+000 
                                     126                  2.2338349999128651E-001                 -1.1603392962852632E+000                  5.4881995218545745E+000                 -5.4536346179001409E+000                  7.8565177615401440E+000                  3.6237130548313898E-005                  4.0108851175346977E-001                  5.9887525111598194E-001                  6.7773360557702177E-161                  0.0000000000000000E+000                  0.0000000000000000E+000 
                                     127                  2.2338349999086807E-001                 -1.1604127816596808E+000                  5.4923071957479248E+000                 -5.4389322133842661E+000                  7.8747955675259815E+000                  3.6237130548313905E-005                  4.0108851175346982E-001                  5.9887525111598183E-001                  1.2669459575528584E-160                  0.0000000000000000E+000                  0.0000000000000000E+000 
                                     128                  2.2338349999058238E-001                 -1.1604613022787731E+000                  5.4965730065870799E+000                 -5.4238837442776759E+000                  7.8936309114838581E+000                  3.6237130548313898E-005                  4.0108851175346977E-001                  5.9887525111598194E-001                  2.4200864981363631E-160                  0.0000000000000000E+000                  0.0000000000000000E+000 
                                     129                  2.2338349999011115E-001                 -1.1605386500594581E+000                  5.5013777840917726E+000                 -5.4067915934716444E+000                  7.9149466065494192E+000                  3.6237130548313884E-005                  4.0108851175346982E-001                  5.9887525111598183E-001                  5.0061824210716805E-160                  0.0000000000000000E+000                  0.0000000000000000E+000 
                                     130                  2.2338349998968587E-001                 -1.1606057887038492E+000                  5.5061273507161310E+000                 -5.3899800267054285E+000                  7.9359624537885392E+000                  3.6237130548313884E-005                  4.0108851175346982E-001                  5.9887525111598183E-001                  1.0241859570971741E-159                  0.0000000000000000E+000                  0.0000000000000000E+000 
                                     131                  2.2338349998918364E-001                 -1.1606821032802315E+000                  5.5108635340360026E+000                 -5.3731432331244493E+000                  7.9569709350544890E+000                  3.6237130548313878E-005                  4.0108851175346971E-001                  5.9887525111598205E-001                  2.0862720756035799E-159                  0.0000000000000000E+000                  0.0000000000000000E+000 
                                     132                  2.2338349998871346E-001                 -1.1607508727453018E+000                  5.5147682845560020E+000                 -5.3592228343584196E+000                  7.9743196306477051E+000                  3.6237130548313884E-005                  4.0108851175346982E-001                  5.9887525111598183E-001                  3.7441496230561552E-159                  0.0000000000000000E+000                  0.0000000000000000E+000 
                                     133                  2.2338349998834495E-001                 -1.1608030896511345E+000                  5.5196373556746563E+000                 -5.3420963537821216E+000                  7.9957939088775207E+000                  3.6237130548313905E-005                  4.0108851175346982E-001                  5.9887525111598183E-001                  7.7412212174327940E-159                  0.0000000000000000E+000                  0.0000000000000000E+000 
                                     134                  2.2338349998762827E-001                 -1.1609007592032015E+000                  5.5244853547930139E+000                 -5.3246647807804139E+000                  8.0174371352808720E+000                  3.6237130548313925E-005                  4.0108851175346988E-001                  5.9887525111598183E-001                  1.5928090573587329E-158                  0.0000000000000000E+000                  0.0000000000000000E+000 
                                     135                  2.2338349998719659E-001                 -1.1609573074506623E+000                  5.5285066633565307E+000                 -5.3103670213639180E+000                  8.0352788690609565E+000                  3.6237130548313905E-005                  4.0108851175346993E-001                  5.9887525111598183E-001                  2.8912056760764100E-158                  0.0000000000000000E+000                  0.0000000000000000E+000 
                                     136                  2.2338349998663820E-001                 -1.1610281205593564E+000                  5.5331718235244063E+000                 -5.2937238917450342E+000                  8.0560171711142345E+000                  3.6237130548313884E-005                  4.0108851175347016E-001                  5.9887525111598161E-001                  5.7617028234962659E-158                  0.0000000000000000E+000                  0.0000000000000000E+000 
                                     137                  2.2338349998599427E-001                 -1.1611067479608936E+000                  5.5372283951880554E+000                 -5.2791131957873390E+000                  8.0741477817436742E+000                  3.6237130548313864E-005                  4.0108851175347038E-001                  5.9887525111598139E-001                  1.0477651396531678E-157                  0.0000000000000000E+000                  0.0000000000000000E+000 
                                     138                  2.2338349998553977E-001                 -1.1611604356228016E+000                  5.5418256441299052E+000                 -5.2627630436022734E+000                  8.0945520767180934E+000                  3.6237130548313878E-005                  4.0108851175347021E-001                  5.9887525111598150E-001                  2.0580358073800770E-157                  0.0000000000000000E+000                  0.0000000000000000E+000 
                                     139                  2.2338349998470261E-001                 -1.1612557147811808E+000                  5.5471698756457855E+000                 -5.2434459567259317E+000                  8.1184911170559459E+000                  3.6237130548313898E-005                  4.0108851175346993E-001                  5.9887525111598183E-001                  4.5014589530197809E-157                  0.0000000000000000E+000                  0.0000000000000000E+000 
                                     140                  2.2338349998394635E-001                 -1.1613380994495421E+000                  5.5520439372809740E+000                 -5.2257966360415873E+000                  8.1403508064631822E+000                  3.6237130548313878E-005                  4.0108851175347010E-001                  5.9887525111598161E-001                  9.1669549103466755E-157                  0.0000000000000000E+000                  0.0000000000000000E+000 
                                     141                  2.2338349998317003E-001                 -1.1614193421528529E+000                  5.5571272884838088E+000                 -5.2073380418725472E+000                  8.1631911800714114E+000                  3.6237130548313891E-005                  4.0108851175346988E-001                  5.9887525111598183E-001                  1.9197295421985785E-156                  0.0000000000000000E+000                  0.0000000000000000E+000 
                                     142                  2.2338349998226165E-001                 -1.1615105046720540E+000                  5.5623961943266673E+000                 -5.1880394168360882E+000                  8.1869900880919406E+000                  3.6237130548313925E-005                  4.0108851175346982E-001                  5.9887525111598183E-001                  4.1198608663829827E-156                  0.0000000000000000E+000                  0.0000000000000000E+000 
                                     143                  2.2338349998131932E-001                 -1.1616010186638746E+000                  5.5674927619964851E+000                 -5.1692383572332510E+000                  8.2101138027604854E+000                  3.6237130548313884E-005                  4.0108851175347005E-001                  5.9887525111598161E-001                  8.6019893420557366E-156                  0.0000000000000000E+000                  0.0000000000000000E+000 
                                     144                  2.2338349998036519E-001                 -1.1616888358342772E+000                  5.5724733358267757E+000                 -5.1507564350063664E+000                  8.2327975737632055E+000                  3.6237130548313871E-005                  4.0108851175346999E-001                  5.9887525111598172E-001                  1.7619768931781317E-155                  0.0000000000000000E+000                  0.0000000000000000E+000 
                                     145                  2.2338349997935983E-001                 -1.1617775719934662E+000                  5.5772678018040125E+000                 -5.1328261644323190E+000                  8.2547419532226591E+000                  3.6237130548313911E-005                  4.0108851175346988E-001                  5.9887525111598183E-001                  3.5062050962914633E-155                  0.0000000000000000E+000                  0.0000000000000000E+000 
                                     146                  2.2338349997837129E-001                 -1.1618613413951080E+000                  5.5820359732579776E+000                 -5.1149250448525274E+000                  8.2766257600330366E+000                  3.6237130548313918E-005                  4.0108851175346988E-001                  5.9887525111598183E-001                  6.9353780221507646E-155                  0.0000000000000000E+000                  0.0000000000000000E+000 
                                     147                  2.2338349997727011E-001                 -1.1619509422014600E+000                  5.5867397573966358E+000                 -5.0971147035310302E+000                  8.2983323916525542E+000                  3.6237130548313857E-005                  4.0108851175347016E-001                  5.9887525111598161E-001                  1.3565842522355556E-154                  0.0000000000000000E+000                  0.0000000000000000E+000 
                                     148                  2.2338349997619367E-001                 -1.1620350650314588E+000                  5.5904638728040741E+000                 -5.0828696640086442E+000                  8.3156287077440290E+000                  3.6237130548313918E-005                  4.0108851175347010E-001                  5.9887525111598161E-001                  2.3044911960489439E-154                  0.0000000000000000E+000                  0.0000000000000000E+000 
                                     149                  2.2338349997545670E-001                 -1.1620908224993458E+000                  5.5947634543404394E+000                 -5.0666026854980633E+000                  8.3354781939516833E+000                  3.6237130548313932E-005                  4.0108851175347010E-001                  5.9887525111598161E-001                  4.2394418900630529E-154                  0.0000000000000000E+000                  0.0000000000000000E+000 
                                     150                  2.2338349997402268E-001                 -1.1621953915226120E+000                  5.5987752827203829E+000                 -5.0510089851758098E+000                  8.3543048076081110E+000                  3.6237130548313932E-005                  4.0108851175347016E-001                  5.9887525111598161E-001                  7.4816133092886792E-154                  0.0000000000000000E+000                  0.0000000000000000E+000 
                                     151                  2.2338349997330595E-001                 -1.1622458392024129E+000                  5.6028140489945777E+000                 -5.0355689922022657E+000                  8.3730808026246901E+000                  3.6237130548313966E-005                  4.0108851175347010E-001                  5.9887525111598161E-001                  1.3223695931314142E-153                  0.0000000000000000E+000                  0.0000000000000000E+000 
                                     152                  2.2338349997178383E-001                 -1.1623492864782767E+000                  5.6067117118838228E+000                 -5.0202558570200368E+000                  8.3915053427431676E+000                  3.6237130548313945E-005                  4.0108851175346966E-001                  5.9887525111598205E-001                  2.2897831322343400E-153                  0.0000000000000000E+000                  0.0000000000000000E+000 
                                     153                  2.2338349997101506E-001                 -1.1623997513741589E+000                  5.6108857152026017E+000                 -5.0041410711281129E+000                  8.4110402247976506E+000                  3.6237130548313966E-005                  4.0108851175346960E-001                  5.9887525111598205E-001                  4.1125230965237995E-153                  0.0000000000000000E+000                  0.0000000000000000E+000 
                                     154                  2.2338349996924756E-001                 -1.1625116135144156E+000                  5.6154464134416635E+000                 -4.9860560286085196E+000                  8.4327399356589208E+000                  3.6237130548313884E-005                  4.0108851175346960E-001                  5.9887525111598205E-001                  7.7907869990937340E-153                  0.0000000000000000E+000                  0.0000000000000000E+000 
                                     155                  2.2338349996806375E-001                 -1.1625835253405419E+000                  5.6186661000669176E+000                 -4.9732867770058711E+000                  8.4480672958355125E+000                  3.6237130548313884E-005                  4.0108851175346999E-001                  5.9887525111598172E-001                  1.2215653369438084E-152                  0.0000000000000000E+000                  0.0000000000000000E+000 
                                     156                  2.2338349996707371E-001                 -1.1626419500135345E+000                  5.6230635812756073E+000                 -4.9560050088651790E+000                  8.4688948928299421E+000                  3.6237130548313905E-005                  4.0108851175346999E-001                  5.9887525111598172E-001                  2.2532649897578270E-152                  0.0000000000000000E+000                  0.0000000000000000E+000 
                                     157                  2.2338349996498574E-001                 -1.1627604296361167E+000                  5.6283311986316340E+000                 -4.9348450488297999E+000                  8.4941906166154357E+000                  3.6237130548313878E-005                  4.0108851175346977E-001                  5.9887525111598194E-001                  4.6845329119843349E-152                  0.0000000000000000E+000                  0.0000000000000000E+000 
                                     158                  2.2338349996313564E-001                 -1.1628604969240182E+000                  5.6328337573668268E+000                 -4.9166721538237530E+000                  8.5158874429368030E+000                  3.6237130548313850E-005                  4.0108851175347038E-001                  5.9887525111598139E-001                  8.7394114333809015E-152                  0.0000000000000000E+000                  0.0000000000000000E+000 
                                     159                  2.2338349996142359E-001                 -1.1629493583853865E+000                  5.6370939516255980E+000                 -4.8994318675395707E+000                  8.5364600456405810E+000                  3.6237130548313918E-005                  4.0108851175346977E-001                  5.9887525111598194E-001                  1.5738178651495972E-151                  0.0000000000000000E+000                  0.0000000000000000E+000 
                                     160                  2.2338349995959253E-001                 -1.1630407552016235E+000                  5.6418549724390230E+000                 -4.8801295633592234E+000                  8.5594887637074617E+000                  3.6237130548313884E-005                  4.0108851175347005E-001                  5.9887525111598161E-001                  3.0308502364670349E-151                  0.0000000000000000E+000                  0.0000000000000000E+000 
                                     161                  2.2338349995725676E-001                 -1.1631523561773478E+000                  5.6465763246187102E+000                 -4.8607616197490664E+000                  8.5825048474789867E+000                  3.6237130548313864E-005                  4.0108851175346993E-001                  5.9887525111598183E-001                  5.7951372477224137E-151                  0.0000000000000000E+000                  0.0000000000000000E+000 
                                     162                  2.2338349995520573E-001                 -1.1632461412590371E+000                  5.6506730004351224E+000                 -4.8439177172442349E+000                  8.6025142468546143E+000                  3.6237130548313911E-005                  4.0108851175346999E-001                  5.9887525111598172E-001                  1.0152648098329099E-150                  0.0000000000000000E+000                  0.0000000000000000E+000 
                                     163                  2.2338349995325293E-001                 -1.1633320946590919E+000                  5.6540108388143588E+000                 -4.8301132945592880E+000                  8.6188838573110029E+000                  3.6237130548313850E-005                  4.0108851175347016E-001                  5.9887525111598161E-001                  1.6015351298978349E-150                  0.0000000000000000E+000                  0.0000000000000000E+000 
                                     164                  2.2338349995179299E-001                 -1.1633943762306922E+000                  5.6578094591147607E+000                 -4.8145401843260061E+000                  8.6374187069737065E+000                  3.6237130548313857E-005                  4.0108851175346993E-001                  5.9887525111598183E-001                  2.6859850749058365E-150                  0.0000000000000000E+000                  0.0000000000000000E+000 
                                     165                  2.2338349994923254E-001                 -1.1634998178337375E+000                  5.6626587983949301E+000                 -4.7944734234251118E+000                  8.6612299345825967E+000                  3.6237130548313925E-005                  4.0108851175346999E-001                  5.9887525111598172E-001                  5.1889524817149992E-150                  0.0000000000000000E+000                  0.0000000000000000E+000 
                                     166                  2.2338349994637499E-001                 -1.1636122639422626E+000                  5.6673860393876785E+000                 -4.7748011057602495E+000                  8.6845365438005420E+000                  3.6237130548313918E-005                  4.0108851175347010E-001                  5.9887525111598161E-001                  9.8402122796927304E-150                  0.0000000000000000E+000                  0.0000000000000000E+000 
                                     167                  2.2338349994363960E-001                 -1.1637152152261288E+000                  5.6720633822978019E+000                 -4.7553472785201629E+000                  8.7076005624819981E+000                  3.6237130548313905E-005                  4.0108851175347021E-001                  5.9887525111598150E-001                  1.8494950329377845E-149                  0.0000000000000000E+000                  0.0000000000000000E+000 
                                     168                  2.2338349994054232E-001                 -1.1638267607622999E+000                  5.6757469178090139E+000                 -4.7398538378411592E+000                  8.7259023667234974E+000                  3.6237130548313898E-005                  4.0108851175346993E-001                  5.9887525111598183E-001                  3.0366713496656646E-149                  0.0000000000000000E+000                  0.0000000000000000E+000 
                                     169                  2.2338349993879067E-001                 -1.1638876710641943E+000                  5.6798992392710330E+000                 -4.7226955626364280E+000                  8.7463098759909901E+000                  3.6237130548313905E-005                  4.0108851175346955E-001                  5.9887525111598217E-001                  5.2985298082845075E-149                  0.0000000000000000E+000                  0.0000000000000000E+000 
                                     170                  2.2338349993489215E-001                 -1.1640180672617502E+000                  5.6852000863685426E+000                 -4.7004831927712587E+000                  8.7726070810923744E+000                  3.6237130548313918E-005                  4.0108851175346982E-001                  5.9887525111598183E-001                  1.0765683066293743E-148                  0.0000000000000000E+000                  0.0000000000000000E+000 
                                     171                  2.2338349993111636E-001                 -1.1641381660318646E+000                  5.6894796750446872E+000                 -4.6824720263776207E+000                  8.7939077854107737E+000                  3.6237130548313918E-005                  4.0108851175346982E-001                  5.9887525111598183E-001                  1.9047260247343231E-148                  0.0000000000000000E+000                  0.0000000000000000E+000 
                                     172                  2.2338349992833345E-001                 -1.1642231481788921E+000                  5.6933907971980586E+000                 -4.6661396947743548E+000                  8.8132851464621051E+000                  3.6237130548313911E-005                  4.0108851175346960E-001                  5.9887525111598205E-001                  3.2025299843882467E-148                  0.0000000000000000E+000                  0.0000000000000000E+000 
                                     173                  2.2338349992486883E-001                 -1.1643251091255487E+000                  5.6976284306699361E+000                 -4.6484088191465744E+000                  8.8343154547417537E+000                  3.6237130548313871E-005                  4.0108851175346999E-001                  5.9887525111598172E-001                  5.6145010147807062E-148                  0.0000000000000000E+000                  0.0000000000000000E+000 
                                     174                  2.2338349992123666E-001                 -1.1644277968920269E+000                  5.7020208749023658E+000                 -4.6300689450058359E+000                  8.8560935804885919E+000                  3.6237130548313850E-005                  4.0108851175346988E-001                  5.9887525111598183E-001                  1.0027972331725228E-147                  0.0000000000000000E+000                  0.0000000000000000E+000 
                                     175                  2.2338349991715561E-001                 -1.1645384852239444E+000                  5.7057606287126932E+000                 -4.6143797815262326E+000                  8.8747003968988309E+000                  3.6237130548313898E-005                  4.0108851175346993E-001                  5.9887525111598183E-001                  1.6410868507810274E-147                  0.0000000000000000E+000                  0.0000000000000000E+000 
                                     176                  2.2338349991434023E-001                 -1.1646121837080159E+000                  5.7096097693598180E+000                 -4.5984372538572371E+000                  8.8937007321549117E+000                  3.6237130548313972E-005                  4.0108851175346977E-001                  5.9887525111598194E-001                  2.7195679819072625E-147                  0.0000000000000000E+000                  0.0000000000000000E+000 
                                     177                  2.2338349990980672E-001                 -1.1647266545890755E+000                  5.7141035515636691E+000                 -4.5797503606088421E+000                  8.9159502750835475E+000                  3.6237130548313945E-005                  4.0108851175346982E-001                  5.9887525111598183E-001                  4.8968136453416201E-147                  0.0000000000000000E+000                  0.0000000000000000E+000 
                                     178                  2.2338349990532533E-001                 -1.1648351277994959E+000                  5.7186572239356783E+000                 -4.5609140656147220E+000                  8.9384302914956386E+000                  3.6237130548313939E-005                  4.0108851175346943E-001                  5.9887525111598228E-001                  8.8672579180392154E-147                  0.0000000000000000E+000                  0.0000000000000000E+000 
                                     179                  2.2338349990022663E-001                 -1.1649533962643541E+000                  5.7231590769693526E+000                 -4.5423065157171560E+000                  8.9606543861770724E+000                  3.6237130548313932E-005                  4.0108851175346971E-001                  5.9887525111598205E-001                  1.5917911319176228E-146                  0.0000000000000000E+000                  0.0000000000000000E+000 
                                     180                  2.2338349989536496E-001                 -1.1650615221818452E+000                  5.7271719334785605E+000                 -4.5257713991190958E+000                  8.9804343857021287E+000                  3.6237130548313810E-005                  4.0108851175347005E-001                  5.9887525111598161E-001                  2.6769340169063691E-146                  0.0000000000000000E+000                  0.0000000000000000E+000 
                                     181                  2.2338349989093192E-001                 -1.1651564985844400E+000                  5.7304116017951285E+000                 -4.5124439000014345E+000                  8.9963934700138743E+000                  3.6237130548313911E-005                  4.0108851175346955E-001                  5.9887525111598217E-001                  4.0681299560510091E-146                  0.0000000000000000E+000                  0.0000000000000000E+000 
                                     182                  2.2338349988755776E-001                 -1.1652266436026772E+000                  5.7346006939363088E+000                 -4.4954787902116387E+000                  9.0168296252198790E+000                  3.6237130548313837E-005                  4.0108851175347038E-001                  5.9887525111598139E-001                  6.9746239762669321E-146                  0.0000000000000000E+000                  0.0000000000000000E+000 
                                     183                  2.2338349988051309E-001                 -1.1653675875041736E+000                  5.7394494709652601E+000                 -4.4756660060057882E+000                  9.0406360290155376E+000                  3.6237130548313884E-005                  4.0108851175347010E-001                  5.9887525111598161E-001                  1.2996063528756295E-145                  0.0000000000000000E+000                  0.0000000000000000E+000 
                                     184                  2.2338349987480263E-001                 -1.1654768366769586E+000                  5.7433794346270641E+000                 -4.4597137953207726E+000                  9.0598598340034471E+000                  3.6237130548313884E-005                  4.0108851175346993E-001                  5.9887525111598183E-001                  2.1482487584450754E-145                  0.0000000000000000E+000                  0.0000000000000000E+000 
                                     185                  2.2338349986970149E-001                 -1.1655709752782242E+000                  5.7474608525199944E+000                 -4.4432967305599007E+000                  9.0797180721540922E+000                  3.6237130548313830E-005                  4.0108851175346982E-001                  5.9887525111598183E-001                  3.6137117759421280E-145                  0.0000000000000000E+000                  0.0000000000000000E+000 
                                     186                  2.2338349986313027E-001                 -1.1656878295300490E+000                  5.7516530149420557E+000                 -4.4264394246836032E+000                  9.1001236905235636E+000                  3.6237130548313762E-005                  4.0108851175347077E-001                  5.9887525111598094E-001                  6.1555811250317373E-145                  0.0000000000000000E+000                  0.0000000000000000E+000 
                                     187                  2.2338349985715172E-001                 -1.1657901739522629E+000                  5.7556857739479099E+000                 -4.4103483678640130E+000                  9.1196671260202589E+000                  3.6237130548313884E-005                  4.0108851175347027E-001                  5.9887525111598139E-001                  1.0256628874120072E-144                  0.0000000000000000E+000                  0.0000000000000000E+000 
                                     188                  2.2338349985055703E-001                 -1.1658990401644631E+000                  5.7598294836190354E+000                 -4.3938931928778322E+000                  9.1396994557463547E+000                  3.6237130548313783E-005                  4.0108851175347071E-001                  5.9887525111598094E-001                  1.7301796816079578E-144                  0.0000000000000000E+000                  0.0000000000000000E+000 
                                     189                  2.2338349984367667E-001                 -1.1660084814182694E+000                  5.7642601788435375E+000                 -4.3764332540784743E+000                  9.1610277074026865E+000                  3.6237130548313857E-005                  4.0108851175346949E-001                  5.9887525111598228E-001                  3.0200933395441806E-144                  0.0000000000000000E+000                  0.0000000000000000E+000 
                                     190                  2.2338349983552550E-001                 -1.1661331277716331E+000                  5.7679574507304086E+000                 -4.3618370143898941E+000                  9.1788587175611926E+000                  3.6237130548313925E-005                  4.0108851175346988E-001                  5.9887525111598183E-001                  4.8010709501613854E-144                  0.0000000000000000E+000                  0.0000000000000000E+000 
                                     191                  2.2338349983054587E-001                 -1.1662068097547269E+000                  5.7714627170715200E+000                 -4.3482126087093880E+000                  9.1956038563912070E+000                  3.6237130548313762E-005                  4.0108851175347082E-001                  5.9887525111598094E-001                  7.4385993026242335E-144                  0.0000000000000000E+000                  0.0000000000000000E+000 
                                     192                  2.2338349982270236E-001                 -1.1663193544843478E+000                  5.7759631256665855E+000                 -4.3307752356517080E+000                  9.2170734771253304E+000                  3.6237130548313837E-005                  4.0108851175346966E-001                  5.9887525111598205E-001                  1.3027735885111684E-143                  0.0000000000000000E+000                  0.0000000000000000E+000 
                                     193                  2.2338349981338240E-001                 -1.1664479290878726E+000                  5.7809575100944093E+000                 -4.3115489220393934E+000                  9.2408190816208489E+000                  3.6237130548313857E-005                  4.0108851175346988E-001                  5.9887525111598183E-001                  2.4205323577547175E-143                  0.0000000000000000E+000                  0.0000000000000000E+000 
                                     194                  2.2338349980272831E-001                 -1.1665886748182186E+000                  5.7856045403654290E+000                 -4.2937064791665920E+000                  9.2628939568347199E+000                  3.6237130548313871E-005                  4.0108851175347054E-001                  5.9887525111598117E-001                  4.2985754539874143E-143                  0.0000000000000000E+000                  0.0000000000000000E+000 
                                     195                  2.2338349979383351E-001                 -1.1667015479883380E+000                  5.7900388053972609E+000                 -4.2768763085954253E+000                  9.2838169445204475E+000                  3.6237130548313783E-005                  4.0108851175347038E-001                  5.9887525111598139E-001                  7.4189673292127673E-143                  0.0000000000000000E+000                  0.0000000000000000E+000 
                                     196                  2.2338349978327962E-001                 -1.1668304921730370E+000                  5.7939098529776540E+000                 -4.2621770280760787E+000                  9.3020991989322894E+000                  3.6237130548313783E-005                  4.0108851175347021E-001                  5.9887525111598150E-001                  1.1930109938648237E-142                  0.0000000000000000E+000                  0.0000000000000000E+000 
                                     197                  2.2338349977607641E-001                 -1.1669156330052313E+000                  5.7979530198907669E+000                 -4.2470706525939450E+000                  9.3210071483115282E+000                  3.6237130548313817E-005                  4.0108851175347060E-001                  5.9887525111598117E-001                  1.9554895070948947E-142                  0.0000000000000000E+000                  0.0000000000000000E+000 
                                     198                  2.2338349976412630E-001                 -1.1670521567488923E+000                  5.8023635543517553E+000                 -4.2305541391970278E+000                  9.3416750153919743E+000                  3.6237130548313857E-005                  4.0108851175347005E-001                  5.9887525111598161E-001                  3.3472628983433308E-142                  0.0000000000000000E+000                  0.0000000000000000E+000 
                                     199                  2.2338349975419153E-001                 -1.1671615138368037E+000                  5.8063734794571999E+000                 -4.2156828907965496E+000                  9.3603586864065189E+000                  3.6237130548313830E-005                  4.0108851175346977E-001                  5.9887525111598194E-001                  5.4466645552736579E-142                  0.0000000000000000E+000                  0.0000000000000000E+000 
                                     200                  2.2338349974344673E-001                 -1.1672758941798775E+000                  5.8110389644224894E+000                 -4.1985392173506577E+000                  9.3819789386613603E+000                  3.6237130548313966E-005                  4.0108851175346960E-001                  5.9887525111598205E-001                  9.5765410614270488E-142                  0.0000000000000000E+000                  0.0000000000000000E+000 
                                     201                  2.2338349972915089E-001                 -1.1674223178706955E+000                  5.8150130711569181E+000                 -4.1838788173718111E+000                  9.4004488067642686E+000                  3.6237130548313993E-005                  4.0108851175346960E-001                  5.9887525111598205E-001                  1.5465884894597841E-141                  0.0000000000000000E+000                  0.0000000000000000E+000 
                                     202                  2.2338349972107521E-001                 -1.1675023490800429E+000                  5.8190497791091911E+000                 -4.1692766019732987E+000                  9.4189818581034963E+000                  3.6237130548313939E-005                  4.0108851175346955E-001                  5.9887525111598217E-001                  2.5114107419697756E-141                  0.0000000000000000E+000                  0.0000000000000000E+000 
                                     203                  2.2338349970574309E-001                 -1.1676493841395144E+000                  5.8237796501702617E+000                 -4.1521134223951659E+000                  9.4407465042896952E+000                  3.6237130548313796E-005                  4.0108851175347071E-001                  5.9887525111598094E-001                  4.4247257952337427E-141                  0.0000000000000000E+000                  0.0000000000000000E+000 
                                     204                  2.2338349969231852E-001                 -1.1677732527714244E+000                  5.8284617745821468E+000                 -4.1353096832572955E+000                  9.4621454983638689E+000                  3.6237130548313708E-005                  4.0108851175347049E-001                  5.9887525111598117E-001                  7.7331604200961481E-141                  0.0000000000000000E+000                  0.0000000000000000E+000 
                                     205                  2.2338349967606300E-001                 -1.1679176842634935E+000                  5.8329828925535336E+000                 -4.1191086918350814E+000                  9.4827913748708852E+000                  3.6237130548313803E-005                  4.0108851175346988E-001                  5.9887525111598183E-001                  1.3233839226390825E-140                  0.0000000000000000E+000                  0.0000000000000000E+000 
                                     206                  2.2338349966230295E-001                 -1.1680355731183252E+000                  5.8373384581595023E+000                 -4.1036601278603770E+000                  9.5025533236054347E+000                  3.6237130548313878E-005                  4.0108851175347010E-001                  5.9887525111598161E-001                  2.2161007766639583E-140                  0.0000000000000000E+000                  0.0000000000000000E+000 
                                     207                  2.2338349964599724E-001                 -1.1681705077740390E+000                  5.8423692286249631E+000                 -4.0859353438122792E+000                  9.5252820151449331E+000                  3.6237130548313850E-005                  4.0108851175347027E-001                  5.9887525111598139E-001                  4.0105691803492188E-140                  0.0000000000000000E+000                  0.0000000000000000E+000 
                                     208                  2.2338349962603402E-001                 -1.1683292635068296E+000                  5.8462074311257854E+000                 -4.0723404041013600E+000                  9.5426801824953618E+000                  3.6237130548313837E-005                  4.0108851175346982E-001                  5.9887525111598183E-001                  6.2978894973645157E-140                  0.0000000000000000E+000                  0.0000000000000000E+000 
                                     209                  2.2338349961696558E-001                 -1.1683992122670881E+000                  5.8492852160017943E+000                 -4.0616214470464955E+000                  9.5564817808164531E+000                  3.6237130548313803E-005                  4.0108851175347060E-001                  5.9887525111598117E-001                  9.0318846647237757E-140                  0.0000000000000000E+000                  0.0000000000000000E+000 
                                     210                  2.2338349960217752E-001                 -1.1685105677628704E+000                  5.8540268908551489E+000                 -4.0452095806886303E+000                  9.5776591100106412E+000                  3.6237130548313715E-005                  4.0108851175347060E-001                  5.9887525111598117E-001                  1.5711858338237040E-139                  0.0000000000000000E+000                  0.0000000000000000E+000 
                                     211                  2.2338349957889256E-001                 -1.1686795669379464E+000                  5.8590918127576650E+000                 -4.0276276247331024E+000                  9.6003176936380363E+000                  3.6237130548313810E-005                  4.0108851175347005E-001                  5.9887525111598161E-001                  2.8327517567719575E-139                  0.0000000000000000E+000                  0.0000000000000000E+000 
                                     212                  2.2338349955939887E-001                 -1.1688155794162438E+000                  5.8640854580531370E+000                 -4.0104938526284055E+000                  9.6224879928269331E+000                  3.6237130548313783E-005                  4.0108851175346999E-001                  5.9887525111598172E-001                  5.0520421203510798E-139                  0.0000000000000000E+000                  0.0000000000000000E+000 
                                     213                  2.2338349953487419E-001                 -1.1689802460533503E+000                  5.8685829580460958E+000                 -3.9950294335319247E+000                  9.6424778285149966E+000                  3.6237130548313864E-005                  4.0108851175347016E-001                  5.9887525111598161E-001                  8.4921408214252823E-139                  0.0000000000000000E+000                  0.0000000000000000E+000 
                                     214                  2.2338349951779973E-001                 -1.1690909841972021E+000                  5.8715818903413028E+000                 -3.9847797732716548E+000                  9.6557539345282795E+000                  3.6237130548313932E-005                  4.0108851175346932E-001                  5.9887525111598239E-001                  1.1993432541926717E-138                  0.0000000000000000E+000                  0.0000000000000000E+000 
                                     215                  2.2338349950619846E-001                 -1.1691645173945875E+000                  5.8746415591512449E+000                 -3.9744333265927181E+000                  9.6692061796646609E+000                  3.6237130548313905E-005                  4.0108851175346966E-001                  5.9887525111598205E-001                  1.7039589424634880E-138                  0.0000000000000000E+000                  0.0000000000000000E+000 
                                     216                  2.2338349948785582E-001                 -1.1692781162594408E+000                  5.8792375378060120E+000                 -3.9589829090443325E+000                  9.6893344670522374E+000                  3.6237130548313762E-005                  4.0108851175347060E-001                  5.9887525111598117E-001                  2.8828914981161344E-138                  0.0000000000000000E+000                  0.0000000000000000E+000 
                                     217                  2.2338349945967431E-001                 -1.1694467127148993E+000                  5.8842332729324038E+000                 -3.9421661563674739E+000                  9.7112268291194219E+000                  3.6237130548313871E-005                  4.0108851175346999E-001                  5.9887525111598172E-001                  5.0959012677952292E-138                  0.0000000000000000E+000                  0.0000000000000000E+000 
                                     218                  2.2338349943482758E-001                 -1.1695898672715432E+000                  5.8893145560327067E+000                 -3.9252544279550294E+000                  9.7333307256592523E+000                  3.6237130548313871E-005                  4.0108851175347027E-001                  5.9887525111598139E-001                  9.0727258970688624E-138                  0.0000000000000000E+000                  0.0000000000000000E+000 
                                     219                  2.2338349940342594E-001                 -1.1697640686301864E+000                  5.8933641775957133E+000                 -3.9117160764445282E+000                  9.7509934853463633E+000                  3.6237130548313735E-005                  4.0108851175347032E-001                  5.9887525111598139E-001                  1.4348008046491629E-137                  0.0000000000000000E+000                  0.0000000000000000E+000 
                                     220                  2.2338349938785232E-001                 -1.1698478869583508E+000                  5.8967674270812740E+000                 -3.9005277943180285E+000                  9.7656797493799488E+000                  3.6237130548313871E-005                  4.0108851175347005E-001                  5.9887525111598161E-001                  2.1058714296532195E-137                  0.0000000000000000E+000                  0.0000000000000000E+000 
                                     221                  2.2338349936291690E-001                 -1.1699787744827674E+000                  5.9018575765462078E+000                 -3.8839087820351050E+000                  9.7875485015280592E+000                  3.6237130548313837E-005                  4.0108851175347032E-001                  5.9887525111598139E-001                  3.7306801224371490E-137                  0.0000000000000000E+000                  0.0000000000000000E+000 
                                     222                  2.2338349932501117E-001                 -1.1701704875643404E+000                  5.9065546956739272E+000                 -3.8684995977857399E+000                  9.8077871717602658E+000                  3.6237130548313911E-005                  4.0108851175346955E-001                  5.9887525111598217E-001                  6.3128868837167548E-137                  0.0000000000000000E+000                  0.0000000000000000E+000 
                                     223                  2.2338349930197976E-001                 -1.1702830296504418E+000                  5.9105340260786914E+000                 -3.8556443274212095E+000                  9.8247678034833683E+000                  3.6237130548313844E-005                  4.0108851175347005E-001                  5.9887525111598161E-001                  9.8389769177666648E-137                  0.0000000000000000E+000                  0.0000000000000000E+000 
                                     224                  2.2338349927170201E-001                 -1.1704267925272704E+000                  5.9157933848980244E+000                 -3.8387964280109199E+000                  9.8470919935673074E+000                  3.6237130548313952E-005                  4.0108851175346993E-001                  5.9887525111598183E-001                  1.7646865759664438E-136                  0.0000000000000000E+000                  0.0000000000000000E+000 
                                     225                  2.2338349922874437E-001                 -1.1706232310536393E+000                  5.9203103025142951E+000                 -3.8242607097034664E+000                  9.8663190760146442E+000                  3.6237130548313891E-005                  4.0108851175347021E-001                  5.9887525111598150E-001                  2.9097952640326337E-136                  0.0000000000000000E+000                  0.0000000000000000E+000 
                                     226                  2.2338349920565756E-001                 -1.1707254334967339E+000                  5.9243802155957530E+000                 -3.8114077890344111E+000                  9.8834418187241049E+000                  3.6237130548313918E-005                  4.0108851175347099E-001                  5.9887525111598072E-001                  4.5573017624883794E-136                  0.0000000000000000E+000                  0.0000000000000000E+000 
                                     227                  2.2338349916747333E-001                 -1.1708896924372991E+000                  5.9296048520438775E+000                 -3.7949605541658631E+000                  9.9053795111315548E+000                  3.6237130548313789E-005                  4.0108851175346977E-001                  5.9887525111598194E-001                  8.0898077841457662E-136                  0.0000000000000000E+000                  0.0000000000000000E+000 
                                     228                  2.2338349912366698E-001                 -1.1710713499281957E+000                  5.9343087514761361E+000                 -3.7801849907434621E+000                  9.9251039750583114E+000                  3.6237130548313871E-005                  4.0108851175347054E-001                  5.9887525111598117E-001                  1.3535876409009821E-135                  0.0000000000000000E+000                  0.0000000000000000E+000 
                                     229                  2.2338349909026328E-001                 -1.1712053821403299E+000                  5.9380765074507584E+000                 -3.7684539822324492E+000                  9.9408170664650939E+000                  3.6237130548313972E-005                  4.0108851175346943E-001                  5.9887525111598228E-001                  2.0412194551520340E-135                  0.0000000000000000E+000                  0.0000000000000000E+000 
                                     230                  2.2338349905967889E-001                 -1.1713249360036964E+000                  5.9429254600132806E+000                 -3.7535678228965423E+000                  9.9608646581037146E+000                  3.6237130548313776E-005                  4.0108851175347032E-001                  5.9887525111598139E-001                  3.4558630405286864E-135                  0.0000000000000000E+000                  0.0000000000000000E+000 
                                     231                  2.2338349900528329E-001                 -1.1715306337223168E+000                  5.9487497365531103E+000                 -3.7356953751383122E+000                  9.9849376495498525E+000                  3.6237130548313796E-005                  4.0108851175346988E-001                  5.9887525111598183E-001                  6.4884988892202685E-135                  0.0000000000000000E+000                  0.0000000000000000E+000 
                                     232                  2.2338349895251730E-001                 -1.1717223871815861E+000                  5.9531195526222520E+000                 -3.7223283102864295E+000                  1.0002963165641228E+001                  3.6237130548313864E-005                  4.0108851175346982E-001                  5.9887525111598183E-001                  1.0389809391855462E-134                  0.0000000000000000E+000                  0.0000000000000000E+000 
                                     233                  2.2338349892121065E-001                 -1.1718328235693012E+000                  5.9573496500868801E+000                 -3.7096187873104647E+000                  1.0020220621070596E+001                  3.6237130548313796E-005                  4.0108851175347066E-001                  5.9887525111598106E-001                  1.6356229651038774E-134                  0.0000000000000000E+000                  0.0000000000000000E+000 
                                     234                  2.2338349886877579E-001                 -1.1720126367188777E+000                  5.9621774786623707E+000                 -3.6951233685533520E+000                  1.0039906301846054E+001                  3.6237130548313749E-005                  4.0108851175347043E-001                  5.9887525111598128E-001                  2.7406593958075617E-134                  0.0000000000000000E+000                  0.0000000000000000E+000 
                                     235                  2.2338349882169864E-001                 -1.1721689587281048E+000                  5.9679133976215590E+000                 -3.6781814078379802E+000                  1.0063059302028652E+001                  3.6237130548313979E-005                  4.0108851175347010E-001                  5.9887525111598161E-001                  5.0453075340546038E-134                  0.0000000000000000E+000                  0.0000000000000000E+000 
                                     236                  2.2338349874599212E-001                 -1.1724110611184899E+000                  5.9729005588118333E+000                 -3.6633563570989520E+000                  1.0083264046449003E+001                  3.6237130548313830E-005                  4.0108851175346938E-001                  5.9887525111598228E-001                  8.5608905080847399E-134                  0.0000000000000000E+000                  0.0000000000000000E+000 
                                     237                  2.2338349870931973E-001                 -1.1725245395697383E+000                  5.9778954837009364E+000                 -3.6488797726069602E+000                  1.0103187718450258E+001                  3.6237130548313878E-005                  4.0108851175347038E-001                  5.9887525111598139E-001                  1.4497686178055069E-133                  0.0000000000000000E+000                  0.0000000000000000E+000 
                                     238                  2.2338349863005827E-001                 -1.1727620516925468E+000                  5.9824886131489938E+000                 -3.6354143908890739E+000                  1.0121630563164862E+001                  3.6237130548313674E-005                  4.0108851175347038E-001                  5.9887525111598139E-001                  2.3501433682069545E-133                  0.0000000000000000E+000                  0.0000000000000000E+000 
                                     239                  2.2338349859740261E-001                 -1.1728570281567119E+000                  5.9861767215393717E+000                 -3.6248242704667657E+000                  1.0136251680544603E+001                  3.6237130548313817E-005                  4.0108851175347038E-001                  5.9887525111598139E-001                  3.4579673258639520E-133                  0.0000000000000000E+000                  0.0000000000000000E+000 
                                     240                  2.2338349853797324E-001                 -1.1730258637170374E+000                  5.9912084278774067E+000                 -3.6104115715396201E+000                  1.0156163953994149E+001                  3.6237130548313857E-005                  4.0108851175347016E-001                  5.9887525111598161E-001                  5.8463938412005963E-133                  0.0000000000000000E+000                  0.0000000000000000E+000 
                                     241                  2.2338349846710445E-001                 -1.1732208710432248E+000                  5.9963891006136683E+000                 -3.5956308817893903E+000                  1.0176609298308765E+001                  3.6237130548313681E-005                  4.0108851175346982E-001                  5.9887525111598183E-001                  1.0017844349860268E-132                  0.0000000000000000E+000                  0.0000000000000000E+000 
                                     242                  2.2338349839807489E-001                 -1.1734047020513085E+000                  6.0009620614689867E+000                 -3.5826451718687964E+000                  1.0194598563336877E+001                  3.6237130548313762E-005                  4.0108851175347088E-001                  5.9887525111598083E-001                  1.9063455543946387E-132                  5.0455009182155787E-136                  0.0000000000000000E+000 
                                     243                  2.2338349833866319E-001                 -1.1735584381961601E+000                  6.0056148789576804E+000                 -3.5695623980959068E+000                  1.0212787328713464E+001                  3.6237130548313871E-005                  4.0108851175346988E-001                  5.9887525111598183E-001                  3.0804462253288779E-132                  8.4091260096900483E-136                  0.0000000000000000E+000 
                                     244                  2.2338349826287723E-001                 -1.1737489520452240E+000                  6.0114370664033947E+000                 -3.5533026740943403E+000                  1.0235445015905910E+001                  3.6237130548313878E-005                  4.0108851175347043E-001                  5.9887525111598128E-001                  5.6014049524891497E-132                  1.5891597506169527E-135                  0.0000000000000000E+000 
                                     245                  2.2338349816244121E-001                 -1.1739925192185721E+000                  6.0171112293341196E+000                 -3.5374369049383478E+000                  1.0257531504746030E+001                  3.6237130548313817E-005                  4.0108851175347032E-001                  5.9887525111598139E-001                  1.0007752370741729E-131                  2.9474355889903895E-135                  0.0000000000000000E+000 
                                     246                  2.2338349808242322E-001                 -1.1741798881123064E+000                  6.0228784788358931E+000                 -3.5215277300013113E+000                  1.0279789209965832E+001                  3.6237130548313803E-005                  4.0108851175347038E-001                  5.9887525111598139E-001                  1.7997998828327497E-131                  5.5050797196006091E-135                  0.0000000000000000E+000 
                                     247                  2.2338349797139273E-001                 -1.1744309036242611E+000                  6.0291185312456790E+000                 -3.5043142060395915E+000                  1.0303858613080335E+001                  3.6237130548313830E-005                  4.0108851175346988E-001                  5.9887525111598183E-001                  3.3868811737601572E-131                  1.0790398602638736E-134                  0.0000000000000000E+000 
                                     248                  2.2338349786500492E-001                 -1.1746624619466213E+000                  6.0346206888483644E+000                 -3.4891999823027242E+000                  1.0325017915659792E+001                  3.6237130548313972E-005                  4.0108851175346977E-001                  5.9887525111598194E-001                  5.8993709838785795E-131                  1.9479562808817910E-134                  0.0000000000000000E+000 
                                     249                  2.2338349777047989E-001                 -1.1748614591364128E+000                  6.0389384964878996E+000                 -3.4773678444999194E+000                  1.0341591730988451E+001                  3.6237130548313871E-005                  4.0108851175347104E-001                  5.9887525111598072E-001                  9.1039092984270199E-131                  3.0913485395168402E-134                  0.0000000000000000E+000 
                                     250                  2.2338349770095245E-001                 -1.1750040647959434E+000                  6.0434496998969438E+000                 -3.4651460775768048E+000                  1.0358785171608821E+001                  3.6237130548313756E-005                  4.0108851175347016E-001                  5.9887525111598161E-001                  1.4299281321714467E-130                  4.9989887465406612E-134                  0.0000000000000000E+000 
                                     251                  2.2338349759377918E-001                 -1.1752180481387355E+000                  6.0487482866136828E+000                 -3.4507689705163402E+000                  1.0378989422853937E+001                  3.6237130548313850E-005                  4.0108851175346993E-001                  5.9887525111598183E-001                  2.4256204148152648E-130                  8.7738729464868087E-134                  0.0000000000000000E+000 
                                     252                  2.2338349748459493E-001                 -1.1754292580199326E+000                  6.0526067583629830E+000                 -3.4402604087710729E+000                  1.0393728936533060E+001                  3.6237130548313715E-005                  4.0108851175347049E-001                  5.9887525111598117E-001                  3.5598639003487935E-130                  1.3199049709439563E-133                  0.0000000000000000E+000 
                                     253                  2.2338349742978778E-001                 -1.1755328569216039E+000                  6.0553639230394829E+000                 -3.4328242539132394E+000                  1.0404198161732992E+001                  3.6237130548313776E-005                  4.0108851175347060E-001                  5.9887525111598117E-001                  4.6787308652979169E-130                  1.7656028957503476E-133                  0.0000000000000000E+000 
                                     254                  2.2338349736480176E-001                 -1.1756537046405688E+000                  6.0593377196391485E+000                 -3.4221686743207380E+000                  1.0419231743597104E+001                  3.6237130548313783E-005                  4.0108851175347077E-001                  5.9887525111598094E-001                  6.9297164353232961E-130                  2.6821687710230861E-133                  0.0000000000000000E+000 
                                     255                  2.2338349725283427E-001                 -1.1758571000465339E+000                  6.0639586191226140E+000                 -3.4097186186963313E+000                  1.0436756361143733E+001                  3.6237130548313945E-005                  4.0108851175346955E-001                  5.9887525111598217E-001                  1.0927449751419840E-129                  4.3555803216967624E-133                  0.0000000000000000E+000 
                                     256                  2.2338349715104561E-001                 -1.1760370175689272E+000                  6.0676479385255870E+000                 -3.3997788009442762E+000                  1.0450743137227665E+001                  3.6237130548313688E-005                  4.0108851175347110E-001                  5.9887525111598061E-001                  1.5702375036149760E-129                  6.4068635253380906E-133                  0.0000000000000000E+000 
                                     257                  2.2338349707622518E-001                 -1.1761664128465863E+000                  6.0706953567557429E+000                 -3.3916026614810555E+000                  1.0462265036189235E+001                  3.6237130548313728E-005                  4.0108851175347038E-001                  5.9887525111598139E-001                  2.1167208075235607E-129                  8.8045816572350050E-133                  0.0000000000000000E+000 
                                     258                  2.2338349700140478E-001                 -1.1762935074380276E+000                  6.0733731905458583E+000                 -3.3844132195541001E+000                  1.0472391405298591E+001                  3.6237130548313715E-005                  4.0108851175347066E-001                  5.9887525111598106E-001                  2.7504192594018797E-129                  1.1635330485599647E-132                  0.0000000000000000E+000 
                                     259                  2.2338349694154841E-001                 -1.1763935923068147E+000                  6.0774386616538418E+000                 -3.3736215403083452E+000                  1.0487659488651069E+001                  3.6237130548313728E-005                  4.0108851175347099E-001                  5.9887525111598072E-001                  4.0881059787042029E-129                  1.7742252932882090E-132                  0.0000000000000000E+000 
                                     260                  2.2338349679250744E-001                 -1.1766369737153721E+000                  6.0818804305051408E+000                 -3.3616594726424749E+000                  1.0504477164599587E+001                  3.6237130548313810E-005                  4.0108851175347021E-001                  5.9887525111598150E-001                  6.2974583048149141E-129                  2.8102721535209705E-132                  0.0000000000000000E+000 
                                     261                  2.2338349670332280E-001                 -1.1767788427451256E+000                  6.0851145784997502E+000                 -3.3530068466729541E+000                  1.0516671881452236E+001                  3.6237130548313830E-005                  4.0108851175346988E-001                  5.9887525111598183E-001                  8.6169219148227488E-129                  3.9238942457372924E-132                  0.0000000000000000E+000 
                                     262                  2.2338349661413814E-001                 -1.1769180483102408E+000                  6.0882654359625477E+000                 -3.3445787679183523E+000                  1.0528548522041765E+001                  3.6237130548313905E-005                  4.0108851175346955E-001                  5.9887525111598217E-001                  1.1687476803941161E-128                  5.4277670813120198E-132                  0.0000000000000000E+000 
                                     263                  2.2338349652495351E-001                 -1.1770547085996699E+000                  6.0924509535138638E+000                 -3.3334487933651848E+000                  1.0544267155244498E+001                  3.6237130548313756E-005                  4.0108851175347038E-001                  5.9887525111598139E-001                  1.7499234136039161E-128                  8.3411522540506332E-132                  0.0000000000000000E+000 
                                     264                  2.2338349637074831E-001                 -1.1772853153895906E+000                  6.0971420829298451E+000                 -3.3208663029308796E+000                  1.0561968775751151E+001                  3.6237130548313715E-005                  4.0108851175347032E-001                  5.9887525111598139E-001                  2.7476766845602174E-128                  1.3483511813954986E-131                  0.0000000000000000E+000 
                                     265                  2.2338349624070725E-001                 -1.1774745065542642E+000                  6.1012853312773832E+000                 -3.3097719910589536E+000                  1.0577583490892312E+001                  3.6237130548313810E-005                  4.0108851175347027E-001                  5.9887525111598139E-001                  4.0874377223476159E-128                  2.0578166316071765E-131                  0.0000000000000000E+000 
                                     266                  2.2338349611066619E-001                 -1.1776591642120648E+000                  6.1052904499540226E+000                 -3.2990387290291197E+000                  1.0592681437896140E+001                  3.6237130548313810E-005                  4.0108851175347038E-001                  5.9887525111598139E-001                  5.9937643757330565E-128                  3.0929274923672443E-131                  0.0000000000000000E+000 
                                     267                  2.2338349598062512E-001                 -1.1778395414044649E+000                  6.1101289148335649E+000                 -3.2861239032628369E+000                  1.0610874017298809E+001                  3.6237130548313756E-005                  4.0108851175347038E-001                  5.9887525111598139E-001                  9.5025485576878811E-128                  5.0513899598720003E-131                  0.0000000000000000E+000 
                                     268                  2.2338349578556355E-001                 -1.1781025822292532E+000                  6.1142675148323260E+000                 -3.2749145324720197E+000                  1.0626565710111072E+001                  3.6237130548313817E-005                  4.0108851175347032E-001                  5.9887525111598139E-001                  1.4081023273928864E-127                  7.6772013493973959E-131                  0.0000000000000000E+000 
                                     269                  2.2338349568976923E-001                 -1.1782286387758567E+000                  6.1182522989806847E+000                 -3.2642699453124950E+000                  1.0641549492068444E+001                  3.6237130548313715E-005                  4.0108851175347093E-001                  5.9887525111598072E-001                  2.0532650396559318E-127                  1.1470176956216007E-130                  0.0000000000000000E+000 
                                     270                  2.2338349549818062E-001                 -1.1784749642642256E+000                  6.1220766054827402E+000                 -3.2538860622769410E+000                  1.0656065860981339E+001                  3.6237130548313715E-005                  4.0108851175347116E-001                  5.9887525111598050E-001                  2.9469997645698750E-127                  1.6850283667204870E-130                  0.0000000000000000E+000 
                                     271                  2.2338349540238628E-001                 -1.1785953695671039E+000                  6.1245686185001436E+000                 -3.2471596911236174E+000                  1.0665491033004097E+001                  3.6237130548313837E-005                  4.0108851175347032E-001                  5.9887525111598139E-001                  3.7270686547062895E-127                  2.1635228113611404E-130                  0.0000000000000000E+000 
                                     272                  2.2338349530659199E-001                 -1.1787140223232588E+000                  6.1282236378871673E+000                 -3.2373459555313886E+000                  1.0679270834991849E+001                  3.6237130548313803E-005                  4.0108851175347071E-001                  5.9887525111598094E-001                  5.2549001403092958E-127                  3.1186589344430661E-130                  0.0000000000000000E+000 
                                     273                  2.2338349511500338E-001                 -1.1789463069496953E+000                  6.1329081252793127E+000                 -3.2246505881665564E+000                  1.0697026265580831E+001                  3.6237130548313735E-005                  4.0108851175347054E-001                  5.9887525111598117E-001                  8.1530774124981928E-127                  4.9774009374454646E-130                  0.0000000000000000E+000 
                                     274                  2.2338349492341475E-001                 -1.1791722570063166E+000                  6.1379414396410734E+000                 -3.2110144689831812E+000                  1.0716097633537407E+001                  3.6237130548313715E-005                  4.0108851175347049E-001                  5.9887525111598117E-001                  1.3048299958806895E-126                  8.2106726867550723E-130                  0.0000000000000000E+000 
                                     275                  2.2338349468648977E-001                 -1.1794435029281933E+000                  6.1430565757410349E+000                 -3.1970576776829569E+000                  1.0735558262932916E+001                  3.6237130548313681E-005                  4.0108851175347093E-001                  5.9887525111598072E-001                  2.1010657934504527E-126                  1.3632367571382292E-129                  0.0000000000000000E+000 
                                     276                  2.2338349446745961E-001                 -1.1796867632451449E+000                  6.1486927884653797E+000                 -3.1817284485961363E+000                  1.0756958869333790E+001                  3.6237130548313796E-005                  4.0108851175347032E-001                  5.9887525111598139E-001                  3.5437274496401705E-126                  2.3779080518271622E-129                  0.0000000000000000E+000 
                                     277                  2.2338349416209727E-001                 -1.1800147909477234E+000                  6.1549870196539178E+000                 -3.1644590379602358E+000                  1.0780979881479979E+001                  3.6237130548313742E-005                  4.0108851175347054E-001                  5.9887525111598117E-001                  6.3392445193491282E-126                  4.4157832052102674E-129                  0.0000000000000000E+000 
                                     278                  2.2338349384911327E-001                 -1.1803386272828456E+000                  6.1604663529453703E+000                 -3.1493177052716796E+000                  1.0801978519193332E+001                  3.6237130548313715E-005                  4.0108851175347071E-001                  5.9887525111598094E-001                  1.0497417758838570E-125                  7.5530818249125699E-129                  0.0000000000000000E+000 
                                     279                  2.2338349359450946E-001                 -1.1805935421208384E+000                  6.1655476140327936E+000                 -3.1353079394882766E+000                  1.0821425492261946E+001                  3.6237130548313776E-005                  4.0108851175347021E-001                  5.9887525111598150E-001                  1.6726443432541743E-125                  1.2400601790362813E-128                  0.0000000000000000E+000 
                                     280                  2.2338349329971022E-001                 -1.1808798667641587E+000                  6.1714898510844227E+000                 -3.1188993749683074E+000                  1.0844188359334868E+001                  3.6237130548313817E-005                  4.0108851175346971E-001                  5.9887525111598205E-001                  2.8779617309456283E-125                  2.2093332919452285E-128                  0.0000000000000000E+000 
                                     281                  2.2338349292116225E-001                 -1.1812346853358595E+000                  6.1767323908999474E+000                 -3.1042198368245257E+000                  1.0864438069259618E+001                  3.6237130548313749E-005                  4.0108851175347104E-001                  5.9887525111598072E-001                  4.6384781419881629E-125                  3.6715637327602709E-128                  0.0000000000000000E+000 
                                     282                  2.2338349267236357E-001                 -1.1814605899468484E+000                  6.1809790593723282E+000                 -3.0923892439371752E+000                  1.0880792424516125E+001                  3.6237130548313681E-005                  4.0108851175347077E-001                  5.9887525111598094E-001                  6.8179044939405817E-125                  5.5317305551787851E-128                  0.0000000000000000E+000 
                                     283                  2.2338349239380262E-001                 -1.1817071231596963E+000                  6.1845808376495084E+000                 -3.0822762847244829E+000                  1.0894728596093774E+001                  3.6237130548313789E-005                  4.0108851175347032E-001                  5.9887525111598139E-001                  9.4449533783959949E-125                  7.8250625220475637E-128                  0.0000000000000000E+000 
                                     284                  2.2338349220809528E-001                 -1.1818679217529937E+000                  6.1880642385886118E+000                 -3.0725554308331726E+000                  1.0908158442725965E+001                  3.6237130548313735E-005                  4.0108851175347104E-001                  5.9887525111598072E-001                  1.2932574118438727E-124                  1.0932740774043619E-127                  0.0000000000000000E+000 
                                     285                  2.2338349193276627E-001                 -1.1821013619107970E+000                  6.1920817616206065E+000                 -3.0612738000430153E+000                  1.0923705818358306E+001                  3.6237130548313735E-005                  4.0108851175347093E-001                  5.9887525111598072E-001                  1.8566948945035171E-124                  1.6064053752207546E-127                  0.0000000000000000E+000 
                                     286                  2.2338349165743734E-001                 -1.1823291787515946E+000                  6.1961875621920894E+000                 -3.0497328430739112E+000                  1.0939605057481335E+001                  3.6237130548313796E-005                  4.0108851175347016E-001                  5.9887525111598161E-001                  2.6840237276611685E-124                  2.3777244584847853E-127                  0.0000000000000000E+000 
                                     287                  2.2338349135010757E-001                 -1.1825772128230376E+000                  6.2024334454080599E+000                 -3.0323086002979860E+000                  1.0963685198290714E+001                  3.6237130548313708E-005                  4.0108851175347032E-001                  5.9887525111598139E-001                  4.6903837684268735E-124                  4.3065699943023229E-127                  0.0000000000000000E+000 
                                     288                  2.2338349073544803E-001                 -1.1830549682569955E+000                  6.2082820722426693E+000                 -3.0155491619571566E+000                  1.0986598032761984E+001                  3.6237130548313756E-005                  4.0108851175347032E-001                  5.9887525111598139E-001                  7.9006659538889901E-124                  7.5003475062537044E-127                  0.0000000000000000E+000 
                                     289                  2.2338349042811828E-001                 -1.1832853661922087E+000                  6.2114203510437092E+000                 -3.0066096372887658E+000                  1.0998849322453053E+001                  3.6237130548313749E-005                  4.0108851175347038E-001                  5.9887525111598139E-001                  1.0440653270398753E-123                  1.0090127013886446E-126                  0.0000000000000000E+000 
                                     290                  2.2338349022323181E-001                 -1.1834360336370882E+000                  6.2151910521943972E+000                 -2.9959698805517982E+000                  1.1013486669925941E+001                  3.6237130548313742E-005                  4.0108851175347071E-001                  5.9887525111598094E-001                  1.4578845238632466E-123                  1.4393985346252253E-126                  0.0000000000000000E+000 
                                     291                  2.2338348979776831E-001                 -1.1837418165445135E+000                  6.2189013208645667E+000                 -2.9853239034387538E+000                  1.1028033607881332E+001                  3.6237130548313695E-005                  4.0108851175347099E-001                  5.9887525111598072E-001                  2.0238873447027426E-123                  2.0406068015779338E-126                  0.0000000000000000E+000 
                                     292                  2.2338348957719134E-001                 -1.1838967539403393E+000                  6.2226090487846637E+000                 -2.9748131733475462E+000                  1.1042465522226721E+001                  3.6237130548313681E-005                  4.0108851175347099E-001                  5.9887525111598072E-001                  2.8057038163258649E-123                  2.8886707604620713E-126                  0.0000000000000000E+000 
                                     293                  2.2338348913603745E-001                 -1.1841996978885372E+000                  6.2273532856548197E+000                 -2.9612283640412498E+000                  1.1061041738758679E+001                  3.6237130548313735E-005                  4.0108851175347066E-001                  5.9887525111598106E-001                  4.2573126337930416E-123                  4.5017147372666842E-126                  0.0000000000000000E+000 
                                     294                  2.2338348869488350E-001                 -1.1844939185878169E+000                  6.2324389887082754E+000                 -2.9466657934114910E+000                  1.1080952931443127E+001                  3.6237130548313756E-005                  4.0108851175347032E-001                  5.9887525111598139E-001                  6.6462176350778840E-123                  7.2308869859579963E-126                  0.0000000000000000E+000 
                                     295                  2.2338348815013961E-001                 -1.1848460318185796E+000                  6.2367176312224855E+000                 -2.9342591678354535E+000                  1.1097828802916951E+001                  3.6237130548313796E-005                  4.0108851175347010E-001                  5.9887525111598161E-001                  9.6587749330481894E-123                  1.0762520437047008E-125                  0.0000000000000000E+000 
                                     296                  2.2338348782597267E-001                 -1.1850500582050514E+000                  6.2413607788287750E+000                 -2.9209621285113516E+000                  1.1116003509736274E+001                  3.6237130548313735E-005                  4.0108851175347060E-001                  5.9887525111598117E-001                  1.4466584636456081E-122                  1.6541649939874753E-125                  0.0000000000000000E+000 
                                     297                  2.2338348717763878E-001                 -1.1854466284167946E+000                  6.2472378666671551E+000                 -2.9038993086566127E+000                  1.1139192959892885E+001                  3.6237130548313715E-005                  4.0108851175347088E-001                  5.9887525111598083E-001                  2.4089382078517417E-122                  2.8456819247667757E-125                  0.0000000000000000E+000 
                                     298                  2.2338348652930487E-001                 -1.1858289471798269E+000                  6.2531085303471894E+000                 -2.8868024176835791E+000                  1.1162394774966085E+001                  3.6237130548313722E-005                  4.0108851175347077E-001                  5.9887525111598094E-001                  4.0009226038938403E-122                  4.8819307377882698E-125                  0.0000000000000000E+000 
                                     299                  2.2338348581391429E-001                 -1.1862356308370741E+000                  6.2579794511173494E+000                 -2.8724437371720914E+000                  1.1181782849270192E+001                  3.6237130548313783E-005                  4.0108851175347038E-001                  5.9887525111598139E-001                  6.0875133672497940E-122                  7.6295655024821765E-125                  0.0000000000000000E+000 
                                     300                  2.2338348533698724E-001                 -1.1864985433524906E+000                  6.2621794287301320E+000                 -2.8601185211757367E+000                  1.1198451810822259E+001                  3.6237130548313715E-005                  4.0108851175346988E-001                  5.9887525111598183E-001                  8.7305734389205055E-122                  1.1196835823919425E-124                  0.0000000000000000E+000 
                                     301                  2.2338348474797295E-001                 -1.1868147919554402E+000                  6.2670566177737692E+000                 -2.8457367870347534E+000                  1.1217861566631978E+001                  3.6237130548313776E-005                  4.0108851175347032E-001                  5.9887525111598139E-001                  1.3254768104045758E-121                  1.7457803254617310E-124                  0.0000000000000000E+000 
                                     302                  2.2338348404687142E-001                 -1.1871798179852722E+000                  6.2714635416128033E+000                 -2.8325920862720793E+000                  1.1235519229952715E+001                  3.6237130548313728E-005                  4.0108851175347060E-001                  5.9887525111598117E-001                  1.9311719037014362E-121                  2.6052689687227197E-124                  0.0000000000000000E+000 
                                     303                  2.2338348352727214E-001                 -1.1874428501911267E+000                  6.2750876092817389E+000                 -2.8217802345344256E+000                  1.1250040180748384E+001                  3.6237130548313735E-005                  4.0108851175347021E-001                  5.9887525111598150E-001                  2.6293517365768130E-121                  3.6175865775064832E-124                  0.0000000000000000E+000 
                                     304                  2.2338348300767286E-001                 -1.1876998762549986E+000                  6.2785941753895900E+000                 -2.8112759847834581E+000                  1.1264124048784636E+001                  3.6237130548313769E-005                  4.0108851175347071E-001                  5.9887525111598094E-001                  3.5419455384749981E-121                  4.9665192741684506E-124                  0.0000000000000000E+000 
                                     305                  2.2338348248807358E-001                 -1.1879512011122622E+000                  6.2819900675936022E+000                 -2.8010612170698344E+000                  1.1277796617739490E+001                  3.6237130548313810E-005                  4.0108851175347071E-001                  5.9887525111598094E-001                  4.7237059857064711E-121                  6.7460986797051233E-124                  0.0000000000000000E+000 
                                     306                  2.2338348196847430E-001                 -1.1881971056388507E+000                  6.2864916009155722E+000                 -2.7875549560360566E+000                  1.1295891311362507E+001                  3.6237130548313742E-005                  4.0108851175347077E-001                  5.9887525111598094E-001                  6.9108392100506779E-121                  1.0111618278702746E-123                  0.0000000000000000E+000 
                                     307                  2.2338348106471884E-001                 -1.1886126665956764E+000                  6.2903691489863016E+000                 -2.7756500588301614E+000                  1.1311698079685510E+001                  3.6237130548313701E-005                  4.0108851175347054E-001                  5.9887525111598117E-001                  9.5877563194166175E-121                  1.4323239384141393E-123                  0.0000000000000000E+000 
                                     308                  2.2338348068056268E-001                 -1.1887848806099031E+000                  6.2931799404161870E+000                 -2.7670994770583901E+000                  1.1323091177815781E+001                  3.6237130548313864E-005                  4.0108851175347077E-001                  5.9887525111598094E-001                  1.2146738575148009E-120                  1.8421135274865221E-123                  0.0000000000000000E+000 
                                     309                  2.2338348010844042E-001                 -1.1890367266028028E+000                  6.2964408298002832E+000                 -2.7571012453527062E+000                  1.1336372521910045E+001                  3.6237130548313688E-005                  4.0108851175347005E-001                  5.9887525111598161E-001                  1.5976227720621297E-120                  2.4654295585455196E-123                  0.0000000000000000E+000 
                                     310                  2.2338347953631812E-001                 -1.1892832649001095E+000                  6.3011750832226276E+000                 -2.7426457579068124E+000                  1.1355605377681536E+001                  3.6237130548313789E-005                  4.0108851175346993E-001                  5.9887525111598183E-001                  2.3752423385787378E-120                  3.7589953626764446E-123                  0.0000000000000000E+000 
                                     311                  2.2338347839207354E-001                 -1.1897613946397207E+000                  6.3056529618634158E+000                 -2.7285998497661086E+000                  1.1374102074596401E+001                  3.6237130548313634E-005                  4.0108851175347027E-001                  5.9887525111598139E-001                  3.4550363404048289E-120                  5.5993160360384200E-123                  0.0000000000000000E+000 
                                     312                  2.2338347781995124E-001                 -1.1899934198839508E+000                  6.3085495334352171E+000                 -2.7195538962925125E+000                  1.1386034686896545E+001                  3.6237130548313627E-005                  4.0108851175347021E-001                  5.9887525111598150E-001                  4.3995544007899198E-120                  7.2401464458513329E-123                  0.0000000000000000E+000 
                                     313                  2.2338347724782898E-001                 -1.1902210232757455E+000                  6.3127677173258689E+000                 -2.7064250415113644E+000                  1.1403376120131878E+001                  3.6237130548313796E-005                  4.0108851175347005E-001                  5.9887525111598161E-001                  6.2491310274000795E-120                  1.0515404240266137E-122                  0.0000000000000000E+000 
                                     314                  2.2338347610358439E-001                 -1.1906636984469987E+000                  6.3193554561788616E+000                 -2.6857040009963424E+000                  1.1430639136605123E+001                  3.6237130548313756E-005                  4.0108851175347077E-001                  5.9887525111598094E-001                  1.0793120925861688E-119                  1.8801484373895887E-122                  0.0000000000000000E+000 
                                     315                  2.2338347441856790E-001                 -1.1912875036147323E+000                  6.3248352979249214E+000                 -2.6679358967568052E+000                  1.1453755621935208E+001                  3.6237130548313688E-005                  4.0108851175347121E-001                  5.9887525111598050E-001                  1.6992097821503036E-119                  3.0461228232045018E-122                  0.0000000000000000E+000 
                                     316                  2.2338347357605970E-001                 -1.1915878603459644E+000                  6.3283534032929980E+000                 -2.6565871822647198E+000                  1.1468550338065340E+001                  3.6237130548313742E-005                  4.0108851175347110E-001                  5.9887525111598061E-001                  2.2715534545447545E-119                  4.1475633601572970E-122                  0.0000000000000000E+000 
                                     317                  2.2338347273355144E-001                 -1.1918810705018081E+000                  6.3317516540708194E+000                 -2.6455598472339390E+000                  1.1482895673449573E+001                  3.6237130548313715E-005                  4.0108851175347104E-001                  5.9887525111598072E-001                  3.0051738973061406E-119                  5.5849376922528880E-122                  0.0000000000000000E+000 
                                     318                  2.2338347189104321E-001                 -1.1921675022409841E+000                  6.3350375250294295E+000                 -2.6348354230891085E+000                  1.1496818376439633E+001                  3.6237130548313762E-005                  4.0108851175347077E-001                  5.9887525111598094E-001                  3.9371270285967435E-119                  7.4427720551384007E-122                  0.0000000000000000E+000 
                                     319                  2.2338347104853495E-001                 -1.1924474947132651E+000                  6.3382178438918757E+000                 -2.6243970858699566E+000                  1.1510342868957927E+001                  3.6237130548313728E-005                  4.0108851175347082E-001                  5.9887525111598094E-001                  5.1111507280126872E-119                  9.8225822058078202E-122                  0.0000000000000000E+000 
                                     320                  2.2338347020602675E-001                 -1.1927213611492753E+000                  6.3412988601568436E+000                 -2.6142294508076387E+000                  1.1523491509051102E+001                  3.6237130548313769E-005                  4.0108851175347071E-001                  5.9887525111598094E-001                  6.5785529521076888E-119                  1.2845466740706448E-121                  0.0000000000000000E+000 
                                     321                  2.2338346936351852E-001                 -1.1929893915298353E+000                  6.3453211055330634E+000                 -2.6009648987009348E+000                  1.1540651013228242E+001                  3.6237130548313776E-005                  4.0108851175347010E-001                  5.9887525111598161E-001                  9.1381377524859486E-119                  1.8217039433460997E-121                  0.0000000000000000E+000 
                                     322                  2.2338346793448011E-001                 -1.1934314240384625E+000                  6.3487243705453604E+000                 -2.5894772173257299E+000                  1.1555387975335748E+001                  3.6237130548313715E-005                  4.0108851175347060E-001                  5.9887525111598117E-001                  1.2066143470045132E-118                  2.4478453549502356E-121                  0.0000000000000000E+000 
                                     323                  2.2338346734794989E-001                 -1.1936084927332304E+000                  6.3516285360241573E+000                 -2.5797809077074083E+000                  1.1567876847877983E+001                  3.6237130548313817E-005                  4.0108851175347088E-001                  5.9887525111598083E-001                  1.5284082874426046E-118                  3.1471757966232557E-121                  0.0000000000000000E+000 
                                     324                  2.2338346617488952E-001                 -1.1939554383592228E+000                  6.3553564101141395E+000                 -2.5671750036893748E+000                  1.1584039546171727E+001                  3.6237130548313817E-005                  4.0108851175347099E-001                  5.9887525111598072E-001                  2.0695764229327199E-118                  4.3435354849832724E-121                  0.0000000000000000E+000 
                                     325                  2.2338346500182915E-001                 -1.1942932562634565E+000                  6.3589463934112604E+000                 -2.5549563006462215E+000                  1.1599669950330775E+001                  3.6237130548313688E-005                  4.0108851175346982E-001                  5.9887525111598183E-001                  2.7695266895710139E-118                  5.9199795043460186E-121                  0.0000000000000000E+000 
                                     326                  2.2338346382876875E-001                 -1.1946224598040323E+000                  6.3624077881026411E+000                 -2.5431005286469768E+000                  1.1614802325496596E+001                  3.6237130548313878E-005                  4.0108851175347066E-001                  5.9887525111598106E-001                  3.6658000914577579E-118                  7.9750170642021905E-121                  0.0000000000000000E+000 
                                     327                  2.2338346265570838E-001                 -1.1949435182675507E+000                  6.3653157364448854E+000                 -2.5330531133558196E+000                  1.1627587200204824E+001                  3.6237130548313667E-005                  4.0108851175347121E-001                  5.9887525111598050E-001                  4.6378931640823863E-118                  1.0239861667983041E-120                  0.0000000000000000E+000 
                                     328                  2.2338346178793397E-001                 -1.1951760346590328E+000                  6.3677253227491244E+000                 -2.5247125510944728E+000                  1.1638193522270750E+001                  3.6237130548313722E-005                  4.0108851175347093E-001                  5.9887525111598072E-001                  5.6340703445058341E-118                  1.2592070399897658E-120                  0.0000000000000000E+000 
                                     329                  2.2338346092015959E-001                 -1.1954044916612763E+000                  6.3712456450336727E+000                 -2.5125569700080108E+000                  1.1653664546000956E+001                  3.6237130548313681E-005                  4.0108851175347082E-001                  5.9887525111598094E-001                  7.4814880445795230E-118                  1.7021241625283432E-120                  0.0000000000000000E+000 
                                     330                  2.2338345918461081E-001                 -1.1958498293534801E+000                  6.3757231392131786E+000                 -2.4968432660563882E+000                  1.1673550466034774E+001                  3.6237130548313817E-005                  4.0108851175347027E-001                  5.9887525111598139E-001                  1.0726424054914098E-117                  2.4960872907827509E-120                  0.0000000000000000E+000 
                                     331                  2.2338345744906202E-001                 -1.1962806435331395E+000                  6.3792896247110278E+000                 -2.4841656652045683E+000                  1.1689522914755194E+001                  3.6237130548313722E-005                  4.0108851175347060E-001                  5.9887525111598117E-001                  1.4285505564856074E-117                  3.3844267469648496E-120                  0.0000000000000000E+000 
                                     332                  2.2338345629070022E-001                 -1.1965605971103057E+000                  6.3820579905004475E+000                 -2.4743128123920588E+000                  1.1701930861735937E+001                  3.6237130548313769E-005                  4.0108851175347038E-001                  5.9887525111598139E-001                  1.7835519708060477E-117                  4.2845366889915829E-120                  0.0000000000000000E+000 
                                     333                  2.2338345513233848E-001                 -1.1968347951834521E+000                  6.3853935825173673E+000                 -2.4624192181020730E+000                  1.1716898912923224E+001                  3.6237130548313728E-005                  4.0108851175347077E-001                  5.9887525111598094E-001                  2.3291570289388723E-117                  5.6893739962752567E-120                  0.0000000000000000E+000 
                                     334                  2.2338345341371604E-001                 -1.1972315419604596E+000                  6.3892159106752695E+000                 -2.4486186695754051E+000                  1.1734192583333455E+001                  3.6237130548313769E-005                  4.0108851175347066E-001                  5.9887525111598106E-001                  3.1612908867647227E-117                  7.8707129994284399E-120                  0.0000000000000000E+000 
                                     335                  2.2338345169509360E-001                 -1.1976169191920496E+000                  6.3928845850827702E+000                 -2.4352630289602613E+000                  1.1750881922809599E+001                  3.6237130548313728E-005                  4.0108851175347060E-001                  5.9887525111598117E-001                  4.2361673002478311E-117                  1.0741182876777129E-119                  0.0000000000000000E+000 
                                     336                  2.2338344997647119E-001                 -1.1979916078248527E+000                  6.3964102195126369E+000                 -2.4223225124693131E+000                  1.1767008117756383E+001                  3.6237130548313796E-005                  4.0108851175347043E-001                  5.9887525111598128E-001                  5.6095004535474613E-117                  1.4474502613304202E-119                  0.0000000000000000E+000 
                                     337                  2.2338344825784875E-001                 -1.1983562265504182E+000                  6.4006217952036568E+000                 -2.4068140798429916E+000                  1.1786313605711657E+001                  3.6237130548313803E-005                  4.0108851175347005E-001                  5.9887525111598161E-001                  7.8389526008421571E-117                  2.0653379145329289E-119                  0.0000000000000000E+000 
                                     338                  2.2338344570450780E-001                 -1.1988805413983423E+000                  6.4060746733887797E+000                 -2.3864663879866783E+000                  1.1811532482985982E+001                  3.6237130548313722E-005                  4.0108851175347038E-001                  5.9887525111598139E-001                  1.2079842869449705E-116                  3.2694581024367442E-119                  0.0000000000000000E+000 
                                     339                  2.2338344241179678E-001                 -1.1995283509254884E+000                  6.4103897678144133E+000                 -2.3699057286062075E+000                  1.1831872030957928E+001                  3.6237130548313708E-005                  4.0108851175347049E-001                  5.9887525111598117E-001                  1.7007195730309847E-116                  4.7017503969814852E-119                  0.0000000000000000E+000 
                                     340                  2.2338344076544123E-001                 -1.1998411733671863E+000                  6.4131697506530507E+000                 -2.3592588106220393E+000                  1.1844958176256796E+001                  3.6237130548313701E-005                  4.0108851175347043E-001                  5.9887525111598128E-001                  2.1188034100375621E-116                  5.9379578249850721E-119                  0.0000000000000000E+000 
                                     341                  2.2338343911908570E-001                 -1.2001470730808637E+000                  6.4158626114331927E+000                 -2.3488713979761275E+000                  1.1857696837579059E+001                  3.6237130548313701E-005                  4.0108851175347071E-001                  5.9887525111598094E-001                  2.6209307342759606E-116                  7.4426024681059611E-119                  0.0000000000000000E+000 
                                     342                  2.2338343747273018E-001                 -1.2004463680751729E+000                  6.4184732086798322E+000                 -2.3387306926929718E+000                  1.1870106151612157E+001                  3.6237130548313722E-005                  4.0108851175347054E-001                  5.9887525111598117E-001                  3.2203622484714483E-116                  9.2621431071128636E-119                  0.0000000000000000E+000 
                                     343                  2.2338343582637465E-001                 -1.2007393542806004E+000                  6.4222665935499084E+000                 -2.3240101992355502E+000                  1.1888127173926451E+001                  3.6237130548313796E-005                  4.0108851175347043E-001                  5.9887525111598128E-001                  4.3408727630612280E-116                  1.2717780777239093E-118                  0.0000000000000000E+000 
                                     344                  2.2338343253366361E-001                 -1.2013074848341316E+000                  6.4261523803617777E+000                 -2.3085188911221852E+000                  1.1906934434866775E+001                  3.6237130548313742E-005                  4.0108851175347049E-001                  5.9887525111598117E-001                  5.8947937823381513E-116                  1.7599656378759236E-118                  0.0000000000000000E+000 
                                     345                  2.2338343047660100E-001                 -1.2016510573875312E+000                  6.4290352627113743E+000                 -2.2970054172084380E+000                  1.1920906717759364E+001                  3.6237130548313695E-005                  4.0108851175347099E-001                  5.9887525111598072E-001                  7.3935173514891525E-116                  2.2384959232700585E-118                  0.0000000000000000E+000 
                                     346                  2.2338342841953837E-001                 -1.2019864267662561E+000                  6.4318219859688828E+000                 -2.2857924856593419E+000                  1.1934484685130714E+001                  3.6237130548313769E-005                  4.0108851175347071E-001                  5.9887525111598094E-001                  9.2013065859101566E-116                  2.8236446622211119E-118                  0.0000000000000000E+000 
                                     347                  2.2338342636247577E-001                 -1.2023139973458885E+000                  6.4345184051167585E+000                 -2.2748645920999730E+000                  1.1947690167546879E+001                  3.6237130548313715E-005                  4.0108851175347099E-001                  5.9887525111598072E-001                  1.1367739687752316E-115                  3.5341842378875513E-118                  0.0000000000000000E+000 
                                     348                  2.2338342430541314E-001                 -1.2026341437109405E+000                  6.4384293935223811E+000                 -2.2590349255676823E+000                  1.1966829866663183E+001                  3.6237130548313708E-005                  4.0108851175347077E-001                  5.9887525111598094E-001                  1.5436034024243418E-115                  4.8902669358682408E-118                  0.0000000000000000E+000 
                                     349                  2.2338342019128793E-001                 -1.2032535248163092E+000                  6.4433400421542437E+000                 -2.2387179876664316E+000                  1.1991239140343616E+001                  3.6237130548313701E-005                  4.0108851175347071E-001                  5.9887525111598094E-001                  2.2661749538667429E-115                  7.3507522193643952E-118                  0.0000000000000000E+000 
                                     350                  2.2338341607716269E-001                 -1.2038470791018763E+000                  6.4484486130334178E+000                 -2.2173907086647504E+000                  1.2016802030049424E+001                  3.6237130548313735E-005                  4.0108851175347060E-001                  5.9887525111598117E-001                  3.3757280146871109E-115                  1.1220752174302549E-117                  0.0000000000000000E+000 
                                     351                  2.2338341111350077E-001                 -1.2045318973277350E+000                  6.4536795610767310E+000                 -2.1951854940028088E+000                  1.2043297259640541E+001                  3.6237130548313769E-005                  4.0108851175347038E-001                  5.9887525111598139E-001                  5.0737363484730701E-115                  1.7290730381842580E-117                  0.0000000000000000E+000 
                                     352                  2.2338340614983884E-001                 -1.2051855964587630E+000                  6.4573710211409852E+000                 -2.1791978940160490E+000                  1.2062270534435843E+001                  3.6237130548313722E-005                  4.0108851175347066E-001                  5.9887525111598106E-001                  6.7631034534422194E-115                  2.3455847506778043E-117                  0.0000000000000000E+000 
                                     353                  2.2338340366800788E-001                 -1.2055016897535460E+000                  6.4597562087928244E+000                 -2.1688960573650187E+000                  1.2074509075928599E+001                  3.6237130548313749E-005                  4.0108851175347032E-001                  5.9887525111598139E-001                  8.1395368371010813E-115                  2.8550730193348655E-117                  0.0000000000000000E+000 
                                     354                  2.2338340118617692E-001                 -1.2058110408195288E+000                  6.4636299424323402E+000                 -2.1522426662411580E+000                  1.2094324777074052E+001                  3.6237130548313769E-005                  4.0108851175347038E-001                  5.9887525111598139E-001                  1.0987665239724551E-114                  3.9253901023139005E-117                  0.0000000000000000E+000 
                                     355                  2.2338339535238091E-001                 -1.2065132949907071E+000                  6.4687278475176413E+000                 -2.1298100433116800E+000                  1.2120852687056898E+001                  3.6237130548313715E-005                  4.0108851175347060E-001                  5.9887525111598117E-001                  1.6307386611095640E-114                  5.9676704557613656E-117                  0.0000000000000000E+000 
                                     356                  2.2338338951858494E-001                 -1.2071833650750594E+000                  6.4723272057354011E+000                 -2.1136665806940780E+000                  1.2139850970270576E+001                  3.6237130548313735E-005                  4.0108851175347071E-001                  5.9887525111598094E-001                  2.1547898400892730E-114                  8.0200398674012457E-117                  0.0000000000000000E+000 
                                     357                  2.2338338660168697E-001                 -1.2075072852910227E+000                  6.4746534859945486E+000                 -2.1032652549157147E+000                  1.2152105943437185E+001                  3.6237130548313695E-005                  4.0108851175347066E-001                  5.9887525111598106E-001                  2.5788802677959656E-114                  9.7038396668774690E-117                  0.0000000000000000E+000 
                                     358                  2.2338338368478902E-001                 -1.2078242406103095E+000                  6.4783596456688555E+000                 -2.0867681867384977E+000                  1.2171572939957075E+001                  3.6237130548313756E-005                  4.0108851175347071E-001                  5.9887525111598094E-001                  3.4309247305447445E-114                  1.3135902420465862E-116                  0.0000000000000000E+000 
                                     359                  2.2338337701755159E-001                 -1.2085241642126319E+000                  6.4832058903543421E+000                 -2.0647243589378697E+000                  1.2197444607285201E+001                  3.6237130548313728E-005                  4.0108851175347088E-001                  5.9887525111598083E-001                  4.9834945533928975E-114                  1.9516796369820842E-116                  0.0000000000000000E+000 
                                     360                  2.2338337035031416E-001                 -1.2091925995274579E+000                  6.4877695369591661E+000                 -2.0437483533241325E+000                  1.2222007922735777E+001                  3.6237130548313728E-005                  4.0108851175347077E-001                  5.9887525111598094E-001                  7.0784132794584072E-114                  2.8316055356701686E-116                  0.0000000000000000E+000 
                                     361                  2.2338336368307674E-001                 -1.2098324017872262E+000                  6.4923216106696247E+000                 -2.0226532717791188E+000                  1.2246670822348314E+001                  3.6237130548313708E-005                  4.0108851175347071E-001                  5.9887525111598094E-001                  1.0038222070152009E-113                  4.1013141415476681E-116                  0.0000000000000000E+000 
                                     362                  2.2338335626432185E-001                 -1.2105136687796472E+000                  6.4968370302750476E+000                 -2.0014735021718368E+000                  1.2271368842150423E+001                  3.6237130548313749E-005                  4.0108851175347077E-001                  5.9887525111598094E-001                  1.4189010023771406E-113                  5.9195024068119575E-116                  0.0000000000000000E+000 
                                     363                  2.2338334884556693E-001                 -1.2111655031613946E+000                  6.5012943103293885E+000                 -1.9803891705182635E+000                  1.2295916610569384E+001                  3.6237130548313756E-005                  4.0108851175347032E-001                  5.9887525111598139E-001                  1.9954589992737709E-113                  8.4976317550387483E-116                  0.0000000000000000E+000 
                                     364                  2.2338334075025124E-001                 -1.2118462011444140E+000                  6.5046692876545098E+000                 -1.9641268619380901E+000                  1.2314771857385598E+001                  3.6237130548313654E-005                  4.0108851175347066E-001                  5.9887525111598106E-001                  2.5833253203725801E-113                  1.1173053583936923E-115                  0.0000000000000000E+000 
                                     365                  2.2338333639752636E-001                 -1.2122000123967203E+000                  6.5069591143755527E+000                 -1.9531404296003083E+000                  1.2327528900621447E+001                  3.6237130548313654E-005                  4.0108851175347071E-001                  5.9887525111598094E-001                  3.0765829276645453E-113                  1.3446935660319033E-115                  0.0000000000000000E+000 
                                     366                  2.2338333204480143E-001                 -1.2125458200826016E+000                  6.5104156220017924E+000                 -1.9365755782240164E+000                  1.2346776723266387E+001                  3.6237130548313783E-005                  4.0108851175347043E-001                  5.9887525111598128E-001                  4.0029889336241972E-113                  1.7775063058029189E-115                  0.0000000000000000E+000 
                                     367                  2.2338332281245457E-001                 -1.2132544214181211E+000                  6.5148402790300519E+000                 -1.9149466474079424E+000                  1.2371799546993211E+001                  3.6237130548313796E-005                  4.0108851175347021E-001                  5.9887525111598150E-001                  5.6073839065500276E-113                  2.5407427724490307E-115                  0.0000000000000000E+000 
                                     368                  2.2338331358010774E-001                 -1.2139318321788697E+000                  6.5191525292830281E+000                 -1.8936736106193839E+000                  1.2396371948031446E+001                  3.6237130548313756E-005                  4.0108851175347077E-001                  5.9887525111598094E-001                  7.7838861040628233E-113                  3.5968451202161498E-115                  0.0000000000000000E+000 
                                     369                  2.2338330373417406E-001                 -1.2146229891347267E+000                  6.5234421657183033E+000                 -1.8722818661603637E+000                  1.2421033552346344E+001                  3.6237130548313728E-005                  4.0108851175347093E-001                  5.9887525111598072E-001                  1.0782302604414062E-112                  5.0803289517320273E-115                  0.0000000000000000E+000 
                                     370                  2.2338329344445207E-001                 -1.2153138724998633E+000                  6.5275754811298494E+000                 -1.8514354676653082E+000                  1.2445018167272490E+001                  3.6237130548313688E-005                  4.0108851175347104E-001                  5.9887525111598072E-001                  1.4754467215098753E-112                  7.0831637639004724E-115                  0.0000000000000000E+000 
                                     371                  2.2338328315473002E-001                 -1.2159754596745533E+000                  6.5314821988587095E+000                 -1.8315278783715392E+000                  1.2467882556864382E+001                  3.6237130548313769E-005                  4.0108851175347043E-001                  5.9887525111598128E-001                  1.9839475816650280E-112                  9.6937296981537313E-115                  0.0000000000000000E+000 
                                     372                  2.2338327286500803E-001                 -1.2166102408962638E+000                  6.5351835408824179E+000                 -1.8124759208801271E+000                  1.2489727377567988E+001                  3.6237130548313776E-005                  4.0108851175346999E-001                  5.9887525111598172E-001                  2.6257984226854888E-112                  1.3045409230188198E-114                  0.0000000000000000E+000 
                                     373                  2.2338326257528598E-001                 -1.2172203950087934E+000                  6.5386978955668615E+000                 -1.7942070385047184E+000                  1.2510640267347068E+001                  3.6237130548313783E-005                  4.0108851175347049E-001                  5.9887525111598117E-001                  3.4256894983683917E-112                  1.7290101878835261E-114                  0.0000000000000000E+000 
                                     374                  2.2338325228556399E-001                 -1.2178078398338361E+000                  6.5420413046108257E+000                 -1.7766575652667607E+000                  1.2530698000882005E+001                  3.6237130548313796E-005                  4.0108851175346993E-001                  5.9887525111598183E-001                  4.4110206797632020E-112                  2.2599216761888360E-114                  0.0000000000000000E+000 
                                     375                  2.2338324199584195E-001                 -1.2183742727027054E+000                  6.5452278487975404E+000                 -1.7597713261447303E+000                  1.2549968216135330E+001                  3.6237130548313810E-005                  4.0108851175346993E-001                  5.9887525111598183E-001                  5.6119718517543661E-112                  2.9164576432488697E-114                  0.0000000000000000E+000 
                                     376                  2.2338323170611996E-001                 -1.2189212033647656E+000                  6.5497823126238863E+000                 -1.7356779061161645E+000                  1.2577493433143422E+001                  3.6237130548313688E-005                  4.0108851175347082E-001                  5.9887525111598094E-001                  7.9097457948520197E-112                  4.1948833514752009E-114                  0.0000000000000000E+000 
                                     377                  2.2338321112667592E-001                 -1.2199617207542306E+000                  6.5539659731087472E+000                 -1.7126249169434913E+000                  1.2603619517914908E+001                  3.6237130548313783E-005                  4.0108851175347010E-001                  5.9887525111598161E-001                  1.0854504748489739E-111                  5.8646940606946504E-114                  0.0000000000000000E+000 
                                     378                  2.2338320083695390E-001                 -1.2204577095197251E+000                  6.5566362942641057E+000                 -1.6979441726294342E+000                  1.2620277178118315E+001                  3.6237130548313701E-005                  4.0108851175347099E-001                  5.9887525111598072E-001                  1.3277294701816006E-111                  7.2591944491999866E-114                  0.0000000000000000E+000 
                                     379                  2.2338319054723188E-001                 -1.2209388332483573E+000                  6.5604754117236892E+000                 -1.6768543571679293E+000                  1.2644226747570919E+001                  3.6237130548313796E-005                  4.0108851175347010E-001                  5.9887525111598161E-001                  1.7726542585383319E-111                  9.8578176790355516E-114                  0.0000000000000000E+000 
                                     380                  2.2338316996778787E-001                 -1.2218599183063905E+000                  6.5640357850371736E+000                 -1.6565615538925909E+000                  1.2667112701944568E+001                  3.6237130548313749E-005                  4.0108851175347066E-001                  5.9887525111598106E-001                  2.3199815863312950E-111                  1.3105956317078538E-113                  0.0000000000000000E+000 
                                     381                  2.2338315967806585E-001                 -1.2223015106332962E+000                  6.5663191176532090E+000                 -1.6435636120587425E+000                  1.2681784881970737E+001                  3.6237130548313708E-005                  4.0108851175347088E-001                  5.9887525111598083E-001                  2.7559499035729133E-111                  1.5726247370387104E-113                  0.0000000000000000E+000 
                                     382                  2.2338314938834383E-001                 -1.2227313743303660E+000                  6.5696167443245397E+000                 -1.6247942063675473E+000                  1.2702985402444464E+001                  3.6237130548313776E-005                  4.0108851175347038E-001                  5.9887525111598139E-001                  3.5325004542979303E-111                  2.0451936363520481E-113                  0.0000000000000000E+000 
                                     383                  2.2338312880889979E-001                 -1.2235583184061352E+000                  6.5737193825602498E+000                 -1.6008345593615336E+000                  1.2729931335783119E+001                  3.6237130548313789E-005                  4.0108851175347027E-001                  5.9887525111598139E-001                  4.8139762660242407E-111                  2.8377522868846449E-113                  0.0000000000000000E+000 
                                     384                  2.2338310822945576E-001                 -1.2243452506917480E+000                  6.5775561675138805E+000                 -1.5780652272747910E+000                  1.2755481854522095E+001                  3.6237130548313769E-005                  4.0108851175347071E-001                  5.9887525111598094E-001                  6.4307163646716759E-111                  3.8549879816533626E-113                  0.0000000000000000E+000 
                                     385                  2.2338308765001172E-001                 -1.2250959647505557E+000                  6.5802585174250696E+000                 -1.5616570368577725E+000                  1.2773828040378891E+001                  3.6237130548313728E-005                  4.0108851175347110E-001                  5.9887525111598061E-001                  7.8889781749373791E-111                  4.7853217288549053E-113                  0.0000000000000000E+000 
                                     386                  2.2338307736028973E-001                 -1.2254587979821563E+000                  6.5820034440086710E+000                 -1.5510620914624369E+000                  1.2785680953630413E+001                  3.6237130548313735E-005                  4.0108851175347082E-001                  5.9887525111598094E-001                  9.0002257762819065E-111                  5.5010944075938562E-113                  0.0000000000000000E+000 
                                     387                  2.2338306707056768E-001                 -1.2258137656667625E+000                  6.5845400129183052E+000                 -1.5356496514865667E+000                  1.2802930197815876E+001                  3.6237130548313762E-005                  4.0108851175347016E-001                  5.9887525111598161E-001                  1.0898049851835399E-110                  6.7350735929844801E-113                  0.0000000000000000E+000 
                                     388                  2.2338304649112367E-001                 -1.2265014197189448E+000                  6.5877316835939697E+000                 -1.5158180932348946E+000                  1.2825048769775792E+001                  3.6237130548313789E-005                  4.0108851175347016E-001                  5.9887525111598161E-001                  1.3872542510050118E-110                  8.6931386279646197E-113                  0.0000000000000000E+000 
                                     389                  2.2338302591167963E-001                 -1.2271614441297984E+000                  6.5903632816907347E+000                 -1.4991725543828274E+000                  1.2843567708127077E+001                  3.6237130548313701E-005                  4.0108851175347082E-001                  5.9887525111598094E-001                  1.6932018412501878E-110                  1.0732231625364632E-112                  0.0000000000000000E+000 
                                     390                  2.2338301059997989E-001                 -1.2276359112758961E+000                  6.5925182907712445E+000                 -1.4854426656738429E+000                  1.2858832770133651E+001                  3.6237130548313715E-005                  4.0108851175347082E-001                  5.9887525111598094E-001                  1.9933295571086360E-110                  1.2753124264834676E-112                  0.0000000000000000E+000 
                                     391                  2.2338299528828012E-001                 -1.2280971011391604E+000                  6.5945897127434563E+000                 -1.4721062727662066E+000                  1.2873641161821933E+001                  3.6237130548313722E-005                  4.0108851175347077E-001                  5.9887525111598094E-001                  2.3321156616303419E-110                  1.5055023557625610E-112                  0.0000000000000000E+000 
                                     392                  2.2338297997658035E-001                 -1.2285457516128213E+000                  6.5965828840152270E+000                 -1.4591409144901331E+000                  1.2888019552449473E+001                  3.6237130548065080E-005                  4.0108851175738613E-001                  5.9887525111206585E-001                  2.7126632972825432E-110                  1.7663202593092698E-112                  0.0000000000000000E+000 
                                     393                  2.2338296466488058E-001                 -1.2289825398552958E+000                  6.5994543732728816E+000                 -1.4410103054636210E+000                  1.2908813682270660E+001                  3.5964341801135474E-005                  4.0538443145757508E-001                  5.9457960420062372E-001                  3.4032930575209810E-110                  2.2034745671797375E-112                  0.0000000000000000E+000 
                                     394                  2.2338293404148105E-001                 -1.2298241043576372E+000                  6.6030184779240830E+000                 -1.4170560515345467E+000                  1.2935273865254775E+001                  3.5963635535419444E-005                  4.0539546132690996E-001                  5.9456857503755467E-001                  4.4633164188509756E-110                  2.9343769045734738E-112                  0.0000000000000000E+000 
                                     395                  2.2338290341808151E-001                 -1.2306250387826501E+000                  6.6059325226707175E+000                 -1.3970994143019346E+000                  1.2957270938009144E+001                  3.5962725401559640E-005                  4.0540967460025423E-001                  5.9455436267434414E-001                  5.5734531838554974E-110                  3.7102203807874610E-112                  0.0000000000000000E+000 
                                     396                  2.2338288060231820E-001                 -1.2311976799405007E+000                  6.6083059039160572E+000                 -1.3807343372040175E+000                  1.2975303652009845E+001                  3.5961818364422191E-005                  4.0542383909341245E-001                  5.9454019908822309E-001                  6.6785055350291236E-110                  4.4911204001309421E-112                  0.0000000000000000E+000 
                                     397                  2.2338285778655492E-001                 -1.2317512937094874E+000                  6.6105743188994825E+000                 -1.3649272344044765E+000                  1.2992704125298093E+001                  3.5960811868764228E-005                  4.0543955622844713E-001                  5.9452448295968408E-001                  7.9400282138561771E-110                  5.3912963431292136E-112                  0.0000000000000000E+000 
                                     398                  2.2338283497079162E-001                 -1.2322871322846882E+000                  6.6127457070917206E+000                 -1.3496408274474476E+000                  1.3009515391883486E+001                  3.5959727956497042E-005                  4.0545648166239306E-001                  5.9450755860965043E-001                  9.3715465348857715E-110                  6.4222925314711208E-112                  0.0000000000000000E+000 
                                     399                  2.2338281215502837E-001                 -1.2328063268446090E+000                  6.6158638289675533E+000                 -1.3276809351767391E+000                  1.3033683887700487E+001                  3.5958010857296009E-005                  4.0548329335408018E-001                  5.9448074863506251E-001                  1.1885887879383649E-109                  8.2537413756466285E-112                  0.0000000000000000E+000 
                                     400                  2.2338276652350175E-001                 -1.2337986815723498E+000                  6.6187475244497938E+000                 -1.3065888514740240E+000                  1.3056782725841103E+001                  3.5956165451168051E-005                  4.0551210611262628E-001                  5.9445193772192262E-001                  1.4828960601621481E-109                  1.0423765940351165E-111                  0.0000000000000000E+000 
                                     401                  2.2338274370773850E-001                 -1.2342737395747909E+000                  6.6205955867694666E+000                 -1.2930793913366285E+000                  1.3071590034994463E+001                  3.5954905732183883E-005                  4.0553177354323650E-001                  5.9443227155103129E-001                  1.7083999393904070E-109                  1.2102893294226857E-111                  0.0000000000000000E+000 
                                     402                  2.2338272089197519E-001                 -1.2347357404273334E+000                  6.6223758863619260E+000                 -1.2799507452830836E+000                  1.3085969147804459E+001                  3.5953623206468439E-005                  4.0555179615202613E-001                  5.9441225022476740E-001                  1.9582389045387872E-109                  1.3977246589848594E-111                  0.0000000000000000E+000 
                                     403                  2.2338269807621189E-001                 -1.2351853977060427E+000                  6.6240927247162027E+000                 -1.2671818162252177E+000                  1.3099944239701760E+001                  3.5952323337301863E-005                  4.0557208860263050E-001                  5.9439195907403219E-001                  2.2339767328823376E-109                  1.6060903571913089E-111                  0.0000000000000000E+000 
                                     404                  2.2338267526044864E-001                 -1.2356233674892627E+000                  6.6265760875948718E+000                 -1.2487059415910462E+000                  1.3120177826963324E+001                  3.5950354247885908E-005                  4.0560282693411592E-001                  5.9436122271163616E-001                  2.7023294304989555E-109                  1.9631621689734181E-111                  0.0000000000000000E+000 
                                     405                  2.2338262962892202E-001                 -1.2364665460272057E+000                  6.6296730203161633E+000                 -1.2250988283308608E+000                  1.3145961864940793E+001                  3.5947698607631115E-005                  4.0564427874301690E-001                  5.9431977355837540E-001                  3.4294344011244359E-109                  2.5239007206665714E-111                  0.0000000000000000E+000 
                                     406                  2.2338258399739547E-001                 -1.2372696687973985E+000                  6.6325771153444855E+000                 -1.2026278230265692E+000                  1.3170476208626024E+001                  3.5945033884821858E-005                  4.0568586838594084E-001                  5.9427818658017428E-001                  4.2897169670652082E-109                  3.1955540290258698E-111                  0.0000000000000000E+000 
                                     407                  2.2338253836586888E-001                 -1.2380364400536670E+000                  6.6353086242995074E+000                 -1.1811873772291563E+000                  1.3193840532377683E+001                  3.5942374884088489E-005                  4.0572736477589449E-001                  5.9423669284922143E-001                  5.2968149379342445E-109                  3.9909414291599672E-111                  0.0000000000000000E+000 
                                     408                  2.2338249273434233E-001                 -1.2387700682599327E+000                  6.6378848587828143E+000                 -1.1606860407731698E+000                  1.3216158321500451E+001                  3.5939732085274444E-005                  4.0576860439752022E-001                  5.9419545587039457E-001                  6.4646259068830061E-109                  4.9232940898495756E-111                  0.0000000000000000E+000 
                                     409                  2.2338244710281571E-001                 -1.2394733512095395E+000                  6.6403207674972329E+000                 -1.1410441071697388E+000                  1.3237519669352039E+001                  3.5937112909932623E-005                  4.0580947151472840E-001                  5.9415459137236160E-001                  7.8072778490656250E-109                  6.0062232236732696E-111                  0.0000000000000000E+000 
                                     410                  2.2338240147128915E-001                 -1.2401487436591025E+000                  6.6426293880533809E+000                 -1.1221917383816791E+000                  1.3258003494942859E+001                  3.5934522574011141E-005                  4.0584988484497553E-001                  5.9411418063245047E-001                  9.3391198945732551E-109                  7.2537052490124800E-111                  0.0000000000000000E+000 
                                     411                  2.2338235583976257E-001                 -1.2407984116243316E+000                  6.6453362260361164E+000                 -1.0999378584876098E+000                  1.3282181345536980E+001                  3.5931362900702522E-005                  4.0589917613618448E-001                  5.9406489250091488E-001                  1.1522652741375301E-108                  9.0503321557903358E-111                  0.0000000000000000E+000 
                                     412                  2.2338228873864419E-001                 -1.2417109376710815E+000                  6.6483370677499956E+000                 -1.0747124247906983E+000                  1.3309533834844983E+001                  3.5927677734180636E-005                  4.0595665738836600E-001                  5.9400741493389986E-001                  1.4558096941238129E-108                  1.1576861232317675E-110                  0.0000000000000000E+000 
                                     413                  2.2338222163752586E-001                 -1.2425772773492600E+000                  6.6511406235226547E+000                 -1.0509269190216022E+000                  1.3335465318338938E+001                  3.5856110570082648E-005                  4.0706939333709086E-001                  5.9289475055233898E-001                  1.8162388883124330E-108                  1.4546026698381557E-110                  0.0000000000000000E+000 
                                     414                  2.2338215453640747E-001                 -1.2434022503379627E+000                  6.6537799150305457E+000                 -1.0281520407410669E+000                  1.3360116735201233E+001                  3.5856072240683565E-005                  4.0706998915477521E-001                  5.9289415477298413E-001                  2.2322398380426290E-108                  1.8076618416114087E-110                  0.0000000000000000E+000 
                                     415                  2.2338208743528912E-001                 -1.2441894468436883E+000                  6.6562747563133922E+000                 -1.0064434697596270E+000                  1.3383608956131029E+001                  3.5856012654436483E-005                  4.0707091537467788E-001                  5.9289322861266769E-001                  2.7130913345002936E-108                  2.2201190633978248E-110                  0.0000000000000000E+000 
                                     416                  2.2338202033417073E-001                 -1.2449422555623368E+000                  6.6580499328422942E+000                 -9.9077693945812695E-001                  1.3400544838243311E+001                  3.5855964440034197E-005                  4.0707166480367035E-001                  5.9289247923188959E-001                  3.1181535371825772E-108                  2.5705950872129640E-110                  0.0000000000000000E+000 
                                     417                  2.2338198678361154E-001                 -1.2453067277640479E+000                  6.6592023398750895E+000                 -9.8063673164439336E-001                  1.3411515606268908E+001                  3.5855932269360188E-005                  4.0707216484637576E-001                  5.9289197922135495E-001                  3.4124489495488255E-108                  2.8267899832269696E-110                  0.0000000000000000E+000 
                                     418                  2.2338195323305235E-001                 -1.2456636769034088E+000                  6.6608862855784450E+000                 -9.6586298398129045E-001                  1.3427520585688299E+001                  3.5851950228102237E-005                  4.0713405740928688E-001                  5.9283009064048509E-001                  3.8929248153949994E-108                  3.2467220181037671E-110                  0.0000000000000000E+000 
                                     419                  2.2338188613193397E-001                 -1.2463562035630940E+000                  6.6630248176031870E+000                 -9.4682970054111637E-001                  1.3448110303196785E+001                  3.5849614718739218E-005                  4.0717035295828430E-001                  5.9279379742699700E-001                  4.6034155330230546E-108                  3.8731069456316683E-110                  0.0000000000000000E+000 
                                     420                  2.2338181903081558E-001                 -1.2470221525429364E+000                  6.6650636110928883E+000                 -9.2854317668869180E-001                  1.3467886120358738E+001                  3.5847504581998299E-005                  4.0720314266390423E-001                  5.9276100983151370E-001                  5.4019106335449681E-108                  4.5830967418360349E-110                  0.0000000000000000E+000 
                                     421                  2.2338175192969720E-001                 -1.2476635326051242E+000                  6.6670094162496838E+000                 -9.1094531228118747E-001                  1.3486910158101137E+001                  3.5845342527692157E-005                  4.0723673637887253E-001                  5.9272741827859976E-001                  6.2939205481664596E-108                  5.3826026973653185E-110                  0.0000000000000000E+000 
                                     422                  2.2338168482857881E-001                 -1.2482821292795325E+000                  6.6688680147414860E+000                 -8.9398362924155217E-001                  1.3505237676864729E+001                  3.5843146650264336E-005                  4.0727085287334153E-001                  5.9269330398000819E-001                  7.2846565810430053E-108                  6.2773777845482280E-110                  0.0000000000000000E+000 
                                     423                  2.2338161772746043E-001                 -1.2488795357537452E+000                  6.6706445534452099E+000                 -8.7761128851797332E-001                  1.3522918051258497E+001                  3.5840930787310775E-005                  4.0730527712003045E-001                  5.9265888194918226E-001                  8.3790631720415420E-108                  7.2729676622412204E-110                  0.0000000000000000E+000 
                                     424                  2.2338155062634199E-001                 -1.2494571796380534E+000                  6.6731906635612344E+000                 -8.5413035791731129E-001                  1.3548288944856184E+001                  3.5837592908472674E-005                  4.0735712819255293E-001                  5.9260703421453864E-001                  1.0238298691079548E-107                  8.9793392334369860E-110                  0.0000000000000000E+000 
                                     425                  2.2338141642410528E-001                 -1.2505580247540498E+000                  6.6755323565211180E+000                 -8.3164019091975028E-001                  1.3572496731093995E+001                  3.5834261702797328E-005                  4.0740886753119115E-001                  5.9255529820710606E-001                  1.2333144696555868E-107                  1.0919994202667257E-109                  0.0000000000000000E+000 
                                     426                  2.2338134932298689E-001                 -1.2510836140559609E+000                  6.6770292023763238E+000                 -8.1727919691179229E-001                  1.3587990197982146E+001                  3.5820633372066247E-005                  4.0762007042503151E-001                  5.9234410894159639E-001                  1.3895430186341937E-107                  1.2369012347647408E-109                  0.0000000000000000E+000 
                                     427                  2.2338128222186845E-001                 -1.2515939303024313E+000                  6.6784688283071496E+000                 -8.0342862027794115E-001                  1.3603019190671272E+001                  3.5769156621063167E-005                  4.0841749051962695E-001                  5.9154674032375199E-001                  1.5607073486054854E-107                  1.3929268242848210E-109                  0.0000000000000000E+000 
                                     428                  2.2338121512075007E-001                 -1.2520899493264495E+000                  6.6798626779693695E+000                 -7.8986799093263482E-001                  1.3617610851783784E+001                  3.5769138429225862E-005                  4.0841777229913978E-001                  5.9154645856243104E-001                  1.7436546869392192E-107                  1.5652267891950430E-109                  0.0000000000000000E+000 
                                     429                  2.2338114801963169E-001                 -1.2525723471513339E+000                  6.6818892561051308E+000                 -7.7028334212512406E-001                  1.3638709660685441E+001                  3.5769089790149704E-005                  4.0841852567698012E-001                  5.9154570523322980E-001                  2.0476394153448339E-107                  1.8535954104886373E-109                  0.0000000000000000E+000 
                                     430                  2.2338101381739492E-001                 -1.2534990998789792E+000                  6.6838073494575738E+000                 -7.5143064844346974E-001                  1.3658999270365523E+001                  3.5766616578072266E-005                  4.0845683092626001E-001                  5.9150740245716193E-001                  2.3856128659923179E-107                  2.1764135945673330E-109                  0.0000000000000000E+000 
                                     431                  2.2338094671627653E-001                 -1.2539449004120742E+000                  6.6850501068927919E+000                 -7.3929828607669557E-001                  1.3672070255220687E+001                  3.5765443057977615E-005                  4.0847500497819955E-001                  5.9148922957874239E-001                  2.6330504204579041E-107                  2.4143506246213454E-109                  0.0000000000000000E+000 
                                     432                  2.2338087961515815E-001                 -1.2543797401144317E+000                  6.6868619940447207E+000                 -7.2170660432842493E-001                  1.3691041658937802E+001                  3.5763587436321500E-005                  4.0850374125796746E-001                  5.9146049515459620E-001                  3.0394746053814552E-107                  2.8076278814536813E-109                  0.0000000000000000E+000 
                                     433                  2.2338074541292144E-001                 -1.2552185771068505E+000                  6.6891510265549838E+000                 -6.9919959581649194E-001                  1.3715294317808347E+001                  3.5760932739003842E-005                  4.0854484827141496E-001                  5.9141939079584604E-001                  3.6455116098824237E-107                  3.3988435536230519E-109                  0.0000000000000000E+000 
                                     434                  2.2338061121068464E-001                 -1.2560195731469681E+000                  6.6913191051618117E+000                 -6.7772519750069948E-001                  1.3738429568333137E+001                  3.5758166877626184E-005                  4.0858767269144847E-001                  5.9137656914167391E-001                  4.3313095754758911E-107                  4.0738067693886760E-109                  0.0000000000000000E+000 
                                     435                  2.2338047700844788E-001                 -1.2567860644800093E+000                  6.6933740656423479E+000                 -6.5718790561425211E-001                  1.3760546170555827E+001                  3.5755336800230255E-005                  4.0863148740417943E-001                  5.9133275725902035E-001                  5.1013250982299214E-107                  4.8379993457923818E-109                  0.0000000000000000E+000 
                                     436                  2.2338034280621116E-001                 -1.2575209540250707E+000                  6.6953242319723252E+000                 -6.3750620750462561E-001                  1.3781730328116568E+001                  3.5752475051493286E-005                  4.0867578847121827E-001                  5.9128845905373018E-001                  5.9600240335455665E-107                  5.6969444691438084E-109                  0.0000000000000000E+000 
                                     437                  2.2338020860397440E-001                 -1.2582267862619210E+000                  6.6971778156534034E+000                 -6.1860966513315496E-001                  1.3802057731132912E+001                  3.5749604548141202E-005                  4.0872022112656903E-001                  5.9124402926888275E-001                  6.9118886147902371E-107                  6.6562139542139494E-109                  0.0000000000000000E+000 
                                     438                  2.2338007440173763E-001                 -1.2589058057782883E+000                  6.6985018543414823E+000                 -6.0489525320942183E-001                  1.3816792612654833E+001                  3.5747457369198641E-005                  4.0875345450479672E-001                  5.9121079803783405E-001                  7.6867794560045175E-107                  7.4419055158857483E-109                  0.0000000000000000E+000 
                                     439                  2.2338000730061924E-001                 -1.2592359105786521E+000                  6.6993627437072494E+000                 -5.9597982842026487E-001                  1.3826374025493617E+001                  3.5746030094985179E-005                  4.0877554446390763E-001                  5.9118870950599733E-001                  8.2362819667278909E-107                  8.0014878867933649E-109                  0.0000000000000000E+000 
                                     440                  2.2337994019950086E-001                 -1.2595600394888469E+000                  6.7006222908019053E+000                 -5.8292916510516757E-001                  1.3840402237242047E+001                  3.5743897257394841E-005                  4.0880855302969216E-001                  5.9115570307305043E-001                  9.1114457204231228E-107                  8.8964952679803139E-109                  0.0000000000000000E+000 
                                     441                  2.2337980599726409E-001                 -1.2601911853815664E+000                  6.7022230645331433E+000                 -5.6603878208039460E-001                  1.3858531248104248E+001                  3.5741080954430634E-005                  4.0885213545231203E-001                  5.9111212346673359E-001                  1.0365573659022976E-106                  1.0186117381015207E-108                  0.0000000000000000E+000 
                                     442                  2.2337967179502735E-001                 -1.2608008635393866E+000                  6.7037458678625326E+000                 -5.4971683157231155E-001                  1.3876029753582811E+001                  3.5738298069668308E-005                  4.0889519712559363E-001                  5.9106906457633668E-001                  1.1724334480308084E-106                  1.1591749727478069E-108                  0.0000000000000000E+000 
                                     443                  2.2337953759279058E-001                 -1.2613904909502289E+000                  6.7051896445923500E+000                 -5.3391757419349206E-001                  1.3892940261073514E+001                  3.5735552723346505E-005                  4.0893767444070867E-001                  5.9102659000656799E-001                  1.3185586167019376E-106                  1.3111927024962239E-108                  0.0000000000000000E+000 
                                     444                  2.2337940339055384E-001                 -1.2619613371797846E+000                  6.7065525896827713E+000                 -5.1859886109688325E-001                  1.3909301110258468E+001                  3.5732847716552421E-005                  4.0897952421109246E-001                  5.9098474294119097E-001                  1.4744590722713985E-106                  1.4742278692639210E-108                  0.0000000000000000E+000 
                                     445                  2.2337926918831708E-001                 -1.2625145427171334E+000                  6.7078361265845183E+000                 -5.0372605812304039E-001                  1.3925146999804413E+001                  3.5730184874345547E-005                  4.0902071835708131E-001                  5.9094355145804434E-001                  1.6396976659968870E-106                  1.6478668100673383E-108                  0.0000000000000000E+000 
                                     446                  2.2337913498608031E-001                 -1.2630511399581725E+000                  6.7096557928974958E+000                 -4.8239213788969543E-001                  1.3947991560356940E+001                  3.5669002406848809E-005                  4.0996562887672117E-001                  5.8999870212087191E-001                  1.9112020579383355E-106                  1.9275774471660191E-108                  0.0000000000000000E+000 
                                     447                  2.2337886658160680E-001                 -1.2640784219310721E+000                  6.7120585632477656E+000                 -4.5528078674306682E-001                  1.3976957942187212E+001                  3.5669002266027413E-005                  4.0996563105031275E-001                  5.8999869994742116E-001                  2.3263917836119224E-106                  2.3696535522512764E-108                  0.0000000000000000E+000 
                                     448                  2.2337859817713329E-001                 -1.2650502222451423E+000                  6.7138313637585583E+000                 -4.3597364643826342E-001                  1.3997661575141860E+001                  3.5669002038357195E-005                  4.0996563456442453E-001                  5.8999869643353708E-001                  2.6847320771899602E-106                  2.7546403657264725E-108                  0.0000000000000000E+000 
                                     449                  2.2337846397489652E-001                 -1.2655173104053550E+000                  6.7149919467188335E+000                 -4.2356769562123037E-001                  1.4010991590325871E+001                  3.5669001871342301E-005                  4.0996563714231526E-001                  5.8999869385581338E-001                  2.9468945230557499E-106                  3.0380534652611774E-108                  0.0000000000000000E+000 
                                     450                  2.2337832977265981E-001                 -1.2659726932061357E+000                  6.7166954348191679E+000                 -4.0559793465277827E-001                  1.4030328666211506E+001                  3.5669001007243280E-005                  4.0996565047976596E-001                  5.8999868051922677E-001                  3.3765195974873525E-106                  3.5053392467733974E-108                  0.0000000000000000E+000 
                                     451                  2.2337806136818625E-001                 -1.2668505754594963E+000                  6.7183278743064934E+000                 -3.8824981225445410E-001                  1.4048988418063123E+001                  3.5669000950518276E-005                  4.0996565135532170E-001                  5.8999867964372776E-001                  3.8476039476378044E-106                  4.0211852523101659E-108                  0.0000000000000000E+000 
                                     452                  2.2337792716594954E-001                 -1.2672742291227461E+000                  6.7193892656262690E+000                 -3.7705210816550300E-001                  1.4061043522926623E+001                  3.5669000914239503E-005                  4.0996565191528789E-001                  5.8999867908379788E-001                  4.1875590201684686E-106                  4.3955217922115394E-108                  0.0000000000000000E+000 
                                     453                  2.2337779296371277E-001                 -1.2676882953876099E+000                  6.7209415886723907E+000                 -3.6076881833137686E-001                  1.4078586513282312E+001                  3.5669000744637208E-005                  4.0996565453311540E-001                  5.8999867646614002E-001                  4.7381377588493946E-106                  5.0051027696691592E-108                  0.0000000000000000E+000 
                                     454                  2.2337752455923926E-001                 -1.2684893069135583E+000                  6.7233942156781019E+000                 -3.3503183553088395E-001                  1.4106321058449629E+001                  3.5669000721974482E-005                  4.0996565488291642E-001                  5.8999867611636159E-001                  5.7582540158178665E-106                  6.1439422783880452E-108                  0.0000000000000000E+000 
                                     455                  2.2337712726464973E-001                 -1.2696142045608119E+000                  6.7254491257312390E+000                 -3.1305491294146376E-001                  1.4129968013678969E+001                  3.5669000721716056E-005                  4.0996565488690562E-001                  5.8999867611237267E-001                  6.7854874833764375E-106                  7.3010234266605539E-108                  0.0000000000000000E+000 
                                     456                  2.2337692861735492E-001                 -1.2701519799740866E+000                  6.7267671191118614E+000                 -2.9897786533557114E-001                  1.4145119906252734E+001                  3.5669000721707809E-005                  4.0996565488703290E-001                  5.8999867611224532E-001                  7.5378508560538970E-106                  8.1543141523015426E-108                  0.0000000000000000E+000 
                                     457                  2.2337672997006017E-001                 -1.2706745137558981E+000                  6.7286957663495315E+000                 -2.7867942049292271E-001                  1.4167002889932293E+001                  3.5669000721707511E-005                  4.0996565488703746E-001                  5.8999867611224088E-001                  8.7843690338286359E-106                  9.5777994810362054E-108                  0.0000000000000000E+000 
                                     458                  2.2337633267547063E-001                 -1.2716771260149875E+000                  6.7306993724983215E+000                 -2.5935134885493843E-001                  1.4188024570200302E+001                  3.5669000721707511E-005                  4.0996565488703746E-001                  5.8999867611224088E-001                  1.0253998298140649E-105                  1.1271366523022324E-107                  0.0000000000000000E+000 
                                     459                  2.2337613402817583E-001                 -1.2721590765367572E+000                  6.7319542190459440E+000                 -2.4687649282495003E-001                  1.4201553183208851E+001                  3.5669000721707511E-005                  4.0996565488703746E-001                  5.8999867611224088E-001                  1.1306030764080617E-105                  1.2491234402819854E-107                  0.0000000000000000E+000 
                                     460                  2.2337593538088107E-001                 -1.2726289222871052E+000                  6.7331039994163548E+000                 -2.3464847296768737E-001                  1.4214729101965849E+001                  3.5669000721707511E-005                  4.0996565488703746E-001                  5.8999867611224088E-001                  1.2386965770258827E-105                  1.3749720798887776E-107                  0.0000000000000000E+000 
                                     461                  2.2337573673358627E-001                 -1.2730871902140009E+000                  6.7342030171937592E+000                 -2.2272209632461790E-001                  1.4227570309534858E+001                  3.5663433850281337E-005                  4.1005157581015389E-001                  5.8991276075599575E-001                  1.3526377561985071E-105                  1.5076485815716403E-107                  0.0000000000000000E+000 
                                     462                  2.2337553808629151E-001                 -1.2735344412688081E+000                  6.7358335221698917E+000                 -2.0542153275220729E-001                  1.4246222148768187E+001                  3.5662815657360533E-005                  4.1006111557985192E-001                  5.8990322160449071E-001                  1.5392692923875899E-105                  1.7270195252369655E-107                  0.0000000000000000E+000 
                                     463                  2.2337514079170198E-001                 -1.2743979095994280E+000                  6.7379468526234891E+000                 -1.8331492544401837E-001                  1.4270091019051721E+001                  3.5662286065755433E-005                  4.1006928769536571E-001                  5.8989505001856846E-001                  1.8183311595571091E-105                  2.0576419168929327E-107                  0.0000000000000000E+000 
                                     464                  2.2337474349711242E-001                 -1.2752233261811858E+000                  6.7398988343712238E+000                 -1.6218278837487671E-001                  1.4292884282305190E+001                  3.5642204035654165E-005                  4.1037914574842826E-001                  5.8958521204753600E-001                  2.1256246933048115E-105                  2.4214222358856663E-107                  0.0000000000000000E+000 
                                     465                  2.2337434620252289E-001                 -1.2760139413605336E+000                  6.7418425133571649E+000                 -1.4201167376033463E-001                  1.4314695022149687E+001                  3.5638377849159479E-005                  4.1043815449870663E-001                  5.8952620712344417E-001                  2.4762376431242727E-105                  2.8424494086960479E-107                  0.0000000000000000E+000 
                                     466                  2.2337394890793336E-001                 -1.2767727253787649E+000                  6.7437390206239787E+000                 -1.2271324502886188E-001                  1.4335604742471261E+001                  3.5634683234980085E-005                  4.1049512781026237E-001                  5.8946923750650271E-001                  2.8710024139368290E-105                  3.3202042898324180E-107                  0.0000000000000000E+000 
                                     467                  2.2337355161334382E-001                 -1.2775022707022663E+000                  6.7455669934881515E+000                 -1.0419002238300953E-001                  1.4355685209084442E+001                  3.5631115384172274E-005                  4.1055014044905291E-001                  5.8941422843556290E-001                  3.3098994492474041E-105                  3.8552900520586627E-107                  0.0000000000000000E+000 
                                     468                  2.2337315431875429E-001                 -1.2782048206917509E+000                  6.7472882700276768E+000                 -8.6334724693751780E-002                  1.4374999933957206E+001                  3.5627668955515977E-005                  4.1060327533999830E-001                  5.8936109699104611E-001                  3.7875735072170275E-105                  4.4415354354696165E-107                  0.0000000000000000E+000 
                                     469                  2.2337275702416476E-001                 -1.2788822937023323E+000                  6.7488155203879980E+000                 -6.9073796369109625E-002                  1.4393605382288634E+001                  3.5591157869456316E-005                  4.1116556462613507E-001                  5.8879884421599549E-001                  4.2880568691927323E-105                  5.0479180398370527E-107                  0.0000000000000000E+000 
                                     470                  2.2337235972957520E-001                 -1.2795363700140936E+000                  6.7504464086744758E+000                 -5.2515109947606470E-002                  1.4411551973197064E+001                  3.5590570670178366E-005                  4.1117460689141494E-001                  5.8878980253791491E-001                  4.8666718516399273E-105                  5.7667080401578316E-107                  0.0000000000000000E+000 
                                     471                  2.2337196243498567E-001                 -1.2801687811222964E+000                  6.7520383556379064E+000                 -3.6543274031919898E-002                  1.4428884948921032E+001                  3.5589623631800024E-005                  4.1118918957580147E-001                  5.8877522080056677E-001                  5.5037286253947794E-105                  6.5631907961712974E-107                  0.0000000000000000E+000 
                                     472                  2.2337156514039616E-001                 -1.2807809829118828E+000                  6.7534805174910195E+000                 -2.1085987322526055E-002                  1.4445645044902628E+001                  3.5550844927134704E-005                  4.1178565352819940E-001                  5.8817879562687347E-001                  6.1751132075223626E-105                  7.3885268641817096E-107                  0.0000000000000000E+000 
                                     473                  2.2337116784580663E-001                 -1.2813742435320423E+000                  6.7559879828033544E+000                  8.1379092926250906E-004                  1.4469759308947227E+001                  3.5550844927134704E-005                  4.1178565352819940E-001                  5.8817879562687347E-001                  7.4350486844310388E-105                  8.9855666960463906E-107                  0.0000000000000000E+000 
                                     474                  2.2337037325662754E-001                 -1.2825091686534014E+000                  6.7593787154521889E+000                  2.0688104346952296E-002                  1.4492838476404240E+001                  3.5550844927134704E-005                  4.1178565352819940E-001                  5.8817879562687347E-001                  9.3362865242992911E-105                  1.1433829707883387E-106                  0.0000000000000000E+000 
                                     475                  2.2336997596203800E-001                 -1.2830544039920571E+000                  6.7614038272136643E+000                  3.3600670128974996E-002                  1.4507643095185559E+001                  3.5550844927134704E-005                  4.1178565352819940E-001                  5.8817879562687347E-001                  1.0720257834829942E-104                  1.3233275578047884E-106                  0.0000000000000000E+000 
                                     476                  2.2336957866744844E-001                 -1.2835856383407800E+000                  6.7633102276955581E+000                  5.3385055582356303E-002                  1.4529046637195082E+001                  3.5550844893315972E-005                  4.1178565404835560E-001                  5.8817879510675108E-001                  1.2429914757216043E-104                  1.5461871368302578E-106                  0.0000000000000000E+000 
                                     477                  2.2336878407826935E-001                 -1.2846062460997503E+000                  6.7662914333587372E+000                  7.7937760109367343E-002                  1.4556283546571315E+001                  3.5544580109640247E-005                  4.1188201087818843E-001                  5.8808244454170189E-001                  1.5430937753152209E-104                  1.9415062932407195E-106                  0.0000000000000000E+000 
                                     478                  2.2336798948909026E-001                 -1.2855774130807234E+000                  6.7692612903781368E+000                  1.0110290099795098E-001                  1.4582136089817226E+001                  3.5544580043145924E-005                  4.1188201190086488E-001                  5.8808244351909200E-001                  1.9071096281306953E-104                  2.4277646410477985E-106                  0.0000000000000000E+000 
                                     479                  2.2336719489991116E-001                 -1.2865041911699941E+000                  6.7714041369574351E+000                  1.1774349418002884E-001                  1.4600717728376171E+001                  3.5544579945818674E-005                  4.1188201339774932E-001                  5.8808244202230486E-001                  2.2211230608806585E-104                  2.8514554378605112E-106                  0.0000000000000000E+000 
                                     480                  2.2336679760532163E-001                 -1.2869522840503924E+000                  6.7727713577274482E+000                  1.2851719306315690E-001                  1.4612726768566720E+001                  3.5544579945818667E-005                  4.1188201339774949E-001                  5.8808244202230475E-001                  2.4486530133996511E-104                  3.1605187285550242E-106                  0.0000000000000000E+000 
                                     481                  2.2336640031073210E-001                 -1.2873907381878424E+000                  6.7747476283592869E+000                  1.4421600555041292E-001                  1.4630208787525767E+001                  3.5544579945818667E-005                  4.1188201339774949E-001                  5.8808244202230475E-001                  2.8198161133942757E-104                  3.6679980082856449E-106                  0.0000000000000000E+000 
                                     482                  2.2336560572155301E-001                 -1.2882402841867018E+000                  6.7770910787293976E+000                  1.6457388063140671E-001                  1.4652644966254492E+001                  3.5544574935976327E-005                  4.1188209044866403E-001                  5.8808236497639998E-001                  3.3465955687985936E-104                  4.3937434489079734E-106                  0.0000000000000000E+000 
                                     483                  2.2336481113237391E-001                 -1.2890556009412777E+000                  6.7800622621117617E+000                  1.8328051810248361E-001                  1.4674135598493091E+001                  3.5544573775238805E-005                  4.1188210830070054E-001                  5.8808234712552421E-001                  4.0876790140096804E-104                  5.4288722132424337E-106                  0.0000000000000000E+000 
                                     484                  2.2336401654319482E-001                 -1.2898408739238152E+000                  6.7821924071421122E+000                  2.0200417796917580E-001                  1.4694757837324834E+001                  3.5538942661403523E-005                  4.1196871399920987E-001                  5.8799574705812874E-001                  4.7776267633351870E-104                  6.3964529239126556E-106                  0.0000000000000000E+000 
                                     485                  2.2336322195401573E-001                 -1.2905970260406034E+000                  6.7844262963943613E+000                  2.1981069948917109E-001                  1.4714579497780733E+001                  3.5538907271193446E-005                  4.1196925827069591E-001                  5.8799520282203288E-001                  5.6000044702347677E-104                  7.5633700736984460E-106                  0.0000000000000000E+000 
                                     486                  2.2336242736483664E-001                 -1.2913265359203585E+000                  6.7865938669159167E+000                  2.3692223365815632E-001                  1.4733660791346878E+001                  3.5534373559098323E-005                  4.1203898168968839E-001                  5.8792548393675248E-001                  6.5303487586130633E-104                  8.8924022377990074E-106                  0.0000000000000000E+000 
                                     487                  2.2336163277565754E-001                 -1.2920313444510731E+000                  6.7897052718663664E+000                  2.6141701556547869E-001                  1.4760968523698018E+001                  3.5534373260733983E-005                  4.1203898627788121E-001                  5.8792547934885797E-001                  8.1363954970789034E-104                  1.1214833218800241E-105                  0.0000000000000000E+000 
                                     488                  2.2336004359729936E-001                 -1.2933731052338779E+000                  6.7922130959761908E+000                  2.8523678937212260E-001                  1.4786970212699892E+001                  3.5534373128679581E-005                  4.1203898830858993E-001                  5.8792547731828138E-001                  9.8056473732803391E-104                  1.3650320032992136E-105                  0.0000000000000000E+000 
                                     489                  2.2335924900812026E-001                 -1.2940125430607372E+000                  6.7938133504398186E+000                  3.0043169751790805E-001                  1.4803573813228697E+001                  3.5527650525552433E-005                  4.1214236436016399E-001                  5.8782210798931045E-001                  1.1046905306567332E-103                  1.5469118500619006E-105                  0.0000000000000000E+000 
                                     490                  2.2335845441894117E-001                 -1.2946326874376679E+000                  6.7970812849442179E+000                  3.2128049727986518E-001                  1.4827478874492316E+001                  3.5527401247499799E-005                  4.1214619746161546E-001                  5.8781827513713703E-001                  1.3744059253428443E-103                  1.9488991741660959E-105                  0.0000000000000000E+000 
                                     491                  2.2335686524058301E-001                 -1.2958222510698099E+000                  6.7990628704437670E+000                  3.4250834130096380E-001                  1.4850379466493107E+001                  3.5527401247499799E-005                  4.1214619746161546E-001                  5.8781827513713703E-001                  1.6010125089323684E-103                  2.2882169240663274E-105                  0.0000000000000000E+000 
                                     492                  2.2335607065140392E-001                 -1.2963921133597556E+000                  6.8008831949943547E+000                  3.5553451186886492E-001                  1.4865077646299223E+001                  3.5527401247499799E-005                  4.1214619746161546E-001                  5.8781827513713703E-001                  1.8136511276065536E-103                  2.6104134016642407E-105                  0.0000000000000000E+000 
                                     493                  2.2335527606222483E-001                 -1.2969472901750585E+000                  6.8022709005926689E+000                  3.6860511599753265E-001                  1.4879366271824772E+001                  3.5523554662350533E-005                  4.1220534263624231E-001                  5.8775913380909528E-001                  2.0095640757083844E-103                  2.9075161114442476E-105                  0.0000000000000000E+000 
                                     494                  2.2335448147304571E-001                 -1.2974880502706791E+000                  6.8036847313882420E+000                  3.8126160692468503E-001                  1.4893267654321416E+001                  3.5523548942148748E-005                  4.1220543058488190E-001                  5.8775904586617589E-001                  2.2269582874128250E-103                  3.2399472266475014E-105                  0.0000000000000000E+000 
                                     495                  2.2335368688386661E-001                 -1.2980152194988432E+000                  6.8060039411488873E+000                  3.9930936680385803E-001                  1.4913414718000089E+001                  3.5523316300565619E-005                  4.1220900745355482E-001                  5.8775546923014454E-001                  2.6183193892831829E-103                  3.8436594098181659E-105                  0.0000000000000000E+000 
                                     496                  2.2335209770550846E-001                 -1.2990320478133692E+000                  6.8092984583289979E+000                  4.2198547471866937E-001                  1.4939133895726137E+001                  3.5523316027450335E-005                  4.1220901165270113E-001                  5.8775546503127141E-001                  3.2710236576435865E-103                  4.8629300824557667E-105                  0.0000000000000000E+000 
                                     497                  2.2335050852715030E-001                 -1.3000037976308543E+000                  6.8112395027589674E+000                  4.4488839617020615E-001                  1.4963626831241429E+001                  3.5523315669009173E-005                  4.1220901716373026E-001                  5.8775545952060071E-001                  3.8141384939286536E-103                  5.7146451713887482E-105                  0.0000000000000000E+000 
                                     498                  2.2334891934879211E-001                 -1.3009316974555447E+000                  6.8139030725656156E+000                  4.6000742272485839E-001                  1.4981277711442862E+001                  3.5521477055142833E-005                  4.1223728578218133E-001                  5.8772719274076346E-001                  4.5293410823519791E-103                  6.8542020546567411E-105                  0.0000000000000000E+000 
                                     499                  2.2334812475961302E-001                 -1.3013819123004693E+000                  6.8143877654486777E+000                  4.7115411030970006E-001                  1.4992705246872427E+001                  3.5521477037426841E-005                  4.1223728605455906E-001                  5.8772719246840355E-001                  4.7672602939740077E-103                  7.2296721822917927E-105                  0.0000000000000000E+000 
                                     500                  2.2334733017043393E-001                 -1.3018220703924377E+000                  6.8155976041897430E+000                  4.8685792524000110E-001                  1.5009367883685615E+001                  3.5521370810309420E-005                  4.1223891925771483E-001                  5.8772555937147486E-001                  5.2630655468096682E-103                  8.0207080306973110E-105                  0.0000000000000000E+000 
                                     501                  2.2334574099207577E-001                 -1.3026749228913241E+000                  6.8185478387313410E+000                  5.0553159954842686E-001                  1.5030798118300440E+001                  3.5521352491913636E-005                  4.1223920088092519E-001                  5.8772527776658290E-001                  6.3921135796010635E-103                  9.8512140588869769E-105                  0.0000000000000000E+000 
                                     502                  2.2334415181371758E-001                 -1.3034966206880556E+000                  6.8209822555675821E+000                  5.2388792418996155E-001                  1.5051371804799816E+001                  3.5518652148067984E-005                  4.1228071522016269E-001                  5.8768376612768924E-001                  7.5556469986766303E-103                  1.1751778837614008E-104                  0.0000000000000000E+000 
                                     503                  2.2334256263535945E-001                 -1.3042887143281292E+000                  6.8237787054853909E+000                  5.4104641702137479E-001                  1.5071155248736567E+001                  3.5518007607216527E-005                  4.1229062373110803E-001                  5.8767385826128482E-001                  9.0672243979459605E-103                  1.4252285229772674E-104                  0.0000000000000000E+000 
                                     504                  2.2334097345700127E-001                 -1.3050542307016109E+000                  6.8247460702672154E+000                  5.5946194239292790E-001                  1.5090207476314539E+001                  3.5517879213547980E-005                  4.1229259749503672E-001                  5.8767188462574982E-001                  9.9483868626701021E-103                  1.5701941612694800E-104                  0.0000000000000000E+000 
                                     505                  2.2333938427864311E-001                 -1.3057917843235940E+000                  6.8274716428597069E+000                  5.7525929610151827E-001                  1.5108580585452282E+001                  3.5517809193882249E-005                  4.1229367387842009E-001                  5.8767080831238605E-001                  1.1852507647050164E-102                  1.8900163953096594E-104                  0.0000000000000000E+000 
                                     506                  2.2333779510028495E-001                 -1.3065065682556833E+000                  6.8284336708174447E+000                  5.9234054616556631E-001                  1.5126321815204651E+001                  3.5516628392359886E-005                  4.1231182581795733E-001                  5.8765265755365026E-001                  1.2958589638379988E-102                  2.0746521310394419E-104                  0.0000000000000000E+000 
                                     507                  2.2333620592192677E-001                 -1.3071971285072386E+000                  6.8309904450616656E+000                  6.0707513878475849E-001                  1.5143473174736455E+001                  3.5516628376980898E-005                  4.1231182605435746E-001                  5.8765265731726557E-001                  1.5263773106177654E-102                  2.4672961905646745E-104                  0.0000000000000000E+000 
                                     508                  2.2333461674356861E-001                 -1.3078677984651788E+000                  6.8334766882537137E+000                  6.2132347503721663E-001                  1.5160073030652283E+001                  3.5516628263848318E-005                  4.1231182779338621E-001                  5.8765265557834989E-001                  1.7890189200410915E-102                  2.9189312520733480E-104                  0.0000000000000000E+000 
                                     509                  2.2333302756521042E-001                 -1.3085197938717630E+000                  6.8339797112120237E+000                  6.3721851880433766E-001                  1.5176156115741309E+001                  3.5516383414596537E-005                  4.1231559151636182E-001                  5.8764889210022364E-001                  1.9056539914518315E-102                  3.1166610636801888E-104                  0.0000000000000000E+000 
                                     510                  2.2333143838685229E-001                 -1.3091511502071507E+000                  6.8362641465448037E+000                  6.5066424816004598E-001                  1.5191753541083195E+001                  3.5516382186913393E-005                  4.1231561038780540E-001                  5.8764887323000770E-001                  2.2062660154724539E-102                  3.6393646192036140E-104                  0.0000000000000000E+000 
                                     511                  2.2332984920849411E-001                 -1.3097658994317698E+000                  6.8397099777908883E+000                  6.6991352477278765E-001                  1.5214270896709412E+001                  3.5516380244667720E-005                  4.1231564024321171E-001                  5.8764884337654366E-001                  2.7439394339355247E-102                  4.5848962486210845E-104                  0.0000000000000000E+000 
                                     512                  2.2332667085177779E-001                 -1.3109494184138799E+000                  6.8406768325519254E+000                  6.9098469824164410E-001                  1.5235906671448751E+001                  3.5516371554308632E-005                  4.1231577382783491E-001                  5.8764870980061079E-001                  3.0281402611057635E-102                  5.0813066634015770E-104                  0.0000000000000000E+000 
                                     513                  2.2332508167341961E-001                 -1.3115165724145448E+000                  6.8421345383459595E+000                  7.0362337511137796E-001                  1.5249825280902416E+001                  3.5516371554308632E-005                  4.1231577382783491E-001                  5.8764870980061079E-001                  3.3560598106060567E-102                  5.6633071913449933E-104                  0.0000000000000000E+000 
                                     514                  2.2332349249506145E-001                 -1.3120695946597714E+000                  6.8435922210248341E+000                  7.2266586250469833E-001                  1.5270000975165260E+001                  3.5516371554308632E-005                  4.1231577382783491E-001                  5.8764870980061079E-001                  3.7766034424027976E-102                  6.4105991932076007E-104                  0.0000000000000000E+000 
                                     515                  2.2332031413834513E-001                 -1.3131341192923474E+000                  6.8469770062972310E+000                  7.3886096417869984E-001                  1.5289466341295016E+001                  3.5515674599173853E-005                  4.1232648712326020E-001                  5.8763799720214061E-001                  4.6443374550155894E-102                  7.9821793708308249E-104                  0.0000000000000000E+000 
                                     516                  2.2331872495998698E-001                 -1.3136497057878376E+000                  6.8485457002036298E+000                  7.4999498419779098E-001                  1.5302033454666136E+001                  3.5515045015477858E-005                  4.1233616437997772E-001                  5.8762832057500680E-001                  5.1553999404083523E-102                  8.9128723948469026E-104                  0.0000000000000000E+000 
                                     517                  2.2331713578162879E-001                 -1.3141540155415983E+000                  6.8499953299144263E+000                  7.6404288172007817E-001                  1.5317317103648703E+001                  3.5515044730462526E-005                  4.1233616875968526E-001                  5.8762831619558420E-001                  5.7282604442738919E-102                  9.9592412212740488E-104                  0.0000000000000000E+000 
                                     518                  2.2331475201409154E-001                 -1.3148895452877913E+000                  6.8508533715294302E+000                  7.8129427181439115E-001                  1.5335092061480077E+001                  3.5514985136989609E-005                  4.1233708450697304E-001                  5.8762740050788997E-001                  6.2285994553517549E-102                  1.0869501113737427E-103                  0.0000000000000000E+000 
                                     519                  2.2331236824655426E-001                 -1.3155999695966263E+000                  6.8536145440716068E+000                  7.9871278453360384E-001                  1.5355077074631996E+001                  3.5514977926265797E-005                  4.1233719531106694E-001                  5.8762728971100686E-001                  7.4423870902276543E-102                  1.3122483196104261E-103                  0.0000000000000000E+000 
                                     520                  2.2330918988983792E-001                 -1.3165150854101924E+000                  6.8548293080116522E+000                  8.1426140430369809E-001                  1.5371640483300537E+001                  3.5487860117776340E-005                  4.1275364429901068E-001                  5.8721086784087162E-001                  8.2098977254618880E-102                  1.4521440258538689E-103                  0.0000000000000000E+000 
                                     521                  2.2330760071147979E-001                 -1.3169586286726751E+000                  6.8564308763037678E+000                  8.2882388177376998E-001                  1.5387659334674206E+001                  3.5459652062390134E-005                  4.1318616071226999E-001                  5.8677837963566759E-001                  9.2086932785869926E-102                  1.6359527561421629E-103                  0.0000000000000000E+000 
                                     522                  2.2330442235476344E-001                 -1.3178203382358789E+000                  6.8591028457037346E+000                  8.4700534377783421E-001                  1.5408297264457412E+001                  3.5456932260377308E-005                  4.1322780627400374E-001                  5.8673673679373595E-001                  1.0970000979918868E-101                  1.9681560021883789E-103                  0.0000000000000000E+000 
                                     523                  2.2330124399804710E-001                 -1.3186515638127254E+000                  6.8619155094609674E+000                  8.6422269607867763E-001                  1.5428146524428600E+001                  3.5453541695809628E-005                  4.1327971202038832E-001                  5.8668483443791586E-001                  1.3124919787038459E-101                  2.3790106709797975E-103                  0.0000000000000000E+000 
                                     524                  2.2329806564133076E-001                 -1.3194550040605950E+000                  6.8646171482812131E+000                  8.8077610611805202E-001                  1.5447265753818673E+001                  3.5435538984647226E-005                  4.1355512214965662E-001                  5.8640944231135872E-001                  1.5597044425173777E-101                  2.8523255009936841E-103                  0.0000000000000000E+000 
                                     525                  2.2329488728461447E-001                 -1.3202326319195290E+000                  6.8674069226863770E+000                  8.9658466815141513E-001                  1.5465707276609601E+001                  3.5434664343777967E-005                  4.1356850166175946E-001                  5.8639606367389674E-001                  1.8564426084192813E-101                  3.4298850493246857E-103                  0.0000000000000000E+000 
                                     526                  2.2329170892789812E-001                 -1.3209864393836623E+000                  6.8699051028341280E+000                  9.1057839943557006E-001                  1.5482061368286706E+001                  3.5434189945515520E-005                  4.1357575781034006E-001                  5.8638880799971438E-001                  2.1683573626322432E-101                  4.0430152595461333E-103                  0.0000000000000000E+000 
                                     527                  2.2328906029730117E-001                 -1.3215975685756538E+000                  6.8721255511639843E+000                  9.2290854790486843E-001                  1.5496492035430226E+001                  3.5433639286732673E-005                  4.1358418009267461E-001                  5.8638038626803868E-001                  2.4881952564649002E-101                  4.6771680839049449E-103                  0.0000000000000000E+000 
                                     528                  2.2328641166670424E-001                 -1.3221940739321381E+000                  6.8753718207951460E+000                  9.4072897578533476E-001                  1.5517388511437584E+001                  3.5432557289333206E-005                  4.1360072835402895E-001                  5.8636383908868173E-001                  3.0400885399629868E-101                  5.7825185829726706E-103                  0.0000000000000000E+000 
                                     529                  2.2328111440551035E-001                 -1.3233460562381001E+000                  6.8795476495604939E+000                  9.6342408954943282E-001                  1.5544045221212889E+001                  3.5431080640262744E-005                  4.1362331038618949E-001                  5.8634125853317021E-001                  3.9292374241897180E-101                  7.5878745129834515E-103                  0.0000000000000000E+000 
                                     530                  2.2327581714431649E-001                 -1.3244479293243985E+000                  6.8830587041357516E+000                  9.8229282522153372E-001                  1.5566249453375317E+001                  3.5429751918314487E-005                  4.1364362848621583E-001                  5.8632094176186578E-001                  4.8702226871759436E-101                  9.5252244728837156E-103                  0.0000000000000000E+000 
                                     531                  2.2327187331954884E-001                 -1.3252385502633148E+000                  6.8859678175270060E+000                  9.9774816040185277E-001                  1.5584472334935008E+001                  3.5428618488264395E-005                  4.1366095925437046E-001                  5.8630361212714122E-001                  5.8138615917265553E-101                  1.1490720131030285E-102                  0.0000000000000000E+000 
                                     532                  2.2326792949478119E-001                 -1.3260056460256644E+000                  6.8888016097260394E+000                  1.0126593232368004E+000                  1.5602082496840058E+001                  3.5427501085863176E-005                  4.1367804397146724E-001                  5.8628652852744689E-001                  6.9040732953465319E-101                  1.3785276656700134E-102                  0.0000000000000000E+000 
                                     533                  2.2326398567001357E-001                 -1.3267507325742882E+000                  6.8915497233811713E+000                  1.0270791680832658E+000                  1.5619120313352928E+001                  3.5426410584513839E-005                  4.1369471646274053E-001                  5.8626985712667490E-001                  8.1530791349519836E-101                  1.6440594797363590E-102                  0.0000000000000000E+000 
                                     534                  2.2326004184524592E-001                 -1.3274751537987242E+000                  6.8955608579794667E+000                  1.0477735732696059E+000                  1.5643643936913106E+001                  3.5424826266657198E-005                  4.1371893755385392E-001                  5.8624563761987947E-001                  1.0378576265458333E-100                  2.1230965966807808E-102                  0.0000000000000000E+000 
                                     535                  2.2325215419571065E-001                 -1.3288667059840709E+000                  6.9007042582953613E+000                  1.0739181784143541E+000                  1.5674707120661122E+001                  3.5422876944524993E-005                  4.1374873585554661E-001                  5.8621584126750892E-001                  1.4117148369980835E-100                  2.9413601949184164E-102                  0.0000000000000000E+000 
                                     536                  2.2324426654617541E-001                 -1.3301892991435194E+000                  6.9044077916441120E+000                  1.0925548962778082E+000                  1.5696889336287009E+001                  3.5421547780265089E-005                  4.1376905226416399E-001                  5.8619552618805582E-001                  1.7598997057269973E-100                  3.7154444921118537E-102                  0.0000000000000000E+000 
                                     537                  2.2324032272140776E-001                 -1.3308271238599021E+000                  6.9068127070908387E+000                  1.1045139893799814E+000                  1.5711153999923033E+001                  3.5420706696638732E-005                  4.1378190777049023E-001                  5.8618267152281311E-001                  2.0294998491236318E-100                  4.3213375880334795E-102                  0.0000000000000000E+000 
                                     538                  2.2323637889664011E-001                 -1.3314503330058218E+000                  6.9103301059776987E+000                  1.1218077089457590E+000                  1.5731824403469505E+001                  3.5419512339599966E-005                  4.1380016213836507E-001                  5.8616441834929534E-001                  2.4977491261776865E-100                  5.3850053467618000E-102                  0.0000000000000000E+000 
                                     539                  2.2322849124710484E-001                 -1.3326556797775300E+000                  6.9148555678951773E+000                  1.1438547245679285E+000                  1.5758220200566861E+001                  3.5418095763811078E-005                  4.1382181125102085E-001                  5.8614277065321541E-001                  3.2586623932364138E-100                  7.1386705343375241E-102                  0.0000000000000000E+000 
                                     540                  2.2322060359756957E-001                 -1.3338107428795234E+000                  6.9192159324998395E+000                  1.1647983577154926E+000                  1.5783360916262941E+001                  3.5416847409512794E-005                  4.1384088821030457E-001                  5.8612369494228589E-001                  4.2042576061312649E-100                  9.3526351344691427E-102                  0.0000000000000000E+000 
                                     541                  2.2321271594803427E-001                 -1.3349200677479738E+000                  6.9234063585402623E+000                  1.1847561067080421E+000                  1.5807362172633161E+001                  3.5413496689442493E-005                  4.1389208590678161E-001                  5.8607250059652893E-001                  5.3653219585604029E-100                  1.2110666841486102E-101                  0.0000000000000000E+000 
                                     542                  2.2320482829849903E-001                 -1.3359875638800334E+000                  6.9274796630163946E+000                  1.2037868656528774E+000                  1.5830324273317274E+001                  3.5413387739344275E-005                  4.1389375056051231E-001                  5.8607083605174837E-001                  6.7894557957556457E-100                  1.5546108862089872E-101                  0.0000000000000000E+000 
                                     543                  2.2319694064896375E-001                 -1.3370167184255877E+000                  6.9297354706916838E+000                  1.2183252184790476E+000                  1.5846935871294864E+001                  3.5413298530334982E-005                  4.1389511358221398E-001                  5.8606947311925572E-001                  7.8079744076135487E-100                  1.8023953004068787E-101                  0.0000000000000000E+000 
                                     544                  2.2319299682419610E-001                 -1.3375169914526324E+000                  6.9331047462633872E+000                  1.2256344014112117E+000                  1.5857716222776736E+001                  3.5413194535808301E-005                  4.1389670246675447E-001                  5.8606788433870971E-001                  9.2882962429979625E-100                  2.1685964691640170E-101                  0.0000000000000000E+000 
                                     545                  2.2318905299942848E-001                 -1.3380106069013518E+000                  6.9338961278784526E+000                  1.2409267538216591E+000                  1.5873470945597752E+001                  3.5412846845766233E-005                  4.1390201461047749E-001                  5.8606257254267669E-001                  9.9971087126964247E-100                  2.3419281416235963E-101                  0.0000000000000000E+000 
                                     546                  2.2318116534989318E-001                 -1.3389684690707708E+000                  6.9403198353599382E+000                  1.2546299019012110E+000                  1.5893799574775070E+001                  3.5412821904874867E-005                  4.1390239566106207E-001                  5.8606219151703298E-001                  1.3892801689559257E-099                  3.3254803719201952E-101                  0.0000000000000000E+000 
                                     547                  2.2317327770035794E-001                 -1.3399026650613781E+000                  6.9425375591840472E+000                  1.2722616310379480E+000                  1.5913382457726261E+001                  3.5412796963983501E-005                  4.1390277671164671E-001                  5.8606181049138928E-001                  1.6051776124623118E-099                  3.8735266446143897E-101                  0.0000000000000000E+000 
                                     548                  2.2316539005082267E-001                 -1.3408054030544687E+000                  6.9460463557182193E+000                  1.2877409666677242E+000                  1.5932272729644870E+001                  3.5412796740235445E-005                  4.1390278013009668E-001                  5.8606180707316313E-001                  1.9569543285286382E-099                  4.7801339452482383E-101                  0.0000000000000000E+000 
                                     549                  2.2315750240128737E-001                 -1.3416819017629846E+000                  6.9511429930394675E+000                  1.3098654197086472E+000                  1.5959361810598642E+001                  3.5412796579176101E-005                  4.1390278259078128E-001                  5.8606180461263957E-001                  2.6053017504125433E-099                  6.4766883627352301E-101                  0.0000000000000000E+000 
                                     550                  2.2314172710221686E-001                 -1.3433626042752358E+000                  6.9559914605725641E+000                  1.3310271359290939E+000                  1.5985244339390515E+001                  3.5412790535045302E-005                  4.1390287493374495E-001                  5.8606171227572001E-001                  3.4184185931594209E-099                  8.6410218587480067E-101                  0.0000000000000000E+000 
                                     551                  2.2313383945268159E-001                 -1.3441699006682291E+000                  6.9437867542036518E+000                  1.3600253026022981E+000                  1.6005671777609411E+001                  3.3369032440564814E-005                  4.4378933554794964E-001                  5.5617729541960981E-001                  0.0000000000000000E+000                  0.0000000000000000E+000                  0.0000000000000000E+000 
                                     552                  2.2312217502183024E-001                 -1.3452941108747751E+000                  6.9465331938871486E+000                  1.3804674591582429E+000                  1.6029084713376637E+001                  3.3149178793267379E-005                  4.4655377183707590E-001                  5.5341307898413084E-001                  0.0000000000000000E+000                  0.0000000000000000E+000                  0.0000000000000000E+000 
                                     553                  2.2311051059097892E-001                 -1.3463748300174274E+000                  6.9485360509566725E+000                  1.3952285431345754E+000                  1.6046015247665842E+001                  3.2985349439702106E-005                  4.4855485124265571E-001                  5.5141216340790455E-001                  0.0000000000000000E+000                  0.0000000000000000E+000                  0.0000000000000000E+000 
                                     554                  2.2310467837555326E-001                 -1.3469000381299285E+000                  6.9498434271186662E+000                  1.4047941406192861E+000                  1.6056998423996831E+001                  3.2876620485755253E-005                  4.4985424245618899E-001                  5.5011288092332533E-001                  0.0000000000000000E+000                  0.0000000000000000E+000                  0.0000000000000000E+000 
                                     555                  2.2309884616012762E-001                 -1.3474156549477176E+000                  6.9517639176351782E+000                  1.4187554310069017E+000                  1.6073043547102934E+001                  3.2714243966992427E-005                  4.5175098985370532E-001                  5.4821629590232768E-001                  0.0000000000000000E+000                  0.0000000000000000E+000                  0.0000000000000000E+000 
                                     556                  2.2308718172927627E-001                 -1.3484195177416789E+000                  6.9542421417373106E+000                  1.4367629351467528E+000                  1.6093739601235242E+001                  3.2499041111616107E-005                  4.5418155285625539E-001                  5.4578594810263303E-001                  0.0000000000000000E+000                  0.0000000000000000E+000                  0.0000000000000000E+000 
                                     557                  2.2307551729842495E-001                 -1.3493891950273984E+000                  6.9566375565249938E+000                  1.4540921589094578E+000                  1.6113666291876509E+001                  3.2285269734425273E-005                  4.5649859030375345E-001                  5.4346912442651218E-001                  0.0000000000000000E+000                  0.0000000000000000E+000                  0.0000000000000000E+000 
                                     558                  2.2306385286757363E-001                 -1.3503271012698683E+000                  6.9589564060782978E+000                  1.4707937878255026E+000                  1.6132879367426636E+001                  3.2072873301490653E-005                  4.5870097326385761E-001                  5.4126695386284096E-001                  0.0000000000000000E+000                  0.0000000000000000E+000                  0.0000000000000000E+000 
                                     559                  2.2305218843672231E-001                 -1.3512353967379220E+000                  6.9623204939340049E+000                  1.4946961688331672E+000                  1.6160414501333648E+001                  3.1757711488858695E-005                  4.6176734621701176E-001                  5.3820089607149946E-001                  0.0000000000000000E+000                  0.0000000000000000E+000                  0.0000000000000000E+000 
                                     560                  2.2302885957501967E-001                 -1.3529704704448771E+000                  6.9655887889900416E+000                  1.5175070048233716E+000                  1.6186709514549666E+001                  3.1453180006302560E-005                  4.6442179956924401E-001                  5.3554674725074969E-001                  0.0000000000000000E+000                  0.0000000000000000E+000                  0.0000000000000000E+000 
                                     561                  2.2301719514416835E-001                 -1.3538009470953487E+000                  6.9677402945478670E+000                  1.5320454796141389E+000                  1.6203519527103577E+001                  3.1256107842528975E-005                  4.6597320842122136E-001                  5.3399553547093603E-001                  0.0000000000000000E+000                  0.0000000000000000E+000                  0.0000000000000000E+000 
                                     562                  2.2300553071331700E-001                 -1.3546086399448674E+000                  6.9704986914888876E+000                  1.5502311316885584E+000                  1.6224594236022750E+001                  3.1006062883539868E-005                  4.6776275454755756E-001                  5.3220623938955891E-001                  0.0000000000000000E+000                  0.0000000000000000E+000                  0.0000000000000000E+000 
                                     563                  2.2298686762395489E-001                 -1.3558567806218744E+000                  6.9733987343822568E+000                  1.5690468963627784E+000                  1.6246420346258965E+001                  3.0743657686242808E-005                  4.6944230515126822E-001                  5.3052695119104554E-001                  0.0000000000000000E+000                  0.0000000000000000E+000                  0.0000000000000000E+000 
                                     564                  2.2297290583151660E-001                 -1.3567575828944030E+000                  6.9758310762614437E+000                  1.5845299104084254E+000                  1.6264412376099390E+001                  3.0523465591413838E-005                  4.7071343112656583E-001                  5.2925604540784277E-001                  0.0000000000000000E+000                  0.0000000000000000E+000                  0.0000000000000000E+000 
                                     565                  2.2295894403907826E-001                 -1.3576321831563134E+000                  6.9787891550183501E+000                  1.6030640107223517E+000                  1.6285983986677827E+001                  3.0253655840511347E-005                  4.7212961585596064E-001                  5.2784013048819878E-001                  0.0000000000000000E+000                  0.0000000000000000E+000                  0.0000000000000000E+000 
                                     566                  2.2293814438961115E-001                 -1.3588899152252119E+000                  6.9822025367454703E+000                  1.6243270724685286E+000                  1.6310740140689695E+001                  2.9934872628083936E-005                  4.7365893729535680E-001                  5.2631112783201517E-001                  0.0000000000000000E+000                  0.0000000000000000E+000                  0.0000000000000000E+000 
                                     567                  2.2291734474014402E-001                 -1.3600977946851347E+000                  6.9852873992519093E+000                  1.6448593194354955E+000                  1.6334413741775389E+001                  2.9617893708296527E-005                  4.7510265852785871E-001                  5.2486772357843292E-001                  0.0000000000000000E+000                  0.0000000000000000E+000                  0.0000000000000000E+000 
                                     568                  2.2289654509067688E-001                 -1.3612593653058918E+000                  6.9881662970550957E+000                  1.6645978466914730E+000                  1.6357096522722220E+001                  2.9299916108228247E-005                  4.7656086396889225E-001                  5.2340983611499947E-001                  0.0000000000000000E+000                  0.0000000000000000E+000                  0.0000000000000000E+000 
                                     569                  2.2287574544120978E-001                 -1.3623781013640541E+000                  6.9904851573813511E+000                  1.6840022968168069E+000                  1.6378868957068772E+001                  2.8978151742600438E-005                  4.7813359483956452E-001                  5.2183742700869296E-001                  0.0000000000000000E+000                  0.0000000000000000E+000                  0.0000000000000000E+000 
                                     570                  2.2285494579174261E-001                 -1.3634561003836740E+000                  6.9928100316609170E+000                  1.7024905532272903E+000                  1.6399801848947288E+001                  2.8649827757301850E-005                  4.7992083964416088E-001                  5.2005051052808182E-001                  0.0000000000000000E+000                  0.0000000000000000E+000                  0.0000000000000000E+000 
                                     571                  2.2283414614227551E-001                 -1.3644967587110333E+000                  6.9946491158750357E+000                  1.7206582804864954E+000                  1.6419958102668954E+001                  2.8312188636258838E-005                  4.8202267328970738E-001                  5.1794901452165631E-001                  0.0000000000000000E+000                  0.0000000000000000E+000                  0.0000000000000000E+000 
                                     572                  2.2281334649280837E-001                 -1.3655018583948673E+000                  6.9964465425337208E+000                  1.7380396924711674E+000                  1.6439393638498817E+001                  2.7963893099395016E-005                  4.8455862924143028E-001                  5.1541340686547032E-001                  0.0000000000000000E+000                  0.0000000000000000E+000                  0.0000000000000000E+000 
                                     573                  2.2279254684334124E-001                 -1.3664741440053032E+000                  6.9978259919571979E+000                  1.7551170490315231E+000                  1.6458158585145988E+001                  2.7607132687069640E-005                  4.8748072239366635E-001                  5.1249167047364663E-001                  0.0000000000000000E+000                  0.0000000000000000E+000                  0.0000000000000000E+000 
                                     574                  2.2277174719387413E-001                 -1.3674151371763084E+000                  6.9991886352777515E+000                  1.7715131358295313E+000                  1.6476297898555483E+001                  2.7244556350753097E-005                  4.9065539078442166E-001                  5.0931736465922750E-001                  0.0000000000000000E+000                  0.0000000000000000E+000                  0.0000000000000000E+000 
                                     575                  2.2275094754440700E-001                 -1.3683270846873556E+000                  7.0002282071012436E+000                  1.7876397259348504E+000                  1.6493852189215218E+001                  2.6878773759515596E-005                  4.9394940980571928E-001                  5.0602371142052127E-001                  0.0000000000000000E+000                  0.0000000000000000E+000                  8.5684609157305886E-052 
                                     576                  2.2273014789493983E-001                 -1.3692112581516982E+000                  7.0012735282457816E+000                  1.8031930962239182E+000                  1.6510858147821736E+001                  2.6512353353232572E-005                  4.9722998054658885E-001                  5.0274350710005788E-001                  0.0000000000000000E+000                  0.0000000000000000E+000                  1.0625370575230462E-051 
                                     577                  2.2270934824547273E-001                 -1.3700694763770576E+000                  7.0024852835650320E+000                  1.8259668197569934E+000                  1.6535365597025891E+001                  2.5967042752351935E-005                  5.0183619619310493E-001                  4.9813783676414269E-001                  0.0000000000000000E+000                  0.0000000000000000E+000                  1.4352681948289755E-051 
                                     578                  2.2266774894653849E-001                 -1.3717123492070225E+000                  7.0051908992423053E+000                  1.8537743779582958E+000                  1.6566474438899636E+001                  2.5260975716877034E-005                  5.0669825197163365E-001                  4.9327648705264948E-001                  0.0000000000000000E+000                  0.0000000000000000E+000                  2.4157058163493621E-051 
                                     579                  2.2262614964760419E-001                 -1.3732704591445692E+000                  7.0065162505172376E+000                  1.8746064003086165E+000                  1.6588731047965886E+001                  2.4757743387109306E-005                  5.0880879376130750E-001                  4.9116644849530544E-001                  0.0000000000000000E+000                  0.0000000000000000E+000                  3.2285622967506225E-051 
                                     580                  2.2260534999813708E-001                 -1.3740189691705131E+000                  7.0076879534348668E+000                  1.8878418620831556E+000                  1.6603054867044545E+001                  2.4438695213034770E-005                  5.0920905139562356E-001                  4.9076650990916337E-001                  0.0000000000000000E+000                  0.0000000000000000E+000                  4.0276449668584697E-051 
                                     581                  2.2258455034866995E-001                 -1.3747487283858257E+000                  7.0089478748938410E+000                  1.9008503302622404E+000                  1.6617012050154464E+001                  2.4126763256022115E-005                  5.0836036030428777E-001                  4.9161551293245620E-001                  0.0000000000000000E+000                  0.0000000000000000E+000                  5.0382032670681514E-051 
                                     582                  2.2256375069920284E-001                 -1.3754604881285446E+000                  7.0103594536179923E+000                  1.9135586457909999E+000                  1.6630620921985297E+001                  2.3818946831506124E-005                  5.0637704395587924E-001                  4.9359913709728931E-001                  0.0000000000000000E+000                  0.0000000000000000E+000                  6.3726447134076290E-051 
                                     583                  2.2254295104973570E-001                 -1.3761550879466184E+000                  7.0121196044564478E+000                  1.9291511947146840E+000                  1.6647114582850065E+001                  2.3439799262525495E-005                  5.0273972749856677E-001                  4.9723683270217067E-001                  0.0000000000000000E+000                  0.0000000000000000E+000                  8.4693403371466397E-051 
                                     584                  2.2251188231305083E-001                 -1.3771619301212261E+000                  7.0147066416369155E+000                  1.9468847781470073E+000                  1.6666253153139170E+001                  2.2990311752162461E-005                  4.9739678587108954E-001                  5.0258022381715828E-001                  0.0000000000000000E+000                  0.0000000000000000E+000                  1.2516959146512906E-050 
                                     585                  2.2248081357636595E-001                 -1.3781351207589945E+000                  7.0170621589172821E+000                  1.9642816152991618E+000                  1.6684742851181479E+001                  2.2543137004121204E-005                  4.9186046402491512E-001                  5.0811699283808076E-001                  0.0000000000000000E+000                  0.0000000000000000E+000                  1.7890064050570789E-050 
                                     586                  2.2244974483968108E-001                 -1.3790763007680065E+000                  7.0193764431746946E+000                  1.9809472854779973E+000                  1.6702626225475150E+001                  2.2094962973766570E-005                  4.8705826352351161E-001                  5.1291964151351466E-001                  0.0000000000000000E+000                  0.0000000000000000E+000                  2.5432010139618042E-050 
                                     587                  2.2241867610299615E-001                 -1.3799878627083477E+000                  7.0214030086393242E+000                  2.0012633346373301E+000                  1.6724039471037560E+001                  2.1531194866594470E-005                  4.8350486626584033E-001                  5.1647360253929309E-001                  0.0000000000000000E+000                  0.0000000000000000E+000                  3.5764749998035138E-050 
                                     588                  2.2237253677764304E-001                 -1.3812896410609026E+000                  7.0235838002117958E+000                  2.0237912963919431E+000                  1.6748599978523561E+001                  2.0814704690740390E-005                  4.8374889323080233E-001                  5.1623029206450699E-001                  0.0000000000000000E+000                  0.0000000000000000E+000                  5.3096053797169484E-050 
                                     589                  2.2232639745228991E-001                 -1.3825365427821528E+000                  7.0243272313073888E+000                  2.0465709421606522E+000                  1.6772102169664795E+001                  1.9998421841964728E-005                  4.8520524435094120E-001                  5.1477475722721677E-001                  0.0000000000000000E+000                  0.0000000000000000E+000                  6.6246852996363846E-050 
                                     590                  2.2228025812693680E-001                 -1.3837297416778562E+000                  7.0246763077301546E+000                  2.0631903201615511E+000                  1.6789108985712598E+001                  1.9365094001383522E-005                  4.8654213709666044E-001                  5.1343849780933815E-001                  0.0000000000000000E+000                  0.0000000000000000E+000                  7.6103139429295278E-050 
                                     591                  2.2225718846426024E-001                 -1.3843074661911066E+000                  7.0249441444768665E+000                  2.0739137985650755E+000                  1.6800144497477785E+001                  1.8952597972620829E-005                  4.8744282858041088E-001                  5.1253821882161654E-001                  0.0000000000000000E+000                  0.0000000000000000E+000                  8.3702546314810834E-050 
                                     592                  2.2223411880158364E-001                 -1.3848733310347485E+000                  7.0254825402443712E+000                  2.0894285903532910E+000                  1.6816269820940946E+001                  1.8374393046949416E-005                  4.8866619041887277E-001                  5.1131543518808020E-001                  0.0000000000000000E+000                  0.0000000000000000E+000                  9.7872813240486520E-050 
                                     593                  2.2218797947623053E-001                 -1.3859716371657249E+000                  7.0273406757888122E+000                  2.1082415331752440E+000                  1.6837079534526772E+001                  1.7732882809763659E-005                  4.8976286408734132E-001                  5.1021940302984892E-001                  0.0000000000000000E+000                  0.0000000000000000E+000                  1.3749324511796894E-049 
                                     594                  2.2214184015087740E-001                 -1.3870312505037714E+000                  7.0301373214195424E+000                  2.1253879606772723E+000                  1.6857123810203916E+001                  1.7310123520600488E-005                  4.9008042244777000E-001                  5.0990226742870948E-001                  0.0000000000000000E+000                  0.0000000000000000E+000                  2.1448644179351631E-049 
                                     595                  2.2209570082552429E-001                 -1.3880572080871045E+000                  7.0341236653356143E+000                  2.1405579241876973E+000                  1.6876457628002463E+001                  1.7077075850475273E-005                  4.9005141257385981E-001                  5.0993151035028972E-001                  0.0000000000000000E+000                  0.0000000000000000E+000                  3.8354846544912503E-049 
                                     596                  2.2204956150017113E-001                 -1.3890548965746972E+000                  7.0378914619855797E+000                  2.1553226042830946E+000                  1.6895130756231080E+001                  1.6922259490974943E-005                  4.8988962010783316E-001                  5.1009345763267588E-001                  0.0000000000000000E+000                  0.0000000000000000E+000                  6.6430564839457978E-049 
                                     597                  2.2200342217481803E-001                 -1.3900258161076902E+000                  7.0417704303619804E+000                  2.1693194184219986E+000                  1.6913187838328859E+001                  1.6732535433000761E-005                  4.8979465893597718E-001                  5.1018860852858983E-001                  0.0000000000000000E+000                  0.0000000000000000E+000                  1.1608275107670546E-048 
                                     598                  2.2195728284946489E-001                 -1.3909721892437625E+000                  7.0445178267525579E+000                  2.1839198388377206E+000                  1.6930669210994722E+001                  1.6394517490173308E-005                  4.8996591880786761E-001                  5.1001768667464220E-001                  0.0000000000000000E+000                  0.0000000000000000E+000                  1.7673152280846450E-048 
                                     599                  2.2191114352411179E-001                 -1.3918931965916181E+000                  7.0456241434787188E+000                  2.1994797433805116E+000                  1.6947611007832652E+001                  1.5785626441431103E-005                  4.9149761527338975E-001                  5.0848659910016880E-001                  0.0000000000000000E+000                  0.0000000000000000E+000                  2.2211638391324362E-048 
                                     600                  2.2186500419875865E-001                 -1.3927873787844107E+000                  7.0449138371862894E+000                  2.2160534044297924E+000                  1.6964045614464375E+001                  1.4962542737470760E-005                  4.9512799906688265E-001                  5.0485703839037988E-001                  0.0000000000000000E+000                  0.0000000000000000E+000                  2.2666797814787606E-048 
                                     601                  2.2181886487340552E-001                 -1.3936533283453243E+000                  7.0438721465557874E+000                  2.2321882849537680E+000                  1.6980002153491515E+001                  1.4101070039917569E-005                  5.0011166078559521E-001                  4.9987423814436482E-001                  0.0000000000000000E+000                  0.0000000000000000E+000                  2.2324228653356280E-048 
                                     602                  2.2177272554805239E-001                 -1.3944926252564369E+000                  7.0436565615978441E+000                  2.2468525382887736E+000                  1.6995507306567902E+001                  1.3376965896767298E-005                  5.0569835676359765E-001                  4.9428826627050559E-001                  0.0000000000000000E+000                  0.0000000000000000E+000                  2.4267688267528691E-048 
                                     603                  2.2172658622269928E-001                 -1.3953087085266882E+000                  7.0449911821205928E+000                  2.2594027642382200E+000                  1.7010585851368692E+001                  1.2963803832728432E-005                  5.1114942317577416E-001                  4.8883761302039308E-001                  0.0000000000000000E+000                  0.0000000000000000E+000                  3.1615894956207279E-048 
                                     604                  2.2168044689734615E-001                 -1.3961059764694743E+000                  7.0492223716442330E+000                  2.2748173074119884E+000                  1.7032416707559420E+001                  1.2731234079999598E-005                  5.2017517987477169E-001                  4.7981208889114835E-001                  0.0000000000000000E+000                  0.0000000000000000E+000                  6.1155206736002833E-048 
                                     605                  2.2158816824663985E-001                 -1.3976574391050551E+000                  7.0554399054013155E+000                  2.2931738200796965E+000                  1.7060287847737371E+001                  1.2573853426898173E-005                  5.3376953224259938E-001                  4.6621789390397372E-001                  0.0000000000000000E+000                  0.0000000000000000E+000                  1.5715883976243690E-047 
                                     606                  2.2149588959593358E-001                 -1.3991604657157601E+000                  7.0601288857314382E+000                  2.3117015660479443E+000                  1.7086821114600987E+001                  1.2246615661056071E-005                  5.4636834472390483E-001                  4.5361940866043415E-001                  0.0000000000000000E+000                  0.0000000000000000E+000                  3.3121762429124650E-047 
                                     607                  2.2140361094522731E-001                 -1.4006155098026565E+000                  7.0623434818132385E+000                  2.3288029564379844E+000                  1.7112143698989524E+001                  1.1711725050988770E-005                  5.5833241758319418E-001                  4.4165587069175483E-001                  0.0000000000000000E+000                  0.0000000000000000E+000                  5.0778494216127578E-047 
                                     608                  2.2131133229452102E-001                 -1.4020282965516890E+000                  7.0631368180912029E+000                  2.3441164031173778E+000                  1.7136365756832245E+001                  1.1182548471272267E-005                  5.6850173675435389E-001                  4.3148708069717479E-001                  0.0000000000000000E+000                  0.0000000000000000E+000                  6.4057915676870937E-047 
                                     609                  2.2121905364381472E-001                 -1.4034053411287846E+000                  7.0638787667421656E+000                  2.3548591668576191E+000                  1.7153894499509207E+001                  1.0858855088467218E-005                  5.7407640624155165E-001                  4.2591273490335990E-001                  0.0000000000000000E+000                  0.0000000000000000E+000                  7.6462581033366804E-047 
                                     610                  2.2117291431846162E-001                 -1.4040818239510824E+000                  7.0644666948538370E+000                  2.3619645155194120E+000                  1.7165266620898660E+001                  1.0659661285922889E-005                  5.7700297758713148E-001                  4.2298636275158263E-001                  0.0000000000000000E+000                  0.0000000000000000E+000                  8.6632539782234636E-047 
                                     611                  2.2112677499310848E-001                 -1.4047504280952401E+000                  7.0656845805462263E+000                  2.3727597383648891E+000                  1.7181881942582649E+001                  1.0389563295097787E-005                  5.8067815423355973E-001                  4.1931145620314514E-001                  0.0000000000000000E+000                  0.0000000000000000E+000                  1.0852427256376825E-046 
                                     612                  2.2103449634240221E-001                 -1.4060637634721034E+000                  7.0693026735187381E+000                  2.3869436812719651E+000                  1.7203333964037476E+001                  1.0094934358022475E-005                  5.8486181109065649E-001                  4.1512809397498551E-001                  0.0000000000000000E+000                  0.0000000000000000E+000                  1.8600202748273876E-046 
                                     613                  2.2094221769169592E-001                 -1.4073463469680496E+000                  7.0740682471475793E+000                  2.4016006720213787E+000                  1.7224004841592752E+001                  9.8765664725885921E-006                  5.8782438272320048E-001                  4.1216574071032697E-001                  0.0000000000000000E+000                  0.0000000000000000E+000                  3.6464138285757911E-046 
                                     614                  2.2084993904098962E-001                 -1.4085972653618910E+000                  7.0787944305119961E+000                  2.4159836646080790E+000                  1.7243951727443470E+001                  9.6804235616551037E-006                  5.9099495949610803E-001                  4.0899536008033033E-001                  0.0000000000000000E+000                  0.0000000000000000E+000                  7.0951315571860389E-046 
                                     615                  2.2075766039028336E-001                 -1.4098178088093996E+000                  7.0843596295180919E+000                  2.4376379594770228E+000                  1.7272550915327738E+001                  9.4245331420171993E-006                  5.9646261041446402E-001                  4.0352796505239397E-001                  0.0000000000000000E+000                  0.0000000000000000E+000                  1.6023009736682808E-045 
                                     616                  2.2057310308887099E-001                 -1.4121689733291756E+000                  7.0889862689752698E+000                  2.4583942437977413E+000                  1.7299929610228279E+001                  9.0596279119578204E-006                  6.0633611789424768E-001                  3.9365482247784034E-001                  0.0000000000000000E+000                  0.0000000000000000E+000                  3.2780423964508105E-045 
                                     617                  2.2048082443816480E-001                 -1.4133032750764454E+000                  7.0912692481260597E+000                  2.4718367909222705E+000                  1.7317439174247284E+001                  8.7282183675706130E-006                  6.1610764139579688E-001                  3.8388363038583551E-001                  0.0000000000000000E+000                  0.0000000000000000E+000                  4.8565401094406919E-045 
                                     618                  2.2038854578745862E-001                 -1.4144115563084076E+000                  7.0946501747155972E+000                  2.4846121574950777E+000                  1.7334432443735519E+001                  8.5504296445948694E-006                  6.1930721365635855E-001                  3.8068423591399680E-001                  0.0000000000000000E+000                  0.0000000000000000E+000                  7.9105830546960228E-045 
                                     619                  2.2029626713675241E-001                 -1.4154958915736022E+000                  7.0993279902576170E+000                  2.4961593944262304E+000                  1.7350940028597623E+001                  8.5069501361669210E-006                  6.1903742156103581E-001                  3.8095407148882798E-001                  0.0000000000000000E+000                  0.0000000000000000E+000                  1.4673540669642863E-044 
                                     620                  2.2020398848604619E-001                 -1.4165596389636759E+000                  7.1032408262546483E+000                  2.5079863344432312E+000                  1.7366990179929601E+001                  8.4553802803231659E-006                  6.1874340521182591E-001                  3.8124813940789382E-001                  0.0000000000000000E+000                  0.0000000000000000E+000                  2.4838203885451536E-044 
                                     621                  2.2011170983534001E-001                 -1.4176023676460665E+000                  7.1067604850884898E+000                  2.5196855983564026E+000                  1.7382608527213470E+001                  8.2714989029609944E-006                  6.1887915198716137E-001                  3.8111257651393571E-001                  0.0000000000000000E+000                  0.0000000000000000E+000                  4.0130081736489616E-044 
                                     622                  2.2001943118463380E-001                 -1.4186246470345951E+000                  7.1106573771935988E+000                  2.5377036891736928E+000                  1.7405228318237736E+001                  7.8969143915230081E-006                  6.1927284228941071E-001                  3.8071926079619778E-001                  0.0000000000000000E+000                  0.0000000000000000E+000                  7.0102028019491709E-044 
                                     623                  2.1983487388322140E-001                 -1.4206065633534468E+000                  7.1189272643466310E+000                  2.5588974846047479E+000                  1.7434147751703822E+001                  7.7528892776820469E-006                  6.1044084796702280E-001                  3.8955139914369952E-001                  0.0000000000000000E+000                  0.0000000000000000E+000                  1.9859245258687609E-043 
                                     624                  2.1965031658180903E-001                 -1.4225196482874467E+000                  7.1231354048377726E+000                  2.5746497201824039E+000                  1.7454978372269544E+001                  7.5317016857172543E-006                  6.1279656826630280E-001                  3.8719590003201143E-001                  0.0000000000000000E+000                  0.0000000000000000E+000                  3.5725266421419192E-043 
                                     625                  2.1955803793110285E-001                 -1.4234512310256429E+000                  7.1264557303242855E+000                  2.5900287967568825E+000                  1.7475014589985900E+001                  7.1996500431761261E-006                  6.1834545581565159E-001                  3.8164734453430527E-001                  0.0000000000000000E+000                  0.0000000000000000E+000                  5.8648575290568877E-043 
                                     626                  2.1937348062969050E-001                 -1.4252667084189037E+000                  7.1297269332776736E+000                  2.6058441621094715E+000                  1.7494466865064744E+001                  6.8044146364101636E-006                  6.1626488569121296E-001                  3.8372830989415063E-001                  0.0000000000000000E+000                  0.0000000000000000E+000                  9.2359750861561791E-043 
                                     627                  2.1928120197898432E-001                 -1.4261501871331865E+000                  7.1324346460763612E+000                  2.6210019647009335E+000                  1.7513018592596435E+001                  6.3574563259665065E-006                  6.1647699786943233E-001                  3.8351664467424174E-001                  0.0000000000000000E+000                  0.0000000000000000E+000                  1.3717139156977381E-042 
                                     628                  2.1909977484824145E-001                 -1.4278425804175932E+000                  7.1347725273550671E+000                  2.6353190361847836E+000                  1.7530968218860551E+001                  5.8657643542943896E-006                  6.2127824359044093E-001                  3.7871589064520483E-001                  0.0000000000000000E+000                  0.0000000000000000E+000                  1.9856914294065217E-042 
                                     629                  2.1900906128287001E-001                 -1.4286684920210289E+000                  7.1364769327906137E+000                  2.6444144576720596E+000                  1.7542617692179110E+001                  5.5879495120309738E-006                  6.2452320457186061E-001                  3.7547120747862739E-001                  0.0000000000000000E+000                  0.0000000000000000E+000                  2.5775562118224615E-042 
                                     630                  2.1891834771749855E-001                 -1.4294818788047041E+000                  7.1384872890297189E+000                  2.6581131629443178E+000                  1.7559643923546762E+001                  5.2090904163044412E-006                  6.2958925334919968E-001                  3.7040553756038397E-001                  0.0000000000000000E+000                  0.0000000000000000E+000                  3.5817239820373248E-042 
                                     631                  2.1873692058675567E-001                 -1.4310712705741133E+000                  7.1419506382959028E+000                  2.6752048157322568E+000                  1.7581648880787686E+001                  4.5405994634687290E-006                  6.3438213278778821E-001                  3.6561332661274837E-001                  0.0000000000000000E+000                  0.0000000000000000E+000                  5.9778756331775296E-042 
                                     632                  2.1855549345601280E-001                 -1.4326159577689745E+000                  7.1448676228343366E+000                  2.6928075703122731E+000                  1.7602868132507844E+001                  4.0169562273055497E-006                  6.3309743728196310E-001                  3.6689854576180958E-001                  0.0000000000000000E+000                  0.0000000000000000E+000                  9.1203154509329955E-042 
                                     633                  2.1837406632526996E-001                 -1.4341149640480488E+000                  7.1487664380830882E+000                  2.7088006390570607E+000                  1.7623356831025760E+001                  3.5900464670846512E-006                  6.3200773499242635E-001                  3.6798867496110654E-001                  0.0000000000000000E+000                  0.0000000000000000E+000                  1.5434560250987403E-041 
                                     634                  2.1819263919452708E-001                 -1.4355746131584324E+000                  7.1514724101032261E+000                  2.7248924818106426E+000                  1.7643165083277829E+001                  3.1533148029912645E-006                  6.3340125823455962E-001                  3.6659558845063744E-001                  0.0000000000000000E+000                  0.0000000000000000E+000                  2.3053271695038735E-041 
                                     635                  2.1801121206378429E-001                 -1.4369952305298790E+000                  7.1566890446500633E+000                  2.7394829066280710E+000                  1.7662337609900494E+001                  2.7507380904752563E-006                  6.2388390038409192E-001                  3.7611334887781755E-001                  0.0000000000000000E+000                  0.0000000000000000E+000                  4.3088030595211700E-041 
                                     636                  2.1782978493304148E-001                 -1.4383823003044731E+000                  7.1613556900683353E+000                  2.7564984894166713E+000                  1.7685438226521175E+001                  2.3603773634461115E-006                  6.2861994889019379E-001                  3.7137769073244276E-001                  0.0000000000000000E+000                  0.0000000000000000E+000                  8.1866410875947826E-041 
                                     637                  2.1755764423692744E-001                 -1.4404066673667668E+000                  7.1663878168106603E+000                  2.7783744647736559E+000                  1.7712074535153061E+001                  1.8974707993005100E-006                  6.1814339611456903E-001                  3.8185470641463171E-001                  0.0000000000000000E+000                  0.0000000000000000E+000                  1.5430226879908561E-040 
                                     638                  2.1728550354081341E-001                 -1.4423582070972583E+000                  7.1707733734617340E+000                  2.7983694591585055E+000                  1.7737582174889877E+001                  1.4859989660540558E-006                  6.1872738373116176E-001                  3.8127113026987214E-001                  0.0000000000000000E+000                  0.0000000000000000E+000                  2.8178338986193369E-040 
                                     639                  2.1701336284469935E-001                 -1.4442468195103140E+000                  7.1755019394740280E+000                  2.8112125941843731E+000                  1.7756065323822298E+001                  1.2570172235854235E-006                  6.2144631016142726E-001                  3.7855243282134921E-001                  0.0000000000000000E+000                  0.0000000000000000E+000                  5.1896472154576081E-040 
                                     640                  2.1687729249664234E-001                 -1.4451725692363060E+000                  7.1790043789645761E+000                  2.8194812798141453E+000                  1.7768057462531342E+001                  1.1335085330380027E-006                  6.2064784448291521E-001                  3.7935102200855175E-001                  0.0000000000000000E+000                  0.0000000000000000E+000                  7.9836112262800093E-040 
                                     641                  2.1674122214858538E-001                 -1.4460866502138006E+000                  7.1839120851998608E+000                  2.8316918359352776E+000                  1.7785580065875610E+001                  9.5283290243966032E-007                  6.1990835722151749E-001                  3.8009068994558004E-001                  0.0000000000000000E+000                  0.0000000000000000E+000                  1.4646235737266232E-039 
                                     642                  2.1646908145247135E-001                 -1.4478808236991136E+000                  7.1840151499853961E+000                  2.8463961994946905E+000                  1.7802677119169211E+001                  8.0415650454450099E-007                  6.2969514472264054E-001                  3.7030405112085496E-001                  0.0000000000000000E+000                  0.0000000000000000E+000                  1.6800913415541817E-039 
                                     643                  2.1633301110441436E-001                 -1.4487560822072838E+000                  7.1855458499283555E+000                  2.8553692513737285E+000                  1.7813793601490040E+001                  7.3149546812452706E-007                  6.3037565145629149E-001                  3.6962361704824043E-001                  0.0000000000000000E+000                  0.0000000000000000E+000                  2.0953080363866861E-039 
                                     644                  2.1619694075635734E-001                 -1.4496186038046288E+000                  7.1907173382384597E+000                  2.8662777957993879E+000                  1.7830068792075416E+001                  6.4357653362249782E-007                  6.2884612449823241E-001                  3.7115323192523397E-001                  0.0000000000000000E+000                  0.0000000000000000E+000                  3.9033496023301961E-039 
                                     645                  2.1592480006024334E-001                 -1.4513157886478312E+000                  7.1976390094861031E+000                  2.8789349487801892E+000                  1.7851155479259400E+001                  5.5486008331758740E-007                  6.3755129511476305E-001                  3.6244815002515363E-001                  0.0000000000000000E+000                  0.0000000000000000E+000                  9.3113574630301967E-039 
                                     646                  2.1565265936412931E-001                 -1.4529834943477751E+000                  7.2034962375512137E+000                  2.8910975944099464E+000                  1.7871544501130824E+001                  4.7056819215629734E-007                  6.5267353215120305E-001                  3.4732599728060476E-001                  2.6670721056750547E-196                  1.5556582699213525E-094                  2.0220715375322995E-038 
                                     647                  2.1538051866801511E-001                 -1.4546237775186803E+000                  7.2083080079931774E+000                  2.9047530689777981E+000                  1.7891284499539143E+001                  3.9760960857623533E-007                  6.5780198942257162E-001                  3.4219761296781981E-001                  0.0000000000000000E+000                  0.0000000000000000E+000                  3.7590047636927656E-038 
                                     648                  2.1510837797190094E-001                 -1.4562312184869974E+000                  7.2091331263301575E+000                  2.9208093523410592E+000                  1.7910417951102175E+001                  3.5399126354153922E-007                  6.6656024899732513E-001                  3.3343939701141134E-001                  0.0000000000000000E+000                  0.0000000000000000E+000                  4.6619872414799769E-038 
                                     649                  2.1483623727578674E-001                 -1.4577973898584302E+000                  7.2141391064374139E+000                  2.9337302751330347E+000                  1.7928981532353220E+001                  2.8441757785002398E-007                  6.6711583647534745E-001                  3.3288387910707473E-001                  0.0000000000000000E+000                  0.0000000000000000E+000                  8.6108636035167864E-038 
                                     650                  2.1456409657967254E-001                 -1.4593340317096641E+000                  7.2201048627621125E+000                  2.9449668086286294E+000                  1.7947010198632203E+001                  2.3448503060988620E-007                  6.7086768740066238E-001                  3.2913207811430700E-001                  0.0000000000000000E+000                  0.0000000000000000E+000                  1.7686156685989638E-037 
                                     651                  2.1429195588355837E-001                 -1.4608472829024846E+000                  7.2267579563649775E+000                  2.9560425749003989E+000                  1.7964536475299390E+001                  1.9518435621468540E-007                  6.6708760418962187E-001                  3.3291220062602189E-001                  0.0000000000000000E+000                  0.0000000000000000E+000                  3.7643162220980620E-037 
                                     652                  2.1401981518744426E-001                 -1.4623378138264596E+000                  7.2326932342401991E+000                  2.9668671870450800E+000                  1.7981589900495084E+001                  1.6263262252924379E-007                  6.6689215187564510E-001                  3.3310768549173242E-001                  0.0000000000000000E+000                  0.0000000000000000E+000                  7.5034654172362239E-037 
                                     653                  2.1374767449133014E-001                 -1.4638065892387262E+000                  7.2371130560883072E+000                  2.9796247778069294E+000                  1.7998197432470672E+001                  1.3864657114328726E-007                  6.5748837230297597E-001                  3.4251148905045292E-001                  0.0000000000000000E+000                  0.0000000000000000E+000                  1.2306708716701261E-036 
                                     654                  2.1347553379521600E-001                 -1.4652472510008332E+000                  7.2413821641992344E+000                  2.9892711057500208E+000                  1.8012724586569796E+001                  1.1781143592320443E-007                  6.5933595888743413E-001                  3.4066392330112993E-001                  0.0000000000000000E+000                  0.0000000000000000E+000                  2.0524637861046420E-036 
                                     655                  2.1326008907745903E-001                 -1.4663726534487280E+000                  7.2448176038535337E+000                  2.9990633112278338E+000                  1.8025285460829341E+001                  1.0428496771231897E-007                  6.5025165517281580E-001                  3.4974824054221654E-001                  0.0000000000000000E+000                  0.0000000000000000E+000                  2.9799355851024975E-036 
                                     656                  2.1304464435970208E-001                 -1.4674814887364989E+000                  7.2500433300984302E+000                  3.0116373649518682E+000                  1.8043635412402882E+001                  9.0206813320487838E-008                  6.5040072233247481E-001                  3.4959918746071184E-001                  0.0000000000000000E+000                  0.0000000000000000E+000                  5.5213065669347181E-036 
                                     657                  2.1261375492418810E-001                 -1.4696604607559161E+000                  7.2594533250808455E+000                  3.0329956779068175E+000                  1.8073512759565268E+001                  7.2554162923101225E-008                  6.3650198648774226E-001                  3.6349794095809485E-001                  0.0000000000000000E+000                  0.0000000000000000E+000                  1.5487647632890691E-035 
                                     658                  2.1195196038120262E-001                 -1.4729067224478154E+000                  7.2677697799252750E+000                  3.0503706184811734E+000                  1.8099652692601424E+001                  6.0136818049128486E-008                  6.3495761057529232E-001                  3.6504232928788960E-001                  0.0000000000000000E+000                  0.0000000000000000E+000                  3.9924368408096207E-035 
                                     659                  2.1162106310970985E-001                 -1.4744924681014566E+000                  7.2724826061815744E+000                  3.0616639529907466E+000                  1.8116457887123168E+001                  5.5214145415662563E-008                  6.3741693867552529E-001                  3.6258300611032934E-001                  0.0000000000000000E+000                  0.0000000000000000E+000                  6.9708500533792180E-035 
                                     660                  2.1129016583821708E-001                 -1.4760543988497121E+000                  7.2800439604236953E+000                  3.0753776149938323E+000                  1.8136843028645512E+001                  4.8970207359665745E-008                  6.2706682377528222E-001                  3.7293312725451044E-001                  0.0000000000000000E+000                  0.0000000000000000E+000                  1.5496412908322409E-034 
                                     661                  2.1079381993097787E-001                 -1.4783549432576035E+000                  7.2812399659001201E+000                  3.0905225152639857E+000                  1.8154732958382002E+001                  4.5811699285960097E-008                  6.2978946077444520E-001                  3.7021049341385548E-001                  0.0000000000000000E+000                  0.0000000000000000E+000                  1.9229682671904761E-034 
                                     662                  2.1054564697735825E-001                 -1.4794790204506709E+000                  7.2855382160071036E+000                  3.0984810701612795E+000                  1.8166367718951729E+001                  4.2292037703430622E-008                  6.2281645920715911E-001                  3.7718349850080324E-001                  0.0000000000000000E+000                  0.0000000000000000E+000                  3.0060798559483871E-034 
                                     663                  2.1029747402373866E-001                 -1.4805912439207158E+000                  7.2922002221535909E+000                  3.1095637192103314E+000                  1.8183406316625749E+001                  3.7781587710907597E-008                  6.1495971709234176E-001                  3.8504024512607049E-001                  0.0000000000000000E+000                  0.0000000000000000E+000                  6.0309436606879050E-034 
                                     664                  2.0980112811649942E-001                 -1.4827845264301667E+000                  7.2974090672345131E+000                  3.1301445566011079E+000                  1.8200091085788422E+001                  2.1390967460861225E-008                  5.3285330815216647E-001                  4.6714667045686609E-001                  2.7548816426424832E-091                  1.4185441041315545E-092                  7.4032030662415218E-034 
                                     665                  2.0955295516287981E-001                 -1.4838422286285851E+000                  7.3013775261717031E+000                  3.1436800495516466E+000                  1.8210959952901138E+001                  1.4138808665073651E-008                  4.7512685949141181E-001                  5.2487312636977945E-001                  2.9213492901156337E-091                  1.9204418684344675E-092                  8.4034017551666193E-034 
                                     666                  2.0930478220926019E-001                 -1.4848749032986155E+000                  7.3083883542860786E+000                  3.1543507553114281E+000                  1.8228880957427222E+001                  1.4138808665073651E-008                  4.7512685949141181E-001                  5.2487312636977945E-001                  3.8065105084803310E-091                  2.5484141360752111E-092                  1.7926756053992442E-033 
                                     667                  2.0871395727040373E-001                 -1.4873025388304670E+000                  7.3179289314527374E+000                  3.1689862950345922E+000                  1.8253390273821498E+001                  1.4138808665073651E-008                  4.7512685949141181E-001                  5.2487312636977945E-001                  5.4467673526018222E-091                  3.7379172808581905E-092                  4.9958340761237772E-033 
                                     668                  2.0812313233154731E-001                 -1.4896890824981721E+000                  7.3265840221234368E+000                  3.1822830509169733E+000                  1.8275642618221077E+001                  1.4138808665073651E-008                  4.7512685949141181E-001                  5.2487312636977945E-001                  7.5232120494485004E-091                  5.2796350030572388E-092                  1.2576370976066186E-032 
                                     669                  2.0760327699681999E-001                 -1.4917572207309773E+000                  7.3334638457024459E+000                  3.1928641611426181E+000                  1.8293341088010578E+001                  1.4138808665073651E-008                  4.7512685949141181E-001                  5.2487312636977945E-001                  9.7114780069533429E-091                  6.9370862764372057E-092                  2.6083402065430542E-032 
                                     670                  2.0721338549577450E-001                 -1.4932899401779991E+000                  7.3398800828652897E+000                  3.2026892126546143E+000                  1.8309797776315932E+001                  1.4138808665073641E-008                  4.7512685949141170E-001                  5.2487312636977967E-001                  1.2306973819454557E-090                  8.9370189379934832E-092                  5.1313189132617345E-032 
                                     671                  2.0673414385904726E-001                 -1.4951534935246067E+000                  7.3472551650335580E+000                  3.2139890955909354E+000                  1.8328718664434202E+001                  1.4138808665070339E-008                  4.7512685949138256E-001                  5.2487312636980876E-001                  1.6136401692971632E-090                  1.1941022509014703E-091                  1.1125200656042630E-031 
                                     672                  2.0618788962060092E-001                 -1.4972515824174832E+000                  7.3530592825409293E+000                  3.2229374106761717E+000                  1.8343668321614615E+001                  1.4138808665063317E-008                  4.7512685949132072E-001                  5.2487312636987060E-001                  1.9953513093629985E-090                  1.4986017231299376E-091                  2.0403614224343166E-031 
                                     673                  2.0590562441932239E-001                 -1.4983253211926963E+000                  7.3589811481732621E+000                  3.2319729580004251E+000                  1.8358816222358659E+001                  1.4138808665054844E-008                  4.7512685949124628E-001                  5.2487312636994510E-001                  2.4751341939821739E-090                  1.8871572246886456E-091                  3.7776298823100793E-031 
                                     674                  2.0532615555821349E-001                 -1.5005086458896844E+000                  7.3667358137152830E+000                  3.2438716562557879E+000                  1.8378723194681164E+001                  1.4138808665052984E-008                  4.7512685949122985E-001                  5.2487312636996153E-001                  3.2779891736507137E-090                  2.5489515223123497E-091                  8.4399814682152586E-031 
                                     675                  2.0474668669710461E-001                 -1.5026650458592161E+000                  7.3742977754706507E+000                  3.2554747507440034E+000                  1.8398133039189851E+001                  1.4138808665047144E-008                  4.7512685949117839E-001                  5.2487312637001293E-001                  4.3044685176489650E-090                  3.4117863273391186E-091                  1.8437220595690402E-030 
                                     676                  2.0416380997652159E-001                 -1.5048085420788735E+000                  7.3804792974381250E+000                  3.2649909639278225E+000                  1.8414032105727031E+001                  1.4138808665045998E-008                  4.7512685949116840E-001                  5.2487312637002292E-001                  5.3725942533886289E-090                  4.3253463932849264E-091                  3.4895149282711676E-030 
                                     677                  2.0377171605518052E-001                 -1.5062367111107533E+000                  7.3853781567975725E+000                  3.2725077535223113E+000                  1.8426603718702061E+001                  1.4138808665045574E-008                  4.7512685949116462E-001                  5.2487312637002670E-001                  6.3993445115494187E-090                  5.2159136296888346E-091                  5.7853770819813089E-030 
                                     678                  2.0337611269288711E-001                 -1.5076669887583491E+000                  7.3902134297528104E+000                  3.2799276853771193E+000                  1.8439011932063337E+001                  1.4138808665045535E-008                  4.7512685949116423E-001                  5.2487312637002703E-001                  7.6003899774805115E-090                  6.2706047594917036E-091                  9.5364861652720510E-030 
                                     679                  2.0298050933059367E-001                 -1.5090869477430005E+000                  7.3967564617673940E+000                  3.2899211753232387E+000                  1.8455749306573118E+001                  1.4138808665045531E-008                  4.7512685949116429E-001                  5.2487312637002703E-001                  9.5816205575403962E-090                  8.0360692054399254E-091                  1.8799889758533658E-029 
                                     680                  2.0228462531387292E-001                 -1.5115609299133277E+000                  7.4050005547890621E+000                  3.3025716369262166E+000                  1.8476900158874205E+001                  1.4138808665045531E-008                  4.7512685949116429E-001                  5.2487312637002703E-001                  1.2810684692836387E-089                  1.0968384275771621E-090                  4.4580342267118638E-029 
                                     681                  2.0156727250090886E-001                 -1.5140811188764418E+000                  7.4125561744105593E+000                  3.3141882936825038E+000                  1.8496307088804087E+001                  1.4138808665045531E-008                  4.7512685949116429E-001                  5.2487312637002703E-001                  1.6692526232734977E-089                  1.4564347301080245E-090                  9.9634972436909040E-029 
                                     682                  2.0095239866122533E-001                 -1.5162183789485348E+000                  7.4193606042397438E+000                  3.3246339949647594E+000                  1.8513764966104663E+001                  1.4138808665045531E-008                  4.7512685949116429E-001                  5.2487312637002703E-001                  2.1158143263575455E-089                  1.8776440353763345E-090                  2.0871252553997861E-028 
                                     683                  2.0033752482154182E-001                 -1.5183357338899104E+000                  7.4260086484483523E+000                  3.3348405901308849E+000                  1.8530820857137051E+001                  1.4138808665045531E-008                  4.7512685949116429E-001                  5.2487312637002703E-001                  2.6641237753264766E-089                  2.4037028441755018E-090                  4.3775412859352878E-028 
                                     684                  1.9972265098185835E-001                 -1.5204342433766294E+000                  7.4294720036394475E+000                  3.3577134323522198E+000                  1.8546130586717215E+001                  5.4860168691306790E-009                  3.7431527926777602E-001                  6.2568471524620706E-001                  0.0000000000000000E+000                  0.0000000000000000E+000                  3.4799932501226220E-028 
                                     685                  1.9921025611545543E-001                 -1.5221150867288562E+000                  7.4177134718158628E+000                  3.3790603578214249E+000                  1.8558873890360093E+001                  5.1106638446105467E-009                  3.6856410020486691E-001                  6.3143589468446926E-001                  0.0000000000000000E+000                  0.0000000000000000E+000                  1.0965184665092225E-028 
                                     686                  1.9876599932809871E-001                 -1.5235173677143456E+000                  7.4153527033688329E+000                  3.3946468081847172E+000                  1.8573585891992082E+001                  4.6874955344942447E-009                  3.6340068482237337E-001                  6.3659931049013108E-001                  0.0000000000000000E+000                  0.0000000000000000E+000                  8.9959043678336878E-029 
                                     687                  1.9808244369994649E-001                 -1.5256242975235399E+000                  7.4168969739215456E+000                  3.4107562142580949E+000                  1.8591408005810063E+001                  4.1535938939529573E-009                  3.5146173587802593E-001                  6.4853825996838022E-001                  0.0000000000000000E+000                  0.0000000000000000E+000                  1.0348598464787344E-028 
                                     688                  1.9737005056873166E-001                 -1.5277714729666059E+000                  7.4174189443916552E+000                  3.4235227067035892E+000                  1.8604962093657164E+001                  3.9513894418779725E-009                  3.4187348386472566E-001                  6.5812651218388485E-001                  0.0000000000000000E+000                  0.0000000000000000E+000                  1.0740479995878670E-028 
                                     689                  1.9699943525159297E-001                 -1.5288683899498097E+000                  7.4208915473697097E+000                  3.4335388178377126E+000                  1.8618560194522356E+001                  3.7697716875872790E-009                  3.3714588098746845E-001                  6.6285411524275983E-001                  0.0000000000000000E+000                  0.0000000000000000E+000                  1.5460654802550900E-028 
                                     690                  1.9625820461731563E-001                 -1.5310365042406544E+000                  7.4275062817573732E+000                  3.4452058119722904E+000                  1.8636332931318957E+001                  3.1392519894601408E-009                  3.2986395198598206E-001                  6.7013604487476597E-001                  5.8373159617514077E-195                  4.3316850184404773E-090                  3.0624306775918477E-028 
                                     691                  1.9551697398303830E-001                 -1.5331788072602714E+000                  7.4342376268389696E+000                  3.4570321637460202E+000                  1.8653675912611067E+001                  2.8408854191836931E-009                  3.1714353477755924E-001                  6.8285646238155540E-001                  3.0950113674113662E-089                  0.0000000000000000E+000                  5.9645096223129321E-028 
                                     692                  1.9477574334876088E-001                 -1.5352944462355413E+000                  7.4412089237640009E+000                  3.4690731324846702E+000                  1.8671639349060047E+001                  2.4378311774090581E-009                  3.0578658750003318E-001                  6.9421341006213566E-001                  3.8032106975417606E-089                  0.0000000000000000E+000                  1.2356463097486289E-027 
                                     693                  1.9394265992695084E-001                 -1.5376431668719746E+000                  7.4472426506454568E+000                  3.4820072986776087E+000                  1.8690187141827835E+001                  2.0600137894746224E-009                  2.9716780353401773E-001                  7.0283219440596856E-001                  4.5838779284423300E-089                  9.5519066823440002E-090                  2.4252526416904519E-027 
                                     694                  1.9310957650514080E-001                 -1.5399600048509654E+000                  7.4546725204625135E+000                  3.4933474341560800E+000                  1.8709635080968397E+001                  1.8046978072883760E-009                  3.0033230391053017E-001                  6.9966769428477205E-001                  5.9620318810274346E-089                  1.2457905080764707E-089                  6.3936091924645767E-027 
                                     695                  1.9214832640305235E-001                 -1.5426094284554066E+000                  7.4625453864940914E+000                  3.5077318935047876E+000                  1.8729930242789617E+001                  1.6887329909041077E-009                  2.8072797100578900E-001                  7.1927202730547801E-001                  7.3136074875008041E-089                  1.7146359904165400E-089                  1.4656514435533938E-026 
                                     696                  1.9118707630096393E-001                 -1.5452195239630304E+000                  7.4705170785401238E+000                  3.5207710383952993E+000                  1.8750701945346893E+001                  1.1529817713513771E-009                  2.7582751110693399E-001                  7.2417248774008425E-001                  9.4119420899631660E-089                  2.3054225913135099E-089                  4.0018290640252533E-026 
                                     697                  1.9012428695239639E-001                 -1.5480733187098121E+000                  7.4782838563346754E+000                  3.5349101752655412E+000                  1.8771921064089330E+001                  1.0508969182618074E-009                  2.6610631912951749E-001                  7.3389367981958564E-001                  1.1836175575938180E-088                  3.1044209355643097E-089                  1.0268949321320953E-025 
                                     698                  1.8906149760382882E-001                 -1.5508903391626829E+000                  7.4845923302509636E+000                  3.5467569322995698E+000                  1.8789808900937349E+001                  9.0815352439547935E-010                  2.6005056254246472E-001                  7.3994943654938172E-001                  1.4343229401303929E-088                  3.9418916036754374E-089                  2.2632644670748001E-025 
                                     699                  1.8828768486769568E-001                 -1.5529199141969203E+000                  7.4899656984396428E+000                  3.5569052257493192E+000                  1.8804540366995706E+001                  7.9373973679434123E-010                  2.5051737876076985E-001                  7.4948262044549041E-001                  1.6586183960462661E-088                  4.8569292104602487E-089                  4.2120362076845288E-025 
                                     700                  1.8751387213156254E-001                 -1.5549304744272099E+000                  7.4955845648288451E+000                  3.5678452893329498E+000                  1.8821494852149755E+001                  7.0775330765379134E-010                  2.4954685381309694E-001                  7.5045314547914976E-001                  2.0000583283021993E-088                  5.9677495919022236E-089                  8.9709625161237434E-025 
                                     701                  1.8646672442326911E-001                 -1.5576270150078255E+000                  7.5023397196122312E+000                  3.5809960841940502E+000                  1.8840565105258598E+001                  5.4309778386656897E-010                  2.3832202475543215E-001                  7.6167797470147003E-001                  0.0000000000000000E+000                  0.0000000000000000E+000                  1.9611634182669594E-024 
                                     702                  1.8541957671497566E-001                 -1.5602920237346818E+000                  7.5097106297005762E+000                  3.5952411625361975E+000                  1.8861443376885791E+001                  4.6536651592779809E-010                  2.2749681560827401E-001                  7.7250318392635942E-001                  0.0000000000000000E+000                  0.0000000000000000E+000                  4.6290293953721665E-024 
                                     703                  1.8411089988086485E-001                 -1.5635821112903749E+000                  7.5164126100018489E+000                  3.6076655638794510E+000                  1.8881150540503800E+001                  3.7839372098876414E-010                  2.2777980284692967E-001                  7.7222019677467657E-001                  0.0000000000000000E+000                  0.0000000000000000E+000                  1.1414875404328430E-023 
                                     704                  1.8314303080582781E-001                 -1.5659938167538039E+000                  7.5207163674095439E+000                  3.6202792149862382E+000                  1.8897501180131513E+001                  2.9544718948993029E-010                  2.1573147144977198E-001                  7.8426852825478077E-001                  0.0000000000000000E+000                  0.0000000000000000E+000                  1.7633974870530159E-023 
                                     705                  1.8217516173079074E-001                 -1.5683755930160213E+000                  7.5289355706892733E+000                  3.6358335683648884E+000                  1.8921719932986779E+001                  2.3403346112678101E-010                  2.1362435459367737E-001                  7.8637564517228919E-001                  0.0000000000000000E+000                  0.0000000000000000E+000                  5.0881920151857233E-023 
                                     706                  1.8018806073764027E-001                 -1.5732124424904010E+000                  7.5381328562083159E+000                  3.6550383502433568E+000                  1.8948809012018010E+001                  1.7491196547664991E-010                  1.9535672636682938E-001                  8.0464327345825870E-001                  0.0000000000000000E+000                  0.0000000000000000E+000                  1.3109049127795359E-022 
                                     707                  1.7878453993089882E-001                 -1.5765749728388312E+000                  7.5446249001329893E+000                  3.6693224335943779E+000                  1.8970508464377794E+001                  1.0422992659640884E-010                  1.9577774139022774E-001                  8.0422225850554230E-001                  0.0000000000000000E+000                  0.0000000000000000E+000                  3.0934820512951142E-022 
                                     708                  1.7738101912415752E-001                 -1.5799047935092529E+000                  7.5512281148189100E+000                  3.6834972997164894E+000                  1.8990046396432799E+001                  8.1157857959639142E-011                  1.7984631247222788E-001                  8.2015368744661421E-001                  0.0000000000000000E+000                  0.0000000000000000E+000                  5.6504868808377373E-022 
                                     709                  1.7619398774140732E-001                 -1.5826887527720188E+000                  7.5565337985868402E+000                  3.6953282597048647E+000                  1.9007532517592491E+001                  6.7540388010878716E-011                  1.7682341399289492E-001                  8.2317658593956466E-001                  0.0000000000000000E+000                  0.0000000000000000E+000                  1.0655812818621514E-021 
                                     710                  1.7500695635865715E-001                 -1.5854502859290029E+000                  7.5625599925215798E+000                  3.7085157714978463E+000                  1.9025887813584511E+001                  4.7456188603514193E-011                  1.6401409385599991E-001                  8.3598590609654388E-001                  0.0000000000000000E+000                  0.0000000000000000E+000                  1.8379659952064783E-021 
                                     711                  1.7364496656552258E-001                 -1.5885873280689073E+000                  7.5682176284019071E+000                  3.7214029445934278E+000                  1.9045073328412279E+001                  3.5755091673467789E-011                  1.6243665621251810E-001                  8.3756334375172681E-001                  0.0000000000000000E+000                  0.0000000000000000E+000                  3.6688178057339318E-021 
                                     712                  1.7228297677238785E-001                 -1.5916990911489577E+000                  7.5738527776206253E+000                  3.7341405536573440E+000                  1.9063364630407850E+001                  2.7065969434603734E-011                  1.5541433443009900E-001                  8.4458566554283498E-001                  0.0000000000000000E+000                  0.0000000000000000E+000                  6.5425399529429573E-021 
                                     713                  1.7098924228624390E-001                 -1.5946300194693628E+000                  7.5792099493529221E+000                  3.7463551978364911E+000                  1.9080803752962190E+001                  1.6668235996979093E-011                  1.4815611964159883E-001                  8.5184388034173297E-001                  0.0000000000000000E+000                  0.0000000000000000E+000                  1.1089662229183271E-020 
                                     714                  1.6969550780010001E-001                 -1.5975377128166317E+000                  7.5839661612294149E+000                  3.7575112342286845E+000                  1.9097094604166898E+001                  1.2654876800540729E-011                  1.4508825921801888E-001                  8.5491174076932630E-001                  0.0000000000000000E+000                  0.0000000000000000E+000                  1.8847944863298216E-020 
                                     715                  1.6852420644845123E-001                 -1.6001528938775242E+000                  7.5884722272116738E+000                  3.7680960735874525E+000                  1.9112283812749197E+001                  1.0502272245290471E-011                  1.4012128549082553E-001                  8.5987871449867215E-001                  0.0000000000000000E+000                  0.0000000000000000E+000                  2.9672109484818597E-020 
                                     716                  1.6735290509680228E-001                 -1.6027514832224896E+000                  7.5934327290906296E+000                  3.7797829132031286E+000                  1.9129176660368270E+001                  8.2943319744390183E-012                  1.3564570897645928E-001                  8.6435429101524641E-001                  0.0000000000000000E+000                  0.0000000000000000E+000                  4.9572018331468711E-020 
                                     717                  1.6586625338124830E-001                 -1.6060279101877444E+000                  7.5989323122931713E+000                  3.7926912526054872E+000                  1.9147708033321724E+001                  5.0208860867798195E-012                  1.2951914599563871E-001                  8.7048085399934039E-001                  0.0000000000000000E+000                  0.0000000000000000E+000                  8.4469737144117079E-020 
                                     718                  1.6437960166569432E-001                 -1.6092809280756086E+000                  7.6040435619164315E+000                  3.8048860923955710E+000                  1.9165614130063247E+001                  3.2193686613305329E-012                  1.2726697181361590E-001                  8.7273302818316467E-001                  0.0000000000000000E+000                  0.0000000000000000E+000                  1.4904230441960820E-019 
                                     719                  1.6293234092730732E-001                 -1.6124289027172443E+000                  7.6099195802237851E+000                  3.8188746024518565E+000                  1.9185928133368964E+001                  2.2335741696781802E-012                  1.2279237747908930E-001                  8.7720762251867712E-001                  0.0000000000000000E+000                  0.0000000000000000E+000                  2.7161121938548252E-019 
                                     720                  1.6097074021652635E-001                 -1.6166670770337317E+000                  7.6153508446980362E+000                  3.8321061499705222E+000                  1.9205418473673554E+001                  1.5667674348144722E-012                  1.2138041239314663E-001                  8.7861958760528658E-001                  0.0000000000000000E+000                  0.0000000000000000E+000                  5.0265746058938805E-019 
                                     721                  1.5959930543328882E-001                 -1.6196135112140431E+000                  7.6202638209763629E+000                  3.8439580880175246E+000                  1.9222552854509008E+001                  1.3843412465153490E-012                  1.1725790244898356E-001                  8.8274209754963207E-001                  0.0000000000000000E+000                  0.0000000000000000E+000                  8.1198335281522811E-019 
                                     722                  1.5797072662819503E-001                 -1.6230946133140363E+000                  7.6253508796397540E+000                  3.8564152790789938E+000                  1.9240806770423283E+001                  7.2714701185684837E-013                  1.1524977963959544E-001                  8.8475022035967743E-001                  0.0000000000000000E+000                  0.0000000000000000E+000                  1.4055798786555774E-018 
                                     723                  1.5634214782310113E-001                 -1.6265594161430539E+000                  7.6300650455518566E+000                  3.8679943248949691E+000                  1.9257685210934422E+001                  5.0945330697078815E-013                  1.1269590383852074E-001                  8.8730409616096984E-001                  0.0000000000000000E+000                  0.0000000000000000E+000                  2.2842749044598010E-018 
                                     724                  1.5490157801326984E-001                 -1.6296115440392838E+000                  7.6350148349968832E+000                  3.8802794729316776E+000                  1.9275890749881778E+001                  3.2989923704951892E-013                  1.1256399237249969E-001                  8.8743600762717045E-001                  0.0000000000000000E+000                  0.0000000000000000E+000                  4.0538461134548827E-018 
                                     725                  1.5295957373132588E-001                 -1.6337112694059455E+000                  7.6396275382104202E+000                  3.8917507674853664E+000                  1.9292624494826068E+001                  2.0963801002616430E-013                  1.1038052276716946E-001                  8.8961947723262091E-001                  0.0000000000000000E+000                  0.0000000000000000E+000                  6.5221453240874504E-018 
                                     726                  1.5174525161488037E-001                 -1.6362660750431950E+000                  7.6443850817388110E+000                  3.9036113316963079E+000                  1.9310158794507327E+001                  1.4034474980036033E-013                  1.0995051615875612E-001                  8.9004948384110349E-001                  0.0000000000000000E+000                  0.0000000000000000E+000                  1.1145899905016281E-017 
                                     727                  1.4957225414334502E-001                 -1.6408251968675378E+000                  7.6496783381242448E+000                  3.9169137625166210E+000                  1.9329691651396242E+001                  7.8175297764057170E-014                  1.0861490264415039E-001                  8.9138509735577143E-001                  0.0000000000000000E+000                  0.0000000000000000E+000                  1.9685342259362578E-017 
                                     728                  1.4791434305171880E-001                 -1.6442936004872026E+000                  7.6541825456961421E+000                  3.9283012975581939E+000                  1.9346555113986668E+001                  5.6639354561535737E-014                  1.0868129068676494E-001                  8.9131870931317847E-001                  0.0000000000000000E+000                  0.0000000000000000E+000                  3.2908155563407578E-017 
                                     729                  1.4619441669834971E-001                 -1.6478851335106999E+000                  7.6593956707370632E+000                  3.9414019647172811E+000                  1.9365723776405353E+001                  2.9243958849326410E-014                  1.0672209347645385E-001                  8.9327790652351691E-001                  0.0000000000000000E+000                  0.0000000000000000E+000                  5.6108907021393862E-017 
                                     730                  1.4399673302460009E-001                 -1.6524653411069548E+000                  7.6649484125100082E+000                  3.9555289552015664E+000                  1.9386594419953507E+001                  2.1780310825865806E-014                  1.0649037596528796E-001                  8.9350962403469025E-001                  0.0000000000000000E+000                  0.0000000000000000E+000                  1.0389782570576329E-016 
                                     731                  1.4184682508288846E-001                 -1.6569403771970197E+000                  7.6701807845981094E+000                  3.9688959760850540E+000                  1.9406365378797148E+001                  9.9880014537051270E-015                  1.0652879599624214E-001                  8.9347120400374791E-001                  0.0000000000000000E+000                  0.0000000000000000E+000                  1.8624605811879498E-016 
                                     732                  1.3979246860525282E-001                 -1.6612141376732816E+000                  7.6741886300320603E+000                  3.9791486598658814E+000                  1.9421421051179689E+001                  7.2954513387819211E-015                  1.0568556788618361E-001                  8.9431443211380912E-001                  0.0000000000000000E+000                  0.0000000000000000E+000                  2.8334494821178849E-016 
                                     733                  1.3859594604315850E-001                 -1.6637027460459519E+000                  7.6771054834038575E+000                  3.9865739754549852E+000                  1.9432332891129267E+001                  4.3120191706415265E-015                  1.0503233501907254E-001                  8.9496766498092317E-001                  0.0000000000000000E+000                  0.0000000000000000E+000                  3.8338829352853580E-016 
                                     734                  1.3739942348106421E-001                 -1.6661915885654639E+000                  7.6804102051203378E+000                  3.9948456016105767E+000                  1.9444625143284789E+001                  3.8998588348591391E-015                  1.0502030878484146E-001                  8.9497969121515464E-001                  7.6534197423047938E-113                  1.2319900710108306E-045                  5.5008245087404359E-016 
                                     735                  1.3586634153356139E-001                 -1.6693822898169512E+000                  7.6840203141427734E+000                  4.0026089412250441E+000                  1.9456454279127698E+001                  2.2299389290846538E-015                  1.0434846283502019E-001                  8.9565153716497758E-001                  0.0000000000000000E+000                  0.0000000000000000E+000                  7.9400877929894462E-016 
                                     736                  1.3474731593038847E-001                 -1.6717140573746154E+000                  7.6855212674267106E+000                  4.0099576690408103E+000                  1.9466319888875542E+001                  1.8814579371830120E-015                  1.0435475819116630E-001                  8.9564524180883187E-001                  0.0000000000000000E+000                  0.0000000000000000E+000                  9.5203099501401592E-016 
                                     737                  1.3362829032721552E-001                 -1.6740439127857747E+000                  7.6898805649798856E+000                  4.0195129005959904E+000                  1.9480850165887546E+001                  1.4017813810174344E-015                  1.0371209094626720E-001                  8.9628790905373146E-001                  0.0000000000000000E+000                  0.0000000000000000E+000                  1.4859825917411078E-015 
                                     738                  1.3140127590716671E-001                 -1.6786902103533177E+000                  7.6940990536127876E+000                  4.0303160564704941E+000                  1.9496821669139059E+001                  9.0968188465339057E-016                  1.0348383796526268E-001                  8.9651616203473639E-001                  0.0000000000000000E+000                  0.0000000000000000E+000                  2.3247036435228475E-015 
                                     739                  1.2991659962713484E-001                 -1.6817936805637843E+000                  7.6971688232970026E+000                  4.0382052651600020E+000                  1.9508366292980181E+001                  6.4467994622044026E-016                  1.0245297767222145E-001                  8.9754702232777794E-001                  0.0000000000000000E+000                  0.0000000000000000E+000                  3.1346099639621098E-015 
                                     740                  1.2867936939377406E-001                 -1.6843838014663834E+000                  7.6998970128316788E+000                  4.0452537109794777E+000                  1.9518747111321794E+001                  3.8821407017511411E-016                  1.0208730756303759E-001                  8.9791269243696203E-001                  0.0000000000000000E+000                  0.0000000000000000E+000                  4.1501559585906593E-015 
                                     741                  1.2744213916041325E-001                 -1.6869782702878500E+000                  7.7025751311200930E+000                  4.0522024626459139E+000                  1.9529029223216579E+001                  3.6617061895859758E-016                  1.0212688011696264E-001                  8.9787311988303697E-001                  0.0000000000000000E+000                  0.0000000000000000E+000                  5.5257470510354810E-015 
                                     742                  1.2620490892705202E-001                 -1.6895777751995498E+000                  7.7052420481764736E+000                  4.0591115695394011E+000                  1.9539215362339075E+001                  2.8883125256953362E-016                  1.0189623608493625E-001                  8.9810376391506341E-001                  0.0000000000000000E+000                  0.0000000000000000E+000                  7.2823688220252421E-015 
                                     743                  1.2496767869369081E-001                 -1.6921826574230938E+000                  7.7080120969629453E+000                  4.0662791164482908E+000                  1.9549758079855671E+001                  2.7749619324774510E-016                  1.0138593370090895E-001                  8.9861406629909080E-001                  0.0000000000000000E+000                  0.0000000000000000E+000                  9.6119880482705879E-015 
                                     744                  1.2361879507877820E-001                 -1.6950292186392468E+000                  7.7108899889718101E+000                  4.0737158247343146E+000                  1.9560653962747704E+001                  2.0998262505162765E-016                  1.0049880224996986E-001                  8.9950119775002990E-001                  0.0000000000000000E+000                  0.0000000000000000E+000                  1.2672405262309020E-014 
                                     745                  1.2226991146386575E-001                 -1.6978830902603796E+000                  7.7135866560136108E+000                  4.0807019335741392E+000                  1.9570908345239118E+001                  1.9448373093787690E-016                  9.9839978688934988E-002                  9.0016002131106476E-001                  0.0000000000000000E+000                  0.0000000000000000E+000                  1.6484476696276449E-014 
                                     746                  1.2105682051407191E-001                 -1.7004565030103220E+000                  7.7161045407049045E+000                  4.0872383233798972E+000                  1.9580530762360734E+001                  1.7046566698536909E-016                  9.9448599785350769E-002                  9.0055140021464908E-001                  0.0000000000000000E+000                  0.0000000000000000E+000                  2.1194551644210009E-014 
                                     747                  1.1984372956427806E-001                 -1.7030370032064113E+000                  7.7184300615962949E+000                  4.0932983944050481E+000                  1.9589482709758290E+001                  1.4890682663838755E-016                  9.9300379912586237E-002                  9.0069962008741355E-001                  0.0000000000000000E+000                  0.0000000000000000E+000                  2.6885638173841378E-014 
                                     748                  1.1878227498320879E-001                 -1.7053012319266092E+000                  7.7214548306275015E+000                  4.1011018516317224E+000                  1.9600897160609609E+001                  7.8941579281093178E-017                  9.8137093939718104E-002                  9.0186290606028185E-001                  3.5392589999706343E-112                  8.1156679602532834E-045                  3.5511981708704946E-014 
                                     749                  1.1690995385424276E-001                 -1.7093098584409521E+000                  7.7253019968027719E+000                  4.1111044318431249E+000                  1.9615615551426227E+001                  8.9658865817636856E-017                  9.7416785569255884E-002                  9.0258321443074407E-001                  0.0000000000000000E+000                  0.0000000000000000E+000                  5.1686938380146353E-014 
                                     750                  1.1496483195136256E-001                 -1.7134963568367849E+000                  7.7292726561620952E+000                  4.1214643488302798E+000                  1.9630936360308358E+001                  5.9293046611453939E-017                  9.7229752836061500E-002                  9.0277024716393850E-001                  0.0000000000000000E+000                  0.0000000000000000E+000                  7.7296117982481521E-014 
                                     751                  1.1288504776289790E-001                 -1.7180003299055113E+000                  7.7327477377296097E+000                  4.1305253943859537E+000                  1.9644192039940354E+001                  4.5881119114574743E-017                  9.6013694272125014E-002                  9.0398630572787497E-001                  0.0000000000000000E+000                  0.0000000000000000E+000                  1.0619856000323804E-013 
                                     752                  1.1144865005000135E-001                 -1.7211281948846646E+000                  7.7355713139864193E+000                  4.1379229446657630E+000                  1.9655117876676680E+001                  4.2891059484358745E-017                  9.5777455084608984E-002                  9.0422254491539100E-001                  0.0000000000000000E+000                  0.0000000000000000E+000                  1.4056387817210547E-013 
                                     753                  1.0995240243240167E-001                 -1.7244029767159990E+000                  7.7379361422379427E+000                  4.1440916068885487E+000                  1.9664201732055975E+001                  2.1105760146863793E-017                  9.5329391182142384E-002                  9.0467060881785755E-001                  0.0000000000000000E+000                  0.0000000000000000E+000                  1.7619723385095136E-013 
                                     754                  1.0899480395713788E-001                 -1.7265080582064880E+000                  7.7407502687565746E+000                  4.1514132312688936E+000                  1.9674926707289949E+001                  1.7879867950594535E-017                  9.4339165874678513E-002                  9.0566083412532150E-001                  0.0000000000000000E+000                  0.0000000000000000E+000                  2.2696442257073473E-013 
                                     755                  1.0701975710190552E-001                 -1.7308735632677261E+000                  7.7445274885648985E+000                  4.1613207446771208E+000                  1.9689534379859488E+001                  9.7811973932152971E-018                  9.3792464444276635E-002                  9.0620753555572331E-001                  0.0000000000000000E+000                  0.0000000000000000E+000                  3.2634805441650304E-013 
                                     756                  1.0497134250594257E-001                 -1.7354377184272782E+000                  7.7479449114230992E+000                  4.1702879667793171E+000                  1.9702708676942347E+001                  6.5615974202436845E-018                  9.2931699420625000E-002                  9.0706830057937504E-001                  0.0000000000000000E+000                  0.0000000000000000E+000                  4.4720486153063175E-013 
                                     757                  1.0335732126580033E-001                 -1.7390615938145833E+000                  7.7510657344539124E+000                  4.1784805860293632E+000                  1.9714806114591109E+001                  4.4568619769957781E-018                  9.2559372307274401E-002                  9.0744062769272560E-001                  6.5356803710378172E-113                  7.6414656614245949E-045                  6.0340819100250719E-013 
                                     758                  1.0157036917850149E-001                 -1.7431043870312071E+000                  7.7535650167487873E+000                  4.1850421291462414E+000                  1.9724393474274532E+001                  1.4269373803235397E-018                  9.1516496191436203E-002                  9.0848350380856380E-001                  0.0000000000000000E+000                  0.0000000000000000E+000                  7.4786985461352791E-013 
                                     759                  1.0064807132699384E-001                 -1.7452038195478528E+000                  7.7560282432470595E+000                  4.1915632141218158E+000                  1.9734068391459445E+001                  2.2105435651704031E-018                  9.1617431091408894E-002                  9.0838256890859115E-001                  0.0000000000000000E+000                  0.0000000000000000E+000                  9.5819417978816685E-013 
                                     760                  9.8803475623976886E-002                 -1.7494313786843809E+000                  7.7593242915736296E+000                  4.2002503759349530E+000                  1.9746897723901444E+001                  8.5152849463921888E-019                  9.1218669568744443E-002                  9.0878133043125553E-001                  0.0000000000000000E+000                  0.0000000000000000E+000                  1.3099025043495085E-012 
                                     761                  9.6958879920960431E-002                 -1.7536985924371211E+000                  7.7626063436292263E+000                  4.2089025353081553E+000                  1.9759612724802167E+001                  4.8535512402577805E-019                  9.0351513410411033E-002                  9.0964848658958897E-001                  0.0000000000000000E+000                  0.0000000000000000E+000                  1.7581592494873706E-012 
                                     762                  9.5114284217943892E-002                 -1.7580073885627090E+000                  7.7654187706715856E+000                  4.2163480179915105E+000                  1.9770596456647066E+001                  2.9669339857128936E-019                  8.9941644622238900E-002                  9.1005835537776114E-001                  0.0000000000000000E+000                  0.0000000000000000E+000                  2.2851831448446170E-012 
                                     763                  9.3750270857067011E-002                 -1.7612219373417479E+000                  7.7677865883114263E+000                  4.2226105603280901E+000                  1.9779859351773993E+001                  2.1500714189040749E-019                  8.9739901855199034E-002                  9.1026009814480102E-001                  0.0000000000000000E+000                  0.0000000000000000E+000                  2.8608426949598368E-012 
                                     764                  9.2386257496190338E-002                 -1.7644618932000851E+000                  7.7702079394236936E+000                  4.2289376583226916E+000                  1.9789066108912152E+001                  1.2003878813492383E-019                  8.8296426244373227E-002                  9.1170357375562672E-001                  0.0000000000000000E+000                  0.0000000000000000E+000                  3.4486488655347395E-012 
                                     765                  9.1022244135313346E-002                 -1.7677275479375922E+000                  7.7725339614761300E+000                  4.2350990338598464E+000                  1.9798218404542997E+001                  8.5586490159225668E-020                  8.8355481944271355E-002                  9.1164451805572866E-001                  0.0000000000000000E+000                  0.0000000000000000E+000                  4.3317630162269719E-012 
                                     766                  8.9658230774436548E-002                 -1.7710209696840529E+000                  7.7748217904519059E+000                  4.2411494498795497E+000                  1.9807189653323338E+001                  6.6902744791830935E-020                  8.8269038002995862E-002                  9.1173096199700410E-001                  0.0000000000000000E+000                  0.0000000000000000E+000                  5.3903839614935782E-012 
                                     767                  8.8333084246335958E-002                 -1.7742481519207600E+000                  7.7770868944317275E+000                  4.2471124397435345E+000                  1.9815981716144233E+001                  6.1191565622161312E-020                  8.7757382954985683E-002                  9.1224261704501430E-001                  0.0000000000000000E+000                  0.0000000000000000E+000                  6.5915614616953086E-012 
                                     768                  8.7007937718235659E-002                 -1.7775033992237443E+000                  7.7793408636676835E+000                  4.2530403628458284E+000                  1.9824727094636586E+001                  2.8424862356344599E-020                  8.7262352682688976E-002                  9.1273764731731100E-001                  0.0000000000000000E+000                  0.0000000000000000E+000                  8.0504138286908326E-012 
                                     769                  8.5682791190135096E-002                 -1.7807878705713152E+000                  7.7815560583175127E+000                  4.2588949142232400E+000                  1.9833427280279427E+001                  3.4474488683388528E-020                  8.7260737417629700E-002                  9.1273926258237026E-001                  0.0000000000000000E+000                  0.0000000000000000E+000                  9.9583291034651827E-012 
                                     770                  8.4357644662034589E-002                 -1.7841030746206259E+000                  7.7843471762390593E+000                  4.2661976577600162E+000                  1.9844221200893234E+001                  2.3159994213607917E-020                  8.6686606485782289E-002                  9.1331339351421770E-001                  0.0000000000000000E+000                  0.0000000000000000E+000                  1.2749312857617411E-011 
                                     771                  8.2369924869882427E-002                 -1.7891358596790878E+000                  7.7868352038981588E+000                  4.2727685266303101E+000                  1.9853925189602950E+001                  9.6748602854786147E-021                  8.6195930615914532E-002                  9.1380406938408543E-001                  0.0000000000000000E+000                  0.0000000000000000E+000                  1.5893705208387142E-011 
                                     772                  8.1376064973806853E-002                 -1.7916802844408790E+000                  7.7884949703255657E+000                  4.2771167482449224E+000                  1.9860347725681333E+001                  1.4496876870762412E-020                  8.5812177640266038E-002                  9.1418782235973395E-001                  0.0000000000000000E+000                  0.0000000000000000E+000                  1.8364190361910611E-011 
                                     773                  8.0382205077731333E-002                 -1.7942442005861050E+000                  7.7904348372506229E+000                  4.2821414409801593E+000                  1.9867737284663331E+001                  1.3372433728026293E-020                  8.5015444200818510E-002                  9.1498455579918148E-001                  0.0000000000000000E+000                  0.0000000000000000E+000                  2.1461539727803220E-011 
                                     774                  7.9078564744822097E-002                 -1.7976376669835235E+000                  7.7925561554086933E+000                  4.2877295809701126E+000                  1.9876096158837044E+001                  1.0531451833881787E-020                  8.5305988239786273E-002                  9.1469401176021370E-001                  0.0000000000000000E+000                  0.0000000000000000E+000                  2.6511509684686008E-011 
                                     775                  7.7774924411913082E-002                 -1.8010676372321310E+000                  7.7946900731594999E+000                  4.2933007377516379E+000                  1.9884351676598598E+001                  7.0933554603454291E-021                  8.4920084289939052E-002                  9.1507991571006098E-001                  0.0000000000000000E+000                  0.0000000000000000E+000                  3.1993976054966726E-011 
                                     776                  7.6492790274197558E-002                 -1.8044776417273478E+000                  7.7967987795939688E+000                  4.2988020420868640E+000                  1.9892504983764113E+001                  4.9975554139900119E-021                  8.4540906653410769E-002                  9.1545909334658926E-001                  0.0000000000000000E+000                  0.0000000000000000E+000                  3.8508170210301586E-011 
                                     777                  7.5210656136482340E-002                 -1.8079254261795044E+000                  7.7989254699180171E+000                  4.3043151868711673E+000                  1.9900626672990491E+001                  5.9822565627131513E-021                  8.3712003469850985E-002                  9.1628799653014903E-001                  0.0000000000000000E+000                  0.0000000000000000E+000                  4.5657707585879447E-011 
                                     778                  7.3928521998767080E-002                 -1.8114122389199734E+000                  7.8009880071896145E+000                  4.3096966728657611E+000                  1.9908650763023690E+001                  5.1132343699249113E-021                  8.3659809544216895E-002                  9.1634019045578308E-001                  0.0000000000000000E+000                  0.0000000000000000E+000                  5.5309843262085819E-011 
                                     779                  7.2667894056239024E-002                 -1.8148806741274868E+000                  7.8030379066534836E+000                  4.3150270132854116E+000                  1.9916578251903491E+001                  3.4449503043475095E-021                  8.3419099484058373E-002                  9.1658090051594165E-001                  0.0000000000000000E+000                  0.0000000000000000E+000                  6.6443303433058744E-011 
                                     780                  7.1407266113714299E-002                 -1.8183903757969577E+000                  7.8050910231427126E+000                  4.3203484195767734E+000                  1.9924478855542390E+001                  1.9243415498593255E-021                  8.3032249044658321E-002                  9.1696775095534166E-001                  0.0000000000000000E+000                  0.0000000000000000E+000                  7.9389021807855793E-011 
                                     781                  7.0146638171189629E-002                 -1.8219429399837854E+000                  7.8071362810514646E+000                  4.3256477085350822E+000                  1.9932353795553244E+001                  1.2826340574894508E-021                  8.2685088331176479E-002                  9.1731491166882351E-001                  0.0000000000000000E+000                  0.0000000000000000E+000                  9.4891698861521306E-011 
                                     782                  6.8886010228664946E-002                 -1.8255401603668042E+000                  7.8089990186886613E+000                  4.3304582805410030E+000                  1.9939497633655716E+001                  1.2251647263895343E-021                  8.2289508083365284E-002                  9.1771049191663467E-001                  0.0000000000000000E+000                  0.0000000000000000E+000                  1.1127124296284648E-010 
                                     783                  6.7854205660831723E-002                 -1.8285189131557595E+000                  7.8106541005504520E+000                  4.3347483936321547E+000                  1.9945907476048919E+001                  1.4233820059735496E-021                  8.2247125842080410E-002                  9.1775287415791962E-001                  0.0000000000000000E+000                  0.0000000000000000E+000                  1.2962362209096660E-010 
                                     784                  6.6822401092997960E-002                 -1.8315300396515752E+000                  7.8123497857079389E+000                  4.3390926333606261E+000                  1.9952302391436611E+001                  8.6335840713081753E-022                  8.1405574380770424E-002                  9.1859442561922955E-001                  0.0000000000000000E+000                  0.0000000000000000E+000                  1.4714225405259361E-010 
                                     785                  6.5790596525164349E-002                 -1.8345741999533918E+000                  7.8139870827671967E+000                  4.3433391543291622E+000                  1.9958683048775217E+001                  7.9926012180705833E-022                  8.1602277206856880E-002                  9.1839772279314313E-001                  0.0000000000000000E+000                  0.0000000000000000E+000                  1.7260673655984586E-010 
                                     786                  6.4758791957330739E-002                 -1.8376531703202643E+000                  7.8157206932303316E+000                  4.3477758132582958E+000                  1.9965228553976942E+001                  3.7522105738197111E-022                  8.0830149770732052E-002                  9.1916985022926800E-001                  0.0000000000000000E+000                  0.0000000000000000E+000                  1.9705173798641993E-010 
                                     787                  6.3668731854958208E-002                 -1.8409445363656074E+000                  7.8174586694273440E+000                  4.3522599269811106E+000                  1.9971940829167799E+001                  1.4284730633523207E-022                  8.0798609866678500E-002                  9.1920139013332147E-001                  0.0000000000000000E+000                  0.0000000000000000E+000                  2.3132625265555084E-010 
                                     788                  6.2578671752585774E-002                 -1.8442774825496577E+000                  7.8192109973952340E+000                  4.3567581502213706E+000                  1.9978639616118631E+001                  2.8322938727528987E-022                  8.0467822574080888E-002                  9.1953217742591908E-001                  0.0000000000000000E+000                  0.0000000000000000E+000                  2.6888305355732977E-010 
                                     789                  6.1488611650213354E-002                 -1.8476534102721105E+000                  7.8205269961041752E+000                  4.3601346106505954E+000                  1.9983663850130490E+001                  3.3517078026539082E-022                  8.0178995293765237E-002                  9.1982100470623473E-001                  0.0000000000000000E+000                  0.0000000000000000E+000                  3.0058659614015497E-010 
                                     790                  6.0943581599026936E-002                 -1.8493579799629585E+000                  7.8219777562608295E+000                  4.3638453776296524E+000                  1.9989189007605205E+001                  1.9672931984711192E-022                  7.9869699947332423E-002                  9.2013030005266760E-001                  0.0000000000000000E+000                  0.0000000000000000E+000                  3.3998354446095573E-010 
                                     791                  5.9680854274769733E-002                 -1.8533512494845530E+000                  7.8235472177362988E+000                  4.3678905717508760E+000                  1.9995257010531873E+001                  2.3868671641101016E-022                  7.9896717262506578E-002                  9.2010328273749342E-001                  0.0000000000000000E+000                  0.0000000000000000E+000                  3.9383820485315096E-010 
                                     792                  5.8963157001698852E-002                 -1.8556493094144266E+000                  7.8252737763163047E+000                  4.3722929536802413E+000                  2.0001818052833240E+001                  1.8957836619229055E-022                  7.9539077492272070E-002                  9.2046092250772793E-001                  0.0000000000000000E+000                  0.0000000000000000E+000                  4.5624328868299911E-010 
                                     793                  5.7527762455558067E-002                 -1.8603095923610555E+000                  7.8275803532056072E+000                  4.3781681545830899E+000                  2.0010571697134051E+001                  1.1319983583204552E-022                  7.9005263026586656E-002                  9.2099473697341339E-001                  0.0000000000000000E+000                  0.0000000000000000E+000                  5.5423636561258275E-010 
                                     794                  5.6092367909417760E-002                 -1.8650591272932486E+000                  7.8298663998947440E+000                  4.3840129148753348E+000                  2.0019310802509686E+001                  8.2946659552509891E-023                  7.8724199458018271E-002                  9.2127580054198177E-001                  0.0000000000000000E+000                  0.0000000000000000E+000                  6.7881063435633529E-010 
                                     795                  5.4656973363276989E-002                 -1.8699030332804798E+000                  7.8317981258891010E+000                  4.3889169627752995E+000                  2.0026595200129854E+001                  9.2574913706196486E-023                  7.8053542698339584E-002                  9.2194645730166047E-001                  0.0000000000000000E+000                  0.0000000000000000E+000                  7.9260394304802749E-010 
                                     796                  5.3700043665849954E-002                 -1.8731870337143006E+000                  7.8333283729638463E+000                  4.3928084732451191E+000                  2.0032408220334418E+001                  6.4434902088277205E-023                  7.7786054632858800E-002                  9.2221394536714119E-001                  0.0000000000000000E+000                  0.0000000000000000E+000                  9.0553533501138889E-010 
                                     797                  5.2743113968422968E-002                 -1.8765169421875343E+000                  7.8348343209471354E+000                  4.3966588550395320E+000                  2.0038217223157719E+001                  9.2785830341322136E-023                  7.7959452227283219E-002                  9.2204054777271682E-001                  0.0000000000000000E+000                  0.0000000000000000E+000                  1.0503685694195130E-009 
                                     798                  5.1786184270995433E-002                 -1.8798948151249175E+000                  7.8363670739813234E+000                  4.4005468428480468E+000                  2.0044022913679271E+001                  4.9528443380296267E-023                  7.7632539450187055E-002                  9.2236746054981289E-001                  0.0000000000000000E+000                  0.0000000000000000E+000                  1.1984178700319018E-009 
                                     799                  5.0829254573567954E-002                 -1.8833222003286287E+000                  7.8382000067810997E+000                  4.4051944246437751E+000                  2.0050977367351223E+001                  8.1431564204651617E-023                  7.7342322856902027E-002                  9.2265767714309799E-001                  0.0000000000000000E+000                  0.0000000000000000E+000                  1.4093592772068990E-009 
                                     800                  4.9489552997172462E-002                 -1.8882076227060338E+000                  7.8403470707971827E+000                  4.4106285425564984E+000                  2.0059098411134887E+001                  8.3520941919410917E-023                  7.6889716175399678E-002                  9.2311028382460036E-001                  0.0000000000000000E+000                  0.0000000000000000E+000                  1.6981255558484999E-009 
                                     801                  4.8149851420777261E-002                 -1.8931997238377236E+000                  7.8425065328130632E+000                  4.4160758873407060E+000                  2.0067218135645145E+001                  6.0918247919015722E-023                  7.6241735055792015E-002                  9.2375826494420799E-001                  0.0000000000000000E+000                  0.0000000000000000E+000                  2.0348273883459918E-009 
                                     802                  4.6810149844381810E-002                 -1.8983045437890453E+000                  7.8446395813266632E+000                  4.4214774174308307E+000                  2.0075338686962048E+001                  7.4503175491855455E-023                  7.6133949970760298E-002                  9.2386605002923972E-001                  0.0000000000000000E+000                  0.0000000000000000E+000                  2.4876790789386610E-009 
                                     803                  4.5470448267986317E-002                 -1.9035293754922822E+000                  7.8469393533798275E+000                  4.4272786011656446E+000                  2.0084036838830240E+001                  5.7017912628705688E-023                  7.5796348857301632E-002                  9.2420365114269831E-001                  0.0000000000000000E+000                  0.0000000000000000E+000                  3.0672171444146896E-009 
                                     804                  4.3939360752102592E-002                 -1.9096568668273641E+000                  7.8487769963054470E+000                  4.4319238792904132E+000                  2.0091024169085003E+001                  5.6512938438081394E-023                  7.5696619195534304E-002                  9.2430338080446572E-001                  1.5734357615377692E-031                  0.0000000000000000E+000                  3.6554375908468623E-009 
                                     805                  4.3173816994160334E-002                 -1.9127866722478108E+000                  7.8500014580913051E+000                  4.4350103994461865E+000                  2.0095672432799699E+001                  3.9707885234413032E-023                  7.5649518207037678E-002                  9.2435048179296231E-001                  1.6855133415645365E-031                  0.0000000000000000E+000                  4.1146654571830644E-009 
                                     806                  4.2408273236218118E-002                 -1.9159627371740517E+000                  7.8515574644944586E+000                  4.4389005144623574E+000                  2.0101478829224387E+001                  3.5857519672300506E-023                  7.5143299183123805E-002                  9.2485670081687621E-001                  0.0000000000000000E+000                  0.0000000000000000E+000                  4.7015304991360700E-009 
                                     807                  4.1259957599306389E-002                 -1.9208170123258008E+000                  7.8534057164931799E+000                  4.4435458206685592E+000                  2.0108464142952396E+001                  3.1516445956273605E-023                  7.4959949866220843E-002                  9.2504005013377921E-001                  0.0000000000000000E+000                  0.0000000000000000E+000                  5.6087907093420011E-009 
                                     808                  4.0111641962394466E-002                 -1.9257853608246063E+000                  7.8551664667063941E+000                  4.4479589246777733E+000                  2.0115084560026553E+001                  2.2463714287454700E-023                  7.4641993244671134E-002                  9.2535800675532887E-001                  0.0000000000000000E+000                  0.0000000000000000E+000                  6.6063968771951728E-009 
                                     809                  3.9087366276509244E-002                 -1.9303186196179505E+000                  7.8568183364905053E+000                  4.4521047010069204E+000                  2.0121333679994354E+001                  1.7482722892737383E-023                  7.4559510294858466E-002                  9.2544048970514159E-001                  0.0000000000000000E+000                  0.0000000000000000E+000                  7.7806507735355423E-009 
                                     810                  3.8063090590623683E-002                 -1.9349532571931849E+000                  7.8587016453826966E+000                  4.4568098146468769E+000                  2.0128377876195355E+001                  1.3583281505842241E-023                  7.4068750471915218E-002                  9.2593124952808481E-001                  0.0000000000000000E+000                  0.0000000000000000E+000                  9.2413224695840081E-009 
                                     811                  3.6780082976793235E-002                 -1.9409098482963039E+000                  7.8608088574260879E+000                  4.4620544080505793E+000                  2.0136238754373107E+001                  8.5109475359838954E-024                  7.3547525003461997E-002                  9.2645247499653804E-001                  0.0000000000000000E+000                  0.0000000000000000E+000                  1.1237416922259753E-008 
                                     812                  3.5497075362964106E-002                 -1.9470459184025255E+000                  7.8623788812569293E+000                  4.4659829930164436E+000                  2.0142164807915758E+001                  8.1044411281500345E-024                  7.3462177670547524E-002                  9.2653782232945248E-001                  0.0000000000000000E+000                  0.0000000000000000E+000                  1.3182877028712690E-008 
                                     813                  3.4855571556049382E-002                 -1.9501854812485393E+000                  7.8634307824623146E+000                  4.4686046255586174E+000                  2.0146112807033486E+001                  5.1626342588048701E-024                  7.3332046489276867E-002                  9.2666795351072317E-001                  0.0000000000000000E+000                  0.0000000000000000E+000                  1.4637918794148211E-008 
                                     814                  3.4214067749134679E-002                 -1.9533751168672271E+000                  7.8650117621705560E+000                  4.4725335057106035E+000                  2.0152031477366680E+001                  4.7016072791083972E-024                  7.3128095141915192E-002                  9.2687190485808479E-001                  0.0000000000000000E+000                  0.0000000000000000E+000                  1.7145141182910139E-008 
                                     815                  3.2931060135305376E-002                 -1.9599125101755905E+000                  7.8666059495059315E+000                  4.4764989924340775E+000                  2.0157999511745601E+001                  2.4990897982069098E-024                  7.2891450148624776E-002                  9.2710854985137525E-001                  0.0000000000000000E+000                  0.0000000000000000E+000                  2.0111391526800508E-008 
                                     816                  3.2289556328391443E-002                 -1.9632642479191666E+000                  7.8676806024693349E+000                  4.4791563689855423E+000                  2.0161977215214627E+001                  1.6598855730362172E-024                  7.2534839065328163E-002                  9.2746516093467180E-001                  0.0000000000000000E+000                  0.0000000000000000E+000                  2.2229777148949810E-008 
                                     817                  3.1648052521476941E-002                 -1.9666742522163292E+000                  7.8692712349356366E+000                  4.4831022864003600E+000                  2.0167943100553330E+001                  8.4295061033743752E-025                  7.2465226848023812E-002                  9.2753477315197619E-001                  0.0000000000000000E+000                  0.0000000000000000E+000                  2.6307053055856720E-008 
                                     818                  3.0365044907647781E-002                 -1.9736795999732748E+000                  7.8708787262205195E+000                  4.4870916947921327E+000                  2.0173964941808347E+001                  4.5971217687387671E-025                  7.2315644591131156E-002                  9.2768435540886884E-001                  0.0000000000000000E+000                  0.0000000000000000E+000                  3.1131381150628923E-008 
                                     819                  2.9723541100732161E-002                 -1.9772799944721637E+000                  7.8719768269603456E+000                  4.4897875236326366E+000                  2.0177980532672116E+001                  1.9219521173311395E-025                  7.1765873336540761E-002                  9.2823412666345928E-001                  0.0000000000000000E+000                  0.0000000000000000E+000                  3.4304392542840844E-008 
                                     820                  2.9082037293816466E-002                 -1.9809490818314446E+000                  7.8735966949861220E+000                  4.4937806056314216E+000                  2.0184006387791971E+001                  1.2651238012776918E-025                  7.1555674135573094E-002                  9.2844432586442693E-001                  0.0000000000000000E+000                  0.0000000000000000E+000                  4.0639690637652834E-008 
                                     821                  2.7799029679987011E-002                 -1.9885069212306299E+000                  7.8752214574297499E+000                  4.4978002040700407E+000                  2.0190096103155959E+001                  6.0002894192029155E-026                  7.1534932535769133E-002                  9.2846506746423085E-001                  0.0000000000000000E+000                  0.0000000000000000E+000                  4.8629259903834472E-008 
                                     822                  2.7157525873073081E-002                 -1.9924024310811002E+000                  7.8763215936326691E+000                  4.5005023982834569E+000                  2.0194159355822283E+001                  2.6344166244299701E-026                  7.1260924739381490E-002                  9.2873907526061850E-001                  9.4114728298416704E-031                  0.0000000000000000E+000                  5.4355540923856069E-008 
                                     823                  2.6516022066159248E-002                 -1.9963804964399436E+000                  7.8779676085051484E+000                  4.5045426682293455E+000                  2.0200260500635149E+001                  1.6002793704805278E-026                  7.1032563394700612E-002                  9.2896743660529935E-001                  0.0000000000000000E+000                  0.0000000000000000E+000                  6.4773296010830159E-008 
                                     824                  2.5233014452327882E-002                 -2.0046013191632257E+000                  7.8801534617722764E+000                  4.5099090026903923E+000                  2.0208377997137891E+001                  5.4926767947395098E-027                  7.0820842141667631E-002                  9.2917915785833238E-001                  0.0000000000000000E+000                  0.0000000000000000E+000                  8.2248933447517674E-008 
                                     825                  2.3980313806298927E-002                 -2.0129976636543709E+000                  7.8817881277755957E+000                  4.5139208946549214E+000                  2.0214454285500789E+001                  2.3240971264824251E-027                  7.0710544693646182E-002                  9.2928945530635376E-001                  0.0000000000000000E+000                  0.0000000000000000E+000                  9.8685670233968812E-008 
                                     826                  2.3353963483284296E-002                 -2.0173448495366650E+000                  7.8828825488114811E+000                  4.5165995289465695E+000                  2.0218512884217237E+001                  1.6377896485193416E-027                  7.0634264040073447E-002                  9.2936573595992655E-001                  0.0000000000000000E+000                  0.0000000000000000E+000                  1.1155080831148033E-007 
                                     827                  2.2727613160269521E-002                 -2.0217986446843779E+000                  7.8845323796658668E+000                  4.5206252807492069E+000                  2.0224613786153224E+001                  1.2891264750233662E-027                  7.0502768810949676E-002                  9.2949723118905037E-001                  0.0000000000000000E+000                  0.0000000000000000E+000                  1.3421787441548309E-007 
                                     828                  2.1474912514240191E-002                 -2.0310506615824324E+000                  7.8867529706389004E+000                  4.5260512548384035E+000                  2.0232846606341422E+001                  5.9387833781250059E-028                  7.0403652754504178E-002                  9.2959634724549578E-001                  0.0000000000000000E+000                  0.0000000000000000E+000                  1.7305822587819218E-007 
                                     829                  2.0222211868210518E-002                 -2.0408076470691485E+000                  7.8894454483931478E+000                  4.5325969709695615E+000                  2.0242776909832379E+001                  4.7981312470570106E-028                  7.0199302968720401E-002                  9.2980069703127954E-001                  0.0000000000000000E+000                  0.0000000000000000E+000                  2.3524600781739861E-007 
                                     830                  1.8479542254268042E-002                 -2.0553447748594662E+000                  7.8918615307076800E+000                  4.5384372978215675E+000                  2.0251636959229252E+001                  3.9859952498266354E-028                  6.9947160688001733E-002                  9.3005283931199823E-001                  0.0000000000000000E+000                  0.0000000000000000E+000                  3.0956051481539244E-007 
                                     831                  1.7608207447296902E-002                 -2.0630923532002807E+000                  7.8934782660084615E+000                  4.5423444212770576E+000                  2.0257579361553208E+001                  3.2868507263791029E-028                  6.9880894608036592E-002                  9.3011910539196341E-001                  0.0000000000000000E+000                  0.0000000000000000E+000                  3.7399743924870292E-007 
                                     832                  1.6736872640325438E-002                 -2.0712027259004953E+000                  7.8950314829658996E+000                  4.5460897870655552E+000                  2.0263271489322992E+001                  2.5980272498783920E-028                  6.9768025442934728E-002                  9.3023197455706530E-001                  0.0000000000000000E+000                  0.0000000000000000E+000                  4.4784510352702109E-007 
                                     833                  1.5956458736750809E-002                 -2.0788062172210831E+000                  7.8965150283863768E+000                  4.5496594802250199E+000                  2.0268701504368579E+001                  1.5688739603825722E-028                  6.9677866099534205E-002                  9.3032213390046581E-001                  0.0000000000000000E+000                  0.0000000000000000E+000                  5.3264166227148341E-007 
                                     834                  1.5176044833176952E-002                 -2.0867637821043723E+000                  7.8980157286172812E+000                  4.5532635576986422E+000                  2.0274189255855930E+001                  1.4596729883089321E-028                  6.9611613080363857E-002                  9.3038838691963610E-001                  0.0000000000000000E+000                  0.0000000000000000E+000                  6.3574759907119744E-007 
                                     835                  1.4395630929602323E-002                 -2.0951127026697831E+000                  7.8995348288400136E+000                  4.5569048658910134E+000                  2.0279739894560112E+001                  9.8432456545696907E-029                  6.9571955955800124E-002                  9.3042804404419988E-001                  6.1769517912328149E-030                  0.0000000000000000E+000                  7.6168497116679906E-007 
                                     836                  1.3615217026027847E-002                 -2.1038964866132708E+000                  7.9009273096401884E+000                  4.5602347446926643E+000                  2.0284812034117717E+001                  7.8889697755441103E-029                  6.9492261289483728E-002                  9.3050773871051629E-001                  0.0000000000000000E+000                  0.0000000000000000E+000                  8.9753324895590283E-007 
                                     837                  1.2987687745727479E-002                 -2.1113091557603996E+000                  7.9021826335939132E+000                  4.5632298167014715E+000                  2.0289378802811488E+001                  4.5333513747000185E-029                  6.9440285640897229E-002                  9.3055971435910279E-001                  0.0000000000000000E+000                  0.0000000000000000E+000                  1.0417754205154076E-006 
                                     838                  1.2360158465427285E-002                 -2.1190668116824800E+000                  7.9040902946668590E+000                  4.5677604831214236E+000                  2.0296288867312633E+001                  2.8844353530495198E-029                  6.9332851239901419E-002                  9.3066714876009859E-001                  0.0000000000000000E+000                  0.0000000000000000E+000                  1.3053375297952457E-006 
                                     839                  1.1105099904825907E-002                 -2.1357672613571625E+000                  7.9059760408318986E+000                  4.5722424251414511E+000                  2.0303126504718751E+001                  1.7467326644200124E-029                  6.9241547708251611E-002                  9.3075845229174836E-001                  0.0000000000000000E+000                  0.0000000000000000E+000                  1.6330405741020220E-006 
                                     840                  1.0554012936162632E-002                 -2.1436721775036158E+000                  7.9071420285451399E+000                  4.5750006826782554E+000                  2.0307337615731331E+001                  1.4284664142647316E-029                  6.9182641081772703E-002                  9.3081735891822726E-001                  0.0000000000000000E+000                  0.0000000000000000E+000                  1.8755600250391594E-006 
                                     841                  1.0002925967499183E-002                 -2.1519793162065493E+000                  7.9089173916552644E+000                  4.5791813766538843E+000                  2.0313722101582705E+001                  1.1537615268966887E-029                  6.9068704695650379E-002                  9.3093129530434959E-001                  0.0000000000000000E+000                  0.0000000000000000E+000                  2.3134478697130366E-006 
                                     842                  8.9007520301733756E-003                 -2.1699911844795259E+000                  7.9109336918185935E+000                  4.5839287752129056E+000                  2.0320980309033221E+001                  1.2085141935285289E-029                  6.8991871282454584E-002                  9.3100812871754546E-001                  0.0000000000000000E+000                  0.0000000000000000E+000                  2.9431167240635397E-006 
                                     843                  8.1852343100622948E-003                 -2.1828631358460169E+000                  7.9125584357042840E+000                  4.5877367592883322E+000                  2.0326808188006723E+001                  1.3807089759398556E-029                  6.8937608213631110E-002                  9.3106239178636885E-001                  0.0000000000000000E+000                  0.0000000000000000E+000                  3.5741939406288030E-006 
                                     844                  7.4697165899512887E-003                 -2.1968628016858340E+000                  7.9142256235540076E+000                  4.5916323348567962E+000                  2.0332776942555316E+001                  1.7323638264029674E-029                  6.8906238779807824E-002                  9.3109376122019216E-001                  1.3082623025286034E-029                  0.0000000000000000E+000                  4.3669689874040713E-006 
                                     845                  6.7541988698403320E-003                 -2.2122166799282228E+000                  7.9159438750120836E+000                  4.5956326961879785E+000                  2.0338907768320670E+001                  1.6371405164495849E-029                  6.8855902158422064E-002                  9.3114409784157792E-001                  0.0000000000000000E+000                  0.0000000000000000E+000                  5.3634590857263453E-006 
                                     846                  6.0386811497293762E-003                 -2.2292272187195592E+000                  7.9174435001240289E+000                  4.5991160815934862E+000                  2.0344252184554051E+001                  1.5786568643274572E-029                  6.8836460463288493E-002                  9.3116353953671149E-001                  0.0000000000000000E+000                  0.0000000000000000E+000                  6.4232663683138951E-006 
                                     847                  5.5453888953854169E-003                 -2.2421303515275230E+000                  7.9186983138809612E+000                  4.6020200459450562E+000                  2.0348712621221377E+001                  1.4788428842354314E-029                  6.8834604200513100E-002                  9.3116539579948687E-001                  0.0000000000000000E+000                  0.0000000000000000E+000                  7.4729329171211028E-006 
                                     848                  5.0520966410414576E-003                 -2.2561979575327129E+000                  7.9199916012003113E+000                  4.6050029502593031E+000                  2.0353290540835729E+001                  1.5841964239825350E-029                  6.8786802324760338E-002                  9.3121319767523969E-001                  0.0000000000000000E+000                  0.0000000000000000E+000                  8.7157147182259448E-006 
                                     849                  4.5588043866974983E-003                 -2.2716686201718006E+000                  7.9213243850860469E+000                  4.6080688409805370E+000                  2.0358003401613374E+001                  1.2576882305406694E-029                  6.8774483034158049E-002                  9.3122551696584199E-001                  0.0000000000000000E+000                  0.0000000000000000E+000                  1.0227696915584553E-005 
                                     850                  4.0655121323535381E-003                 -2.2888632297440679E+000                  7.9229710482087548E+000                  4.6118394520986827E+000                  2.0363801678222071E+001                  1.2229936440711091E-029                  6.8741514149148475E-002                  9.3125848585085147E-001                  0.0000000000000000E+000                  0.0000000000000000E+000                  1.2449296385987321E-005 
                                     851                  3.3829256634653119E-003                 -2.3163623066965346E+000                  7.9244898364921381E+000                  4.6153128893001671E+000                  2.0369144721099666E+001                  6.8970374606635961E-030                  6.8713330442469286E-002                  9.3128666955753070E-001                  0.0000000000000000E+000                  0.0000000000000000E+000                  1.4921409177755473E-005 
                                     852                  3.0416324290222776E-003                 -2.3322217547875517E+000                  7.9255363050037859E+000                  4.6176946695201702E+000                  2.0372812856235360E+001                  6.5112066618142055E-030                  6.8702832841849415E-002                  9.3129716715815059E-001                  0.0000000000000000E+000                  0.0000000000000000E+000                  1.6907930900355050E-005 
                                     853                  2.7003391945792186E-003                 -2.3499312460625950E+000                  7.9270431982733944E+000                  4.6211073048104865E+000                  2.0378073776976638E+001                  4.0934466124448593E-030                  6.8691960839662392E-002                  9.3130803916033766E-001                  0.0000000000000000E+000                  0.0000000000000000E+000                  2.0239328850367121E-005 
                                     854                  2.0951981884663662E-003                 -2.3875658125406249E+000                  7.9291340834676483E+000                  4.6258256704283580E+000                  2.0385350431180701E+001                  2.3946901202600602E-030                  6.8663776385614231E-002                  9.3133622361438573E-001                  0.0000000000000000E+000                  0.0000000000000000E+000                  2.5946240946113673E-005 
                                     855                  1.4900571823534643E-003                 -2.4378993749663351E+000                  7.9310030892015977E+000                  4.6300296130244352E+000                  2.0391838997819132E+001                  1.7101332969002479E-030                  6.8648118429923730E-002                  9.3135188157007631E-001                  0.0000000000000000E+000                  0.0000000000000000E+000                  3.2391493989443367E-005 
                                     856                  1.1254184517999308E-003                 -2.4791854883408688E+000                  7.9325436674962431E+000                  4.6334699152941434E+000                  2.0397156677923995E+001                  1.3986633660901683E-030                  6.8642905934348644E-002                  9.3135709406565137E-001                  0.0000000000000000E+000                  0.0000000000000000E+000                  3.8884441059698972E-005 
                                     857                  7.6077972124637214E-004                 -2.5366034308706005E+000                  7.9342972480424789E+000                  4.6373628800326250E+000                  2.0403177679882493E+001                  1.1160024522899992E-030                  6.8619154222555989E-002                  9.3138084577744396E-001                  0.0000000000000000E+000                  0.0000000000000000E+000                  4.7808387691152755E-005 
                                     858                  3.9614099069422740E-004                 -2.6319555151365095E+000                  7.9359251671350570E+000                  4.6409732474695584E+000                  2.0408761447381103E+001                  1.0998641851047297E-030                  6.8587615840098162E-002                  9.3141238415990180E-001                  0.0000000000000000E+000                  0.0000000000000000E+000                  5.7865147418400901E-005 
                                     859                  2.1382162541929586E-004                 -2.7217621765926436E+000                  7.9369233545903661E+000                  4.6431767306541802E+000                  2.0412172045220032E+001                  1.0933534425375029E-030                  6.8568090648230218E-002                  9.3143190935176978E-001                  0.0000000000000000E+000                  0.0000000000000000E+000                  6.5032874131090831E-005 
                                     860                  1.2266194278169528E-004                 -2.8025354921718151E+000                  7.9375233986750811E+000                  4.6444973844454003E+000                  2.0414217663509689E+001                  1.0908541051941750E-030                  6.8559323329595551E-002                  9.3144067667040442E-001                  0.0000000000000000E+000                  0.0000000000000000E+000                  6.9763977661912408E-005 
                                     861                  7.7082101462627530E-005                 -2.8699791660309160E+000                  7.9378733693171517E+000                  4.6452660392605241E+000                  2.0415409439338891E+001                  1.0908541051941748E-030                  6.8559323329594718E-002                  9.3144067667040531E-001                  0.0000000000000000E+000                  0.0000000000000000E+000                  7.2694224906245312E-005 
                                     862                  5.4292180803178718E-005                 -2.9208266776174483E+000                  7.9381359579105331E+000                  4.6458408497698400E+000                  2.0416301173503587E+001                  1.0908541051941741E-030                  6.8559323329594080E-002                  9.3144067667040598E-001                  0.0000000000000000E+000                  0.0000000000000000E+000                  7.4971562809659551E-005 
                                     863                  3.1502260143729886E-005                 -2.9997526027385284E+000                  7.9384019479190497E+000                  4.6464230566864133E+000                  2.0417204400256725E+001                  1.0908541051941741E-030                  6.8559323329593455E-002                  9.3144067667040653E-001                  0.0000000000000000E+000                  0.0000000000000000E+000                  7.7350149319952924E-005 
                                     864                  1.5751130048173743E-005                 -3.1002052693823718E+000                  7.9386070329286031E+000                  4.6468724369786996E+000                  2.0417901438792612E+001                  1.0908541051941743E-030                  6.8559323329592997E-002                  9.3144067667040698E-001                  0.0000000000000000E+000                  0.0000000000000000E+000                  7.9235005220552217E-005 
                                     865                  7.8755650002551811E-006                 -3.2006174275471579E+000                  7.9387361716845470E+000                  4.6471553234455003E+000                  2.0418340249819224E+001                  1.0908541051941740E-030                  6.8559323329592539E-002                  9.3144067667040742E-001                  0.0000000000000000E+000                  0.0000000000000000E+000                  8.0445015972839052E-005 
                                     866                  3.9377824762437949E-006                 -3.3010040967645815E+000                  7.9388175124030020E+000                  4.6473334445184751E+000                  2.0418616566219562E+001                  1.0908541051941740E-030                  6.8559323329592331E-002                  9.3144067667040764E-001                  0.0000000000000000E+000                  0.0000000000000000E+000                  8.1216482723881013E-005 
                                     867                  1.9688912140836106E-006                 -3.4013747218067931E+000                  7.9388687503048265E+000                  4.6474456190966738E+000                  2.0418790588157751E+001                  1.0908541051941738E-030                  6.8559323329592220E-002                  9.3144067667040775E-001                  0.0000000000000000E+000                  0.0000000000000000E+000                  8.1706174874687478E-005 
                                     868                  9.8444558318132426E-007                 -3.5017352453476418E+000                  7.9389010270026592E+000                  4.6475162707924467E+000                  2.0418900196669277E+001                  1.0908541051941741E-030                  6.8559323329592151E-002                  9.3144067667040786E-001                  0.0000000000000000E+000                  0.0000000000000000E+000                  8.2016140417305654E-005 
                                     869                  4.9222276771613653E-007                 -3.6020894087492255E+000                  7.9389213599386421E+000                  4.6475607729173811E+000                  2.0418969238388524E+001                  1.0908541051941741E-030                  6.8559323329592123E-002                  9.3144067667040786E-001                  0.0000000000000000E+000                  0.0000000000000000E+000                  8.2211998578370196E-005 
                                     870                  2.4611135913370302E-007                 -3.7024395696343970E+000                  7.9389341693400262E+000                  4.6475888050347676E+000                  2.0419012729043157E+001                  1.0908541051941743E-030                  6.8559323329592109E-002                  9.3144067667040786E-001                  0.0000000000000000E+000                  0.0000000000000000E+000                  8.2335621293510132E-005 
                                     871                  1.2305565152580993E-007                 -3.8027872191860572E+000                  7.9389422393707321E+000                  4.6476064629914999E+000                  2.0419040125286315E+001                  1.0908541051941738E-030                  6.8559323329592053E-002                  9.3144067667040797E-001                  0.0000000000000000E+000                  0.0000000000000000E+000                  8.2413597748901793E-005 
                                     872                  6.1527799972759085E-008                 -3.9031332950430571E+000                  7.9389473236654879E+000                  4.6476175862304538E+000                  2.0419057383379464E+001                  1.0908541051941738E-030                  6.8559323329591998E-002                  9.3144067667040797E-001                  0.0000000000000000E+000                  0.0000000000000000E+000                  8.2462761322749036E-005 
                                     873                  3.0763873410992919E-008                 -4.0034784107877988E+000                  7.9389505269747378E+000                  4.6476245931099083E+000                  2.0419068255113970E+001                  1.0908541051941738E-030                  6.8559323329591998E-002                  9.3144067667040797E-001                  3.1405086647285924E-029                  0.0000000000000000E+000                  8.2493750692523143E-005 
                                     874                  1.5381910955732741E-008                 -4.1038229669809621E+000                  7.9389531706268750E+000                  4.6476304992569828E+000                  2.0419077386660696E+001                  1.0908541051941740E-030                  6.8559323329592012E-002                  9.3144067667040797E-001                  0.0000000000000000E+000                  0.0000000000000000E+000                  8.2519386561973282E-005 
