                                       1                                        2                                        3                                        4                                        5                                        6                                        7                                        8                                        9                                       10                                       11                                       12                                       13                                       14                                       15                                       16                                       17                                       18                                       19                                       20                                       21                                       22                                       23                                       24                                       25                                       26                                       27                                       28                                       29                                       30                                       31                                       32                                       33                                       34                                       35                                       36                                       37                                       38                                       39                                       40                                       41                                       42                                       43                                       44                                       45                                       46                                       47                                       48                                       49 
                            model_number                                num_zones                             initial_mass                                initial_z                                 star_age                                time_step                                     Teff                            photosphere_L                            photosphere_r                               center_eta                                center_h1                               center_he3                               center_he4                               center_c12                               center_n14                               center_o16                              center_ne20                                star_mass                                star_mdot                             star_mass_h1                            star_mass_he3                            star_mass_he4                            star_mass_c12                            star_mass_n14                            star_mass_o16                           star_mass_ne20                             he_core_mass                             co_core_mass                             fe_core_mass                   neutron_rich_core_mass                             dynamic_time                             kh_timescale                            nuc_timescale                           power_nuc_burn                             power_h_burn                            power_he_burn                                power_neu                                burn_min1                                burn_min2                             time_seconds                           version_number                                 compiler                                    build                         MESA_SDK_version                             math_backend                                     date                                     msun                                     rsun                                     lsun 
                                    1020                                     1080                  1.0000000000000000E+000                  2.0000000000000000E-002                  3.0130769880180241E+000                  2.0757737590997114E-003                  2.7726064291966843E+004                  2.7079084157363891E+003                  2.2552448249827366E+000                  2.2981307217002769E+000                  0.0000000000000000E+000                  0.0000000000000000E+000                  6.8559323321589941E-002                  4.4241129210354740E-001                  2.0548874098888792E-007                  4.6479312226965119E-001                  2.0158826096892402E-002                  2.2338347877174611E-001                 -6.9923572499966793E-009                  1.8079305615288020E-050                  2.1170599773236426E-048                  3.5549656595505616E-002                  9.4658566887607029E-002                  2.2130291774428147E-004                  8.7741268677971621E-002                  4.1843004711363437E-003                  2.2338347877174611E-001                  1.2230385963014917E-001                  0.0000000000000000E+000                  0.0000000000000000E+000                  7.1716993319836285E+004                  1.9242227334028840E+002                  8.2492996245221677E+005                  2.5682481046067910E+001                  2.4740104926544765E-032                  6.1593978575288382E-008                  5.7934906472906578E+000                  5.0000000000000000E+001                  1.0000000000000000E+003                  9.5085478357077599E+007                               "r23.05.1"                               "gfortran"                                 "13.1.0"                    "x86_64-linux-23.7.3"                                 "CRMATH"                               "20260529"                  1.9884098706980504E+033                  6.9570000000000000E+010                  3.8280000000000003E+033 

                                       1                                        2                                        3                                        4                                        5                                        6                                        7                                        8                                        9                                       10                                       11                                       12 
                                    zone                                     mass                                     logR                                     logT                                   logRho                                     logP                        x_mass_fraction_H                       y_mass_fraction_He                   z_mass_fraction_metals                                       pp                                      cno                                tri_alpha 
                                       1                  2.2338347877174611E-001                  3.5319369493572944E-001                  4.4429107400576910E+000                 -9.0592901671091539E+000                  3.3276859847722560E+000                  3.5706215498385833E-005                  4.0938457768923064E-001                  5.9057971609527105E-001                  4.0616052279450020E-177                  0.0000000000000000E+000                  0.0000000000000000E+000 
                                       2                  2.2338347877159809E-001                  3.5319067671112725E-001                  4.4429760086795538E+000                 -9.0588486249093290E+000                  3.3280249726278863E+000                  3.5706215498385792E-005                  4.0938457768923137E-001                  5.9057971609527027E-001                  4.0657372250263468E-177                  0.0000000000000000E+000                  0.0000000000000000E+000 
                                       3                  2.2338347877131706E-001                  3.5318495064345795E-001                  4.4430932741036200E+000                 -9.0580579573002602E+000                  3.3286333336160987E+000                  3.5706215498385643E-005                  4.0938457768923359E-001                  5.9057971609526805E-001                  4.0731468801881490E-177                  0.0000000000000000E+000                  0.0000000000000000E+000 
                                       4                  2.2338347877082737E-001                  3.5317499051695800E-001                  4.4433297390145441E+000                 -9.0564736006837538E+000                  3.3298574870580699E+000                  3.5706215498385643E-005                  4.0938457768923359E-001                  5.9057971609526805E-001                  4.0880351730812316E-177                  0.0000000000000000E+000                  0.0000000000000000E+000 
                                       5                  2.2338347876976303E-001                  3.5315341972509329E-001                  4.4437632141074026E+000                 -9.0536044339352912E+000                  3.3320923393167199E+000                  3.5706215498385643E-005                  4.0938457768923359E-001                  5.9057971609526805E-001                  4.1151355589793563E-177                  0.0000000000000000E+000                  0.0000000000000000E+000 
                                       6                  2.2338347876797954E-001                  3.5311750381322371E-001                  4.4442726615595154E+000                 -9.0502914374356749E+000                  3.3347033022415227E+000                  3.5706215498385643E-005                  4.0938457768923359E-001                  5.9057971609526805E-001                  4.1466516672078814E-177                  0.0000000000000000E+000                  0.0000000000000000E+000 
                                       7                  2.2338347876641845E-001                  3.5308629845523870E-001                  4.4450594375924375E+000                 -9.0452871544468803E+000                  3.3387060897369314E+000                  3.5706215498385643E-005                  4.0938457768923359E-001                  5.9057971609526805E-001                  4.1947150389231344E-177                  0.0000000000000000E+000                  0.0000000000000000E+000 
                                       8                  2.2338347876281431E-001                  3.5301505424611695E-001                  4.4465157278066476E+000                 -9.0363850178775227E+000                  3.3460187085466355E+000                  3.5706215498385399E-005                  4.0938457768923725E-001                  5.9057971609526438E-001                  4.2815963459831559E-177                  0.0000000000000000E+000                  0.0000000000000000E+000 
                                       9                  2.2338347875686468E-001                  3.5289975686883696E-001                  4.4492103797106148E+000                 -9.0210355393940418E+000                  3.3592451963276106E+000                  3.5706215498385128E-005                  4.0938457768924141E-001                  5.9057971609526017E-001                  4.4356488772314032E-177                  0.0000000000000000E+000                  0.0000000000000000E+000 
                                      10                  2.2338347874513903E-001                  3.5268016454260820E-001                  4.4539316628519563E+000                 -8.9972853029550031E+000                  3.3815438659316253E+000                  3.5706215498384728E-005                  4.0938457768924780E-001                  5.9057971609525384E-001                  4.6850097572604749E-177                  0.0000000000000000E+000                  0.0000000000000000E+000 
                                      11                  2.2338347872588216E-001                  3.5233806076799723E-001                  4.4615487961887892E+000                 -8.9659389169909716E+000                  3.4155216937805952E+000                  3.5706215498384288E-005                  4.0938457768925474E-001                  5.9057971609524684E-001                  5.0357146489876961E-177                  0.0000000000000000E+000                  0.0000000000000000E+000 
                                      12                  2.2338347869492023E-001                  3.5182480145016887E-001                  4.4691041128902675E+000                 -8.9370094963703295E+000                  3.4487176348743276E+000                  3.5706215498383705E-005                  4.0938457768926384E-001                  5.9057971609523774E-001                  5.3826305454829667E-177                  0.0000000000000000E+000                  0.0000000000000000E+000 
                                      13                  2.2338347867312464E-001                  3.5148578028866145E-001                  4.4742493856122572E+000                 -8.9171762591397297E+000                  3.4714802113345145E+000                  3.5706215498383420E-005                  4.0938457768926795E-001                  5.9057971609523374E-001                  5.6341791993856293E-177                  0.0000000000000000E+000                  0.0000000000000000E+000 
                                      14                  2.2338347865646210E-001                  3.5123766922632699E-001                  4.4784878819128329E+000                 -8.9007947492076358E+000                  3.4903257283663165E+000                  3.5706215498383230E-005                  4.0938457768927100E-001                  5.9057971609523063E-001                  5.8507907598321160E-177                  0.0000000000000000E+000                  0.0000000000000000E+000 
                                      15                  2.2338347863979957E-001                  3.5099833997486690E-001                  4.4821220569755109E+000                 -8.8864582226966551E+000                  3.5066422772684027E+000                  3.5706215498383075E-005                  4.0938457768927344E-001                  5.9057971609522819E-001                  6.0471846781826321E-177                  0.0000000000000000E+000                  0.0000000000000000E+000 
                                      16                  2.2338347862648386E-001                  3.5081302087658706E-001                  4.4852293991762808E+000                 -8.8741397339221333E+000                  3.5206638172283817E+000                  3.5706215498382946E-005                  4.0938457768927539E-001                  5.9057971609522619E-001                  6.2211917388852696E-177                  0.0000000000000000E+000                  0.0000000000000000E+000 
                                      17                  2.2338347861316815E-001                  3.5063265672800431E-001                  4.4899117966856616E+000                 -8.8558643179319034E+000                  3.5417922405659006E+000                  3.5706215498382790E-005                  4.0938457768927777E-001                  5.9057971609522386E-001                  6.4886122162994133E-177                  0.0000000000000000E+000                  0.0000000000000000E+000 
                                      18                  2.2338347858476390E-001                  3.5026306893442749E-001                  4.4969437597920079E+000                 -8.8274908278874733E+000                  3.5740557681605911E+000                  3.5706215498382566E-005                  4.0938457768928127E-001                  5.9057971609522042E-001                  6.9267546134627142E-177                  0.0000000000000000E+000                  0.0000000000000000E+000 
                                      19                  2.2338347854564339E-001                  3.4978483767671720E-001                  4.5026051873365072E+000                 -8.8029301326620608E+000                  3.6008287228140192E+000                  3.5706215498382377E-005                  4.0938457768928416E-001                  5.9057971609521753E-001                  7.3298402031127824E-177                  0.0000000000000000E+000                  0.0000000000000000E+000 
                                      20                  2.2338347852505744E-001                  3.4954643083586034E-001                  4.5066316175261534E+000                 -8.7858724494157574E+000                  3.6198643108691826E+000                  3.5706215498382261E-005                  4.0938457768928599E-001                  5.9057971609521565E-001                  7.6235111785220590E-177                  0.0000000000000000E+000                  0.0000000000000000E+000 
                                      21                  2.2338347850099471E-001                  3.4927802369711847E-001                  4.5107492130718372E+000                 -8.7681489367436676E+000                  3.6395363546411712E+000                  3.5706215498382153E-005                  4.0938457768928765E-001                  5.9057971609521398E-001                  7.9411166687585806E-177                  0.0000000000000000E+000                  0.0000000000000000E+000 
                                      22                  2.2338347847693205E-001                  3.4901988068119211E-001                  4.5146837380829368E+000                 -8.7510791169429272E+000                  3.6584842689057706E+000                  3.5706215498382051E-005                  4.0938457768928910E-001                  5.9057971609521254E-001                  8.2595115743141289E-177                  0.0000000000000000E+000                  0.0000000000000000E+000 
                                      23                  2.2338347845264872E-001                  3.4876897043167349E-001                  4.5182545450770304E+000                 -8.7354485942455504E+000                  3.6758175415773362E+000                  3.5706215498381977E-005                  4.0938457768929032E-001                  5.9057971609521132E-001                  8.5622451777090665E-177                  0.0000000000000000E+000                  0.0000000000000000E+000 
                                      24                  2.2338347843092643E-001                  3.4855210645623602E-001                  4.5214928575553568E+000                 -8.7212897120174659E+000                  3.6916051901898728E+000                  3.5706215498381902E-005                  4.0938457768929137E-001                  5.9057971609521021E-001                  8.8460439954639711E-177                  0.0000000000000000E+000                  0.0000000000000000E+000 
                                      25                  2.2338347840920411E-001                  3.4834188881563682E-001                  4.5261611962067088E+000                 -8.7013869781342610E+000                  3.7143028668735130E+000                  3.5706215498381821E-005                  4.0938457768929259E-001                  5.9057971609520910E-001                  9.2609489166769606E-177                  0.0000000000000000E+000                  0.0000000000000000E+000 
                                      26                  2.2338347836575947E-001                  3.4793943567238328E-001                  4.5312526932961354E+000                 -8.6789638653926229E+000                  3.7394565200245493E+000                  3.5706215498381740E-005                  4.0938457768929393E-001                  5.9057971609520776E-001                  9.7517559948231313E-177                  0.0000000000000000E+000                  0.0000000000000000E+000 
                                      27                  2.2338347833317601E-001                  3.4765210087443765E-001                  4.5354091184526268E+000                 -8.6609986239608663E+000                  3.7599677412397865E+000                  3.5706215498381679E-005                  4.0938457768929482E-001                  5.9057971609520687E-001                  1.0163692834872033E-176                  0.0000000000000000E+000                  0.0000000000000000E+000 
                                      28                  2.2338347830059252E-001                  3.4737587247079599E-001                  4.5393879241498016E+000                 -8.6439744677409411E+000                  3.7796111547274118E+000                  3.5706215498381631E-005                  4.0938457768929559E-001                  5.9057971609520599E-001                  1.0570098556420631E-176                  0.0000000000000000E+000                  0.0000000000000000E+000 
                                      29                  2.2338347826797983E-001                  3.4710952599264316E-001                  4.5432096122001910E+000                 -8.6278330923248046E+000                  3.7984578260889457E+000                  3.5706215498381584E-005                  4.0938457768929626E-001                  5.9057971609520532E-001                  1.0970429947004487E-176                  0.0000000000000000E+000                  0.0000000000000000E+000 
                                      30                  2.2338347823536719E-001                  3.4685243269964827E-001                  4.5475020595256721E+000                 -8.6101454077933308E+000                  3.8195131261143778E+000                  3.5706215498381550E-005                  4.0938457768929687E-001                  5.9057971609520477E-001                  1.1426545386428975E-176                  0.0000000000000000E+000                  0.0000000000000000E+000 
                                      31                  2.2338347819186419E-001                  3.4652250664186246E-001                  4.5521927670856357E+000                 -8.5910923624763331E+000                  3.8424612226797947E+000                  3.5706215498381509E-005                  4.0938457768929748E-001                  5.9057971609520421E-001                  1.1939110515910682E-176                  0.0000000000000000E+000                  0.0000000000000000E+000 
                                      32                  2.2338347814836118E-001                  3.4620603618446172E-001                  4.5566934897512210E+000                 -8.5732843383195192E+000                  3.8643194075522809E+000                  3.5706215498381475E-005                  4.0938457768929798E-001                  5.9057971609520366E-001                  1.2438952057672206E-176                  0.0000000000000000E+000                  0.0000000000000000E+000 
                                      33                  2.2338347810485815E-001                  3.4590162789466972E-001                  4.5610307150044482E+000                 -8.5566004231403134E+000                  3.8851950343958737E+000                  3.5706215498381448E-005                  4.0938457768929842E-001                  5.9057971609520321E-001                  1.2926213891812769E-176                  0.0000000000000000E+000                  0.0000000000000000E+000 
                                      34                  2.2338347806132092E-001                  3.4560785540808153E-001                  4.5652249458300487E+000                 -8.5409432995354884E+000                  3.9051734803380165E+000                  3.5706215498381428E-005                  4.0938457768929876E-001                  5.9057971609520288E-001                  1.3400837188329208E-176                  0.0000000000000000E+000                  0.0000000000000000E+000 
                                      35                  2.2338347801778369E-001                  3.4532391934036288E-001                  4.5691636639286788E+000                 -8.5266801398774579E+000                  3.9237293163037092E+000                  3.5706215498381408E-005                  4.0938457768929903E-001                  5.9057971609520266E-001                  1.3848358745517979E-176                  0.0000000000000000E+000                  0.0000000000000000E+000 
                                      36                  2.2338347797699998E-001                  3.4506605178815697E-001                  4.5747174977422960E+000                 -8.5076701170372910E+000                  3.9493772802699567E+000                  3.5706215498381381E-005                  4.0938457768929937E-001                  5.9057971609520221E-001                  1.4468139781727790E-176                  0.0000000000000000E+000                  0.0000000000000000E+000 
                                      37                  2.2338347789543245E-001                  3.4457111958080572E-001                  4.5800375874421713E+000                 -8.4897950728196623E+000                  3.9737022603966214E+000                  3.5706215498381367E-005                  4.0938457768929964E-001                  5.9057971609520199E-001                  1.5076201550496218E-176                  0.0000000000000000E+000                  0.0000000000000000E+000 
                                      38                  2.2338347785464868E-001                  3.4433303001035842E-001                  4.5833860207840100E+000                 -8.4791134011372069E+000                  3.9887118191017970E+000                  3.5706215498381360E-005                  4.0938457768929976E-001                  5.9057971609520188E-001                  1.5451695974105490E-176                  0.0000000000000000E+000                  0.0000000000000000E+000 
                                      39                  2.2338347781661838E-001                  3.4411606795622945E-001                  4.5865576469076865E+000                 -8.4693065848587068E+000                  4.0027487222452605E+000                  3.5706215498381353E-005                  4.0938457768929992E-001                  5.9057971609520177E-001                  1.5804666555604614E-176                  0.0000000000000000E+000                  0.0000000000000000E+000 
                                      40                  2.2338347777858805E-001                  3.4390363540674329E-001                  4.5919555550262778E+000                 -8.4535214317240133E+000                  4.0261412973400992E+000                  3.5706215498381340E-005                  4.0938457768930014E-001                  5.9057971609520155E-001                  1.6389826523133166E-176                  0.0000000000000000E+000                  0.0000000000000000E+000 
                                      41                  2.2338347768452990E-001                  3.4339572952137293E-001                  4.5990772234583766E+000                 -8.4335612064942360E+000                  4.0564032218266952E+000                  3.5706215498381326E-005                  4.0938457768930031E-001                  5.9057971609520132E-001                  1.7160880692622361E-176                  0.0000000000000000E+000                  0.0000000000000000E+000 
                                      42                  2.2338347759765642E-001                  3.4294620905345369E-001                  4.6040376910546037E+000                 -8.4203043219948839E+000                  4.0770452950766192E+000                  3.5706215498381313E-005                  4.0938457768930048E-001                  5.9057971609520110E-001                  1.7692933055217192E-176                  0.0000000000000000E+000                  0.0000000000000000E+000 
                                      43                  2.2338347755421972E-001                  3.4272770235000044E-001                  4.6072828103327037E+000                 -8.4120329361808341E+000                  4.0903072658279376E+000                  3.5706215498381313E-005                  4.0938457768930053E-001                  5.9057971609520110E-001                  1.8033223021399983E-176                  0.0000000000000000E+000                  0.0000000000000000E+000 
                                      44                  2.2338347751078300E-001                  3.4251299683553438E-001                  4.6123448449194058E+000                 -8.3997323819295868E+000                  4.1106304083899117E+000                  3.5706215498381306E-005                  4.0938457768930064E-001                  5.9057971609520099E-001                  1.8551418325732249E-176                  0.0000000000000000E+000                  0.0000000000000000E+000 
                                      45                  2.2338347741610934E-001                  3.4205704327368891E-001                  4.6190523248530466E+000                 -8.3839841325528468E+000                  4.1371400185003466E+000                  3.5706215498381299E-005                  4.0938457768930075E-001                  5.9057971609520088E-001                  1.9236654515391268E-176                  0.0000000000000000E+000                  0.0000000000000000E+000 
                                      46                  2.2338347732143568E-001                  3.4161596270479300E-001                  4.6241704121210807E+000                 -8.3723775748767437E+000                  4.1570651769628952E+000                  3.5706215498381292E-005                  4.0938457768930087E-001                  5.9057971609520077E-001                  1.9757829355256299E-176                  0.0000000000000000E+000                  0.0000000000000000E+000 
                                      47                  2.2338347726659549E-001                  3.4136660851106204E-001                  4.6278420912264835E+000                 -8.3643864100045171E+000                  4.1711534864005637E+000                  3.5706215498381292E-005                  4.0938457768930092E-001                  5.9057971609520066E-001                  2.0124846313801934E-176                  0.0000000000000000E+000                  0.0000000000000000E+000 
                                      48                  2.2338347721175533E-001                  3.4112138201955805E-001                  4.6332247157008251E+000                 -8.3531668988310237E+000                  4.1915092912529222E+000                  3.5706215498381286E-005                  4.0938457768930098E-001                  5.9057971609520066E-001                  2.0651669901923065E-176                  0.0000000000000000E+000                  0.0000000000000000E+000 
                                      49                  2.2338347710207501E-001                  3.4064223998172488E-001                  4.6402439143150724E+000                 -8.3388251167127194E+000                  4.2178007558891784E+000                  3.5706215498381279E-005                  4.0938457768930109E-001                  5.9057971609520055E-001                  2.1345236262020288E-176                  0.0000000000000000E+000                  0.0000000000000000E+000 
                                      50                  2.2338347698851124E-001                  3.4016065278629570E-001                  4.6453867535989728E+000                 -8.3284553119173967E+000                  4.2369263543946456E+000                  3.5706215498381279E-005                  4.0938457768930114E-001                  5.9057971609520044E-001                  2.1861185598068872E-176                  0.0000000000000000E+000                  0.0000000000000000E+000 
                                      51                  2.2338347693172930E-001                  3.3992495733177236E-001                  4.6487365038938222E+000                 -8.3219375528606285E+000                  4.2492506506993912E+000                  3.5706215498381279E-005                  4.0938457768930120E-001                  5.9057971609520044E-001                  2.2191841223459441E-176                  0.0000000000000000E+000                  0.0000000000000000E+000 
                                      52                  2.2338347687494739E-001                  3.3969239689569170E-001                  4.6520724378328362E+000                 -8.3155321436611978E+000                  4.2614657919709105E+000                  3.5706215498381272E-005                  4.0938457768930114E-001                  5.9057971609520044E-001                  2.2521670132681147E-176                  0.0000000000000000E+000                  0.0000000000000000E+000 
                                      53                  2.2338347681619378E-001                  3.3945489877809193E-001                  4.6553919320947648E+000                 -8.3092252843778560E+000                  4.2735727976003250E+000                  3.5706215498381272E-005                  4.0938457768930120E-001                  5.9057971609520044E-001                  2.2851214391554467E-176                  0.0000000000000000E+000                  0.0000000000000000E+000 
                                      54                  2.2338347675744016E-001                  3.3922044283558639E-001                  4.6602543689110760E+000                 -8.3002601354097383E+000                  4.2911602519847269E+000                  3.5706215498381265E-005                  4.0938457768930131E-001                  5.9057971609520032E-001                  2.3327976091266937E-176                  0.0000000000000000E+000                  0.0000000000000000E+000 
                                      55                  2.2338347663993291E-001                  3.3876000787466642E-001                  4.6671681169040387E+000                 -8.2875434493577096E+000                  4.3161046206927649E+000                  3.5706215498381265E-005                  4.0938457768930137E-001                  5.9057971609520021E-001                  2.4021356100818650E-176                  0.0000000000000000E+000                  0.0000000000000000E+000 
                                      56                  2.2338347649599558E-001                  3.3821037155812722E-001                  4.6744006833873399E+000                 -8.2742759084139745E+000                  4.3421362611965746E+000                  3.5706215498381259E-005                  4.0938457768930142E-001                  5.9057971609520021E-001                  2.4766752188239356E-176                  0.0000000000000000E+000                  0.0000000000000000E+000 
                                      57                  2.2338347635205824E-001                  3.3767527150055110E-001                  4.6806058427656838E+000                 -8.2628657579098341E+000                  4.3644544207178075E+000                  3.5706215498381259E-005                  4.0938457768930142E-001                  5.9057971609520021E-001                  2.5426272375831960E-176                  0.0000000000000000E+000                  0.0000000000000000E+000 
                                      58                  2.2338347623635202E-001                  3.3725489207126780E-001                  4.6856327511833564E+000                 -8.2536901468342805E+000                  4.3824950183379956E+000                  3.5706215498381259E-005                  4.0938457768930148E-001                  5.9057971609520021E-001                  2.5969353760623730E-176                  0.0000000000000000E+000                  0.0000000000000000E+000 
                                      59                  2.2338347613305456E-001                  3.3688643918813349E-001                  4.6918009905251985E+000                 -8.2427138135717986E+000                  4.4045087135178411E+000                  3.5706215498381245E-005                  4.0938457768930148E-001                  5.9057971609520021E-001                  2.6634276756861999E-176                  0.0000000000000000E+000                  0.0000000000000000E+000 
                                      60                  2.2338347595744332E-001                  3.3627360911196841E-001                  4.6969984151526178E+000                 -8.2329154192626373E+000                  4.4232854479814812E+000                  3.5706215498381252E-005                  4.0938457768930153E-001                  5.9057971609520010E-001                  2.7242214192731180E-176                  0.0000000000000000E+000                  0.0000000000000000E+000 
                                      61                  2.2338347588512955E-001                  3.3602615126972629E-001                  4.7005399484590722E+000                 -8.2264783745931247E+000                  4.4359839666859262E+000                  3.5706215498381245E-005                  4.0938457768930153E-001                  5.9057971609520010E-001                  2.7649132135285336E-176                  0.0000000000000000E+000                  0.0000000000000000E+000 
                                      62                  2.2338347578398995E-001                  3.3568444890731786E-001                  4.7045427395608312E+000                 -8.2191007463903514E+000                  4.4503830579082866E+000                  3.5706215498381245E-005                  4.0938457768930153E-001                  5.9057971609520010E-001                  2.8122990971461805E-176                  0.0000000000000000E+000                  0.0000000000000000E+000 
                                      63                  2.2338347568285030E-001                  3.3534771409896674E-001                  4.7097863501495771E+000                 -8.2095669756583636E+000                  4.4692030802045739E+000                  3.5706215498381245E-005                  4.0938457768930159E-001                  5.9057971609519999E-001                  2.8747387126830789E-176                  0.0000000000000000E+000                  0.0000000000000000E+000 
                                      64                  2.2338347551013976E-001                  3.3478342294575664E-001                  4.7172182240757632E+000                 -8.1958361302661586E+000                  4.4959921935273108E+000                  3.5706215498381238E-005                  4.0938457768930164E-001                  5.9057971609519999E-001                  2.9671106774267694E-176                  0.0000000000000000E+000                  0.0000000000000000E+000 
                                      65                  2.2338347527412314E-001                  3.3403289295080185E-001                  4.7233958734421257E+000                 -8.1836962912863775E+000                  4.5185781625220152E+000                  3.5706215498381245E-005                  4.0938457768930170E-001                  5.9057971609519999E-001                  3.0512489608338037E-176                  0.0000000000000000E+000                  0.0000000000000000E+000 
                                      66                  2.2338347514791393E-001                  3.3364106930778437E-001                  4.7275456290363467E+000                 -8.1756934720464809E+000                  4.5337039780239135E+000                  3.5706215498381238E-005                  4.0938457768930170E-001                  5.9057971609519999E-001                  3.1080154616109017E-176                  0.0000000000000000E+000                  0.0000000000000000E+000 
                                      67                  2.2338347502170472E-001                  3.3325536533292727E-001                  4.7327934655438169E+000                 -8.1656615684650760E+000                  4.5528143866257809E+000                  3.5706215498381231E-005                  4.0938457768930170E-001                  5.9057971609519999E-001                  3.1806691945307892E-176                  0.0000000000000000E+000                  0.0000000000000000E+000 
                                      68                  2.2338347481734608E-001                  3.3264298521879476E-001                  4.7389618896022183E+000                 -8.1534620448530593E+000                  4.5754602850895960E+000                  3.5706215498381238E-005                  4.0938457768930175E-001                  5.9057971609519988E-001                  3.2713141255194865E-176                  0.0000000000000000E+000                  0.0000000000000000E+000 
                                      69                  2.2338347461298741E-001                  3.3204507357841573E-001                  4.7459065722877556E+000                 -8.1397624914292912E+000                  4.6009698070081200E+000                  3.5706215498381231E-005                  4.0938457768930175E-001                  5.9057971609519988E-001                  3.3761879468203140E-176                  0.0000000000000000E+000                  0.0000000000000000E+000 
                                      70                  2.2338347433335753E-001                  3.3124851174812675E-001                  4.7515754105392869E+000                 -8.1278869771366136E+000                  4.6220771888849734E+000                  3.5706215498381231E-005                  4.0938457768930181E-001                  5.9057971609519977E-001                  3.4698153411379774E-176                  0.0000000000000000E+000                  0.0000000000000000E+000 
                                      71                  2.2338347419354762E-001                  3.3085939735619940E-001                  4.7552349228895787E+000                 -8.1203810518677457E+000                  4.6356470563026155E+000                  3.5706215498381231E-005                  4.0938457768930181E-001                  5.9057971609519977E-001                  3.5303274838261115E-176                  0.0000000000000000E+000                  0.0000000000000000E+000 
                                      72                  2.2338347405373771E-001                  3.3047592836792211E-001                  4.7608385546034135E+000                 -8.1091562309127383E+000                  4.6563305627732721E+000                  3.5706215498381231E-005                  4.0938457768930181E-001                  5.9057971609519977E-001                  3.6227962076809393E-176                  0.0000000000000000E+000                  0.0000000000000000E+000 
                                      73                  2.2338347375174047E-001                  3.2966541361495977E-001                  4.7683981433359355E+000                 -8.0933983586965290E+000                  4.6844766907163375E+000                  3.5706215498381225E-005                  4.0938457768930181E-001                  5.9057971609519977E-001                  3.7567094514566271E-176                  0.0000000000000000E+000                  0.0000000000000000E+000 
                                      74                  2.2338347342243897E-001                  3.2880818745734913E-001                  4.7754729668122469E+000                 -8.0783217861567245E+000                  4.7109464816595548E+000                  3.5706215498381225E-005                  4.0938457768930192E-001                  5.9057971609519977E-001                  3.8894649133697165E-176                  0.0000000000000000E+000                  0.0000000000000000E+000 
                                      75                  2.2338347312449572E-001                  3.2805487598870831E-001                  4.7803068007256080E+000                 -8.0677396650632200E+000                  4.7291372533719018E+000                  3.5706215498381225E-005                  4.0938457768930187E-001                  5.9057971609519977E-001                  3.9854376895222962E-176                  0.0000000000000000E+000                  0.0000000000000000E+000 
                                      76                  2.2338347297180985E-001                  3.2767664649004780E-001                  4.7834945726197873E+000                 -8.0608871454643509E+000                  4.7410859876859925E+000                  3.5706215498381225E-005                  4.0938457768930192E-001                  5.9057971609519977E-001                  4.0488453460480090E-176                  0.0000000000000000E+000                  0.0000000000000000E+000 
                                      77                  2.2338347281912405E-001                  3.2730337042865187E-001                  4.7870467874178280E+000                 -8.0532639592081292E+000                  4.7543961706082980E+000                  3.5706215498381225E-005                  4.0938457768930192E-001                  5.9057971609519977E-001                  4.1205704310814455E-176                  0.0000000000000000E+000                  0.0000000000000000E+000 
                                      78                  2.2338347262280575E-001                  3.2683039541859010E-001                  4.7909230156596552E+000                 -8.0448388924618790E+000                  4.7689606644440126E+000                  3.5706215498381225E-005                  4.0938457768930192E-001                  5.9057971609519977E-001                  4.2013195795038267E-176                  0.0000000000000000E+000                  0.0000000000000000E+000 
                                      79                  2.2338347242648748E-001                  3.2636500151723419E-001                  4.7952655217534019E+000                 -8.0354251963048480E+000                  4.7852695674467922E+000                  3.5706215498381218E-005                  4.0938457768930192E-001                  5.9057971609519977E-001                  4.2934177758891464E-176                  0.0000000000000000E+000                  0.0000000000000000E+000 
                                      80                  2.2338347216917720E-001                  3.2576590059094596E-001                  4.8000101206346866E+000                 -8.0249664928540572E+000                  4.8031552461799665E+000                  3.5706215498381225E-005                  4.0938457768930192E-001                  5.9057971609519977E-001                  4.3981096391803308E-176                  0.0000000000000000E+000                  0.0000000000000000E+000 
                                      81                  2.2338347191186692E-001                  3.2517865357086084E-001                  4.8044597146579635E+000                 -8.0150615630415611E+000                  4.8199677565891896E+000                  3.5706215498381225E-005                  4.0938457768930192E-001                  5.9057971609519977E-001                  4.4996113516685127E-176                  0.0000000000000000E+000                  0.0000000000000000E+000 
                                      82                  2.2338347166843892E-001                  3.2463348855900753E-001                  4.8088898808706730E+000                 -8.0051798784568931E+000                  4.8367191181913585E+000                  3.5706215498381218E-005                  4.0938457768930198E-001                  5.9057971609519966E-001                  4.6032095650617484E-176                  0.0000000000000000E+000                  0.0000000000000000E+000 
                                      83                  2.2338347139589104E-001                  3.2403447757471815E-001                  4.8148698617541585E+000                 -7.9919695489288580E+000                  4.8592952152589284E+000                  3.5706215498381218E-005                  4.0938457768930198E-001                  5.9057971609519966E-001                  4.7454409595829687E-176                  0.0000000000000000E+000                  0.0000000000000000E+000 
                                      84                  2.2338347094480682E-001                  3.2306756401659842E-001                  4.8216807325118687E+000                 -7.9763079938360502E+000                  4.8852509293133295E+000                  3.5706215498381218E-005                  4.0938457768930198E-001                  5.9057971609519966E-001                  4.9197695066211972E-176                  0.0000000000000000E+000                  0.0000000000000000E+000 
                                      85                  2.2338347052389215E-001                  3.2219171990542894E-001                  4.8281537179296086E+000                 -7.9613474217311202E+000                  4.9099684561546866E+000                  3.5706215498381218E-005                  4.0938457768930198E-001                  5.9057971609519966E-001                  5.0922740799839248E-176                  0.0000000000000000E+000                  0.0000000000000000E+000 
                                      86                  2.2338347007160392E-001                  3.2127682006252967E-001                  4.8334624601559755E+000                 -7.9486813279674262E+000                  4.9303979936489384E+000                  3.5706215498381218E-005                  4.0938457768930203E-001                  5.9057971609519955E-001                  5.2430428271001254E-176                  0.0000000000000000E+000                  0.0000000000000000E+000 
                                      87                  2.2338346977007836E-001                  3.2068131944325778E-001                  4.8389230623489805E+000                 -7.9360324993722768E+000                  4.9512912449283073E+000                  3.5706215498381211E-005                  4.0938457768930203E-001                  5.9057971609519955E-001                  5.3980617453656490E-176                  0.0000000000000000E+000                  0.0000000000000000E+000 
                                      88                  2.2338346926753586E-001                  3.1971208523054817E-001                  4.8462501439752472E+000                 -7.9187464013365654E+000                  4.9794603702213802E+000                  3.5706215498381218E-005                  4.0938457768930203E-001                  5.9057971609519955E-001                  5.6173534475944139E-176                  0.0000000000000000E+000                  0.0000000000000000E+000 
                                      89                  2.2338346863310940E-001                  3.1852745850592079E-001                  4.8527361343072499E+000                 -7.9028253682158374E+000                  5.0046280939945396E+000                  3.5706215498381218E-005                  4.0938457768930203E-001                  5.9057971609519955E-001                  5.8272024988041130E-176                  0.0000000000000000E+000                  0.0000000000000000E+000 
                                      90                  2.2338346819913613E-001                  3.1774095711885469E-001                  4.8565346160634704E+000                 -7.8934663136116203E+000                  5.0193814132753429E+000                  3.5706215498381211E-005                  4.0938457768930209E-001                  5.9057971609519955E-001                  5.9542015905585514E-176                  0.0000000000000000E+000                  0.0000000000000000E+000 
                                      91                  2.2338346798214953E-001                  3.1735452764459171E-001                  4.8590157172268063E+000                 -7.8874619431789919E+000                  5.0289794097464364E+000                  3.5706215498381211E-005                  4.0938457768930203E-001                  5.9057971609519955E-001                  6.0371328501683824E-176                  0.0000000000000000E+000                  0.0000000000000000E+000 
                                      92                  2.2338346776516291E-001                  3.1697239096494578E-001                  4.8632327633574652E+000                 -7.8775189048680323E+000                  5.0451989068838987E+000                  3.5706215498381211E-005                  4.0938457768930203E-001                  5.9057971609519955E-001                  6.1770127408421145E-176                  0.0000000000000000E+000                  0.0000000000000000E+000 
                                      93                  2.2338346722928584E-001                  3.1604583783934048E-001                  4.8695367096815190E+000                 -7.8623752911470604E+000                  5.0695354666472809E+000                  3.5706215498381211E-005                  4.0938457768930209E-001                  5.9057971609519955E-001                  6.3963086583188070E-176                  0.0000000000000000E+000                  0.0000000000000000E+000 
                                      94                  2.2338346659150499E-001                  3.1497350123963075E-001                  4.8760725032425336E+000                 -7.8465919030898563E+000                  5.0947799681745431E+000                  3.5706215498381218E-005                  4.0938457768930209E-001                  5.9057971609519955E-001                  6.6331611285066318E-176                  0.0000000000000000E+000                  0.0000000000000000E+000 
                                      95                  2.2338346595298031E-001                  3.1393063939933302E-001                  4.8824858453483477E+000                 -7.8312020995559299E+000                  5.1194949484133438E+000                  3.5706215498381211E-005                  4.0938457768930203E-001                  5.9057971609519955E-001                  6.8725520777234770E-176                  0.0000000000000000E+000                  0.0000000000000000E+000 
                                      96                  2.2338346528065234E-001                  3.1286304538621973E-001                  4.8872882486110125E+000                 -7.8194508478049940E+000                  5.1380641520466463E+000                  3.5706215498381211E-005                  4.0938457768930209E-001                  5.9057971609519955E-001                  7.0611470201583861E-176                  0.0000000000000000E+000                  0.0000000000000000E+000 
                                      97                  2.2338346492795855E-001                  3.1231489994753592E-001                  4.8923670405779145E+000                 -7.8076586716615815E+000                  5.1574681597727254E+000                  3.5706215498381211E-005                  4.0938457768930209E-001                  5.9057971609519955E-001                  7.2556027187578242E-176                  0.0000000000000000E+000                  0.0000000000000000E+000 
                                      98                  2.2338346416731103E-001                  3.1115759832066009E-001                  4.8984596786246311E+000                 -7.7930550536213330E+000                  5.1808868814851330E+000                  3.5706215498381211E-005                  4.0938457768930209E-001                  5.9057971609519955E-001                  7.5038602584661872E-176                  0.0000000000000000E+000                  0.0000000000000000E+000 
                                      99                  2.2338346353127275E-001                  3.1021507332867870E-001                  4.9025850638821495E+000                 -7.7830995269590337E+000                  5.1967574179762845E+000                  3.5706215498381211E-005                  4.0938457768930214E-001                  5.9057971609519955E-001                  7.6779545303064355E-176                  0.0000000000000000E+000                  0.0000000000000000E+000 
                                     100                  2.2338346318562363E-001                  3.0971196842609533E-001                  4.9071595552325791E+000                 -7.7725530096133761E+000                  5.2141796112904091E+000                  3.5706215498381211E-005                  4.0938457768930209E-001                  5.9057971609519955E-001                  7.8667926510213589E-176                  0.0000000000000000E+000                  0.0000000000000000E+000 
                                     101                  2.2338346241666174E-001                  3.0861351177981594E-001                  4.9142176765682288E+000                 -7.7560940712797288E+000                  5.2411163336032116E+000                  3.5706215498381204E-005                  4.0938457768930209E-001                  5.9057971609519955E-001                  8.1708191244654324E-176                  0.0000000000000000E+000                  0.0000000000000000E+000 
                                     102                  2.2338346139009896E-001                  3.0718925587805052E-001                  4.9206615684992547E+000                 -7.7405322192768882E+000                  5.2658876705335693E+000                  3.5706215498381211E-005                  4.0938457768930214E-001                  5.9057971609519955E-001                  8.4690768160418421E-176                  0.0000000000000000E+000                  0.0000000000000000E+000 
                                     103                  2.2338346068707504E-001                  3.0624046318686282E-001                  4.9271451747622708E+000                 -7.7254797673048090E+000                  5.2906099266634898E+000                  3.5706215498381211E-005                  4.0938457768930214E-001                  5.9057971609519955E-001                  8.7679287545356635E-176                  0.0000000000000000E+000                  0.0000000000000000E+000 
                                     104                  2.2338345957862379E-001                  3.0478341787718832E-001                  4.9337850984487153E+000                 -7.7094089119326688E+000                  5.3161578318302309E+000                  3.5706215498381211E-005                  4.0938457768930214E-001                  5.9057971609519955E-001                  9.0986527970487328E-176                  0.0000000000000000E+000                  0.0000000000000000E+000 
                                     105                  2.2338345872998655E-001                  3.0369893972036149E-001                  4.9402206958245030E+000                 -7.6942045109076442E+000                  5.3408078311465337E+000                  3.5706215498381211E-005                  4.0938457768930209E-001                  5.9057971609519955E-001                  9.4230257723658953E-176                  0.0000000000000000E+000                  0.0000000000000000E+000 
                                     106                  2.2338345759787773E-001                  3.0228990386593269E-001                  4.9454715142303103E+000                 -7.6811827771409833E+000                  5.3611375996758177E+000                  3.5706215498381211E-005                  4.0938457768930214E-001                  5.9057971609519955E-001                  9.7100137757612496E-176                  0.0000000000000000E+000                  0.0000000000000000E+000 
                                     107                  2.2338345703182333E-001                  3.0160122271513873E-001                  4.9488776177692682E+000                 -7.6729426438797583E+000                  5.3742623712663873E+000                  3.5706215498381211E-005                  4.0938457768930214E-001                  5.9057971609519955E-001                  9.8961195409099700E-176                  0.0000000000000000E+000                  0.0000000000000000E+000 
                                     108                  2.2338345646576893E-001                  3.0092228567607199E-001                  4.9522005272392162E+000                 -7.6648754367943663E+000                  5.3870808543972650E+000                  3.5706215498381204E-005                  4.0938457768930214E-001                  5.9057971609519955E-001                  1.0081775786043054E-175                  0.0000000000000000E+000                  0.0000000000000000E+000 
                                     109                  2.2338345589971451E-001                  3.0025273255143836E-001                  4.9566339207871737E+000                 -7.6542788210945973E+000                  5.4041359548454784E+000                  3.5706215498381204E-005                  4.0938457768930214E-001                  5.9057971609519955E-001                  1.0330947367268614E-175                  0.0000000000000000E+000                  0.0000000000000000E+000 
                                     110                  2.2338345491632258E-001                  2.9911044904759543E-001                  4.9616389847228843E+000                 -7.6419311456081207E+000                  5.4235281001455169E+000                  3.5706215498381204E-005                  4.0938457768930214E-001                  5.9057971609519955E-001                  1.0629075619350376E-175                  0.0000000000000000E+000                  0.0000000000000000E+000 
                                     111                  2.2338345408164381E-001                  2.9816125163101986E-001                  4.9682891349648921E+000                 -7.6261374347030157E+000                  5.4491102405680634E+000                  3.5706215498381204E-005                  4.0938457768930214E-001                  5.9057971609519955E-001                  1.1022984084615926E-175                  0.0000000000000000E+000                  0.0000000000000000E+000 
                                     112                  2.2338345241229646E-001                  2.9631290120965803E-001                  4.9756079139283749E+000                 -7.6076777957865334E+000                  5.4776340430268036E+000                  3.5706215498381204E-005                  4.0938457768930220E-001                  5.9057971609519944E-001                  1.1501929614675505E-175                  0.0000000000000000E+000                  0.0000000000000000E+000 
                                     113                  2.2338345116028943E-001                  2.9496959939110484E-001                  4.9806126901228360E+000                 -7.5950304576801999E+000                  5.4971536776644108E+000                  3.5706215498381204E-005                  4.0938457768930220E-001                  5.9057971609519944E-001                  1.1842034810251801E-175                  0.0000000000000000E+000                  0.0000000000000000E+000 
                                     114                  2.2338345032561807E-001                  2.9409307169253235E-001                  4.9845050483408793E+000                 -7.5853411164837645E+000                  5.5122891851243434E+000                  3.5706215498381204E-005                  4.0938457768930220E-001                  5.9057971609519944E-001                  1.2109385550608030E-175                  0.0000000000000000E+000                  0.0000000000000000E+000 
                                     115                  2.2338344949001548E-001                  2.9322975456529926E-001                  4.9898954047061403E+000                 -7.5722533289366378E+000                  5.5331436565428369E+000                  3.5706215498381204E-005                  4.0938457768930214E-001                  5.9057971609519955E-001                  1.2480118144300009E-175                  0.0000000000000000E+000                  0.0000000000000000E+000 
                                     116                  2.2338344794575826E-001                  2.9166862971435153E-001                  4.9960380970373661E+000                 -7.5568129449955670E+000                  5.5570758268519844E+000                  3.5706215498381204E-005                  4.0938457768930214E-001                  5.9057971609519955E-001                  1.2932117312284424E-175                  0.0000000000000000E+000                  0.0000000000000000E+000 
                                     117                  2.2338344665538584E-001                  2.9039734742503331E-001                  5.0023675440814976E+000                 -7.5413007704396291E+000                  5.5815988534031167E+000                  3.5706215498381204E-005                  4.0938457768930214E-001                  5.9057971609519955E-001                  1.3402709463989095E-175                  0.0000000000000000E+000                  0.0000000000000000E+000 
                                     118                  2.2338344491023529E-001                  2.8872137250282265E-001                  5.0081694324676134E+000                 -7.5266462582929474E+000                  5.6042062354722342E+000                  3.5706215498381211E-005                  4.0938457768930214E-001                  5.9057971609519955E-001                  1.3863008481919190E-175                  0.0000000000000000E+000                  0.0000000000000000E+000 
                                     119                  2.2338344374626090E-001                  2.8763024481914423E-001                  5.0115500197558989E+000                 -7.5181427757274371E+000                  5.6173616841922289E+000                  3.5706215498381211E-005                  4.0938457768930214E-001                  5.9057971609519955E-001                  1.4137319430922520E-175                  0.0000000000000000E+000                  0.0000000000000000E+000 
                                     120                  2.2338344316400205E-001                  2.8709198791617646E-001                  5.0148746443039380E+000                 -7.5100869357906896E+000                  5.6301967857791198E+000                  3.5706215498381211E-005                  4.0938457768930214E-001                  5.9057971609519955E-001                  1.4402196899387302E-175                  0.0000000000000000E+000                  0.0000000000000000E+000 
                                     121                  2.2338344199948437E-001                  2.8602940139084659E-001                  5.0202184508644807E+000                 -7.4971578049881860E+000                  5.6508112747031953E+000                  3.5706215498381211E-005                  4.0938457768930214E-001                  5.9057971609519955E-001                  1.4837726092879753E-175                  0.0000000000000000E+000                  0.0000000000000000E+000 
                                     122                  2.2338344027658169E-001                  2.8448964401687182E-001                  5.0263536769470383E+000                 -7.4821299123864318E+000                  5.6745214624827183E+000                  3.5706215498381211E-005                  4.0938457768930214E-001                  5.9057971609519955E-001                  1.5360538183453038E-175                  0.0000000000000000E+000                  0.0000000000000000E+000 
                                     123                  2.2338343855369353E-001                  2.8298655363709213E-001                  5.0307919891357935E+000                 -7.4710556515695528E+000                  5.6917279607342346E+000                  3.5706215498381211E-005                  4.0938457768930220E-001                  5.9057971609519944E-001                  1.5757563386220546E-175                  0.0000000000000000E+000                  0.0000000000000000E+000 
                                     124                  2.2338343769154403E-001                  2.8224762783293639E-001                  5.0356191396490857E+000                 -7.4596861567038983E+000                  5.7102201274466209E+000                  3.5706215498381204E-005                  4.0938457768930220E-001                  5.9057971609519944E-001                  1.6175855596936773E-175                  0.0000000000000000E+000                  0.0000000000000000E+000 
                                     125                  2.2338343567854549E-001                  2.8055274011731191E-001                  5.0407337684632889E+000                 -7.4470270396035811E+000                  5.7299981220315228E+000                  3.5706215498381204E-005                  4.0938457768930220E-001                  5.9057971609519944E-001                  1.6654676563665030E-175                  0.0000000000000000E+000                  0.0000000000000000E+000 
                                     126                  2.2338343452770107E-001                  2.7960295868386276E-001                  5.0452376568926507E+000                 -7.4363158480398237E+000                  5.7472707933080525E+000                  3.5706215498381204E-005                  4.0938457768930220E-001                  5.9057971609519944E-001                  1.7070876445847520E-175                  0.0000000000000000E+000                  0.0000000000000000E+000 
                                     127                  2.2338343282023451E-001                  2.7821699832830266E-001                  5.0491527717166296E+000                 -7.4266992021006670E+000                  5.7623771497614147E+000                  3.5706215498381204E-005                  4.0938457768930220E-001                  5.9057971609519944E-001                  1.7453403003937951E-175                  0.0000000000000000E+000                  0.0000000000000000E+000 
                                     128                  2.2338343196588090E-001                  2.7753383496861472E-001                  5.0529956511385707E+000                 -7.4176719106904851E+000                  5.7770731914272622E+000                  3.5706215498381204E-005                  4.0938457768930220E-001                  5.9057971609519944E-001                  1.7820285919317726E-175                  0.0000000000000000E+000                  0.0000000000000000E+000 
                                     129                  2.2338343025718696E-001                  2.7618621047084974E-001                  5.0592024040830896E+000                 -7.4031178658336261E+000                  5.8007974112553553E+000                  3.5706215498381204E-005                  4.0938457768930220E-001                  5.9057971609519944E-001                  1.8428100644279118E-175                  0.0000000000000000E+000                  0.0000000000000000E+000 
                                     130                  2.2338342769417699E-001                  2.7420884680357355E-001                  5.0645436077019585E+000                 -7.3899994028404823E+000                  5.8213945960267663E+000                  3.5706215498381204E-005                  4.0938457768930220E-001                  5.9057971609519944E-001                  1.8993714302330299E-175                  0.0000000000000000E+000                  0.0000000000000000E+000 
                                     131                  2.2338342642492645E-001                  2.7324906294497220E-001                  5.0702138264655199E+000                 -7.3770224554165615E+000                  5.8429666229949335E+000                  3.5706215498381204E-005                  4.0938457768930220E-001                  5.9057971609519944E-001                  1.9570312261995549E-175                  0.0000000000000000E+000                  0.0000000000000000E+000 
                                     132                  2.2338342351791696E-001                  2.7109247621452415E-001                  5.0782347898202094E+000                 -7.3581654684419400E+000                  5.8736374177184834E+000                  3.5706215498381204E-005                  4.0938457768930220E-001                  5.9057971609519944E-001                  2.0439528881359464E-175                  0.0000000000000000E+000                  0.0000000000000000E+000 
                                     133                  2.2338342024245275E-001                  2.6872919532465006E-001                  5.0843126831371741E+000                 -7.3433323147788716E+000                  5.8970460202577577E+000                  3.5706215498381204E-005                  4.0938457768930220E-001                  5.9057971609519944E-001                  2.1150321647633128E-175                  0.0000000000000000E+000                  0.0000000000000000E+000 
                                     134                  2.2338341860474870E-001                  2.6757327677314435E-001                  5.0882585976578394E+000                 -7.3340611137870999E+000                  5.9121358437387892E+000                  3.5706215498381204E-005                  4.0938457768930220E-001                  5.9057971609519944E-001                  2.1607094831038316E-175                  0.0000000000000000E+000                  0.0000000000000000E+000 
                                     135                  2.2338341696704686E-001                  2.6643276411470773E-001                  5.0921128042152137E+000                 -7.3250264376746870E+000                  5.9268702223997636E+000                  3.5706215498381204E-005                  4.0938457768930220E-001                  5.9057971609519944E-001                  2.2061707859096818E-175                  0.0000000000000000E+000                  0.0000000000000000E+000 
                                     136                  2.2338341532936762E-001                  2.6530697011294990E-001                  5.0977531370013800E+000                 -7.3122663729377404E+000                  5.9482979061886896E+000                  3.5706215498381204E-005                  4.0938457768930220E-001                  5.9057971609519944E-001                  2.2720126325608309E-175                  0.0000000000000000E+000                  0.0000000000000000E+000 
                                     137                  2.2338341205224160E-001                  2.6309403783344504E-001                  5.1036227619237451E+000                 -7.2982581012825820E+000                  5.9708202375506607E+000                  3.5706215498381204E-005                  4.0938457768930220E-001                  5.9057971609519944E-001                  2.3465612010072452E-175                  0.0000000000000000E+000                  0.0000000000000000E+000 
                                     138                  2.2338341000494735E-001                  2.6173884277105119E-001                  5.1080125195163797E+000                 -7.2880646173260022E+000                  5.9875829815507773E+000                  3.5706215498381204E-005                  4.0938457768930220E-001                  5.9057971609519944E-001                  2.4023421785348912E-175                  0.0000000000000000E+000                  0.0000000000000000E+000 
                                     139                  2.2338340795771072E-001                  2.6040276092554188E-001                  5.1122916119359578E+000                 -7.2781539073715686E+000                  6.0039184795752654E+000                  3.5706215498381204E-005                  4.0938457768930220E-001                  5.9057971609519944E-001                  2.4578474038678772E-175                  0.0000000000000000E+000                  0.0000000000000000E+000 
                                     140                  2.2338340591050404E-001                  2.5908481657395138E-001                  5.1164669972025862E+000                 -7.2685065019976562E+000                  6.0198541690331790E+000                  3.5706215498381204E-005                  4.0938457768930220E-001                  5.9057971609519944E-001                  2.5131100966698922E-175                  0.0000000000000000E+000                  0.0000000000000000E+000 
                                     141                  2.2338340386231453E-001                  2.5778348767947779E-001                  5.1205440016506927E+000                 -7.2591061661572791E+000                  6.0354114213217649E+000                  3.5706215498381204E-005                  4.0938457768930214E-001                  5.9057971609519955E-001                  2.5681530768864011E-175                  0.0000000000000000E+000                  0.0000000000000000E+000 
                                     142                  2.2338340181414543E-001                  2.5649861008534147E-001                  5.1245265702359024E+000                 -7.2499402290220312E+000                  6.0506061535192499E+000                  3.5706215498381204E-005                  4.0938457768930214E-001                  5.9057971609519955E-001                  2.6229847625745739E-175                  0.0000000000000000E+000                  0.0000000000000000E+000 
                                     143                  2.2338339976599766E-001                  2.5522943245904428E-001                  5.1303525243511610E+000                 -7.2370233350046460E+000                  6.0726957705704088E+000                  3.5706215498381204E-005                  4.0938457768930214E-001                  5.9057971609519955E-001                  2.7022491991620148E-175                  0.0000000000000000E+000                  0.0000000000000000E+000 
                                     144                  2.2338339566975485E-001                  2.5273326366729232E-001                  5.1374532934843815E+000                 -7.2206021732764896E+000                  6.0998223775551619E+000                  3.5706215498381204E-005                  4.0938457768930214E-001                  5.9057971609519955E-001                  2.8064869137600035E-175                  0.0000000000000000E+000                  0.0000000000000000E+000 
                                     145                  2.2338339196170892E-001                  2.5052182565107878E-001                  5.1439473137130500E+000                 -7.2056926196307032E+000                  6.1246044211184065E+000                  3.5706215498381204E-005                  4.0938457768930214E-001                  5.9057971609519955E-001                  2.9046097562110028E-175                  0.0000000000000000E+000                  0.0000000000000000E+000 
                                     146                  2.2338338825371806E-001                  2.4835247325153778E-001                  5.1491724115149129E+000                 -7.1934583290579521E+000                  6.1446145914963024E+000                  3.5706215498381204E-005                  4.0938457768930214E-001                  5.9057971609519955E-001                  2.9876846999798813E-175                  0.0000000000000000E+000                  0.0000000000000000E+000 
                                     147                  2.2338338578177622E-001                  2.4692887596047208E-001                  5.1532509921055913E+000                 -7.1840909596288629E+000                  6.1601833661798446E+000                  3.5706215498381204E-005                  4.0938457768930214E-001                  5.9057971609519955E-001                  3.0528956622112156E-175                  0.0000000000000000E+000                  0.0000000000000000E+000 
                                     148                  2.2338338330984492E-001                  2.4552197437480328E-001                  5.1595650063554812E+000                 -7.1702051440851307E+000                  6.1841142467132846E+000                  3.5706215498381204E-005                  4.0938457768930214E-001                  5.9057971609519955E-001                  3.1521911271798281E-175                  0.0000000000000000E+000                  0.0000000000000000E+000 
                                     149                  2.2338337793076715E-001                  2.4251125944178886E-001                  5.1659498974035278E+000                 -7.1549091591760030E+000                  6.2086691521217690E+000                  3.5706215498381204E-005                  4.0938457768930214E-001                  5.9057971609519955E-001                  3.2653148543768961E-175                  0.0000000000000000E+000                  0.0000000000000000E+000 
                                     150                  2.2338337502454922E-001                  2.4091571456698654E-001                  5.1703103805208075E+000                 -7.1448149028657593E+000                  6.2253410628821593E+000                  3.5706215498381204E-005                  4.0938457768930220E-001                  5.9057971609519944E-001                  3.3421842805653814E-175                  0.0000000000000000E+000                  0.0000000000000000E+000 
                                     151                  2.2338337211837136E-001                  2.3933967830152886E-001                  5.1745676619723673E+000                 -7.1349295271152569E+000                  6.2416281437066470E+000                  3.5706215498381204E-005                  4.0938457768930220E-001                  5.9057971609519944E-001                  3.4192175569484627E-175                  0.0000000000000000E+000                  0.0000000000000000E+000 
                                     152                  2.2338336921172497E-001                  2.3778209486127747E-001                  5.1787268013310914E+000                 -7.1252390440447497E+000                  6.2575503841268620E+000                  3.5706215498381204E-005                  4.0938457768930220E-001                  5.9057971609519944E-001                  3.4964561739614359E-175                  0.0000000000000000E+000                  0.0000000000000000E+000 
                                     153                  2.2338336630509026E-001                  2.3624250550795881E-001                  5.1850986460933735E+000                 -7.1109919898539049E+000                  6.2817824993578473E+000                  3.5706215498381204E-005                  4.0938457768930220E-001                  5.9057971609519944E-001                  3.6131945398794197E-175                  0.0000000000000000E+000                  0.0000000000000000E+000 
                                     154                  2.2338336007565729E-001                  2.3299621276667928E-001                  5.1936851406290740E+000                 -7.0907918023052936E+000                  6.3147203744395899E+000                  3.5706215498381204E-005                  4.0938457768930220E-001                  5.9057971609519944E-001                  3.7854277366249393E-175                  0.0000000000000000E+000                  0.0000000000000000E+000 
                                     155                  2.2338335343116023E-001                  2.2961445585654058E-001                  5.2000423798222899E+000                 -7.0749879748132560E+000                  6.3393427423543178E+000                  3.5706215498381204E-005                  4.0938457768930220E-001                  5.9057971609519944E-001                  3.9258842888899148E-175                  0.0000000000000000E+000                  0.0000000000000000E+000 
                                     156                  2.2338335010893004E-001                  2.2795534669990772E-001                  5.2041755895063542E+000                 -7.0650829536344011E+000                  6.3552537870752444E+000                  3.5706215498381204E-005                  4.0938457768930220E-001                  5.9057971609519944E-001                  4.0165614335115760E-175                  0.0000000000000000E+000                  0.0000000000000000E+000 
                                     157                  2.2338334678581032E-001                  2.2631462086911505E-001                  5.2082186110333000E+000                 -7.0553429654074611E+000                  6.3708339756028565E+000                  3.5706215498381204E-005                  4.0938457768930220E-001                  5.9057971609519944E-001                  4.1077710798260925E-175                  0.0000000000000000E+000                  0.0000000000000000E+000 
                                     158                  2.2338334346272729E-001                  2.2469211556183430E-001                  5.2123970959318058E+000                 -7.0452675982914741E+000                  6.3869413413855565E+000                  3.5706215498381204E-005                  4.0938457768930220E-001                  5.9057971609519944E-001                  4.2043027037208721E-175                  0.0000000000000000E+000                  0.0000000000000000E+000 
                                     159                  2.2338333976510469E-001                  2.2290726149367379E-001                  5.2188328088321398E+000                 -7.0302368616058608E+000                  6.4116262255908243E+000                  3.5706215498381204E-005                  4.0938457768930220E-001                  5.9057971609519944E-001                  4.3525467419792393E-175                  0.0000000000000000E+000                  0.0000000000000000E+000 
                                     160                  2.2338333236899655E-001                  2.1939497073446829E-001                  5.2250176021368757E+000                 -7.0143728653994994E+000                  6.4357319016682020E+000                  3.5706215498381204E-005                  4.0938457768930220E-001                  5.9057971609519944E-001                  4.5146860874406839E-175                  0.0000000000000000E+000                  0.0000000000000000E+000 
                                     161                  2.2338332867056562E-001                  2.1767070721242285E-001                  5.2314071604352561E+000                 -6.9992828369680335E+000                  6.4602981902550685E+000                  3.5706215498381204E-005                  4.0938457768930220E-001                  5.9057971609519944E-001                  4.6745204482934378E-175                  0.0000000000000000E+000                  0.0000000000000000E+000 
                                     162                  2.2338332059915592E-001                  2.1396750507939391E-001                  5.2378829886809886E+000                 -6.9824491736373444E+000                  6.4856061342573694E+000                  3.5706215498381204E-005                  4.0938457768930220E-001                  5.9057971609519944E-001                  4.8595141676857620E-175                  0.0000000000000000E+000                  0.0000000000000000E+000 
                                     163                  2.2338331625930860E-001                  2.1201423603684566E-001                  5.2422998149680495E+000                 -6.9713489008074649E+000                  6.5027696093052132E+000                  3.5706215498381204E-005                  4.0938457768930220E-001                  5.9057971609519944E-001                  4.9854911369435776E-175                  0.0000000000000000E+000                  0.0000000000000000E+000 
                                     164                  2.2338331191847915E-001                  2.1008411195021429E-001                  5.2490229121971117E+000                 -6.9551609397720418E+000                  6.5287145905369739E+000                  3.5706215498381204E-005                  4.0938457768930220E-001                  5.9057971609519944E-001                  5.1750894948711221E-175                  0.0000000000000000E+000                  0.0000000000000000E+000 
                                     165                  2.2338330271141491E-001                  2.0605815556534965E-001                  5.2556104483355393E+000                 -6.9376285666103010E+000                  6.5545725962036396E+000                  3.5706215498381204E-005                  4.0938457768930220E-001                  5.9057971609519944E-001                  5.3885817547740786E-175                  0.0000000000000000E+000                  0.0000000000000000E+000 
                                     166                  2.2338329810793789E-001                  2.0408431614460479E-001                  5.2598980993406919E+000                 -6.9266596151870239E+000                  6.5712890133357647E+000                  3.5706215498381204E-005                  4.0938457768930220E-001                  5.9057971609519944E-001                  5.5266102696834945E-175                  0.0000000000000000E+000                  0.0000000000000000E+000 
                                     167                  2.2338329350451547E-001                  2.0213346183814201E-001                  5.2642366380680405E+000                 -6.9155474852463676E+000                  6.5882076540315042E+000                  3.5706215498381204E-005                  4.0938457768930220E-001                  5.9057971609519944E-001                  5.6700485802819477E-175                  0.0000000000000000E+000                  0.0000000000000000E+000 
                                     168                  2.2338328859421630E-001                  2.0007685793726870E-001                  5.2686202615838278E+000                 -6.9042442348010908E+000                  6.6053219595628976E+000                  3.5706215498381204E-005                  4.0938457768930220E-001                  5.9057971609519944E-001                  5.8197766615567139E-175                  0.0000000000000000E+000                  0.0000000000000000E+000 
                                     169                  2.2338328368398480E-001                  1.9804461899072578E-001                  5.2752349496842843E+000                 -6.8878929270368419E+000                  6.6309677001888634E+000                  3.5706215498381204E-005                  4.0938457768930220E-001                  5.9057971609519944E-001                  6.0434030878125717E-175                  0.0000000000000000E+000                  0.0000000000000000E+000 
                                     170                  2.2338327342102277E-001                  1.9386535354757933E-001                  5.2817046646218424E+000                 -6.8702854260543349E+000                  6.6564638328473258E+000                  3.5706215498381204E-005                  4.0938457768930220E-001                  5.9057971609519944E-001                  6.2938348043703457E-175                  0.0000000000000000E+000                  0.0000000000000000E+000 
                                     171                  2.2338326828864699E-001                  1.9181468946363120E-001                  5.2859220129197064E+000                 -6.8592516661912901E+000                  6.6729708920793440E+000                  3.5706215498381204E-005                  4.0938457768930220E-001                  5.9057971609519944E-001                  6.4560343972412582E-175                  0.0000000000000000E+000                  0.0000000000000000E+000 
                                     172                  2.2338326315629706E-001                  1.8978711874542917E-001                  5.2900575511146757E+000                 -6.8483949634100538E+000                  6.6891675550903917E+000                  3.5706215498381204E-005                  4.0938457768930220E-001                  5.9057971609519944E-001                  6.6197137761911267E-175                  0.0000000000000000E+000                  0.0000000000000000E+000 
                                     173                  2.2338325802400516E-001                  1.8778189114713584E-001                  5.2961292917834273E+000                 -6.8330270252886809E+000                  6.7128043088683169E+000                  3.5706215498381204E-005                  4.0938457768930220E-001                  5.9057971609519944E-001                  6.8585309946401480E-175                  0.0000000000000000E+000                  0.0000000000000000E+000 
                                     174                  2.2338324775950213E-001                  1.8383052574815203E-001                  5.3020089074572985E+000                 -6.8168163340677568E+000                  6.7360296872870800E+000                  3.5706215498381204E-005                  4.0938457768930220E-001                  5.9057971609519944E-001                  8.3821300961680836E-175                  0.0000000000000000E+000                  0.0000000000000000E+000 
                                     175                  2.2338324262725484E-001                  1.8188804310360504E-001                  5.3058513793145936E+000                 -6.8065959377299210E+000                  6.7511148483877568E+000                  3.5706215498381204E-005                  4.0938457768930220E-001                  5.9057971609519944E-001                  1.6267481509677669E-174                  0.0000000000000000E+000                  0.0000000000000000E+000 
                                     176                  2.2338323749420200E-001                  1.7996493651870565E-001                  5.3096280818991834E+000                 -6.7965183167994647E+000                  6.7659507935610117E+000                  3.5706215498381204E-005                  4.0938457768930220E-001                  5.9057971609519944E-001                  3.1159122919271199E-174                  0.0000000000000000E+000                  0.0000000000000000E+000 
                                     177                  2.2338323236118202E-001                  1.7806095091775301E-001                  5.3151859622858080E+000                 -6.7821759228365606E+000                  6.7876638024795186E+000                  3.5706215498381204E-005                  4.0938457768930220E-001                  5.9057971609519944E-001                  8.0730620849235838E-174                  0.0000000000000000E+000                  0.0000000000000000E+000 
                                     178                  2.2338322209522785E-001                  1.7430404859326470E-001                  5.3205874213411306E+000                 -6.7670960771198381E+000                  6.8090530818182380E+000                  3.5706215498381204E-005                  4.0938457768930220E-001                  5.9057971609519944E-001                  2.0340190474109588E-173                  0.0000000000000000E+000                  0.0000000000000000E+000 
                                     179                  2.2338321696226610E-001                  1.7245419167028847E-001                  5.3258825700695080E+000                 -6.7532843581907462E+000                  6.8297820556298676E+000                  3.5706215498381204E-005                  4.0938457768930220E-001                  5.9057971609519944E-001                  5.0030473861253661E-173                  0.0000000000000000E+000                  0.0000000000000000E+000 
                                     180                  2.2338320669494002E-001                  1.6880109122162992E-001                  5.3327435070738876E+000                 -6.7346191871578354E+000                  6.8568357211039226E+000                  3.5706215498381204E-005                  4.0938457768930220E-001                  5.9057971609519944E-001                  1.6001982788756505E-172                  0.0000000000000000E+000                  0.0000000000000000E+000 
                                     181                  2.2338319642772120E-001                  1.6521307843849292E-001                  5.3377496570185263E+000                 -6.7204822516325313E+000                  6.8767061214787004E+000                  3.5706215498381204E-005                  4.0938457768930220E-001                  5.9057971609519944E-001                  3.7281947064614789E-172                  0.0000000000000000E+000                  0.0000000000000000E+000 
                                     182                  2.2338319129414114E-001                  1.6344407569619634E-001                  5.3426664647931750E+000                 -6.7074482076137114E+000                  6.8960134510538946E+000                  3.5706215498381204E-005                  4.0938457768930220E-001                  5.9057971609519944E-001                  8.5130477032192407E-172                  0.0000000000000000E+000                  0.0000000000000000E+000 
                                     183                  2.2338318102598825E-001                  1.5994738569177752E-001                  5.3490558003221524E+000                 -6.6898508473581568E+000                  6.9212686943887967E+000                  3.5706215498381204E-005                  4.0938457768930220E-001                  5.9057971609519944E-001                  2.4817756917620207E-171                  0.0000000000000000E+000                  0.0000000000000000E+000 
                                     184                  2.2338317075799666E-001                  1.5650818811782166E-001                  5.3552777424250690E+000                 -6.6726430180876992E+000                  6.9458820882100270E+000                  3.5706215498381204E-005                  4.0938457768930220E-001                  5.9057971609519944E-001                  7.0018927593379050E-171                  0.0000000000000000E+000                  0.0000000000000000E+000 
                                     185                  2.2338316049010762E-001                  1.5312379606019047E-001                  5.3598345982949311E+000                 -6.6596161995755860E+000                  6.9640137213894358E+000                  3.5706215498381204E-005                  4.0938457768930220E-001                  5.9057971609519944E-001                  1.4935597392403690E-170                  0.0000000000000000E+000                  0.0000000000000000E+000 
                                     186                  2.2338315535564127E-001                  1.5145247827659788E-001                  5.3643197954919204E+000                 -6.6475140515791891E+000                  6.9816842514105382E+000                  3.5706215498381204E-005                  4.0938457768930220E-001                  5.9057971609519944E-001                  3.1350702986256222E-170                  0.0000000000000000E+000                  0.0000000000000000E+000 
                                     187                  2.2338314508679857E-001                  1.4814540642903715E-001                  5.3687125428890381E+000                 -6.6348987443512382E+000                  6.9991784275087490E+000                  3.5706215498381204E-005                  4.0938457768930220E-001                  5.9057971609519944E-001                  6.4767296196912431E-170                  0.0000000000000000E+000                  0.0000000000000000E+000 
                                     188                  2.2338313995242412E-001                  1.4651155379663969E-001                  5.3730390984060934E+000                 -6.6231482357907074E+000                  7.0162449813247632E+000                  3.5706215498381204E-005                  4.0938457768930220E-001                  5.9057971609519944E-001                  1.3183642497277497E-169                  0.0000000000000000E+000                  0.0000000000000000E+000 
                                     189                  2.2338312968372728E-001                  1.4327721334526319E-001                  5.3786858222724758E+000                 -6.6072977018616896E+000                  7.0386472708958063E+000                  3.5706215498381204E-005                  4.0938457768930220E-001                  5.9057971609519944E-001                  3.3260102245748400E-169                  0.0000000000000000E+000                  0.0000000000000000E+000 
                                     190                  2.2338311941380790E-001                  1.4008845355761002E-001                  5.3842076417301357E+000                 -6.5917407956935063E+000                  7.0605708539880627E+000                  3.5706215498381204E-005                  4.0938457768930220E-001                  5.9057971609519944E-001                  8.1912250603648237E-169                  0.0000000000000000E+000                  0.0000000000000000E+000 
                                     191                  2.2338310914392825E-001                  1.3694386755806620E-001                  5.3896103211787594E+000                 -6.5764616610349105E+000                  7.0820389312208221E+000                  3.5706215498381204E-005                  4.0938457768930220E-001                  5.9057971609519944E-001                  1.9716643940820797E-168                  0.0000000000000000E+000                  0.0000000000000000E+000 
                                     192                  2.2338309887414015E-001                  1.3384180411328297E-001                  5.3948995860071287E+000                 -6.5614462294002402E+000                  7.1030741722793431E+000                  3.5706215498381204E-005                  4.0938457768930220E-001                  5.9057971609519944E-001                  4.6439068178154448E-168                  0.0000000000000000E+000                  0.0000000000000000E+000 
                                     193                  2.2338308860444947E-001                  1.3078071430822677E-001                  5.4000811735365133E+000                 -6.5466822038939361E+000                  7.1236988195408557E+000                  3.5706215498381204E-005                  4.0938457768930220E-001                  5.9057971609519944E-001                  1.0715137407547497E-167                  0.0000000000000000E+000                  0.0000000000000000E+000 
                                     194                  2.2338307833357354E-001                  1.2775876672243602E-001                  5.4038960078950966E+000                 -6.5355029071463395E+000                  7.1389616092382173E+000                  3.5706215498381204E-005                  4.0938457768930220E-001                  5.9057971609519944E-001                  1.9803877131427150E-167                  0.0000000000000000E+000                  0.0000000000000000E+000 
                                     195                  2.2338307319818682E-001                  1.2626302783997015E-001                  5.4064106742754650E+000                 -6.5283053886633011E+000                  7.1489822094997111E+000                  3.5706215498381204E-005                  4.0938457768930220E-001                  5.9057971609519944E-001                  2.9648563143148685E-167                  0.0000000000000000E+000                  0.0000000000000000E+000 
                                     196                  2.2338306806280012E-001                  1.2477664228617022E-001                  5.4101409576889079E+000                 -6.5178692675286429E+000                  7.1637903543463244E+000                  3.5706215498381204E-005                  4.0938457768930220E-001                  5.9057971609519944E-001                  5.3843427008896694E-167                  0.0000000000000000E+000                  0.0000000000000000E+000 
                                     197                  2.2338305779217207E-001                  1.2182975502697635E-001                  5.4150284056555771E+000                 -6.5038008122726074E+000                  7.1832912651539633E+000                  3.5706215498381204E-005                  4.0938457768930220E-001                  5.9057971609519944E-001                  1.1747752374896356E-166                  0.0000000000000000E+000                  0.0000000000000000E+000 
                                     198                  2.2338304752154409E-001                  1.1891848504857216E-001                  5.4198268812455961E+000                 -6.4899488956762292E+000                  7.2024501076971381E+000                  3.5706215498381204E-005                  4.0938457768930220E-001                  5.9057971609519944E-001                  2.5203078293124617E-166                  0.0000000000000000E+000                  0.0000000000000000E+000 
                                     199                  2.2338303725101441E-001                  1.1604169165208920E-001                  5.4245406127337823E+000                 -6.4763090566083710E+000                  7.2212813941088072E+000                  3.5706215498381204E-005                  4.0938457768930220E-001                  5.9057971609519944E-001                  5.3208635601694612E-166                  0.0000000000000000E+000                  0.0000000000000000E+000 
                                     200                  2.2338302698050758E-001                  1.1319822312099580E-001                  5.4291738118909283E+000                 -6.4628752437440715E+000                  7.2397995543103919E+000                  3.5706215498381204E-005                  4.0938457768930220E-001                  5.9057971609519944E-001                  1.1063383800227445E-165                  0.0000000000000000E+000                  0.0000000000000000E+000 
                                     201                  2.2338301670914570E-001                  1.1038675391299145E-001                  5.4354130982356006E+000                 -6.4453409528104704E+000                  7.2646040054392804E+000                  3.5706215498381204E-005                  4.0938457768930220E-001                  5.9057971609519944E-001                  2.9492637950048461E-165                  0.0000000000000000E+000                  0.0000000000000000E+000 
                                     202                  2.2338299879581450E-001                  1.0555167205606354E-001                  5.4409388235909137E+000                 -6.4285449997281807E+000                  7.2868786195396398E+000                  3.5706215498381204E-005                  4.0938457768930220E-001                  5.9057971609519944E-001                  7.0220302554079356E-165                  0.0000000000000000E+000                  0.0000000000000000E+000 
                                     203                  2.2338299115380408E-001                  1.0351951802791812E-001                  5.4458174190723341E+000                 -6.4147822808472323E+000                  7.3062855122052968E+000                  3.5706215498381204E-005                  4.0938457768930220E-001                  5.9057971609519944E-001                  1.5022512232176930E-164                  0.0000000000000000E+000                  0.0000000000000000E+000 
                                     204                  2.2338297586981964E-001                  9.9498911131210011E-002                  5.4506059552548427E+000                 -6.4003845698399928E+000                  7.3255481298928080E+000                  3.5706215498381204E-005                  4.0938457768930220E-001                  5.9057971609519944E-001                  3.1670406248545567E-164                  0.0000000000000000E+000                  0.0000000000000000E+000 
                                     205                  2.2338296822722201E-001                  9.7513189546186957E-002                  5.4541505271989292E+000                 -6.3901317599856116E+000                  7.3397075371121341E+000                  3.5706215498381204E-005                  4.0938457768930220E-001                  5.9057971609519944E-001                  5.4862395919428102E-164                  0.0000000000000000E+000                  0.0000000000000000E+000 
                                     206                  2.2338295867408006E-001                  9.5051461186160563E-002                  5.4580385849906294E+000                 -6.3787948131698737E+000                  7.3552595868252659E+000                  3.5706215498381204E-005                  4.0938457768930220E-001                  5.9057971609519944E-001                  1.0008968372467163E-163                  0.0000000000000000E+000                  0.0000000000000000E+000 
                                     207                  2.2338294912093817E-001                  9.2612220072639431E-002                  5.4637824567452533E+000                 -6.3626515718234584E+000                  7.3780850052500400E+000                  3.5706215498381204E-005                  4.0938457768930220E-001                  5.9057971609519944E-001                  2.4218955923438322E-163                  0.0000000000000000E+000                  0.0000000000000000E+000 
                                     208                  2.2338293001475854E-001                  8.7792603565774646E-002                  5.4690348740721850E+000                 -6.3466418150619628E+000                  7.3992563503266968E+000                  3.5706215498381204E-005                  4.0938457768930220E-001                  5.9057971609519944E-001                  5.4313176373962718E-163                  0.0000000000000000E+000                  0.0000000000000000E+000 
                                     209                  2.2338292237187479E-001                  8.5890713906053531E-002                  5.4719991888124788E+000                 -6.3379932956413461E+000                  7.4111099136030605E+000                  3.5706215498381204E-005                  4.0938457768930220E-001                  5.9057971609519944E-001                  8.5481032653317044E-163                  0.0000000000000000E+000                  0.0000000000000000E+000 
                                     210                  2.2338291472908994E-001                  8.4001776967369421E-002                  5.4749347801831902E+000                 -6.3294269708369582E+000                  7.4228482394544644E+000                  3.5706215498381204E-005                  4.0938457768930220E-001                  5.9057971609519944E-001                  1.3381388725385543E-162                  0.0000000000000000E+000                  0.0000000000000000E+000 
                                     211                  2.2338290708630507E-001                  8.2125491088688524E-002                  5.4785661277210789E+000                 -6.3189751194419719E+000                  7.4373325874252139E+000                  3.5706215498381204E-005                  4.0938457768930220E-001                  5.9057971609519944E-001                  2.3255801080850866E-162                  0.0000000000000000E+000                  0.0000000000000000E+000 
                                     212                  2.2338289562230854E-001                  7.9333394400351961E-002                  5.4828659776448623E+000                 -6.3064124944643840E+000                  7.4545274216323758E+000                  3.5706215498381204E-005                  4.0938457768930220E-001                  5.9057971609519944E-001                  4.4678766133255584E-162                  0.0000000000000000E+000                  0.0000000000000000E+000 
                                     213                  2.2338288415831201E-001                  7.6568339969155935E-002                  5.4870924031881465E+000                 -6.2940520260125146E+000                  7.4714306665830064E+000                  3.5706215498381204E-005                  4.0938457768930220E-001                  5.9057971609519944E-001                  8.4715288837369320E-162                  0.0000000000000000E+000                  0.0000000000000000E+000 
                                     214                  2.2338287277021338E-001                  7.3847598381946447E-002                  5.4922805093111844E+000                 -6.2791698042923523E+000                  7.4921089285688982E+000                  3.5706215498381204E-005                  4.0938457768930220E-001                  5.9057971609519944E-001                  1.8516878853974696E-161                  0.0000000000000000E+000                  0.0000000000000000E+000 
                                     215                  2.2338285568805466E-001                  6.9810911444385851E-002                  5.4983907630625870E+000                 -6.2612470373978431E+000                  7.5165584012747244E+000                  3.5706215498381204E-005                  4.0938457768930220E-001                  5.9057971609519944E-001                  4.6372450137412874E-161                  0.0000000000000000E+000                  0.0000000000000000E+000 
                                     216                  2.2338283860529898E-001                  6.5828496505345224E-002                  5.5033905012471820E+000                 -6.2462763048739758E+000                  7.5366390926313693E+000                  3.5706215498381204E-005                  4.0938457768930220E-001                  5.9057971609519944E-001                  9.8052224228633492E-161                  0.0000000000000000E+000                  0.0000000000000000E+000 
                                     217                  2.2338282721682057E-001                  6.3204270357259978E-002                  5.5073352796523762E+000                 -6.2346798781187411E+000                  7.5524312744792521E+000                  3.5706215498381204E-005                  4.0938457768930220E-001                  5.9057971609519944E-001                  1.7659305945629928E-160                  0.0000000000000000E+000                  0.0000000000000000E+000 
                                     218                  2.2338281582840175E-001                  6.0602665056798052E-002                  5.5107460723972279E+000                 -6.2245451170804591E+000                  7.5661125541116636E+000                  3.5706215498381204E-005                  4.0938457768930220E-001                  5.9057971609519944E-001                  2.9336557037014053E-160                  0.0000000000000000E+000                  0.0000000000000000E+000 
                                     219                  2.2338280728699450E-001                  5.8666322572427397E-002                  5.5150815222362963E+000                 -6.2121234609365787E+000                  7.5833920371969077E+000                  3.5706215498381204E-005                  4.0938457768930220E-001                  5.9057971609519944E-001                  5.5762322517045517E-160                  0.0000000000000000E+000                  0.0000000000000000E+000 
                                     220                  2.2338279020402854E-001                  5.4827055806872589E-002                  5.5193535047669284E+000                 -6.1991528822699546E+000                  7.6005967915668426E+000                  3.5706215498381204E-005                  4.0938457768930220E-001                  5.9057971609519944E-001                  1.0496527878344752E-159                  0.0000000000000000E+000                  0.0000000000000000E+000 
                                     221                  2.2338278166246978E-001                  5.2926542804627524E-002                  5.5221717691624637E+000                 -6.1908217147456446E+000                  7.6118928850681691E+000                  3.5706215498381204E-005                  4.0938457768930220E-001                  5.9057971609519944E-001                  1.5906349662375730E-159                  0.0000000000000000E+000                  0.0000000000000000E+000 
                                     222                  2.2338277312088251E-001                  5.1037571360594086E-002                  5.5249655164104787E+000                 -6.1825542309180825E+000                  7.6230933690833451E+000                  3.5706215498381204E-005                  4.0938457768930220E-001                  5.9057971609519944E-001                  2.3997307353875829E-159                  0.0000000000000000E+000                  0.0000000000000000E+000 
                                     223                  2.2338276457929526E-001                  4.9159950793651749E-002                  5.5291136208053864E+000                 -6.1705892793863759E+000                  7.6396492786444492E+000                  3.5706215498381204E-005                  4.0938457768930220E-001                  5.9057971609519944E-001                  4.4090143732401893E-159                  0.0000000000000000E+000                  0.0000000000000000E+000 
                                     224                  2.2338274749570838E-001                  4.5435367149616497E-002                  5.5336574096074314E+000                 -6.1568549901660186E+000                  7.6579379963252903E+000                  3.5706215498381204E-005                  4.0938457768930220E-001                  5.9057971609519944E-001                  8.5786556241845897E-159                  0.0000000000000000E+000                  0.0000000000000000E+000 
                                     225                  2.2338273610671402E-001                  4.2977660987385827E-002                  5.5381419385869997E+000                 -6.1437462089086816E+000                  7.6758810925744720E+000                  3.5706215498381204E-005                  4.0938457768930220E-001                  5.9057971609519944E-001                  1.6494132684008702E-158                  0.0000000000000000E+000                  0.0000000000000000E+000 
                                     226                  2.2338271902325604E-001                  3.9324476454756938E-002                  5.5434421729062731E+000                 -6.1279385759889600E+000                  7.6971656485522644E+000                  3.5706215498381204E-005                  4.0938457768930220E-001                  5.9057971609519944E-001                  3.5643738528434318E-158                  0.0000000000000000E+000                  0.0000000000000000E+000 
                                     227                  2.2338270193979806E-001                  3.5712356270304418E-002                  5.5477936795919929E+000                 -6.1147107507538676E+000                  7.7147021359136456E+000                  3.5706215498381204E-005                  4.0938457768930220E-001                  5.9057971609519944E-001                  6.6989442339966930E-158                  0.0000000000000000E+000                  0.0000000000000000E+000 
                                     228                  2.2338269055034271E-001                  3.3327493639759800E-002                  5.5512291565065137E+000                 -6.1043206296271926E+000                  7.7285349197924349E+000                  3.5706215498381204E-005                  4.0938457768930220E-001                  5.9057971609519944E-001                  1.1007046350285350E-157                  0.0000000000000000E+000                  0.0000000000000000E+000 
                                     229                  2.2338267916088736E-001                  3.0960477942263764E-002                  5.5554218046118349E+000                 -6.0909346644517344E+000                  7.7455892105114073E+000                  3.5706215498381198E-005                  4.0938457768930214E-001                  5.9057971609519955E-001                  2.0175937569146148E-157                  0.0000000000000000E+000                  0.0000000000000000E+000 
                                     230                  2.2338266207676336E-001                  2.7447142321818409E-002                  5.5603035853592457E+000                 -6.0737533593616151E+000                  7.7658385593688140E+000                  3.5706215498381198E-005                  4.0938457768930214E-001                  5.9057971609519955E-001                  4.0909782856386627E-157                  0.0000000000000000E+000                  0.0000000000000000E+000 
                                     231                  2.2338264499211224E-001                  2.3987658645055993E-002                  5.5642648299922426E+000                 -6.0587491107447082E+000                  7.7825346349713689E+000                  3.5706215498381204E-005                  4.0938457768930220E-001                  5.9057971609519944E-001                  7.2642522656928815E-157                  0.0000000000000000E+000                  0.0000000000000000E+000 
                                     232                  2.2338263360233809E-001                  2.1715074291609147E-002                  5.5673777006474303E+000                 -6.0467389565911356E+000                  7.7957131849643133E+000                  3.5706215498381191E-005                  4.0938457768930220E-001                  5.9057971609519944E-001                  1.1398915976741657E-156                  0.0000000000000000E+000                  0.0000000000000000E+000 
                                     233                  2.2338262221256394E-001                  1.9469709606280573E-002                  5.5704407036351942E+000                 -6.0345901729507920E+000                  7.8087668163389496E+000                  3.5706215498381211E-005                  4.0938457768930225E-001                  5.9057971609519933E-001                  1.7754173462048028E-156                  0.0000000000000000E+000                  0.0000000000000000E+000 
                                     234                  2.2338261082289176E-001                  1.7252389728188770E-002                  5.5734570313692036E+000                 -6.0223426982385488E+000                  7.8216970693436947E+000                  3.5706215498381191E-005                  4.0938457768930209E-001                  5.9057971609519955E-001                  2.7458120118215257E-156                  0.0000000000000000E+000                  0.0000000000000000E+000 
                                     235                  2.2338259943321961E-001                  1.5063670551187423E-002                  5.5779070939127608E+000                 -6.0043226113683694E+000                  7.8407705891452277E+000                  3.5706215498381191E-005                  4.0938457768930209E-001                  5.9057971609519955E-001                  5.2149299157321234E-156                  0.0000000000000000E+000                  0.0000000000000000E+000 
                                     236                  2.2338257665399666E-001                  1.0769189914199173E-002                  5.5822503177677003E+000                 -5.9852998603190635E+000                  7.8597627939934531E+000                  3.5706215498381218E-005                  4.0938457768930231E-001                  5.9057971609519933E-001                  9.7658287165568882E-156                  0.0000000000000000E+000                  0.0000000000000000E+000 
                                     237                  2.2338256526438516E-001                  8.6680087098064736E-003                  5.5851037739693838E+000                 -5.9729438095948186E+000                  7.8722135735624752E+000                  3.5706215498381204E-005                  4.0938457768930192E-001                  5.9057971609519977E-001                  1.4726743497798454E-155                  0.0000000000000000E+000                  0.0000000000000000E+000 
                                     238                  2.2338255387427677E-001                  6.5960253813730765E-003                  5.5879208567974175E+000                 -5.9606098086780177E+000                  7.8845475140134589E+000                  3.5706215498381191E-005                  4.0938457768930220E-001                  5.9057971609519944E-001                  2.2080329716295952E-155                  0.0000000000000000E+000                  0.0000000000000000E+000 
                                     239                  2.2338254248416836E-001                  4.5532316094083723E-003                  5.5917408927351175E+000                 -5.9439779250542921E+000                  7.9012597382263134E+000                  3.5706215498381198E-005                  4.0938457768930225E-001                  5.9057971609519933E-001                  3.8182533690547319E-155                  0.0000000000000000E+000                  0.0000000000000000E+000 
                                     240                  2.2338252255192304E-001                  1.0462077771564253E-003                  5.5965048316237542E+000                 -5.9225787010095710E+000                  7.9222929585014219E+000                  3.5706215498381211E-005                  4.0938457768930225E-001                  5.9057971609519933E-001                  7.5550679857530341E-155                  0.0000000000000000E+000                  0.0000000000000000E+000 
                                     241                  2.2338250261967774E-001                 -2.3730308559581532E-003                  5.6005084060793271E+000                 -5.9042286818021124E+000                  7.9400852401129924E+000                  3.5706215498381198E-005                  4.0938457768930242E-001                  5.9057971609519921E-001                  1.3393375531172659E-154                  0.0000000000000000E+000                  0.0000000000000000E+000 
                                     242                  2.2338248838264080E-001                 -4.7617211352345553E-003                  5.6051011427493380E+000                 -5.8836415232724386E+000                  7.9603932658336412E+000                  3.5706215498381184E-005                  4.0938457768930231E-001                  5.9057971609519933E-001                  2.5750698141068581E-154                  0.0000000000000000E+000                  0.0000000000000000E+000 
                                     243                  2.2338246275607618E-001                 -8.9564934135354865E-003                  5.6092727836736023E+000                 -5.8639408239713360E+000                  7.9791321278940286E+000                  3.5706215498381218E-005                  4.0938457768930231E-001                  5.9057971609519933E-001                  4.6649657487638555E-154                  0.0000000000000000E+000                  0.0000000000000000E+000 
                                     244                  2.2338245136654852E-001                 -1.0775591661941444E-002                  5.6130684493475016E+000                 -5.8466932088508745E+000                  7.9960151955973062E+000                  3.5706215498381218E-005                  4.0938457768930220E-001                  5.9057971609519944E-001                  7.9854899172143625E-154                  0.0000000000000000E+000                  0.0000000000000000E+000 
                                     245                  2.2338242858749319E-001                 -1.4337659504881136E-002                  5.6171009848769424E+000                 -5.8276593696734391E+000                  8.0141680986579065E+000                  3.5706215498381218E-005                  4.0938457768930253E-001                  5.9057971609519910E-001                  1.4136355803826307E-153                  0.0000000000000000E+000                  0.0000000000000000E+000 
                                     246                  2.2338241435001707E-001                 -1.6511241346435484E-002                  5.6203107271647266E+000                 -5.8127076364332071E+000                  8.0285768542246210E+000                  3.5706215498381191E-005                  4.0938457768930248E-001                  5.9057971609519910E-001                  2.2235856203801409E-153                  0.0000000000000000E+000                  0.0000000000000000E+000 
                                     247                  2.2338239868888718E-001                 -1.8857595572309031E-002                  5.6248227163801854E+000                 -5.7919198282061242E+000                  8.0487876292478280E+000                  3.5706215498381191E-005                  4.0938457768930259E-001                  5.9057971609519910E-001                  4.1935922587365731E-153                  0.0000000000000000E+000                  0.0000000000000000E+000 
                                     248                  2.2338237163790145E-001                 -2.2805793298831870E-002                  5.6287967416879505E+000                 -5.7728192021424620E+000                  8.0668383557959515E+000                  3.5706215498381164E-005                  4.0938457768930281E-001                  5.9057971609519888E-001                  7.3336727819201256E-153                  0.0000000000000000E+000                  0.0000000000000000E+000 
                                     249                  2.2338236024804567E-001                 -2.4427601892115996E-002                  5.6322817610091791E+000                 -5.7566937924153292E+000                  8.0825049801560667E+000                  3.5706215498381150E-005                  4.0938457768930292E-001                  5.9057971609519866E-001                  1.1939745067241188E-152                  0.0000000000000000E+000                  0.0000000000000000E+000 
                                     250                  2.2338233746849928E-001                 -2.7605160998836448E-002                  5.6362392683857676E+000                 -5.7378958783494749E+000                  8.1004582374021545E+000                  3.5706215498381245E-005                  4.0938457768930259E-001                  5.9057971609519910E-001                  2.0759313817452937E-152                  0.0000000000000000E+000                  0.0000000000000000E+000 
                                     251                  2.2338232071936420E-001                 -2.9885154428962023E-002                  5.6395417196653659E+000                 -5.7223412649867988E+000                  8.1154180503975812E+000                  3.5706215498381089E-005                  4.0938457768930342E-001                  5.9057971609519821E-001                  3.2886474727012127E-152                  0.0000000000000000E+000                  0.0000000000000000E+000 
                                     252                  2.2338230397022910E-001                 -3.2119501686542942E-002                  5.6432010973886308E+000                 -5.7051973094373158E+000                  8.1319849610486035E+000                  3.5706215498381123E-005                  4.0938457768930314E-001                  5.9057971609519844E-001                  5.4673041015005929E-152                  0.0000000000000000E+000                  0.0000000000000000E+000 
                                     253                  2.2338228303435614E-001                 -3.4850689572378600E-002                  5.6471962425811322E+000                 -5.6863871270891808E+000                  8.1501218000099982E+000                  3.5706215498381157E-005                  4.0938457768930353E-001                  5.9057971609519810E-001                  9.5108276799040073E-152                  0.0000000000000000E+000                  0.0000000000000000E+000 
                                     254                  2.2338226209848316E-001                 -3.7515310400980217E-002                  5.6503397318099964E+000                 -5.6714644066112792E+000                  8.1644465395149961E+000                  3.5706215498381150E-005                  4.0938457768930336E-001                  5.9057971609519821E-001                  1.4690848276342365E-151                  0.0000000000000000E+000                  0.0000000000000000E+000 
                                     255                  2.2338224953729696E-001                 -3.9082799220293923E-002                  5.6526709303717411E+000                 -5.6605314080662277E+000                  8.1750381350981272E+000                  3.5706215498381096E-005                  4.0938457768930359E-001                  5.9057971609519799E-001                  2.0261592793470169E-151                  0.0000000000000000E+000                  0.0000000000000000E+000 
                                     256                  2.2338223697611070E-001                 -4.0627841292174241E-002                  5.6553614830123253E+000                 -5.6479934234218332E+000                  8.1872472568968675E+000                  3.5706215498381042E-005                  4.0938457768930392E-001                  5.9057971609519777E-001                  2.9339579956677842E-151                  0.0000000000000000E+000                  0.0000000000000000E+000 
                                     257                  2.2338222022786239E-001                 -4.2654107681197290E-002                  5.6599048334073387E+000                 -5.6271565118788818E+000                  8.2077815819364872E+000                  3.5706215498381069E-005                  4.0938457768930453E-001                  5.9057971609519710E-001                  5.4690841984719478E-151                  0.0000000000000000E+000                  0.0000000000000000E+000 
                                     258                  2.2338218673071292E-001                 -4.6597248797985699E-002                  5.6643442533473021E+000                 -5.6060964155227424E+000                  8.2280972222561761E+000                  3.5706215498381001E-005                  4.0938457768930531E-001                  5.9057971609519633E-001                  1.0047086262741071E-150                  0.0000000000000000E+000                  0.0000000000000000E+000 
                                     259                  2.2338216998226684E-001                 -4.8513925534766383E-002                  5.6672608997173155E+000                 -5.5925759124407755E+000                  8.2413600819924397E+000                  3.5706215498380940E-005                  4.0938457768930564E-001                  5.9057971609519599E-001                  1.4955314559755740E-150                  0.0000000000000000E+000                  0.0000000000000000E+000 
                                     260                  2.2338215323382080E-001                 -5.0396391770421343E-002                  5.6701398973969326E+000                 -5.5792688650271351E+000                  8.2544515757285861E+000                  3.5706215498381001E-005                  4.0938457768930570E-001                  5.9057971609519599E-001                  2.2127309534468976E-150                  0.0000000000000000E+000                  0.0000000000000000E+000 
                                     261                  2.2338213648545671E-001                 -5.2245727802165222E-002                  5.6743954957680049E+000                 -5.5599955264123953E+000                  8.2736953011122427E+000                  3.5706215498380913E-005                  4.0938457768930592E-001                  5.9057971609519577E-001                  3.9388784110245704E-150                  0.0000000000000000E+000                  0.0000000000000000E+000 
                                     262                  2.2338210298882855E-001                 -5.5851056951741598E-002                  5.6799345544375344E+000                 -5.5345659396189975E+000                  8.2988952556367419E+000                  3.5706215498380866E-005                  4.0938457768930847E-001                  5.9057971609519311E-001                  8.3281879125737664E-150                  0.0000000000000000E+000                  0.0000000000000000E+000 
                                     263                  2.2338206949246472E-001                 -5.9335613148114891E-002                  5.6839937121617572E+000                 -5.5157481705799025E+000                  8.3174538915497553E+000                  3.5706215498380777E-005                  4.0938457768930958E-001                  5.9057971609519200E-001                  1.4395078807250992E-149                  0.0000000000000000E+000                  0.0000000000000000E+000 
                                     264                  2.2338205274428283E-001                 -6.1034178982755684E-002                  5.6866627959897755E+000                 -5.5036290649610677E+000                  8.3295856120653404E+000                  3.5706215498380683E-005                  4.0938457768931075E-001                  5.9057971609519089E-001                  2.0599573166597903E-149                  0.0000000000000000E+000                  0.0000000000000000E+000 
                                     265                  2.2338203599612963E-001                 -6.2705335774900298E-002                  5.6892994372613002E+000                 -5.4916934130616362E+000                  8.3415681778300890E+000                  3.5706215498380506E-005                  4.0938457768931263E-001                  5.9057971609518900E-001                  2.9327998182606252E-149                  0.0000000000000000E+000                  0.0000000000000000E+000 
                                     266                  2.2338201924797643E-001                 -6.4349916625523612E-002                  5.6932007015017385E+000                 -5.4743619872872191E+000                  8.3592042082653855E+000                  3.5706215498380533E-005                  4.0938457768931275E-001                  5.9057971609518889E-001                  4.9366631995057174E-149                  0.0000000000000000E+000                  0.0000000000000000E+000 
                                     267                  2.2338198575087964E-001                 -6.7563912590439118E-002                  5.6982875552457823E+000                 -5.4515273883237887E+000                  8.3823147397732676E+000                  3.5706215498380256E-005                  4.0938457768931708E-001                  5.9057971609518456E-001                  9.7184996414256457E-149                  0.0000000000000000E+000                  0.0000000000000000E+000 
                                     268                  2.2338195225290289E-001                 -7.0680784609077313E-002                  5.7020224048146169E+000                 -5.4346492921405094E+000                  8.3993478643960948E+000                  3.5706215498380127E-005                  4.0938457768931880E-001                  5.9057971609518289E-001                  1.5959216221522820E-148                  0.0000000000000000E+000                  0.0000000000000000E+000 
                                     269                  2.2338193550409713E-001                 -7.2204039984187215E-002                  5.7057051245253181E+000                 -5.4185724936600241E+000                  8.4159651068039434E+000                  3.5706215498380052E-005                  4.0938457768932013E-001                  5.9057971609518156E-001                  2.5958943932449345E-148                  0.0000000000000000E+000                  0.0000000000000000E+000 
                                     270                  2.2338190200664290E-001                 -7.5185821084023594E-002                  5.7093180936779158E+000                 -5.4024604803787355E+000                  8.4324071671861578E+000                  3.5706215498379388E-005                  4.0938457768933029E-001                  5.9057971609517135E-001                  4.1817613799112821E-148                  0.0000000000000000E+000                  0.0000000000000000E+000 
                                     271                  2.2338188525791583E-001                 -7.6644636968942970E-002                  5.7116979331083444E+000                 -5.3920538256209074E+000                  8.4431745536431535E+000                  3.5706215498379287E-005                  4.0938457768933295E-001                  5.9057971609516868E-001                  5.7181715508140915E-148                  0.0000000000000000E+000                  0.0000000000000000E+000 
                                     272                  2.2338186850918873E-001                 -7.8083236793648120E-002                  5.7146392218468902E+000                 -5.3793375167343429E+000                  8.4564409014376292E+000                  3.5706215498379131E-005                  4.0938457768933467E-001                  5.9057971609516691E-001                  8.4091077681467079E-148                  0.0000000000000000E+000                  0.0000000000000000E+000 
                                     273                  2.2338184338616296E-001                 -8.0204780327195233E-002                  5.7178274576357415E+000                 -5.3654969684328595E+000                  8.4708550325021044E+000                  3.5706215498378894E-005                  4.0938457768933778E-001                  5.9057971609516380E-001                  1.2763292566736516E-147                  0.0000000000000000E+000                  0.0000000000000000E+000 
                                     274                  2.2338182245009455E-001                 -8.1940267527343916E-002                  5.7206879417357070E+000                 -5.3531936445107222E+000                  8.4837578803799598E+000                  3.5706215498378304E-005                  4.0938457768934688E-001                  5.9057971609515469E-001                  1.8538713954028572E-147                  0.0000000000000000E+000                  0.0000000000000000E+000 
                                     275                  2.2338180151402617E-001                 -8.3647458843155012E-002                  5.7249172030725619E+000                 -5.3353969862049100E+000                  8.5027104252288659E+000                  3.5706215498378331E-005                  4.0938457768934683E-001                  5.9057971609515481E-001                  3.2119391184649134E-147                  0.0000000000000000E+000                  0.0000000000000000E+000 
                                     276                  2.2338175964070967E-001                 -8.6982366621699336E-002                  5.7293298448828303E+000                 -5.3164606609463068E+000                  8.5226444205270102E+000                  3.5706215498377247E-005                  4.0938457768936332E-001                  5.9057971609513826E-001                  5.6937778543010999E-147                  0.0000000000000000E+000                  0.0000000000000000E+000 
                                     277                  2.2338173451650409E-001                 -8.8933277934673455E-002                  5.7320462115550770E+000                 -5.3049633275379779E+000                  8.5348687464555173E+000                  3.5706215498376786E-005                  4.0938457768937142E-001                  5.9057971609513027E-001                  8.0891854864752236E-147                  0.0000000000000000E+000                  0.0000000000000000E+000 
                                     278                  2.2338171776703369E-001                 -9.0214128449651571E-002                  5.7341970740671568E+000                 -5.2959564493720954E+000                  8.5445182894627809E+000                  3.5706215498375729E-005                  4.0938457768938702E-001                  5.9057971609511462E-001                  1.0674609274384147E-146                  0.0000000000000000E+000                  0.0000000000000000E+000 
                                     279                  2.2338170101756333E-001                 -9.1479771804662435E-002                  5.7373884517362184E+000                 -5.2828080957419763E+000                  8.5587645894825553E+000                  3.5706215498375709E-005                  4.0938457768938752E-001                  5.9057971609511406E-001                  1.6088233963003513E-146                  0.0000000000000000E+000                  0.0000000000000000E+000 
                                     280                  2.2338166751862257E-001                 -9.3967593332586849E-002                  5.7415687448458002E+000                 -5.2654957514288432E+000                  8.5774756855469043E+000                  3.5706215498374238E-005                  4.0938457768940961E-001                  5.9057971609509208E-001                  2.7500575666921927E-146                  0.0000000000000000E+000                  0.0000000000000000E+000 
                                     281                  2.2338163401968184E-001                 -9.6399160097119435E-002                  5.7456728065235110E+000                 -5.2486353448510554E+000                  8.5958116283003694E+000                  3.5706215498373717E-005                  4.0938457768941805E-001                  5.9057971609508364E-001                  4.6463561362324677E-146                  0.0000000000000000E+000                  0.0000000000000000E+000 
                                     282                  2.2338160052074107E-001                 -9.8777317523809569E-002                  5.7497038482568605E+000                 -5.2322075556299499E+000                  8.6137863321647750E+000                  3.5706215498373120E-005                  4.0938457768942726E-001                  5.9057971609507431E-001                  7.7632528667209970E-146                  0.0000000000000000E+000                  0.0000000000000000E+000 
                                     283                  2.2338156702180034E-001                 -1.0110471927069926E-001                  5.7536651213119825E+000                 -5.2161944853801581E+000                  8.6314135308136954E+000                  3.5706215498373263E-005                  4.0938457768942699E-001                  5.9057971609507465E-001                  1.2833832208740209E-145                  0.0000000000000000E+000                  0.0000000000000000E+000 
                                     284                  2.2338153352104270E-001                 -1.0338396951128355E-001                  5.7570748548538981E+000                 -5.2024493452284677E+000                  8.6465815954324174E+000                  3.5706215498372178E-005                  4.0938457768944131E-001                  5.9057971609506033E-001                  1.9757680241037027E-145                  0.0000000000000000E+000                  0.0000000000000000E+000 
                                     285                  2.2338150839547449E-001                 -1.0506295731420862E-001                  5.7599596550238470E+000                 -5.1909583985354644E+000                  8.6593674195921526E+000                  3.5706215498370071E-005                  4.0938457768947495E-001                  5.9057971609502669E-001                  2.8429598703938591E-145                  0.0000000000000000E+000                  0.0000000000000000E+000 
                                     286                  2.2338148326990626E-001                 -1.0671703638495726E-001                  5.7637547076939137E+000                 -5.1760909437065274E+000                  8.6760981266362567E+000                  3.5706215498329772E-005                  4.0938457769009862E-001                  5.9057971609440307E-001                  4.5805862097034866E-145                  0.0000000000000000E+000                  0.0000000000000000E+000 
                                     287                  2.2338144139395921E-001                 -1.0942143889832046E-001                  5.7674826251412368E+000                 -5.1613186803385283E+000                  8.6926068248583803E+000                  3.5706215498241363E-005                  4.0938457769146630E-001                  5.9057971609303550E-001                  7.3117850028402597E-145                  0.0000000000000000E+000                  0.0000000000000000E+000 
                                     288                  2.2338141626839098E-001                 -1.1101327666992074E-001                  5.7711591243982374E+000                 -5.1471385820955637E+000                  8.7087414777523957E+000                  3.5706215498153007E-005                  4.0938457769283432E-001                  5.9057971609166748E-001                  1.1571808211844993E-144                  0.0000000000000000E+000                  0.0000000000000000E+000 
                                     289                  2.2338137439244393E-001                 -1.1361858727058863E-001                  5.7745482559245689E+000                 -5.1338895853220858E+000                  8.7236905329607151E+000                  3.5706215498114301E-005                  4.0938457769343317E-001                  5.9057971609106874E-001                  1.7656485561152826E-144                  0.0000000000000000E+000                  0.0000000000000000E+000 
                                     290                  2.2338135345447038E-001                 -1.1489918824031480E-001                  5.7776744284827215E+000                 -5.1220006424203639E+000                  8.7373511893079847E+000                  3.5706215498114104E-005                  4.0938457769343617E-001                  5.9057971609106574E-001                  2.6027912346443707E-144                  0.0000000000000000E+000                  0.0000000000000000E+000 
                                     291                  2.2338131576611805E-001                 -1.1716968559773198E-001                  5.7814119025554849E+000                 -5.1077190895544593E+000                  8.7537138510280936E+000                  3.5706215498112180E-005                  4.0938457769346515E-001                  5.9057971609103677E-001                  4.1352245908466141E-144                  0.0000000000000000E+000                  0.0000000000000000E+000 
                                     292                  2.2338128226552012E-001                 -1.1915150644481638E-001                  5.7848775718659482E+000                 -5.0946012025441192E+000                  8.7688393870387333E+000                  3.5706215498095869E-005                  4.0938457769371944E-001                  5.9057971609078241E-001                  6.3434741113266266E-144                  0.0000000000000000E+000                  0.0000000000000000E+000 
                                     293                  2.2338124876492219E-001                 -1.2110064655139240E-001                  5.7878682285808312E+000                 -5.0833054495365388E+000                  8.7818841879245042E+000                  3.5706215497688582E-005                  4.0938457770002107E-001                  5.9057971608448123E-001                  9.1682672247392491E-144                  0.0000000000000000E+000                  0.0000000000000000E+000 
                                     294                  2.2338122363924731E-001                 -1.2254176392910922E-001                  5.7904032894826241E+000                 -5.0738236574617837E+000                  8.7929053906827441E+000                  3.5706215497446534E-005                  4.0938457770376802E-001                  5.9057971608073456E-001                  1.2517430573879247E-143                  0.0000000000000000E+000                  0.0000000000000000E+000 
                                     295                  2.2338119851357241E-001                 -1.2396578136730062E-001                  5.7941604042573207E+000                 -5.0600248945002999E+000                  8.8091379207332690E+000                  3.5706215497238537E-005                  4.0938457770698627E-001                  5.9057971607751647E-001                  1.9825373495826540E-143                  0.0000000000000000E+000                  0.0000000000000000E+000 
                                     296                  2.2338114826041139E-001                 -1.2676535935780328E-001                  5.7982590299249077E+000                 -5.0447605314595068E+000                  8.8269341992559553E+000                  3.5706215497141921E-005                  4.0938457770848252E-001                  5.9057971607602033E-001                  3.2709462129492323E-143                  0.0000000000000000E+000                  0.0000000000000000E+000 
                                     297                  2.2338111475800215E-001                 -1.2859636893461837E-001                  5.8014909546116353E+000                 -5.0329057614942760E+000                  8.8408939978363517E+000                  3.5706215497089642E-005                  4.0938457770929193E-001                  5.9057971607521098E-001                  4.8473750872581178E-143                  0.0000000000000000E+000                  0.0000000000000000E+000 
                                     298                  2.2338108125559292E-001                 -1.3040058593140155E-001                  5.8046799786959058E+000                 -5.0212742887663886E+000                  8.8546420942838164E+000                  3.5706215496872578E-005                  4.0938457771264847E-001                  5.9057971607185467E-001                  7.1386291768955268E-143                  0.0000000000000000E+000                  0.0000000000000000E+000 
                                     299                  2.2338104775318374E-001                 -1.3217899356508031E-001                  5.8078272908840374E+000                 -5.0098582733326831E+000                  8.8681849790235638E+000                  3.5706215496132169E-005                  4.0938457772410808E-001                  5.9057971606039583E-001                  1.0449141065959288E-142                  0.0000000000000000E+000                  0.0000000000000000E+000 
                                     300                  2.2338101425077447E-001                 -1.3393252389174368E-001                  5.8109340539937211E+000                 -4.9986503960959849E+000                  8.8815288663366498E+000                  3.5706215495855935E-005                  4.0938457772838238E-001                  5.9057971605612170E-001                  1.5204910852889024E-142                  0.0000000000000000E+000                  0.0000000000000000E+000 
                                     301                  2.2338098074836524E-001                 -1.3566206177250575E-001                  5.8155265368571749E+000                 -4.9824349664421463E+000                  8.9011087509371301E+000                  3.5706215495338249E-005                  4.0938457773639281E-001                  5.9057971604811188E-001                  2.6409935997184425E-142                  0.0000000000000000E+000                  0.0000000000000000E+000 
                                     302                  2.2338091374354679E-001                 -1.3905377536227695E-001                  5.8200216902899573E+000                 -4.9662038988637081E+000                  8.9204253033180478E+000                  3.5706215493180165E-005                  4.0938457776979165E-001                  5.9057971601471515E-001                  4.5295689342202789E-142                  0.0000000000000000E+000                  0.0000000000000000E+000 
                                     303                  2.2338088024113756E-001                 -1.4071621884823968E-001                  5.8229774334869431E+000                 -4.9557640782737469E+000                  8.9330304461784138E+000                  3.5706215492574014E-005                  4.0938457777917270E-001                  5.9057971600533476E-001                  6.4485679253006169E-142                  0.0000000000000000E+000                  0.0000000000000000E+000 
                                     304                  2.2338084673872838E-001                 -1.4235780307709997E-001                  5.8258980412437191E+000                 -4.9455020721031131E+000                  8.9454639951767732E+000                  3.5706215491761567E-005                  4.0938457779174747E-001                  5.9057971599276082E-001                  9.1341824355665724E-142                  0.0000000000000000E+000                  0.0000000000000000E+000 
                                     305                  2.2338081323631914E-001                 -1.4397922383690445E-001                  5.8295030729130897E+000                 -4.9329966874854794E+000                  8.9607444166199794E+000                  3.5706215490569351E-005                  4.0938457781019683E-001                  5.9057971597431258E-001                  1.4018686400220845E-141                  0.0000000000000000E+000                  0.0000000000000000E+000 
                                     306                  2.2338076298094139E-001                 -1.4637541007614294E-001                  5.8330523490221742E+000                 -4.9205912147821582E+000                  8.9758294736215198E+000                  3.5706215490512004E-005                  4.0938457781108378E-001                  5.9057971597342562E-001                  2.1354356239981680E-141                  0.0000000000000000E+000                  0.0000000000000000E+000 
                                     307                  2.2338072947676829E-001                 -1.4794935479478469E-001                  5.8358578207428637E+000                 -4.9109143482881423E+000                  8.9876999399584339E+000                  3.5706215489452061E-005                  4.0938457782748772E-001                  5.9057971595702285E-001                  2.9750877464177158E-141                  0.0000000000000000E+000                  0.0000000000000000E+000 
                                     308                  2.2338069597259516E-001                 -1.4950534752234532E-001                  5.8400127614252408E+000                 -4.8968655318846430E+000                  9.0051622155641500E+000                  3.5706215487042815E-005                  4.0938457786477273E-001                  5.9057971591974023E-001                  4.8524820759045164E-141                  0.0000000000000000E+000                  0.0000000000000000E+000 
                                     309                  2.2338062896424893E-001                 -1.5256666738567984E-001                  5.8440918618749178E+000                 -4.8828106107208358E+000                  9.0224200622828512E+000                  3.5706215480049460E-005                  4.0938457797300110E-001                  5.9057971581151891E-001                  7.8377240751912896E-141                  0.0000000000000000E+000                  0.0000000000000000E+000 
                                     310                  2.2338059546007583E-001                 -1.5407216528648390E-001                  5.8467787688429391E+000                 -4.8737407135143735E+000                  9.0337091835375674E+000                  3.5706215479008145E-005                  4.0938457798911665E-001                  5.9057971579540436E-001                  1.0735536992863542E-140                  0.0000000000000000E+000                  0.0000000000000000E+000 
                                     311                  2.2338056195590270E-001                 -1.5556188003318888E-001                  5.8501001505912491E+000                 -4.8626674171258673E+000                  9.0476064520110704E+000                  3.5706215476795186E-005                  4.0938457802336276E-001                  5.9057971576116053E-001                  1.5820303991590129E-140                  0.0000000000000000E+000                  0.0000000000000000E+000 
                                     312                  2.2338051169964301E-001                 -1.5776817107361199E-001                  5.8540284370717446E+000                 -4.8495802043624616E+000                  9.0640411746977350E+000                  3.5706215476688785E-005                  4.0938457802501016E-001                  5.9057971575951318E-001                  2.4994341980232819E-140                  0.0000000000000000E+000                  0.0000000000000000E+000 
                                     313                  2.2338046144338333E-001                 -1.5994159924358720E-001                  5.8572562606870004E+000                 -4.8388419916505274E+000                  9.0775406252477335E+000                  3.5706215474069421E-005                  4.0938457806554601E-001                  5.9057971571897994E-001                  3.6358960817698994E-140                  0.0000000000000000E+000                  0.0000000000000000E+000 
                                     314                  2.2338042793921020E-001                 -1.6137288119581061E-001                  5.8610835497737472E+000                 -4.8264361026126199E+000                  9.0934089772370754E+000                  3.5706215471651345E-005                  4.0938457810296519E-001                  5.9057971568156309E-001                  5.6596411692003308E-140                  0.0000000000000000E+000                  0.0000000000000000E+000 
                                     315                  2.2338036093086400E-001                 -1.6419597791197815E-001                  5.8648495076399900E+000                 -4.8140227781303988E+000                  9.1091139758175856E+000                  3.5706215451169817E-005                  4.0938457841993392E-001                  5.9057971536461484E-001                  8.7412072191018492E-140                  0.0000000000000000E+000                  0.0000000000000000E+000 
                                     316                  2.2338032742669087E-001                 -1.6558788469353350E-001                  5.8673333238223622E+000                 -4.8059900183664279E+000                  9.1194066650411187E+000                  3.5706215445376512E-005                  4.0938457850959198E-001                  5.9057971527496267E-001                  1.1631734480496632E-139                  0.0000000000000000E+000                  0.0000000000000000E+000 
                                     317                  2.2338029392251774E-001                 -1.6696742562980302E-001                  5.8710193638249404E+000                 -4.7942813489410785E+000                  9.1345908474987549E+000                  3.5706215440984476E-005                  4.0938457857755911E-001                  5.9057971520699992E-001                  1.7747864086700952E-139                  0.0000000000000000E+000                  0.0000000000000000E+000 
                                     318                  2.2338022691334111E-001                 -1.6969145567194069E-001                  5.8746492340181469E+000                 -4.7825572721227605E+000                  9.1496285154595043E+000                  3.5706215435022516E-005                  4.0938457866982453E-001                  5.9057971511474050E-001                  2.6888376282056893E-139                  0.0000000000000000E+000                  0.0000000000000000E+000 
                                     319                  2.2338019340833762E-001                 -1.7103598689030555E-001                  5.8782368817512598E+000                 -4.7713187404067083E+000                  9.1643410656588511E+000                  3.5706215430782087E-005                  4.0938457873545081E-001                  5.9057971504911833E-001                  4.0463800919499675E-139                  0.0000000000000000E+000                  0.0000000000000000E+000 
                                     320                  2.2338012639833058E-001                 -1.7369279278485425E-001                  5.8829429662132613E+000                 -4.7565086289924565E+000                  9.1836704378314451E+000                  3.5706215414481798E-005                  4.0938457898770858E-001                  5.9057971479687699E-001                  6.9066845583212829E-139                  0.0000000000000000E+000                  0.0000000000000000E+000 
                                     321                  2.2338005938832353E-001                 -1.7630770724063788E-001                  5.8864172419372887E+000                 -4.7455359090894085E+000                  9.1979576181031248E+000                  3.5706215398875331E-005                  4.0938457922923072E-001                  5.9057971455537039E-001                  1.0238179658229105E-138                  0.0000000000000000E+000                  0.0000000000000000E+000 
                                     322                  2.2338002588332004E-001                 -1.7759987785512368E-001                  5.8892823854958554E+000                 -4.7366907158061258E+000                  9.2096512642347914E+000                  3.5706215384583914E-005                  4.0938457945040180E-001                  5.9057971433421363E-001                  1.4147309472034695E-138                  0.0000000000000000E+000                  0.0000000000000000E+000 
                                     323                  2.2337997562581477E-001                 -1.7952023931647884E-001                  5.8926798151418680E+000                 -4.7261956289824294E+000                  9.2235196587553219E+000                  3.5706215362929272E-005                  4.0938457978552295E-001                  5.9057971399911413E-001                  2.0741710843858071E-138                  0.0000000000000000E+000                  0.0000000000000000E+000 
                                     324                  2.2337992536830950E-001                 -1.8141964447872611E-001                  5.8965922404864477E+000                 -4.7142458079110172E+000                  9.2394298490695057E+000                  3.5706215355995298E-005                  4.0938457989283217E-001                  5.9057971389181185E-001                  3.2177932915244032E-138                  0.0000000000000000E+000                  0.0000000000000000E+000 
                                     325                  2.2337985835830246E-001                 -1.8392117406376954E-001                  5.8998985497040799E+000                 -4.7040395059611289E+000                  9.2529207468943309E+000                  3.5706215348099135E-005                  4.0938458001502742E-001                  5.9057971376962448E-001                  4.6602600907196325E-138                  0.0000000000000000E+000                  0.0000000000000000E+000 
                                     326                  2.2337982485329894E-001                 -1.8515877927348501E-001                  5.9031704658497386E+000                 -4.6942076809105675E+000                  9.2661528948796601E+000                  3.5706215346563559E-005                  4.0938458003879263E-001                  5.9057971374586082E-001                  6.7133400138113599E-138                  0.0000000000000000E+000                  0.0000000000000000E+000 
                                     327                  2.2337975784329192E-001                 -1.8760958594262855E-001                  5.9074705329590893E+000                 -4.6812127800068151E+000                  9.2835723303818174E+000                  3.5706215297029397E-005                  4.0938458080537182E-001                  5.9057971297933110E-001                  1.0833798655747177E-137                  0.0000000000000000E+000                  0.0000000000000000E+000 
                                     328                  2.2337969083328491E-001                 -1.9002849117839588E-001                  5.9106508621820639E+000                 -4.6715562690063832E+000                  9.2964733415587411E+000                  3.5706215294173487E-005                  4.0938458084956836E-001                  5.9057971293513745E-001                  1.5421518223457087E-137                  0.0000000000000000E+000                  0.0000000000000000E+000 
                                     329                  2.2337965732828136E-001                 -1.9122622723395757E-001                  5.9137997263553777E+000                 -4.6622370405582023E+000                  9.3091391178725917E+000                  3.5706215250062071E-005                  4.0938458153222490E-001                  5.9057971225252504E-001                  2.1845591699607807E-137                  0.0000000000000000E+000                  0.0000000000000000E+000 
                                     330                  2.2337959031827437E-001                 -1.9359992496580250E-001                  5.9174258533765434E+000                 -4.6513833865649215E+000                  9.3237749460304720E+000                  3.5706215247970056E-005                  4.0938458156459762E-001                  5.9057971222015437E-001                  3.2599769333265303E-137                  0.0000000000000000E+000                  0.0000000000000000E+000 
                                     331                  2.2337954006076907E-001                 -1.9536124280597369E-001                  5.9204985274188768E+000                 -4.6422760834096488E+000                  9.3361350918026815E+000                  3.5706215180348217E-005                  4.0938458261051369E-001                  5.9057971117430597E-001                  4.5717310597305562E-137                  0.0000000000000000E+000                  0.0000000000000000E+000 
                                     332                  2.2337948980326383E-001                 -1.9710702932057517E-001                  5.9240428837623282E+000                 -4.6318670911465549E+000                  9.3503473895859823E+000                  3.5706162348718799E-005                  4.0938539859406836E-001                  5.9057889524358287E-001                  6.7450835848879305E-137                  0.0000000000000000E+000                  0.0000000000000000E+000 
                                     333                  2.2337942279276771E-001                 -1.9941164064141095E-001                  5.9290296239963558E+000                 -4.6175787781614099E+000                  9.3702859430321652E+000                  3.5615821019025196E-005                  4.1078071691536644E-001                  5.8918366726361460E-001                  1.1668372377668151E-136                  0.0000000000000000E+000                  0.0000000000000000E+000 
                                     334                  2.2337932227628990E-001                 -2.0282335633173812E-001                  5.9339215152364115E+000                 -4.6031021167224608E+000                  9.3899441660946987E+000                  3.5609530681206889E-005                  4.1087787093802158E-001                  5.8908651953129720E-001                  1.9896783229989335E-136                  0.0000000000000000E+000                  0.0000000000000000E+000 
                                     335                  2.2337925526530467E-001                 -2.0506668644512752E-001                  5.9377748025372350E+000                 -4.5918229852378616E+000                  9.4053642008153204E+000                  3.5609528202235508E-005                  4.1087790922563799E-001                  5.8908648124615981E-001                  3.0238520339417160E-136                  0.0000000000000000E+000                  0.0000000000000000E+000 
                                     336                  2.2337918825346106E-001                 -2.0728648931234006E-001                  5.9415748829561545E+000                 -4.5807212687519785E+000                  9.4205578136550283E+000                  3.5609526582078144E-005                  4.1087793424890545E-001                  5.8908645622451239E-001                  4.5635822960205984E-136                  0.0000000000000000E+000                  0.0000000000000000E+000 
                                     337                  2.2337912124161746E-001                 -2.0948352971376769E-001                  5.9453234310343461E+000                 -4.5697901300065888E+000                  9.4355327656007137E+000                  3.5609525305178748E-005                  4.1087795397056698E-001                  5.8908643650412784E-001                  6.8410315843119773E-136                  0.0000000000000000E+000                  0.0000000000000000E+000 
                                     338                  2.2337905422977386E-001                 -2.1165855891486404E-001                  5.9490220526169235E+000                 -4.5590232373907797E+000                  9.4502965153678229E+000                  3.5609524232986933E-005                  4.1087797053052777E-001                  5.8908641994523925E-001                  1.0188390927568022E-135                  0.0000000000000000E+000                  0.0000000000000000E+000 
                                     339                  2.2337898721793026E-001                 -2.1381228971562155E-001                  5.9526722944494317E+000                 -4.5484145517158998E+000                  9.4648562142800916E+000                  3.5609523303413763E-005                  4.1087798488774924E-001                  5.8908640558894731E-001                  1.5078277447274255E-135                  0.0000000000000000E+000                  0.0000000000000000E+000 
                                     340                  2.2337892020544603E-001                 -2.1594541936283790E-001                  5.9562756117078122E+000                 -4.5379583690283809E+000                  9.4792185927535115E+000                  3.5609522481470860E-005                  4.1087799758262533E-001                  5.8908639289489317E-001                  2.2179329153815949E-135                  0.0000000000000000E+000                  0.0000000000000000E+000 
                                     341                  2.2337885319296186E-001                 -2.1805857051796884E-001                  5.9598333890620134E+000                 -4.5276492462939952E+000                  9.4933900518051093E+000                  3.5609521744772065E-005                  4.1087800896090959E-001                  5.8908638151734571E-001                  3.2432443294216128E-135                  0.0000000000000000E+000                  0.0000000000000000E+000 
                                     342                  2.2337878617982310E-001                 -2.2015237529877191E-001                  5.9633469437259468E+000                 -4.5174819624730604E+000                  9.5073766863884384E+000                  3.5609521077780721E-005                  4.1087801926256484E-001                  5.8908637121635743E-001                  4.7154747987001961E-135                  0.0000000000000000E+000                  0.0000000000000000E+000 
                                     343                  2.2337871916668431E-001                 -2.2222739491892538E-001                  5.9668175367384766E+000                 -4.5074515435662663E+000                  9.5211842971759939E+000                  3.5609520469117197E-005                  4.1087802866334933E-001                  5.8908636181618157E-001                  6.8180787469569513E-135                  0.0000000000000000E+000                  0.0000000000000000E+000 
                                     344                  2.2337865215292677E-001                 -2.2428420221429610E-001                  5.9702463862259112E+000                 -4.4975533201151290E+000                  9.5348184208769364E+000                  3.5609519910083048E-005                  4.1087803729760997E-001                  5.8908635318247993E-001                  9.8053416123620651E-135                  0.0000000000000000E+000                  0.0000000000000000E+000 
                                     345                  2.2337858513916922E-001                 -2.2632330590024005E-001                  5.9736346551021420E+000                 -4.4877829870424755E+000                  9.5482842767592455E+000                  3.5609519393812679E-005                  4.1087804527138566E-001                  5.8908634520922054E-001                  1.4028050673339677E-134                  0.0000000000000000E+000                  0.0000000000000000E+000 
                                     346                  2.2337851812541168E-001                 -2.2834520997999108E-001                  5.9769834987992008E+000                 -4.4781364414021159E+000                  9.5615869672955967E+000                  3.5609518914767056E-005                  4.1087805267022670E-001                  5.8908633781085851E-001                  1.9967985398305929E-134                  0.0000000000000000E+000                  0.0000000000000000E+000 
                                     347                  2.2337845111106960E-001                 -2.3035041374312426E-001                  5.9802940210700077E+000                 -4.4686098877886558E+000                  9.5747313123389404E+000                  3.5609518468408367E-005                  4.1087805956421919E-001                  5.8908633091731244E-001                  2.8283859937520634E-134                  0.0000000000000000E+000                  0.0000000000000000E+000 
                                     348                  2.2337838409672750E-001                 -2.3233936087710488E-001                  5.9835672753305733E+000                 -4.4591997836400763E+000                  9.5877218625884844E+000                  3.5609518050954135E-005                  4.1087806601178356E-001                  5.8908632447016551E-001                  3.9872430271190495E-134                  0.0000000000000000E+000                  0.0000000000000000E+000 
                                     349                  2.2337831708238542E-001                 -2.3431249364772691E-001                  5.9868043039360810E+000                 -4.4499026043459793E+000                  9.6005630808438696E+000                  3.5609517659200970E-005                  4.1087807206239585E-001                  5.8908631841994497E-001                  5.5949632930866524E-134                  0.0000000000000000E+000                  0.0000000000000000E+000 
                                     350                  2.2337825006748979E-001                 -2.3627025209589067E-001                  5.9900060947789360E+000                 -4.4407150110283666E+000                  9.6132591891033954E+000                  3.5609517290423296E-005                  4.1087807775815277E-001                  5.8908631272455680E-001                  7.8157397417945761E-134                  0.0000000000000000E+000                  0.0000000000000000E+000 
                                     351                  2.2337818305259410E-001                 -2.3821302645542569E-001                  5.9931735995136437E+000                 -4.4316338223017793E+000                  9.6258142392090633E+000                  3.5609516942287415E-005                  4.1087808313509794E-001                  5.8908630734795975E-001                  1.0870429932306455E-133                  0.0000000000000000E+000                  0.0000000000000000E+000 
                                     352                  2.2337811603704927E-001                 -2.4014122562077933E-001                  5.9978663388582278E+000                 -4.4184124825246407E+000                  9.6443103826121490E+000                  3.5609516447205033E-005                  4.1087809078162602E-001                  5.8908629970192683E-001                  1.7687779833556983E-133                  0.0000000000000000E+000                  0.0000000000000000E+000 
                                     353                  2.2337798200595954E-001                 -2.4395686162624447E-001                  6.0024794961371919E+000                 -4.4049973582246640E+000                  9.6626721709383840E+000                  3.5609516000590472E-005                  4.1087809767957062E-001                  5.8908629280442881E-001                  3.3806496653065800E-133                  8.6418256407012273E-137                  0.0000000000000000E+000 
                                     354                  2.2337791499041468E-001                 -2.4584348278983570E-001                  6.0055186779897936E+000                 -4.3963128977431634E+000                  9.6747002949528209E+000                  3.5609515717291894E-005                  4.1087810205510600E-001                  5.8908628842917676E-001                  4.6259790172264284E-133                  1.2066328887936840E-136                  0.0000000000000000E+000 
                                     355                  2.2337784797353807E-001                 -2.4771696281151739E-001                  6.0085278322371423E+000                 -4.3877209860555793E+000                  9.6866053381788806E+000                  3.5609515446802988E-005                  4.1087810623279658E-001                  5.8908628425175658E-001                  6.3060482549740286E-133                  1.6779866113037494E-136                  0.0000000000000000E+000 
                                     356                  2.2337778095626779E-001                 -2.4957759666185633E-001                  6.0115076786663471E+000                 -4.3792192444510691E+000                  9.6983903601140309E+000                  3.5609515188103018E-005                  4.1087811022840764E-001                  5.8908628025640430E-001                  8.5645193827820531E-133                  2.3242890498017045E-136                  0.0000000000000000E+000 
                                     357                  2.2337771393884392E-001                 -2.5142568743525673E-001                  6.0159271090731652E+000                 -4.3668153934398957E+000                  9.7157771569147950E+000                  3.5609514815957060E-005                  4.1087811597618740E-001                  5.8908627450899664E-001                  1.3462893310303427E-132                  3.7616569537534103E-136                  0.0000000000000000E+000 
                                     358                  2.2337757990085697E-001                 -2.5508681462756200E-001                  6.0213454546102989E+000                 -4.3513194385910809E+000                  9.7372161918638316E+000                  3.5609514387919802E-005                  4.1087812258720624E-001                  5.8908626789840590E-001                  2.3409872125196644E-132                  6.7779173690141433E-136                  0.0000000000000000E+000 
                                     359                  2.2337746327875999E-001                 -2.5823374343904332E-001                  6.0248858988687459E+000                 -4.3410941194761206E+000                  9.7512664027716234E+000                  3.5609514123317342E-005                  4.1087812667398099E-001                  5.8908626381189566E-001                  3.3572031515666846E-132                  9.9481041448613521E-136                  0.0000000000000000E+000 
                                     360                  2.2337741367645886E-001                 -2.5956144833631706E-001                  6.0280253097917438E+000                 -4.3322697803626928E+000                  9.7636181703767342E+000                  3.5609513893019038E-005                  4.1087813023092934E-001                  5.8908626025517763E-001                  4.6157184867575726E-132                  1.3960614526191557E-135                  0.0000000000000000E+000 
                                     361                  2.2337731447051262E-001                 -2.6219934030839098E-001                  6.0321614349332329E+000                 -4.3205193790726044E+000                  9.7799440327964344E+000                  3.5609513601948756E-005                  4.1087813472649842E-001                  5.8908625575989970E-001                  7.0151754427413593E-132                  2.1797195620714094E-135                  0.0000000000000000E+000 
                                     362                  2.2337721526242071E-001                 -2.6481387703638537E-001                  6.0362445116966787E+000                 -4.3089284103477228E+000                  9.7960550433386988E+000                  3.5609513325873132E-005                  4.1087813899047565E-001                  5.8908625149619853E-001                  1.0591563455793813E-131                  3.3793499402394127E-135                  0.0000000000000000E+000 
                                     363                  2.2337711605352159E-001                 -2.6740576997321502E-001                  6.0402761793623254E+000                 -4.2974910789681298E+000                  9.8119583742692900E+000                  3.5609513063634144E-005                  4.1087814304074655E-001                  5.8908624744618976E-001                  1.5889089948616367E-131                  5.2035936552553448E-135                  0.0000000000000000E+000 
                                     364                  2.2337701684338820E-001                 -2.6997573978441020E-001                  6.0442580070546876E+000                 -4.2862017917274171E+000                  9.8276609075672603E+000                  3.5609512814215873E-005                  4.1087814689300206E-001                  5.8908624359418371E-001                  2.3688971506915116E-131                  7.9599050682329497E-135                  0.0000000000000000E+000 
                                     365                  2.2337691763254108E-001                 -2.7252444711743684E-001                  6.0472114689103984E+000                 -4.2777441877653217E+000                  9.8393437288020813E+000                  3.5609512636239587E-005                  4.1087814964183894E-001                  5.8908624084552486E-001                  3.1838841491567763E-131                  1.0903681750392881E-134                  0.0000000000000000E+000 
                                     366                  2.2337686802620521E-001                 -2.7379083639748220E-001                  6.0501406009417149E+000                 -4.2695343628001590E+000                  9.8508524164509303E+000                  3.5609512462497517E-005                  4.1087815232527841E-001                  5.8908623816225902E-001                  4.2644134671334041E-131                  1.4881374936245580E-134                  0.0000000000000000E+000 
                                     367                  2.2337676881262422E-001                 -2.7630888403099646E-001                  6.0530415777548310E+000                 -4.2612336858676807E+000                  9.8623236730206472E+000                  3.5609512296806523E-005                  4.1087815488436935E-001                  5.8908623560333384E-001                  5.6943565451950156E-131                  2.0244178222599180E-134                  0.0000000000000000E+000 
                                     368                  2.2337671920523217E-001                 -2.7756028599534749E-001                  6.0559192048881867E+000                 -4.2531714577894046E+000                  9.8736277220709017E+000                  3.5609512134947010E-005                  4.1087815738428329E-001                  5.8908623310358177E-001                  7.5785336028634673E-131                  2.7442886195821902E-134                  0.0000000000000000E+000 
                                     369                  2.2337661999000089E-001                 -2.8004898695854752E-001                  6.0597160118631006E+000                 -4.2424241818355366E+000                  9.8885896287148647E+000                  3.5609511928722901E-005                  4.1087816056940663E-001                  5.8908622991866466E-001                  1.1043094691287884E-130                  4.0968495144695951E-134                  0.0000000000000000E+000 
                                     370                  2.2337652077426576E-001                 -2.8251880813156033E-001                  6.0634698282517805E+000                 -4.2318011941780318E+000                  9.9033805099206837E+000                  3.5609511731658571E-005                  4.1087816361305746E-001                  5.8908622687521084E-001                  1.6006567510817335E-130                  6.0816775058062339E-134                  0.0000000000000000E+000 
                                     371                  2.2337642155724233E-001                 -2.8497029858484352E-001                  6.0671818732615508E+000                 -4.2212983572012517E+000                  9.9180055917765806E+000                  3.5609511543212897E-005                  4.1087816652359355E-001                  5.8908622396486332E-001                  2.3082171933417435E-130                  8.9789097263124279E-134                  0.0000000000000000E+000 
                                     372                  2.2337632233876520E-001                 -2.8740396779218053E-001                  6.0708532883357673E+000                 -4.2109118196212609E+000                  9.9324697528204755E+000                  3.5609511362891814E-005                  4.1087816930864574E-001                  5.8908622117999143E-001                  3.3120069980953139E-130                  1.3186207926699533E-133                  0.0000000000000000E+000 
                                     373                  2.2337622311962557E-001                 -2.8982027947408984E-001                  6.0744851775899118E+000                 -4.2006379167667083E+000                  9.9467776828827201E+000                  3.5609511190240959E-005                  4.1087817197523147E-001                  5.8908621851357834E-001                  4.7293837902013934E-130                  1.9265442387410312E-133                  0.0000000000000000E+000 
                                     374                  2.2337612389926570E-001                 -2.9221970941792924E-001                  6.0780786009882544E+000                 -4.1904731746046036E+000                  9.9609338632693429E+000                  3.5609511024841866E-005                  4.1087817452981401E-001                  5.8908621595916122E-001                  6.7216603348674223E-130                  2.8006872605741226E-133                  0.0000000000000000E+000 
                                     375                  2.2337602467857551E-001                 -2.9460267870364837E-001                  6.0816345773778835E+000                 -4.1804143073355515E+000                  9.9749425762457715E+000                  3.5609510866308021E-005                  4.1087817697836310E-001                  5.8908621351077062E-001                  9.5096541191026398E-130                  4.0517064885628277E-133                  0.0000000000000000E+000 
                                     376                  2.2337592545706739E-001                 -2.9696962331111648E-001                  6.0851541023575679E+000                 -4.1704581291298544E+000                  9.9888079860581076E+000                  3.5609510714281017E-005                  4.1087817932641413E-001                  5.8908621116287163E-001                  1.3394448300453788E-129                  5.8338930311339198E-133                  0.0000000000000000E+000 
                                     377                  2.2337582623474786E-001                 -2.9932094980696661E-001                  6.0886381187693779E+000                 -4.1606016170291156E+000                  1.0002534031193962E+001                  3.5609510568429607E-005                  4.1087818157908351E-001                  5.8908620891034813E-001                  1.8784940477385908E-129                  8.3614657671489227E-133                  0.0000000000000000E+000 
                                     378                  2.2337572701188815E-001                 -3.0165704200954147E-001                  6.0920875329245412E+000                 -4.1508418684982873E+000                  1.0016124493727240E+001                  3.5609510428446977E-005                  4.1087818374110979E-001                  5.8908620674846168E-001                  2.6234361320397296E-129                  1.1930644619747528E-132                  0.0000000000000000E+000 
                                     379                  2.2337562778840914E-001                 -3.0397827637464520E-001                  6.0955032265865299E+000                 -4.1411760660419246E+000                  1.0029583047869680E+001                  3.5609510294048131E-005                  4.1087818581689467E-001                  5.8908620467281136E-001                  3.6488502552332768E-129                  1.6949438117526110E-132                  0.0000000000000000E+000 
                                     380                  2.2337552856390910E-001                 -3.0628502189466411E-001                  6.0988860346188716E+000                 -4.1316015378034505E+000                  1.0042913173359798E+001                  3.5609510164968759E-005                  4.1087818781052071E-001                  5.8908620267931433E-001                  5.0549066996772148E-129                  2.3977632442242211E-132                  0.0000000000000000E+000 
                                     381                  2.2337542933903526E-001                 -3.0857760901776049E-001                  6.1022367621187801E+000                 -4.1221157151205547E+000                  1.0056118219264560E+001                  3.5609510040962560E-005                  4.1087818972579149E-001                  5.8908620076416751E-001                  6.9756830210422317E-129                  3.3780394539096881E-132                  0.0000000000000000E+000 
                                     382                  2.2337533011326072E-001                 -3.1085638200667803E-001                  6.1055561948025439E+000                 -4.1127160985914850E+000                  1.0069201433457456E+001                  3.5609509921798787E-005                  4.1087819156627131E-001                  5.8908619892380687E-001                  9.5900408284714519E-129                  4.7399854752698118E-132                  0.0000000000000000E+000 
                                     383                  2.2337523088680583E-001                 -3.1312165499384786E-001                  6.1088450850834928E+000                 -4.1034003693264225E+000                  1.0082165886190566E+001                  3.5609509807258716E-005                  4.1087819333533826E-001                  5.8908619715485444E-001                  1.3135783755269212E-128                  6.6250255658605965E-132                  0.0000000000000000E+000 
                                     384                  2.2337513165994616E-001                 -3.1537372901433947E-001                  6.1121041769849400E+000                 -4.0941663497345617E+000                  1.0095014565829894E+001                  3.5609509697131931E-005                  4.1087819503624229E-001                  5.8908619545406060E-001                  1.7928095514128121E-128                  9.2244360129198859E-132                  0.0000000000000000E+000 
                                     385                  2.2337503243235413E-001                 -3.1761290782369517E-001                  6.1153342095801291E+000                 -4.0850119759461920E+000                  1.0107750399978430E+001                  3.5609509591216044E-005                  4.1087819667210895E-001                  5.8908619381829985E-001                  2.4383442821559736E-128                  1.2796065931641023E-131                  0.0000000000000000E+000 
                                     386                  2.2337493320350593E-001                 -3.1983948928490408E-001                  6.1185358904729732E+000                 -4.0759353566612075E+000                  1.0120376157661354E+001                  3.5609509489317750E-005                  4.1087819824592420E-001                  5.8908619224458647E-001                  3.3050413361283743E-128                  1.7686353045554112E-131                  0.0000000000000000E+000 
                                     387                  2.2337483397388028E-001                 -3.2205373935209858E-001                  6.1217099045000962E+000                 -4.0669347312219175E+000                  1.0132894486611079E+001                  3.5609509391252443E-005                  4.1087819976053891E-001                  5.8908619073006985E-001                  4.4649505361356958E-128                  2.4359286859965161E-131                  0.0000000000000000E+000 
                                     388                  2.2337473474325611E-001                 -3.2425593104452938E-001                  6.1264219401873872E+000                 -4.0537960536480337E+000                  1.0151384231651717E+001                  3.5609509249522913E-005                  4.1087820194954611E-001                  5.8908618854120443E-001                  6.9659620378419239E-128                  3.9105894088176099E-131                  0.0000000000000000E+000 
                                     389                  2.2337453627902853E-001                 -3.2862713162085938E-001                  6.1310728316460246E+000                 -4.0403669218878688E+000                  1.0169832307285933E+001                  3.5609509118025256E-005                  4.1087820398052222E-001                  5.8908618651035982E-001                  1.0800714946356567E-127                  6.2362456078913714E-131                  0.0000000000000000E+000 
                                     390                  2.2337443704532375E-001                 -3.3079468168910209E-001                  6.1341428836100125E+000                 -4.0316526915174542E+000                  1.0181945898837965E+001                  3.5609509033600743E-005                  4.1087820528445562E-001                  5.8908618520651079E-001                  1.4410533990048787E-127                  8.4759185254401187E-131                  0.0000000000000000E+000 
                                     391                  2.2337433781128729E-001                 -3.3295114673665566E-001                  6.1371885498373899E+000                 -4.0230065287488168E+000                  1.0193963972573462E+001                  3.5609508952195571E-005                  4.1087820654175522E-001                  5.8908618394929257E-001                  1.9170717263336799E-127                  1.1484151450742573E-130                  0.0000000000000000E+000 
                                     392                  2.2337423857672228E-001                 -3.3509676142666561E-001                  6.1402104820958900E+000                 -4.0144273197567841E+000                  1.0205888718040271E+001                  3.5609508873664815E-005                  4.1087820775465977E-001                  5.8908618273646662E-001                  2.5430816253574574E-127                  1.5512962206200792E-130                  0.0000000000000000E+000 
                                     393                  2.2337413934123121E-001                 -3.3723175973974379E-001                  6.1447010349297964E+000                 -4.0018861397921386E+000                  1.0223520322323331E+001                  3.5609508759884974E-005                  4.1087820951198500E-001                  5.8908618097925514E-001                  3.8638367342145568E-127                  2.4211430810566842E-130                  0.0000000000000000E+000 
                                     394                  2.2337394086751811E-001                 -3.4147252645643106E-001                  6.1491403453208857E+000                 -3.9890779480982999E+000                  1.0241125485574583E+001                  3.5609508653730366E-005                  4.1087821115153866E-001                  5.8908617933980767E-001                  5.8402737591466266E-127                  3.7577757252918551E-130                  0.0000000000000000E+000 
                                     395                  2.2337384162939483E-001                 -3.4357698942471576E-001                  6.1520735224812340E+000                 -3.9807559687460325E+000                  1.0252697294935949E+001                  3.5609508585372822E-005                  4.1087821220731841E-001                  5.8908617828409615E-001                  7.6651334446353196E-127                  5.0187076501348411E-130                  0.0000000000000000E+000 
                                     396                  2.2337374239003044E-001                 -3.4567169762194766E-001                  6.1549858996953928E+000                 -3.9724955339614061E+000                  1.0264185541444341E+001                  3.5609508519265085E-005                  4.1087821322834978E-001                  5.8908617726313095E-001                  1.0035008245157408E-126                  6.6848893833397598E-130                  0.0000000000000000E+000 
                                     397                  2.2337364315022593E-001                 -3.4775683573959326E-001                  6.1578779738871976E+000                 -3.9642955408021825E+000                  1.0275591940147365E+001                  3.5609508455305668E-005                  4.1087821421620047E-001                  5.8908617627534421E-001                  1.3105472738996264E-126                  8.8810629941714454E-130                  0.0000000000000000E+000 
                                     398                  2.2337354391013695E-001                 -3.4983259728607774E-001                  6.1621793062679648E+000                 -3.9522939745299741E+000                  1.0292472603922093E+001                  3.5609508362383572E-005                  4.1087821565137861E-001                  5.8908617484025894E-001                  1.9464201302209909E-126                  1.3529379485713340E-129                  0.0000000000000000E+000 
                                     399                  2.2337334542678866E-001                 -3.5395835895046029E-001                  6.1678475208802759E+000                 -3.9362351212115514E+000                  1.0314818746896860E+001                  3.5609508246043536E-005                  4.1087821744824604E-001                  5.8908617304350797E-001                  3.2736757649733047E-126                  2.3526472154769476E-129                  0.0000000000000000E+000 
                                     400                  2.2337314694040991E-001                 -3.5804886047385520E-001                  6.1720506769358536E+000                 -3.9241580178055036E+000                  1.0331459004395981E+001                  3.5609508164246140E-005                  4.1087821871160357E-001                  5.8908617178023226E-001                  4.8088721661956043E-126                  3.5421107302853090E-129                  0.0000000000000000E+000 
                                     401                  2.2337304769507543E-001                 -3.6008062384791251E-001                  6.1748305931429037E+000                 -3.9162986677397909E+000                  1.0342409219745674E+001                  3.5609508111432274E-005                  4.1087821952731168E-001                  5.8908617096457694E-001                  6.1957257143919193E-126                  4.6383955696908898E-129                  0.0000000000000000E+000 
                                     402                  2.2337294844931452E-001                 -3.6210410207049587E-001                  6.1775931543081555E+000                 -3.9084925230935137E+000                  1.0353288585046592E+001                  3.5609508060243091E-005                  4.1087822031792665E-001                  5.8908617017401310E-001                  7.9658157511653660E-126                  6.0604369066696833E-129                  0.0000000000000000E+000 
                                     403                  2.2337284920314757E-001                 -3.6411946121754946E-001                  6.1817049617921471E+000                 -3.8970526513687886E+000                  1.0369404226812238E+001                  3.5609507985772083E-005                  4.1087822146812836E-001                  5.8908616902388589E-001                  1.1563465705854380E-125                  9.0105361598708661E-129                  0.0000000000000000E+000 
                                     404                  2.2337265070963500E-001                 -3.6812785534763764E-001                  6.1857799304592929E+000                 -3.8853780260283259E+000                  1.0385516944943570E+001                  3.5609507915819610E-005                  4.1087822254854167E-001                  5.8908616794354252E-001                  1.6724666719892032E-125                  1.3343962097574767E-128                  0.0000000000000000E+000 
                                     405                  2.2337255146196999E-001                 -3.7011981598616156E-001                  6.1884762001160700E+000                 -3.8777730703432316E+000                  1.0396126610592447E+001                  3.5609507870658767E-005                  4.1087822324604911E-001                  5.8908616724608021E-001                  2.1331554553057608E-125                  1.7287185417142600E-128                  0.0000000000000000E+000 
                                     406                  2.2337245221387989E-001                 -3.7210427582103617E-001                  6.1924906032044671E+000                 -3.8666197526595272E+000                  1.0411850278887817E+001                  3.5609507804988750E-005                  4.1087822426031995E-001                  5.8908616623187504E-001                  3.0604977728435330E-125                  2.5383682477289039E-128                  0.0000000000000000E+000 
                                     407                  2.2337225371637848E-001                 -3.7605258335723407E-001                  6.1977894813034471E+000                 -3.8516825068311604E+000                  1.0432694587288246E+001                  3.5609507722765717E-005                  4.1087822553025150E-001                  5.8908616496202582E-001                  4.9231155322197543E-125                  4.2095578291204307E-128                  0.0000000000000000E+000 
                                     408                  2.2337205521611167E-001                 -3.7997255008963798E-001                  6.2030284350302347E+000                 -3.8369218327409951E+000                  1.0453298486673289E+001                  3.5609507645760705E-005                  4.1087822671959084E-001                  5.8908616377276335E-001                  7.8626205084441479E-125                  6.9278178873099214E-128                  0.0000000000000000E+000 
                                     409                  2.2337185671349366E-001                 -3.8386520557632203E-001                  6.2069198768818596E+000                 -3.8258054857481132E+000                  1.0468666463389859E+001                  3.5609507591839238E-005                  4.1087822755240594E-001                  5.8908616294000216E-001                  1.1123726371660677E-124                  1.0021371103625286E-127                  0.0000000000000000E+000 
                                     410                  2.2337175746145074E-001                 -3.8580098261748974E-001                  6.2094960938274788E+000                 -3.8185537840437900E+000                  1.0478794750614581E+001                  3.5609507557132381E-005                  4.1087822808845181E-001                  5.8908616240399103E-001                  1.3985065233457026E-124                  1.2785354018106157E-127                  0.0000000000000000E+000 
                                     411                  2.2337165820902705E-001                 -3.8773029680298277E-001                  6.2120582970317502E+000                 -3.8113420287188946E+000                  1.0488867645796134E+001                  3.5609507523620898E-005                  4.1087822860603551E-001                  5.8908616188644092E-001                  1.7553085380777048E-124                  1.6282695833346588E-127                  0.0000000000000000E+000 
                                     412                  2.2337155895619523E-001                 -3.8965326201760053E-001                  6.2158752841857874E+000                 -3.8007490277117633E+000                  1.0503810049760311E+001                  3.5609507475082563E-005                  4.1087822935570817E-001                  5.8908616113681678E-001                  2.4597044263741355E-124                  2.3316053745420749E-127                  0.0000000000000000E+000 
                                     413                  2.2337136044938327E-001                 -3.9348176218196540E-001                  6.2196628180060802E+000                 -3.7899344852472492E+000                  1.0518765066440084E+001                  3.5609507429970977E-005                  4.1087823005245483E-001                  5.8908616044011519E-001                  3.4370447520980637E-124                  3.3285718387264284E-127                  0.0000000000000000E+000 
                                     414                  2.2337126119548170E-001                 -3.9538632551790015E-001                  6.2221709448269023E+000                 -3.7828738148952827E+000                  1.0528626054392113E+001                  3.5609507401026981E-005                  4.1087823049949385E-001                  5.8908615999310521E-001                  4.2863261013536676E-124                  4.2101956992286645E-127                  0.0000000000000000E+000 
                                     415                  2.2337116194105280E-001                 -3.9728496223982873E-001                  6.2259081941797829E+000                 -3.7724961345199506E+000                  1.0543259678808729E+001                  3.5609507359217570E-005                  4.1087823114523853E-001                  5.8908615934740227E-001                  5.9499776434625372E-124                  5.9685149463144617E-127                  0.0000000000000000E+000 
                                     416                  2.2337096342997945E-001                 -4.0106598504111840E-001                  6.2308472107882631E+000                 -3.7585786459695001E+000                  1.0562685240007340E+001                  3.5609507307644173E-005                  4.1087823194178752E-001                  5.8908615855090485E-001                  9.1697618166254605E-124                  9.4567342546867075E-127                  0.0000000000000000E+000 
                                     417                  2.2337076491628852E-001                 -4.0482441850212036E-001                  6.2345193691511405E+000                 -3.7480849884158012E+000                  1.0577190388790635E+001                  3.5609507272086598E-005                  4.1087823249097294E-001                  5.8908615800175501E-001                  1.2639522100081720E-123                  1.3305498393982588E-126                  0.0000000000000000E+000 
                                     418                  2.2337066565911617E-001                 -4.0669482966659060E-001                  6.2381630001626238E+000                 -3.7379520131821145E+000                  1.0591466729446122E+001                  3.5609507238020965E-005                  4.1087823301711535E-001                  5.8908615747564663E-001                  1.7353033470732109E-123                  1.8642301122226615E-126                  0.0000000000000000E+000 
                                     419                  2.2337046714311068E-001                 -4.1042066054316539E-001                  6.2429802749679837E+000                 -3.7243576427212775E+000                  1.0610426326736672E+001                  3.5609507196408317E-005                  4.1087823365982107E-001                  5.8908615683298260E-001                  2.6363172532082882E-123                  2.9090488596069347E-126                  0.0000000000000000E+000 
                                     420                  2.2337026862507295E-001                 -4.1412558606099453E-001                  6.2465634097889842E+000                 -3.7141035292529803E+000                  1.0624589700286771E+001                  3.5609507168049112E-005                  4.1087823409782792E-001                  5.8908615639500406E-001                  3.5960260625139424E-123                  4.0476149967819662E-126                  0.0000000000000000E+000 
                                     421                  2.2337016936533913E-001                 -4.1596988472734520E-001                  6.2495290766526033E+000                 -3.7057832372135615E+000                  1.0636243391741543E+001                  3.5609507145562122E-005                  4.1087823444513855E-001                  5.8908615604771586E-001                  4.6449727192775691E-123                  5.3147026577793097E-126                  0.0000000000000000E+000 
                                     422                  2.2337002047500640E-001                 -4.1872730718183626E-001                  6.2530653382057295E+000                 -3.6957883385210542E+000                  1.0650171121349558E+001                  3.5609507120560250E-005                  4.1087823483129149E-001                  5.8908615566158795E-001                  6.2993135431758035E-123                  7.3494996792812664E-126                  0.0000000000000000E+000 
                                     423                  2.2336987158357482E-001                 -4.2147373022847479E-001                  6.2583226556288478E+000                 -3.6812094888335603E+000                  1.0670762203838965E+001                  3.5609507085902528E-005                  4.1087823536657869E-001                  5.8908615512633533E-001                  9.8876145565386344E-123                  1.1874215475734163E-125                  0.0000000000000000E+000 
                                     424                  2.2336957379859276E-001                 -4.2693782445883149E-001                  6.2641060247045619E+000                 -3.6646191134221149E+000                  1.0693647041001308E+001                  3.5609507053556102E-005                  4.1087823586616795E-001                  5.8908615462677849E-001                  1.6224686609524981E-122                  2.0111208727481422E-125                  0.0000000000000000E+000 
                                     425                  2.2336937527314982E-001                 -4.3055591086587597E-001                  6.2686871480076158E+000                 -3.6516481161459828E+000                  1.0711704769112108E+001                  3.5609507030895402E-005                  4.1087823621616160E-001                  5.8908615427680755E-001                  2.3974083071033040E-122                  3.0468573839100155E-125                  0.0000000000000000E+000 
                                     426                  2.2336917674507933E-001                 -4.3415623340434140E-001                  6.2721002486423139E+000                 -3.6418715516122862E+000                  1.0725205692505433E+001                  3.5609507016225056E-005                  4.1087823644274452E-001                  5.8908615405023923E-001                  3.2049632659559018E-122                  4.1494604379584757E-125                  0.0000000000000000E+000 
                                     427                  2.2336907748046061E-001                 -4.3594946403013696E-001                  6.2754905881977567E+000                 -3.6324055986857329E+000                  1.0738514386833597E+001                  3.5609507002669385E-005                  4.1087823665211137E-001                  5.8908615384088603E-001                  4.2708095204034923E-122                  5.6320039965481249E-125                  0.0000000000000000E+000 
                                     428                  2.2336887894994753E-001                 -4.3952422252606665E-001                  6.2799809904201123E+000                 -3.6197026662077141E+000                  1.0756209805006232E+001                  3.5609506987438811E-005                  4.1087823688734693E-001                  5.8908615360566563E-001                  6.2423856308318028E-122                  8.4342676830552478E-125                  0.0000000000000000E+000 
                                     429                  2.2336868041745084E-001                 -4.4308256600912566E-001                  6.2833271519277547E+000                 -3.6101191187332358E+000                  1.0769444288187708E+001                  3.5609506978149942E-005                  4.1087823703081311E-001                  5.8908615346220872E-001                  8.2786042081774662E-122                  1.1389073118438823E-124                  0.0000000000000000E+000 
                                     430                  2.2336858115020916E-001                 -4.4485529972978627E-001                  6.2866521762821046E+000                 -3.6008337822545755E+000                  1.0782495745595053E+001                  3.5609506969803890E-005                  4.1087823715971755E-001                  5.8908615333331271E-001                  1.0946067633240558E-121                  1.5330446753361637E-124                  0.0000000000000000E+000 
                                     431                  2.2336838261511299E-001                 -4.4838991751616836E-001                  6.2910544477191470E+000                 -3.5883472686383930E+000                  1.0799854590715254E+001                  3.5609506940481452E-005                  4.1087823761260145E-001                  5.8908615288045807E-001                  1.5834483964850522E-121                  2.2706626213988978E-124                  0.0000000000000000E+000 
                                     432                  2.2336818407794365E-001                 -4.5190909579260469E-001                  6.2954035422871542E+000                 -3.5758110950074493E+000                  1.0817085374522662E+001                  3.5609477156797144E-005                  4.1087869762044549E-001                  5.8908569290239776E-001                  2.2788445531505758E-121                  3.3447070647806421E-124                  0.0000000000000000E+000 
                                     433                  2.2336798554077428E-001                 -4.5541208209841388E-001                  6.2997007841430301E+000                 -3.5632280911755161E+000                  1.0834191490493509E+001                  3.5608087889379885E-005                  4.1090015480160408E-001                  5.8906423711050659E-001                  3.2634223854590753E-121                  4.9002828038709696E-124                  0.0000000000000000E+000 
                                     434                  2.2336778700099130E-001                 -4.5889822307324279E-001                  6.3039473721527184E+000                 -3.5505923387203668E+000                  1.0851176045735137E+001                  3.5608028220773410E-005                  4.1090107638090523E-001                  5.8906331559087399E-001                  4.6505095843374592E-121                  7.1423649276138650E-124                  0.0000000000000000E+000 
                                     435                  2.2336758846059715E-001                 -4.6236673033584613E-001                  6.3070993374922208E+000                 -3.5409616807821545E+000                  1.0863886358267210E+001                  3.5607348657794069E-005                  4.1091157220462970E-001                  5.8905282044671248E-001                  6.0483404390911520E-121                  9.4451628446525967E-124                  0.0000000000000000E+000 
                                     436                  2.2336748918921193E-001                 -4.6409371388859988E-001                  6.3102254655231711E+000                 -3.5315570048737008E+000                  1.0876430547765747E+001                  3.5606597365996435E-005                  4.1092317587715510E-001                  5.8904121752547889E-001                  7.8421618046391529E-121                  1.2449800841510196E-123                  0.0000000000000000E+000 
                                     437                  2.2336729064505725E-001                 -4.6753452308864246E-001                  6.3143502602216621E+000                 -3.5188048482921848E+000                  1.0893122883253485E+001                  3.5605805184866747E-005                  4.1093541108380943E-001                  5.8902898311100571E-001                  1.1046481522293096E-120                  1.7921308808738516E-123                  0.0000000000000000E+000 
                                     438                  2.2336709209925695E-001                 -4.7095593593504192E-001                  6.3174127798504731E+000                 -3.5090933246449274E+000                  1.0905616409931227E+001                  3.5605472509955346E-005                  4.1094054923482137E-001                  5.8902384529266860E-001                  1.4244595359392186E-120                  2.3484323526314854E-123                  0.0000000000000000E+000 
                                     439                  2.2336699282581546E-001                 -4.7265872257500341E-001                  6.3204509673588491E+000                 -3.4996040735786353E+000                  1.0917949913971354E+001                  3.5604953012275507E-005                  4.1094857285619296E-001                  5.8901582219079474E-001                  1.8315475240041905E-120                  3.0679741771930475E-123                  0.0000000000000000E+000 
                                     440                  2.2336679427753783E-001                 -4.7604979758183713E-001                  6.3244611625469087E+000                 -3.4867555391340734E+000                  1.0934363629524581E+001                  3.5603526717928053E-005                  4.1097060191664536E-001                  5.8899379455663670E-001                  2.5520312866213034E-120                  4.3650595974304425E-123                  0.0000000000000000E+000 
                                     441                  2.2336659572778084E-001                 -4.7941982845279274E-001                  6.3284275616875583E+000                 -3.4738725981320799E+000                  1.0950668969880292E+001                  3.5603488983590304E-005                  4.1097118472201527E-001                  5.8899321178900110E-001                  3.5410199831266731E-120                  6.1832424258378748E-123                  0.0000000000000000E+000 
                                     442                  2.2336639717729406E-001                 -4.8276817364291846E-001                  6.3323513070310034E+000                 -3.4609654902977560E+000                  1.0966867457309206E+001                  3.5602384896023557E-005                  4.1098823731128142E-001                  5.8897616030382260E-001                  4.8935807463926596E-120                  8.7205954167702963E-123                  0.0000000000000000E+000 
                                     443                  2.2336619862462889E-001                 -4.8609430753760879E-001                  6.3362334986903628E+000                 -3.4480346668012847E+000                  1.0982960423664323E+001                  3.5602334934140402E-005                  4.1098900897060991E-001                  5.8897538869445598E-001                  6.7359002005224415E-120                  1.2247771926630758E-122                  0.0000000000000000E+000 
                                     444                  2.2336600007149912E-001                 -4.8939765512222144E-001                  6.3400752213656686E+000                 -3.4350893627265586E+000                  1.0998949052533931E+001                  3.5601565639839295E-005                  4.1100089069095863E-001                  5.8896350774340145E-001                  9.2364088170056786E-120                  1.7130532268934903E-122                  0.0000000000000000E+000 
                                     445                  2.2336580151646521E-001                 -4.9267776546152470E-001                  6.3438774908846085E+000                 -3.4221345495314757E+000                  1.1014834446489585E+001                  3.5600123440212456E-005                  4.1102316540769862E-001                  5.8894123446886115E-001                  1.2617958863013452E-119                  2.3863365580471540E-122                  0.0000000000000000E+000 
                                     446                  2.2336560296021879E-001                 -4.9593419158732766E-001                  6.3476413374381782E+000                 -3.4091712837552608E+000                  1.1030617506251884E+001                  3.5600055387207554E-005                  4.1102421648369025E-001                  5.8894018346092247E-001                  1.7173725862061153E-119                  3.3113957028686390E-122                  0.0000000000000000E+000 
                                     447                  2.2336540440353103E-001                 -4.9916649529136103E-001                  6.3513677621830169E+000                 -3.3962109528941946E+000                  1.1046299136264839E+001                  3.5598552969079536E-005                  4.1104742127272492E-001                  5.8891698017430594E-001                  2.3292053958455516E-119                  4.5773245133514572E-122                  0.0000000000000000E+000 
                                     448                  2.2336520584434758E-001                 -5.0237437219283421E-001                  6.3550577004875262E+000                 -3.3832536954887731E+000                  1.1061880134608861E+001                  3.5597881651669299E-005                  4.1105778974371443E-001                  5.8890661237463382E-001                  3.1479157806038271E-119                  6.3038241143016898E-122                  0.0000000000000000E+000 
                                     449                  2.2336500728403036E-001                 -5.0555746653287892E-001                  6.3587120397000989E+000                 -3.3703064601172232E+000                  1.1077361164408307E+001                  3.5597168052294836E-005                  4.1106881125791850E-001                  5.8889559157402926E-001                  4.2399139990406612E-119                  8.6499383650542854E-122                  0.0000000000000000E+000 
                                     450                  2.2336480872183848E-001                 -5.0871551085218492E-001                  6.3623315521086923E+000                 -3.3573740415696625E+000                  1.1092742851215201E+001                  3.5596210804071677E-005                  4.1108359591898319E-001                  5.8888080787021280E-001                  5.6917164971688512E-119                  1.1826844447244668E-121                  0.0000000000000000E+000 
                                     451                  2.2336461015842088E-001                 -5.1184825409236123E-001                  6.3659169362665491E+000                 -3.3444584425163044E+000                  1.1108025698063374E+001                  3.5595985477345196E-005                  4.1108707608136996E-001                  5.8887732793315273E-001                  7.6154613242489611E-119                  1.6114458919189651E-121                  0.0000000000000000E+000 
                                     452                  2.2336441159468737E-001                 -5.1495545942774601E-001                  6.3694688006519193E+000                 -3.3315684144586544E+000                  1.1123210257945361E+001                  3.5594013063605656E-005                  4.1111753993362576E-001                  5.8884686605331060E-001                  1.0157264638368054E-118                  2.1879979635870973E-121                  0.0000000000000000E+000 
                                     453                  2.2336421302859202E-001                 -5.1803700328139313E-001                  6.3729877121940932E+000                 -3.3186992423217396E+000                  1.1138296991425728E+001                  3.5593980430708749E-005                  4.1111804394742546E-001                  5.8884636207214380E-001                  1.3503831095934826E-118                  2.9610089177448416E-121                  0.0000000000000000E+000 
                                     454                  2.2336401446249665E-001                 -5.2109266395178866E-001                  6.3764741844893509E+000                 -3.3058611914388298E+000                  1.1153286294793400E+001                  3.5592560038339963E-005                  4.1113998185127243E-001                  5.8882442558868919E-001                  1.7898079182887245E-118                  3.9936697469628652E-121                  0.0000000000000000E+000 
                                     455                  2.2336381589483592E-001                 -5.2412235723777589E-001                  6.3799286906059569E+000                 -3.2930508453406597E+000                  1.1168178656740837E+001                  3.5592501027944062E-005                  4.1114089326449521E-001                  5.8882351423447687E-001                  2.3648716116593823E-118                  5.3691482309166208E-121                  0.0000000000000000E+000 
                                     456                  2.2336361732480736E-001                 -5.2712596756221142E-001                  6.3833516245727502E+000                 -3.2802767857276320E+000                  1.1182974409585768E+001                  3.5590936901129903E-005                  4.1116505114106111E-001                  5.8879935792203775E-001                  3.1154428580018473E-118                  7.1948200268310713E-121                  0.0000000000000000E+000 
                                     457                  2.2336341875420926E-001                 -5.3010340386739585E-001                  6.3867433564327980E+000                 -3.2675345210269313E+000                  1.1197673911724566E+001                  3.5590935953048161E-005                  4.1116506578414591E-001                  5.8879934327990102E-001                  4.0918314729790119E-118                  9.6112033613317905E-121                  0.0000000000000000E+000 
                                     458                  2.2336322018093099E-001                 -5.3305460745945143E-001                  6.3901042583764873E+000                 -3.2548296815825775E+000                  1.1212277514281356E+001                  3.5590890433976007E-005                  4.1116576882440670E-001                  5.8879864028515927E-001                  5.3584851558423637E-118                  1.2798993501367663E-120                  0.0000000000000000E+000 
                                     459                  2.2336302160646140E-001                 -5.3597950884216117E-001                  6.3934346005168079E+000                 -3.2421644180131910E+000                  1.1226785471574454E+001                  3.5590595388339172E-005                  4.1117032579254226E-001                  5.8879408361206942E-001                  6.9969777926591088E-118                  1.6991327020615510E-120                  0.0000000000000000E+000 
                                     460                  2.2336282303084493E-001                 -5.3887807897056050E-001                  6.3967346263722140E+000                 -3.2295408583321668E+000                  1.1241198096833383E+001                  3.5589705870380566E-005                  4.1118406436206129E-001                  5.8878034593206841E-001                  9.1105007106260034E-118                  2.2487579654672983E-120                  0.0000000000000000E+000 
                                     461                  2.2336262445366975E-001                 -5.4175031417289021E-001                  6.4000045494700952E+000                 -3.2169596513753813E+000                  1.1255515679543018E+001                  3.5588491094923000E-005                  4.1120282652068840E-001                  5.8876158498821662E-001                  1.1828965372318250E-117                  2.9671538684421926E-120                  0.0000000000000000E+000 
                                     462                  2.2336242587540750E-001                 -5.4459620668390696E-001                  6.4032445869003896E+000                 -3.2044206260612591E+000                  1.1269738499616098E+001                  3.5587610163722536E-005                  4.1121643246783335E-001                  5.8874797992200301E-001                  1.5315384515498964E-117                  3.9033965015331793E-120                  0.0000000000000000E+000 
                                     463                  2.2336222729569610E-001                 -5.4741576408465353E-001                  6.4080506003909177E+000                 -3.1860025737736657E+000                  1.1290762351736518E+001                  3.5586721424574452E-005                  4.1123015900837673E-001                  5.8873425427019876E-001                  2.2432335643563812E-117                  5.8537900919287162E-120                  0.0000000000000000E+000 
                                     464                  2.2336183013322294E-001                 -5.5297930132371098E-001                  6.4127863731212500E+000                 -3.1670573218219817E+000                  1.1311844541561186E+001                  3.5585565733819409E-005                  4.1124800860573923E-001                  5.8871640582852702E-001                  3.2693343076379790E-117                  8.7312798976816795E-120                  0.0000000000000000E+000 
                                     465                  2.2336163154897629E-001                 -5.5571998495957731E-001                  6.4159093524424193E+000                 -3.1547039718778200E+000                  1.1325691413076752E+001                  3.5584332563022365E-005                  4.1126705487919546E-001                  5.8869736078824153E-001                  4.1870520229812225E-117                  1.1353395894886913E-119                  0.0000000000000000E+000 
                                     466                  2.2336143296404384E-001                 -5.5843448564957188E-001                  6.4190035741708460E+000                 -3.1423990472677668E+000                  1.1339444815154177E+001                  3.5583504456787331E-005                  4.1127984494670178E-001                  5.8868457154884146E-001                  5.3480765980481068E-117                  1.4721406479473060E-119                  0.0000000000000000E+000 
                                     467                  2.2336123437911137E-001                 -5.6112285826954711E-001                  6.4235935448698047E+000                 -3.1243169528830923E+000                  1.1359777472105170E+001                  3.5583220869736869E-005                  4.1128422493727562E-001                  5.8868019184185472E-001                  7.6782267940997085E-117                  2.1612475403378436E-119                  0.0000000000000000E+000 
                                     468                  2.2336083720351921E-001                 -5.6642450303295677E-001                  6.4281154266046263E+000                 -3.1057811524574994E+000                  1.1380150273385066E+001                  3.5581105830815815E-005                  4.1131689162815954E-001                  5.8864752726600966E-001                  1.0971334689874022E-116                  3.1562316176670777E-119                  0.0000000000000000E+000 
                                     469                  2.2336063861351835E-001                 -5.6903507918542551E-001                  6.4310975474150283E+000                 -3.0936871384555671E+000                  1.1393533185784277E+001                  3.5580363938355663E-005                  4.1132835012726082E-001                  5.8863606950880087E-001                  1.3869903389733161E-116                  4.0478681998432591E-119                  0.0000000000000000E+000 
                                     470                  2.2336044002239022E-001                 -5.7161994555839535E-001                  6.4340522713475528E+000                 -3.0816491287892309E+000                  1.1406824082348956E+001                  3.5579605914780033E-005                  4.1134005777065447E-001                  5.8862436262343076E-001                  1.7490446853577350E-116                  5.1775701199799589E-119                  0.0000000000000000E+000 
                                     471                  2.2336024143126210E-001                 -5.7417921733891086E-001                  6.4369798851062408E+000                 -3.0696687042025657E+000                  1.1420023293957943E+001                  3.5578672383304678E-005                  4.1135447612643972E-001                  5.8860994520117704E-001                  2.2001771122769857E-116                  6.6051099696321243E-119                  0.0000000000000000E+000 
                                     472                  2.2336004283845717E-001                 -5.7671305876338030E-001                  6.4398806900018206E+000                 -3.0577457210218433E+000                  1.1433131161491822E+001                  3.5578220286004197E-005                  4.1136145875088381E-001                  5.8860296302883020E-001                  2.7608837145439741E-116                  8.4045109677709982E-119                  0.0000000000000000E+000 
                                     473                  2.2335984424515076E-001                 -5.7922159991285782E-001                  6.4427549668709281E+000                 -3.0458847584196338E+000                  1.1446148019447262E+001                  3.5576646754076611E-005                  4.1138576188752091E-001                  5.8857866146572502E-001                  3.4562737851542426E-116                  1.0666330923787961E-118                  0.0000000000000000E+000 
                                     474                  2.2335964565007951E-001                 -5.8170503145922781E-001                  6.4456030185912407E+000                 -3.0340834832365897E+000                  1.1459074298915224E+001                  3.5575506113429694E-005                  4.1140337903580904E-001                  5.8856104545807753E-001                  4.3164774478911690E-116                  1.3502810988351617E-118                  0.0000000000000000E+000 
                                     475                  2.2335944705185395E-001                 -5.8416353492740947E-001                  6.4484251762148048E+000                 -3.0223421736335623E+000                  1.1471910358433970E+001                  3.5575268040513393E-005                  4.1140705606226607E-001                  5.8855736866969344E-001                  5.3779857443079404E-116                  1.7051460307401876E-118                  0.0000000000000000E+000 
                                     476                  2.2335924845175276E-001                 -5.8659726309909865E-001                  6.4526128686441249E+000                 -3.0050838161628035E+000                  1.1490892085369170E+001                  3.5573822793655067E-005                  4.1142937784089034E-001                  5.8853504833631598E-001                  7.4443348239815541E-116                  2.4076389627949598E-118                  0.0000000000000000E+000 
                                     477                  2.2335885124631497E-001                 -5.9139326425544092E-001                  6.4567384371023682E+000                 -2.9874980022281714E+000                  1.1509882581969178E+001                  3.5571761169788571E-005                  4.1146121953699349E-001                  5.8850320870183670E-001                  1.0259709589722511E-115                  3.3833992905359357E-118                  0.0000000000000000E+000 
                                     478                  2.2335865264139626E-001                 -5.9375384139448328E-001                  6.4594600808516320E+000                 -2.9760169023790550E+000                  1.1522361498395439E+001                  3.5570585417289847E-005                  4.1147937898606685E-001                  5.8848505042851584E-001                  1.2667722379319825E-115                  4.2313996626872139E-118                  0.0000000000000000E+000 
                                     479                  2.2335845403489404E-001                 -5.9609045251569770E-001                  6.4634993758810335E+000                 -2.9591329007973082E+000                  1.1540817316812912E+001                  3.5570288372479975E-005                  4.1148396683094690E-001                  5.8848046288068057E-001                  1.7302029135781387E-115                  5.8906767762386976E-118                  0.0000000000000000E+000 
                                     480                  2.2335805681847395E-001                 -6.0069443292593017E-001                  6.4674794608432329E+000                 -2.9419686923445929E+000                  1.1559271573116785E+001                  3.5568705224063014E-005                  4.1150841849317532E-001                  5.8845601280160054E-001                  2.3533900122912975E-115                  8.1632686138607525E-118                  0.0000000000000000E+000 
                                     481                  2.2335785820768853E-001                 -6.0296045305797463E-001                  6.4701056534073231E+000                 -2.9307615662180750E+000                  1.1571399906900133E+001                  3.5567177557417425E-005                  4.1153201324168648E-001                  5.8843241958075609E-001                  2.8809509378288258E-115                  1.0116387939189073E-117                  0.0000000000000000E+000 
                                     482                  2.2335765959586282E-001                 -6.0520341797090771E-001                  6.4740041730101048E+000                 -2.9142769499252585E+000                  1.1589339754934086E+001                  3.5566658669579963E-005                  4.1154002744286761E-001                  5.8842440589846279E-001                  3.8856468289684391E-115                  1.3895669660711729E-117                  0.0000000000000000E+000 
                                     483                  2.2335726236589382E-001                 -6.0962274028928742E-001                  6.4778464699998830E+000                 -2.8975534522375725E+000                  1.1607269140527499E+001                  3.5564716711672372E-005                  4.1157002090230282E-001                  5.8839441438098550E-001                  5.2201019276306886E-115                  1.9004043228046022E-117                  0.0000000000000000E+000 
                                     484                  2.2335706374760414E-001                 -6.1179801486803143E-001                  6.4803823453704092E+000                 -2.8866297333240216E+000                  1.1619054466464878E+001                  3.5563757010065566E-005                  4.1158484345380708E-001                  5.8837959278918284E-001                  6.3386514059580772E-115                  2.3349434562282676E-117                  0.0000000000000000E+000 
                                     485                  2.2335686512770486E-001                 -6.1395122639871458E-001                  6.4841477542375072E+000                 -2.8705632331736934E+000                  1.1636489662513094E+001                  3.5562091192649700E-005                  4.1161057193466966E-001                  5.8835386597413764E-001                  8.4484589521250221E-115                  3.1668241281160792E-117                  0.0000000000000000E+000 
                                     486                  2.2335646787986871E-001                 -6.1819391632025389E-001                  6.4878599368089311E+000                 -2.8542922220012059E+000                  1.1653906814521141E+001                  3.5559954029209822E-005                  4.1164358033517984E-001                  5.8832085971079096E-001                  1.1218143073676378E-114                  4.2775377511420999E-117                  0.0000000000000000E+000 
                                     487                  2.2335626925114238E-001                 -6.2028253683926893E-001                  6.4903105499479512E+000                 -2.8436611872033213E+000                  1.1665357450755444E+001                  3.5558921021816702E-005                  4.1165953509142411E-001                  5.8830490598755403E-001                  1.3518466898604010E-114                  5.2131754590385583E-117                  0.0000000000000000E+000 
                                     488                  2.2335607062241611E-001                 -6.2235011952083585E-001                  6.4939504115369671E+000                 -2.8280185066880379E+000                  1.1682300541914962E+001                  3.5558788995143559E-005                  4.1166157423786282E-001                  5.8830286697314205E-001                  1.7816606432701604E-114                  6.9872095677324932E-117                  0.0000000000000000E+000 
                                     489                  2.2335567334623249E-001                 -6.2642460844567160E-001                  6.4975401069230720E+000                 -2.8122076692794269E+000                  1.1699219331693698E+001                  3.5556284917965113E-005                  4.1170024960500773E-001                  5.8826419411007436E-001                  2.3399254797667512E-114                  9.3282306021621030E-117                  0.0000000000000000E+000 
                                     490                  2.2335547470333889E-001                 -6.2843081064934470E-001                  6.4999104949988098E+000                 -2.8018727695034085E+000                  1.1710344466380359E+001                  3.5555776964191465E-005                  4.1170809492962207E-001                  5.8825634929341375E-001                  2.7995446712996346E-114                  1.1282541336002070E-116                  0.0000000000000000E+000 
                                     491                  2.2335527605843714E-001                 -6.3041705618486177E-001                  6.5034320887608494E+000                 -2.7866668491731983E+000                  1.1726808517681492E+001                  3.5554440174876643E-005                  4.1172874158421086E-001                  5.8823570397561431E-001                  3.6511332205890526E-114                  1.4953108237980905E-116                  0.0000000000000000E+000 
                                     492                  2.2335487876574167E-001                 -6.3433178612922236E-001                  6.5080576362733504E+000                 -2.7664356585979570E+000                  1.1748585350400822E+001                  3.5552668540754001E-005                  4.1175610439830662E-001                  5.8820834293315261E-001                  5.1732611701509077E-114                  2.1637883326379025E-116                  0.0000000000000000E+000 
                                     493                  2.2335448147304618E-001                 -6.3816974363940604E-001                  6.5126095631031538E+000                 -2.7465060192297095E+000                  1.1770050171602877E+001                  3.5549551407131267E-005                  4.1180424839487489E-001                  5.8816020205371800E-001                  7.2823450193164670E-114                  3.1092404322586352E-116                  0.0000000000000000E+000 
                                     494                  2.2335408417845665E-001                 -6.4193309744809768E-001                  6.5159743681363862E+000                 -2.7316135041449492E+000                  1.1786014382357084E+001                  3.5547829245754675E-005                  4.1183084710417772E-001                  5.8813360506657653E-001                  9.3735607218168262E-114                  4.0633879676380750E-116                  0.0000000000000000E+000 
                                     495                  2.2335388553116184E-001                 -6.4378700336405525E-001                  6.5181971673776689E+000                 -2.7218721756442870E+000                  1.1796515908857454E+001                  3.5547712761001923E-005                  4.1183264620619198E-001                  5.8813180608104698E-001                  1.1068223340858977E-113                  4.8466498851841130E-116                  0.0000000000000000E+000 
                                     496                  2.2335368688386709E-001                 -6.4562303995657044E-001                  6.5215008368738250E+000                 -2.7075302663657550E+000                  1.1812063048848191E+001                  3.5546889442122935E-005                  4.1184536233099256E-001                  5.8811909077956526E-001                  1.4158569267261275E-113                  6.2930571172682047E-116                  0.0000000000000000E+000 
                                     497                  2.2335328958927750E-001                 -6.4924334803647532E-001                  6.5247612701033626E+000                 -2.6930868591418715E+000                  1.1827572722992743E+001                  3.5543877320952318E-005                  4.1189188441312402E-001                  5.8807257170955496E-001                  1.8057254924136422E-113                  8.1435077541163674E-116                  0.0000000000000000E+000 
                                     498                  2.2335309094198275E-001                 -6.5102731624296151E-001                  6.5269153800728441E+000                 -2.6836360043449674E+000                  1.1837777482436595E+001                  3.5542307231143798E-005                  4.1191613438254604E-001                  5.8804832331022283E-001                  2.1194074828521629E-113                  9.6505376568849727E-116                  0.0000000000000000E+000 
                                     499                  2.2335289229468799E-001                 -6.5279442354046380E-001                  6.5301173512694941E+000                 -2.6697125060436582E+000                  1.1852888450704938E+001                  3.5540785334815139E-005                  4.1193964000512667E-001                  5.8802481920953853E-001                  2.6871371230374067E-113                  1.2412139885034126E-115                  0.0000000000000000E+000 
                                     500                  2.2335249500009841E-001                 -6.5627972410839097E-001                  6.5343256968186667E+000                 -2.6512155415013665E+000                  1.1872869084699285E+001                  3.5540007673442335E-005                  4.1195165094726005E-001                  5.8801280904506648E-001                  3.6694338122959702E-113                  1.7272023423168708E-115                  0.0000000000000000E+000 
                                     501                  2.2335209770550885E-001                 -6.5970032584416016E-001                  6.5374375924152073E+000                 -2.6374121435245104E+000                  1.1887726735354560E+001                  3.5537126545768407E-005                  4.1199614981927851E-001                  5.8796831305417574E-001                  4.6192351428238057E-113                  2.2043883977009536E-115                  0.0000000000000000E+000 
                                     502                  2.2335189905821409E-001                 -6.6138663474237569E-001                  6.5394938968548679E+000                 -2.6283721656138281E+000                  1.1897505801383833E+001                  3.5536211718518131E-005                  4.1201027922525540E-001                  5.8795418456302606E-001                  5.3754748221372638E-113                  2.5888240089171992E-115                  0.0000000000000000E+000 
                                     503                  2.2335170041091931E-001                 -6.6305746722854253E-001                  6.5425509716385228E+000                 -2.6150486839995777E+000                  1.1911991132494409E+001                  3.5533782476638564E-005                  4.1204779859606649E-001                  5.8791666762145689E-001                  6.7304123181918571E-113                  3.2853756844839220E-115                  0.0000000000000000E+000 
                                     504                  2.2335130311632975E-001                 -6.6635420040980708E-001                  6.5465693743124129E+000                 -2.5973532810963085E+000                  1.1931143368269716E+001                  3.5532586922585394E-005                  4.1206626316695083E-001                  5.8789820424612660E-001                  9.0408302396609274E-113                  4.4924977419811647E-115                  0.0000000000000000E+000 
                                     505                  2.2335090582174019E-001                 -6.6959155192715714E-001                  6.5505268600598336E+000                 -2.5799171954669373E+000                  1.1950029793029527E+001                  3.5529657086645869E-005                  4.1211149523855178E-001                  5.8785297510436152E-001                  1.2081728332719427E-112                  6.1088113851778849E-115                  0.0000000000000000E+000 
                                     506                  2.2335050852715066E-001                 -6.7277120397866119E-001                  6.5534536667456358E+000                 -2.5669003441106875E+000                  1.1964073414928160E+001                  3.5529518050527564E-005                  4.1211363343506141E-001                  5.8785083704688801E-001                  1.4966757168525721E-112                  7.6662104292972989E-115                  0.0000000000000000E+000 
                                     507                  2.2335030987985588E-001                 -6.7433962068522380E-001                  6.5553880309402466E+000                 -2.5583694174469227E+000                  1.1973320956348461E+001                  3.5529273493377290E-005                  4.1211739440919842E-001                  5.8784707631730826E-001                  1.7235385764114379E-112                  8.9039168769030948E-115                  0.0000000000000000E+000 
                                     508                  2.2335011123256110E-001                 -6.7589420784438670E-001                  6.5582644006316571E+000                 -2.5457820957316031E+000                  1.1987025036271353E+001                  3.5529133260014993E-005                  4.1211955101777320E-001                  5.8784491984896681E-001                  2.1247756125787038E-112                  1.1116859463679532E-114                  0.0000000000000000E+000 
                                     509                  2.2334971393797154E-001                 -6.7896313782704310E-001                  6.5620460793208277E+000                 -2.5290742951118403E+000                  1.2005144212911169E+001                  3.5528979266714210E-005                  4.1212191923628727E-001                  5.8784255178444600E-001                  2.7970624738694591E-112                  1.4879829175476403E-114                  0.0000000000000000E+000 
                                     510                  2.2334931664338201E-001                 -6.8197896601280883E-001                  6.5657715680939104E+000                 -2.5126018406733168E+000                  1.2023017547779490E+001                  3.5528542779640850E-005                  4.1212863183560816E-001                  5.8783583962161212E-001                  3.6646863977663514E-112                  1.9816410823313588E-114                  0.0000000000000000E+000 
                                     511                  2.2334891934879245E-001                 -6.8494314496223418E-001                  6.5694420985420692E+000                 -2.4963586909018902E+000                  1.2040649870565069E+001                  3.5528499904052462E-005                  4.1212929117345704E-001                  5.8783518032663884E-001                  4.7792474847078234E-112                  2.6262004718122692E-114                  0.0000000000000000E+000 
                                     512                  2.2334852205420289E-001                 -6.8785707206639912E-001                  6.5730589193299958E+000                 -2.4803416022097315E+000                  1.2058045937209194E+001                  3.5528319250262622E-005                  4.1213206925500923E-001                  5.8783240242574053E-001                  6.2048221445473428E-112                  3.4638100569975524E-114                  0.0000000000000000E+000 
                                     513                  2.2334812475961335E-001                 -6.9072210939667245E-001                  6.5757350890714408E+000                 -2.4683934768836702E+000                  1.2070982484297563E+001                  3.5528031391721588E-005                  4.1213649592384927E-001                  5.8782797604475900E-001                  7.5255072310296821E-112                  4.2502864802128335E-114                  0.0000000000000000E+000 
                                     514                  2.2334792611231855E-001                 -6.9213652390373892E-001                  6.5775045321543395E+000                 -2.4605528731300579E+000                  1.2079506868298539E+001                  3.5527816883811436E-005                  4.1213979461173356E-001                  5.8782467757138268E-001                  8.5468338882222099E-112                  4.8643599829968499E-114                  0.0000000000000000E+000 
                                     515                  2.2334772746502379E-001                 -6.9353921417231035E-001                  6.5801368528944622E+000                 -2.4489706030105607E+000                  1.2092147643293478E+001                  3.5527800711113164E-005                  4.1214004331437437E-001                  5.8782442888491460E-001                  1.0323291633815721E-111                  5.9429900082120530E-114                  0.0000000000000000E+000 
                                     516                  2.2334733017043423E-001                 -6.9631039834008035E-001                  6.5835999736229960E+000                 -2.4336062723527445E+000                  1.2108862668166754E+001                  3.5527483481076721E-005                  4.1214492165604816E-001                  5.8781955086047077E-001                  1.3232000785449297E-111                  7.7325718197350306E-114                  0.0000000000000000E+000 
                                     517                  2.2334693287584470E-001                 -6.9903653265888632E-001                  6.5870143585911629E+000                 -2.4184511624662695E+000                  1.2125359686795793E+001                  3.5527429489587416E-005                  4.1214575193345571E-001                  5.8781872063705465E-001                  1.6891661363849208E-111                  1.0018030965282136E-113                  0.0000000000000000E+000 
                                     518                  2.2334653558125514E-001                 -7.0171881798929159E-001                  6.5903812272838245E+000                 -2.4035026394692522E+000                  1.2141643057529130E+001                  3.5527137510485922E-005                  4.1215024196798722E-001                  5.8781423089450224E-001                  2.1478943417144639E-111                  1.2924787653504154E-113                  0.0000000000000000E+000 
                                     519                  2.2334613828666555E-001                 -7.0435842630580248E-001                  6.5937017810297291E+000                 -2.3887561846552798E+000                  1.2157717056517614E+001                  3.5527034352499632E-005                  4.1215182832440145E-001                  5.8781264464124605E-001                  2.7207407785838431E-111                  1.6607410888210678E-113                  0.0000000000000000E+000 
                                     520                  2.2334574099207605E-001                 -7.0695648960797020E-001                  6.5969772053457865E+000                 -2.3742088639326995E+000                  1.2173585876612920E+001                  3.5526845338271765E-005                  4.1215473497219085E-001                  5.8780973818247095E-001                  3.4335546683841342E-111                  2.1255041712875119E-113                  0.0000000000000000E+000 
                                     521                  2.2334534369748646E-001                 -7.0951411016305066E-001                  6.6002086593344060E+000                 -2.3598572284646511E+000                  1.2189253627902190E+001                  3.5526563313635956E-005                  4.1215907192763207E-001                  5.8780540150905436E-001                  4.3174482747351058E-111                  2.7098791057417735E-113                  0.0000000000000000E+000 
                                     522                  2.2334494640289690E-001                 -7.1203235790473463E-001                  6.6033972799451490E+000                 -2.3456974992738018E+000                  1.2204724337903235E+001                  3.5526369193040084E-005                  4.1216205710079312E-001                  5.8780241653001386E-001                  5.4097444598116542E-111                  3.4420216825964981E-113                  0.0000000000000000E+000 
                                     523                  2.2334454910830737E-001                 -7.1451226909220777E-001                  6.6065441598987835E+000                 -2.3317269470906572E+000                  1.2220001951630472E+001                  3.5525942141399248E-005                  4.1216862427100220E-001                  5.8779584978685639E-001                  6.7552014036614263E-111                  4.3560432538178807E-113                  0.0000000000000000E+000 
                                     524                  2.2334415181371781E-001                 -7.1695485291700678E-001                  6.6096503439497463E+000                 -2.3179408639371823E+000                  1.2235090332630396E+001                  3.5525881359066034E-005                  4.1216955897577795E-001                  5.8779491514286297E-001                  8.4070319541532618E-111                  5.4933307185854250E-113                  0.0000000000000000E+000 
                                     525                  2.2334375451912825E-001                 -7.1936108084693096E-001                  6.6127168286340829E+000                 -2.3043366785710848E+000                  1.2249993262553735E+001                  3.5525768492204365E-005                  4.1217129461640817E-001                  5.8779317961509969E-001                  1.0428780398244170E-110                  6.9036469910276322E-113                  0.0000000000000000E+000 
                                     526                  2.2334335722453871E-001                 -7.2173189927184500E-001                  6.6157445506474772E+000                 -2.2909114895087241E+000                  1.2264714442523360E+001                  3.5525310432213622E-005                  4.1217833855496194E-001                  5.8778613613460584E-001                  1.2895872093999797E-110                  8.6467853268504834E-113                  0.0000000000000000E+000 
                                     527                  2.2334295992994915E-001                 -7.2406822808865601E-001                  6.6187344082252526E+000                 -2.2776607116657841E+000                  1.2279257494258003E+001                  3.5525015091481304E-005                  4.1218288012786697E-001                  5.8778159485704151E-001                  1.5897234287508936E-110                  1.0794626904920767E-112                  0.0000000000000000E+000 
                                     528                  2.2334256263535959E-001                 -7.2637095216506520E-001                  6.6216872682420949E+000                 -2.2645809588122874E+000                  1.2293625960048340E+001                  3.5524845758351138E-005                  4.1218548402285898E-001                  5.8777899113138266E-001                  1.9537988891129485E-110                  1.3432976389376529E-112                  0.0000000000000000E+000 
                                     529                  2.2334216534077006E-001                 -7.2864092849621021E-001                  6.6246039597802531E+000                 -2.2516687770503281E+000                  1.2307823303720244E+001                  3.5524806441694023E-005                  4.1218608859792855E-001                  5.8777838659562975E-001                  2.3941835231992497E-110                  1.6664123347768974E-112                  0.0000000000000000E+000 
                                     530                  2.2334176804618050E-001                 -7.3087898642153315E-001                  6.6274852709812455E+000                 -2.2389215844140260E+000                  1.2321852911601706E+001                  3.5524493447165230E-005                  4.1219090153690824E-001                  5.8777357396964458E-001                  2.9254356603626240E-110                  2.0609390898583505E-112                  0.0000000000000000E+000 
                                     531                  2.2334137075159094E-001                 -7.3308593266991617E-001                  6.6303319607206053E+000                 -2.2263348552776656E+000                  1.2335718094098439E+001                  3.5524441590073116E-005                  4.1219169893805563E-001                  5.8777277662035432E-001                  3.5645206789601227E-110                  2.5413176633754798E-112                  0.0000000000000000E+000 
                                     532                  2.2334097345700141E-001                 -7.3526254194126817E-001                  6.6331447610180208E+000                 -2.2139060351343338E+000                  1.2349422086018780E+001                  3.5524282653542994E-005                  4.1219414288535028E-001                  5.8777033283199620E-001                  4.3313455389049330E-110                  3.1245607352550811E-112                  0.0000000000000000E+000 
                                     533                  2.2334057616241185E-001                 -7.3740956751426501E-001                  6.6359243725911821E+000                 -2.2016315184676309E+000                  1.2362968048229611E+001                  3.5524161293505313E-005                  4.1219600901057024E-001                  5.8776846682813622E-001                  5.2490527809178733E-110                  3.8307711443245875E-112                  0.0000000000000000E+000 
                                     534                  2.2334017886782226E-001                 -7.3952773647026671E-001                  6.6386714724711897E+000                 -2.1895080879730222E+000                  1.2376359068643369E+001                  3.5524068478265004E-005                  4.1219743618491150E-001                  5.8776703974661015E-001                  6.3445674748727997E-110                  4.6835867953319253E-112                  0.0000000000000000E+000 
                                     535                  2.2333978157323275E-001                 -7.4161775216536918E-001                  6.6413867111305596E+000                 -2.1775328449631588E+000                  1.2389598163469584E+001                  3.5523868434329052E-005                  4.1220051216208664E-001                  5.8776396396947905E-001                  7.6491548179827144E-110                  5.7107243848107341E-112                  0.0000000000000000E+000 
                                     536                  2.2333938427864317E-001                 -7.4368029626317611E-001                  6.6440707185913226E+000                 -2.1657020481332285E+000                  1.2402688278651924E+001                  3.5523855013132633E-005                  4.1220071853163442E-001                  5.8776375761335242E-001                  9.1988968111770336E-110                  6.9447127043842705E-112                  0.0000000000000000E+000 
                                     537                  2.2333898698405361E-001                 -7.4571602520154745E-001                  6.6467241021031791E+000                 -2.1540134194948983E+000                  1.2415632290817550E+001                  3.5523659666387668E-005                  4.1220372225835317E-001                  5.8776075408198047E-001                  1.1035649342853677E-109                  8.4234105537462625E-112                  0.0000000000000000E+000 
                                     538                  2.2333858968946407E-001                 -7.4772557760146163E-001                  6.6493474474881920E+000                 -2.1424633296159259E+000                  1.2428433009054551E+001                  3.5523578867359644E-005                  4.1220496460716921E-001                  5.8775951181396335E-001                  1.3207441822014799E-109                  1.0191091925050370E-111                  0.0000000000000000E+000 
                                     539                  2.2333819239487451E-001                 -7.4970956837479374E-001                  6.6519413243691607E+000                 -2.1310490679918148E+000                  1.2441093175909781E+001                  3.5523511015908983E-005                  4.1220600786612499E-001                  5.8775846862285908E-001                  1.5769645398971081E-109                  1.2299141051380086E-111                  0.0000000000000000E+000 
                                     540                  2.2333779510028495E-001                 -7.5166859345149040E-001                  6.6545062862721842E+000                 -2.1197676712263132E+000                  1.2453615468885136E+001                  3.5523507488569172E-005                  4.1220606210048394E-001                  5.8775841439202747E-001                  1.8785747283274929E-109                  1.4807229507218865E-111                  0.0000000000000000E+000 
                                     541                  2.2333739780569542E-001                 -7.5360322903522359E-001                  6.6570428742614052E+000                 -2.1086167129600510E+000                  1.2466002501769539E+001                  3.5523404467615283E-005                  4.1220764608600424E-001                  5.8775683050952821E-001                  2.2328611723705583E-109                  1.7784344694399326E-111                  0.0000000000000000E+000 
                                     542                  2.2333700051110586E-001                 -7.5551403440810028E-001                  6.6595515308895061E+000                 -2.0976071519703225E+000                  1.2478256826215091E+001                  3.5516628390437609E-005                  4.1231182584750636E-001                  5.8765265752410323E-001                  2.6487000287562113E-109                  2.1305707655665186E-111                  0.0000000000000000E+000 
                                     543                  2.2333660321651630E-001                 -7.5740161082047475E-001                  6.6632679495924876E+000                 -2.0814396498797190E+000                  1.2496318389313876E+001                  3.5516628384670541E-005                  4.1231182593615651E-001                  5.8765265743545880E-001                  3.4070486814915924E-109                  2.7826436405865336E-111                  0.0000000000000000E+000 
                                     544                  2.2333580862733723E-001                 -7.6110971355349955E-001                  6.6669151760116785E+000                 -2.0652725146801529E+000                  1.2514248817290389E+001                  3.5516628378903406E-005                  4.1231182602480648E-001                  5.8765265734681460E-001                  4.3623943994552282E-109                  3.6164376247271235E-111                  0.0000000000000000E+000 
                                     545                  2.2333541133274767E-001                 -7.6293049138809721E-001                  6.6693175738383665E+000                 -2.0547333366474847E+000                  1.2525996715528153E+001                  3.5516628375058723E-005                  4.1231182608390615E-001                  5.8765265728771876E-001                  5.1307391699886057E-109                  4.2952953952577767E-111                  0.0000000000000000E+000 
                                     546                  2.2333501403815811E-001                 -7.6472997642877538E-001                  6.6716946589174979E+000                 -2.0443094971994902E+000                  1.2537623781387557E+001                  3.5516628371213864E-005                  4.1231182614300682E-001                  5.8765265722862203E-001                  6.0224996998206605E-109                  5.0909060135243319E-111                  0.0000000000000000E+000 
                                     547                  2.2333461674356858E-001                 -7.6650863125606938E-001                  6.6752181324513096E+000                 -2.0290049840281887E+000                  1.2554774065320052E+001                  3.5516628292131636E-005                  4.1231182735862792E-001                  5.8765265601307992E-001                  7.6311036884507453E-109                  6.5437369457698545E-111                  0.0000000000000000E+000 
                                     548                  2.2333382215438949E-001                 -7.7000585278643185E-001                  6.6786785585920132E+000                 -2.0137066200653733E+000                  1.2571802306512669E+001                  3.5516628249706934E-005                  4.1231182801076321E-001                  5.8765265536098710E-001                  9.6292123500496930E-109                  8.3738239139968081E-111                  0.0000000000000000E+000 
                                     549                  2.2333342485979996E-001                 -7.7172465868199192E-001                  6.6809590718526666E+000                 -2.0037224189474157E+000                  1.2582967649058123E+001                  3.5516628221423738E-005                  4.1231182844552089E-001                  5.8765265492625773E-001                  1.1218348638908999E-108                  9.8462377499276867E-111                  0.0000000000000000E+000 
                                     550                  2.2333302756521040E-001                 -7.7342435149491084E-001                  6.6832165564184862E+000                 -1.9938435289443843E+000                  1.2594022683421112E+001                  3.5516383870781181E-005                  4.1231558450407940E-001                  5.8764889911204987E-001                  1.3046589973004885E-108                  1.1555618582402628E-110                  0.0000000000000000E+000 
                                     551                  2.2333263027062084E-001                 -7.7510533175010377E-001                  6.6865644774299531E+000                 -1.9793233803987504E+000                  1.2610340950299216E+001                  3.5516383414596706E-005                  4.1231559151636088E-001                  5.8764889210022453E-001                  1.6308630855818060E-108                  1.4641218704492363E-110                  0.0000000000000000E+000 
                                     552                  2.2333183568144177E-001                 -7.7841320400938852E-001                  6.6898549753971492E+000                 -1.9648139758885474E+000                  1.2626545718094222E+001                  3.5516382958412198E-005                  4.1231559852864219E-001                  5.8764888508839941E-001                  2.0309684634750390E-108                  1.8476218621128056E-110                  0.0000000000000000E+000 
                                     553                  2.2333143838685221E-001                 -7.8004032173703131E-001                  6.6920245928379982E+000                 -1.9553349726289420E+000                  1.2637178691487350E+001                  3.5516382657087017E-005                  4.1231560316048993E-001                  5.8764888045685293E-001                  2.3459994746689515E-108                  2.1528905123551143E-110                  0.0000000000000000E+000 
                                     554                  2.2333104109226265E-001                 -7.8165020924160711E-001                  6.6941732561471046E+000                 -1.9459516393531584E+000                  1.2647710700411611E+001                  3.5516382347368363E-005                  4.1231560792135813E-001                  5.8764887569629454E-001                  2.7055413926801474E-108                  2.5043221471700248E-110                  0.0000000000000000E+000 
                                     555                  2.2333064379767312E-001                 -7.8324321218642290E-001                  6.6973614157048642E+000                 -1.9321477457196730E+000                  1.2663267376097370E+001                  3.5516381871599280E-005                  4.1231561523468579E-001                  5.8764886838344266E-001                  3.3408456870913094E-108                  3.1320903614105875E-110                  0.0000000000000000E+000 
                                     556                  2.2332984920849402E-001                 -7.8638033530421569E-001                  6.7004972749330456E+000                 -1.9183582157007713E+000                  1.2678718502946406E+001                  3.5516381380267546E-005                  4.1231562278723749E-001                  5.8764886083138224E-001                  4.1112916900072922E-108                  3.9029736531032331E-110                  0.0000000000000000E+000 
                                     557                  2.2332945191390446E-001                 -7.8792466726159360E-001                  6.7035965228543812E+000                 -1.9049550081707158E+000                  1.2693848782467205E+001                  3.5516380891543895E-005                  4.1231563029969670E-001                  5.8764885331941175E-001                  5.0423929271438437E-108                  4.8463860192853711E-110                  0.0000000000000000E+000 
                                     558                  2.2332865732472540E-001                 -7.9096724637253646E-001                  6.7066463007142492E+000                 -1.8915678962387452E+000                  1.2708877996464073E+001                  3.5516380404976985E-005                  4.1231563777900404E-001                  5.8764884584059096E-001                  6.1645188728610383E-108                  5.9971937995635751E-110                  0.0000000000000000E+000 
                                     559                  2.2332826003013584E-001                 -7.9246569676731848E-001                  6.7096614296009447E+000                 -1.8785454799449823E+000                  1.2723602921629791E+001                  3.5516379920493933E-005                  4.1231564522627984E-001                  5.8764883839379967E-001                  7.5124659555863601E-108                  7.3965276445250596E-110                  0.0000000000000000E+000 
                                     560                  2.2332746544095675E-001                 -7.9541909581955339E-001                  6.7126296979217548E+000                 -1.8655404637831048E+000                  1.2738231054315175E+001                  3.5516379435632033E-005                  4.1231565267937897E-001                  5.8764883094118536E-001                  9.1274133711647625E-108                  9.0928209151268538E-110                  0.0000000000000000E+000 
                                     561                  2.2332706814636721E-001                 -7.9687423868911256E-001                  6.7145888958470525E+000                 -1.8570277927963215E+000                  1.2747842950731183E+001                  3.5516379112390579E-005                  4.1231565764811284E-001                  5.8764882597277479E-001                  1.0375321860303383E-107                  1.0416374004440097E-109                  0.0000000000000000E+000 
                                     562                  2.2332667085177765E-001                 -7.9831548291357413E-001                  6.7174986688833629E+000                 -1.8444842117743516E+000                  1.2762057748204718E+001                  3.5516371554308788E-005                  4.1231577382783402E-001                  5.8764870980061168E-001                  1.2543654067162005E-107                  1.2738743410382721E-109                  0.0000000000000000E+000 
                                     563                  2.2332587626259856E-001                 -8.0115761248965978E-001                  6.7203647369259789E+000                 -1.8319591714207879E+000                  1.2776181133485519E+001                  3.5516371554308788E-005                  4.1231577382783402E-001                  5.8764870980061168E-001                  1.5122456725858682E-107                  1.5532033054407855E-109                  0.0000000000000000E+000 
                                     564                  2.2332547896800903E-001                 -8.0255867951783988E-001                  6.7222571075227977E+000                 -1.8237555030730326E+000                  1.2785465621785402E+001                  3.5516371554308788E-005                  4.1231577382783402E-001                  5.8764870980061168E-001                  1.7103439675102869E-107                  1.7697893926923234E-109                  0.0000000000000000E+000 
                                     565                  2.2332508167341947E-001                 -8.0394683820123625E-001                  6.7250685540934567E+000                 -1.8116600085043677E+000                  1.2799202267401030E+001                  3.5516371554308788E-005                  4.1231577382783402E-001                  5.8764870980061168E-001                  2.0525409998722955E-107                  2.1474547085826302E-109                  0.0000000000000000E+000 
                                     566                  2.2332428708424037E-001                 -8.0668563133207327E-001                  6.7278391201777001E+000                 -1.7995836934014637E+000                  1.2812852532728007E+001                  3.5516371554308781E-005                  4.1231577382783419E-001                  5.8764870980061157E-001                  2.4567463135347288E-107                  2.5984125800050649E-109                  0.0000000000000000E+000 
                                     567                  2.2332388978965084E-001                 -8.0803643495140753E-001                  6.7305809953913869E+000                 -1.7878055257115193E+000                  1.2826249927695429E+001                  3.5516371554308788E-005                  4.1231577382783402E-001                  5.8764870980061168E-001                  2.9329508342238546E-107                  3.1355248195128407E-109                  0.0000000000000000E+000 
                                     568                  2.2332309520047175E-001                 -8.1070246309393068E-001                  6.7332839152990918E+000                 -1.7760467299576226E+000                  1.2839564498082128E+001                  3.5516371554308781E-005                  4.1231577382783408E-001                  5.8764870980061157E-001                  3.4927440704228413E-107                  3.7735965880334294E-109                  0.0000000000000000E+000 
                                     569                  2.2332269790588219E-001                 -8.1201784753406758E-001                  6.7359594884340428E+000                 -1.7645708504049620E+000                  1.2852638075981655E+001                  3.5516371554308788E-005                  4.1231577382783402E-001                  5.8764870980061168E-001                  4.1491791153428761E-107                  4.5298009378295758E-109                  0.0000000000000000E+000 
                                     570                  2.2332190331670312E-001                 -8.1461484218691771E-001                  6.7394736720276152E+000                 -1.7494104035128029E+000                  1.2869878599897964E+001                  3.5516371554308781E-005                  4.1231577382783402E-001                  5.8764870980061168E-001                  5.2009905721962926E-107                  5.7562301489066463E-109                  0.0000000000000000E+000 
                                     571                  2.2332110872752403E-001                 -8.1716775311825773E-001                  6.7429327817354574E+000                 -1.7345040792234869E+000                  1.2886847616655562E+001                  3.5516371554308788E-005                  4.1231577382783402E-001                  5.8764870980061168E-001                  6.4927881302206292E-107                  7.2830207888627044E-109                  0.0000000000000000E+000 
                                     572                  2.2332031413834497E-001                 -8.1967804562745161E-001                  6.7454896038236463E+000                 -1.7234294072971192E+000                  1.2899436609385170E+001                  3.5515948263088862E-005                  4.1232228053993636E-001                  5.8764220351180052E-001                  7.6483240356699702E-107                  8.6643119776281951E-109                  0.0000000000000000E+000 
                                     573                  2.2331991684375541E-001                 -8.2091755117321386E-001                  6.7480218402651015E+000                 -1.7126057361212790E+000                  1.2911809405476355E+001                  3.5515668306739384E-005                  4.1232658387665777E-001                  5.8763790045503550E-001                  8.9898139309908563E-107                  1.0283974378698149E-108                  0.0000000000000000E+000 
                                     574                  2.2331912225457631E-001                 -8.2336652228216001E-001                  6.7505205390742722E+000                 -1.7018008611950397E+000                  1.2924109987929082E+001                  3.5515413520128446E-005                  4.1233050019978457E-001                  5.8763398438669534E-001                  1.0544211658145512E-106                  1.2178796552244888E-108                  0.0000000000000000E+000 
                                     575                  2.2331872495998678E-001                 -8.2457611888352778E-001                  6.7529957021637532E+000                 -1.6912354871463222E+000                  1.2936203892309077E+001                  3.5515045072481034E-005                  4.1233616350403518E-001                  5.8762832145089239E-001                  1.2341706571126525E-106                  1.4391152322698228E-108                  0.0000000000000000E+000 
                                     576                  2.2331793037080769E-001                 -8.2696669051038840E-001                  6.7562499082282557E+000                 -1.6772690310417429E+000                  1.2952163739454937E+001                  3.5515044958474966E-005                  4.1233616525591815E-001                  5.8762831969912344E-001                  1.5175714021282602E-106                  1.7918538081107696E-108                  0.0000000000000000E+000 
                                     577                  2.2331713578162860E-001                 -8.2931984831318728E-001                  6.7590569457594629E+000                 -1.6651976169826663E+000                  1.2965954204205627E+001                  3.5515044858719490E-005                  4.1233616678881663E-001                  5.8762831816632466E-001                  1.8132386996875248E-106                  2.1641400507705697E-108                  0.0000000000000000E+000 
                                     578                  2.2331653983974431E-001                 -8.3106078996043364E-001                  6.7614357068748525E+000                 -1.6550059343241390E+000                  1.2977618871232332E+001                  3.5515044773214969E-005                  4.1233616810272783E-001                  5.8762831685249894E-001                  2.1077298471776315E-106                  2.5386431949963142E-108                  0.0000000000000000E+000 
                                     579                  2.2331594389786003E-001                 -8.3278180843273086E-001                  6.7637888145428775E+000                 -1.6449306877001673E+000                  1.2989157491944573E+001                  3.5515044687710334E-005                  4.1233616941664081E-001                  5.8762831553867145E-001                  2.4454662202897461E-106                  2.9720477479044281E-108                  0.0000000000000000E+000 
                                     580                  2.2331534795597568E-001                 -8.3448335638359139E-001                  6.7672760082749734E+000                 -1.6301346658472000E+000                  1.3006169665311210E+001                  3.5515016028464059E-005                  4.1233660981096198E-001                  5.8762787517300952E-001                  3.0457615878997394E-106                  3.7511816368670746E-108                  0.0000000000000000E+000 
                                     581                  2.2331415607220706E-001                 -8.3783026362792745E-001                  6.7706992232017953E+000                 -1.6153777218983765E+000                  1.3023043071917183E+001                  3.5514985909567344E-005                  4.1233707263510466E-001                  5.8762741237898575E-001                  3.7783224255185893E-106                  4.7144438907816635E-108                  0.0000000000000000E+000 
                                     582                  2.2331356013032277E-001                 -8.3947597244074856E-001                  6.7729547758312005E+000                 -1.6057435266623110E+000                  1.3034102743487333E+001                  3.5514984364412179E-005                  4.1233709637883970E-001                  5.8762738863679587E-001                  4.3527916573037824E-106                  5.4779921387388320E-108                  0.0000000000000000E+000 
                                     583                  2.2331296418843849E-001                 -8.4110387824568356E-001                  6.7751871342142707E+000                 -1.5962138195623052E+000                  1.3045048610453751E+001                  3.5514982819257055E-005                  4.1233712012257429E-001                  5.8762736489460643E-001                  5.0062022991939069E-106                  6.3538964335580656E-108                  0.0000000000000000E+000 
                                     584                  2.2331236824655415E-001                 -8.4271436516785614E-001                  6.7777639091327959E+000                 -1.5852492286925777E+000                  1.3057662645183914E+001                  3.5514981016576241E-005                  4.1233714782359659E-001                  5.8762733719538685E-001                  5.8812890110873007E-106                  7.5377722260137088E-108                  0.0000000000000000E+000 
                                     585                  2.2331157365737508E-001                 -8.4483529759756015E-001                  6.7806705024253340E+000                 -1.5728559278949727E+000                  1.3071915132705842E+001                  3.5514978956369425E-005                  4.1233717948190918E-001                  5.8762730553913445E-001                  7.0513662140287342E-106                  9.1372665112987770E-108                  0.0000000000000000E+000 
                                     586                  2.2331077906819599E-001                 -8.4692677052357124E-001                  6.7835386016898340E+000                 -1.5606354371362885E+000                  1.3085978763920146E+001                  3.5514976896162528E-005                  4.1233721114022259E-001                  5.8762727388288116E-001                  8.4308710983906753E-106                  1.1043726510384412E-107                  0.0000000000000000E+000 
                                     587                  2.2330998447901690E-001                 -8.4898959992383383E-001                  6.7863691867431069E+000                 -1.5485831634707050E+000                  1.3099858337792096E+001                  3.5514974835955678E-005                  4.1233724279853518E-001                  5.8762724222662888E-001                  1.0053174019471549E-105                  1.3309943044482712E-107                  0.0000000000000000E+000 
                                     588                  2.2330918988983786E-001                 -8.5102456909987412E-001                  6.7891629732098959E+000                 -1.5367371300158883E+000                  1.3113558480175124E+001                  3.5494694092977195E-005                  4.1264877556649038E-001                  5.8731572973941670E-001                  1.1964031882563785E-105                  1.5986265837809554E-107                  0.0000000000000000E+000 
                                     589                  2.2330839530065877E-001                 -8.5303262795607815E-001                  6.7919207459794144E+000                 -1.5250356532155191E+000                  1.3127083675905039E+001                  3.5481026142575742E-005                  4.1285851303152887E-001                  5.8710600594232853E-001                  1.4198607266856507E-105                  1.9152658683195137E-107                  0.0000000000000000E+000 
                                     590                  2.2330760071147968E-001                 -8.5501442802823624E-001                  6.7946434257190305E+000                 -1.5135030174251065E+000                  1.3140438241725020E+001                  3.5460630065485431E-005                  4.1317118488815963E-001                  5.8679335448177494E-001                  1.6812224092780632E-105                  2.2880770223719540E-107                  0.0000000000000000E+000 
                                     591                  2.2330680612230061E-001                 -8.5697072342957681E-001                  6.7973320464230609E+000                 -1.5020796947976487E+000                  1.3153626349759488E+001                  3.5459978063422008E-005                  4.1318116877089950E-001                  5.8678337125103708E-001                  1.9846223270464545E-105                  2.7281639122442151E-107                  0.0000000000000000E+000 
                                     592                  2.2330601153312152E-001                 -8.5890199141156442E-001                  6.7999876712244669E+000                 -1.4908043290080184E+000                  1.3166652004126702E+001                  3.5459321403285280E-005                  4.1319122390492125E-001                  5.8677331677367550E-001                  2.3372892231021852E-105                  3.2448210153584617E-107                  0.0000000000000000E+000 
                                     593                  2.2330521694394243E-001                 -8.6080887633414771E-001                  6.8026111085300709E+000                 -1.4796732608697993E+000                  1.3179519071573859E+001                  3.5458678717368479E-005                  4.1320106528509604E-001                  5.8676347603618662E-001                  2.7463465636120994E-105                  3.8499939387167885E-107                  0.0000000000000000E+000 
                                     594                  2.2330442235476336E-001                 -8.6269199854248213E-001                  6.8052031404650197E+000                 -1.4686830013528709E+000                  1.3192231287448301E+001                  3.5458050005671450E-005                  4.1321069291142498E-001                  5.8675384903856931E-001                  3.2198249378994818E-105                  4.5572793517089379E-107                  0.0000000000000000E+000 
                                     595                  2.2330362776558427E-001                 -8.6455195569505183E-001                  6.8090394499957343E+000                 -1.4525749951912252E+000                  1.3210939087542496E+001                  3.5456962537853960E-005                  4.1322734314066728E-001                  5.8673719989679485E-001                  4.0709397402509520E-105                  5.8441307775834240E-107                  0.0000000000000000E+000 
                                     596                  2.2330203858722611E-001                 -8.6820526370932838E-001                  6.8127980891756712E+000                 -1.4365238739088961E+000                  1.3229474901813763E+001                  3.5455753960130547E-005                  4.1324584590325097E-001                  5.8671869834278889E-001                  5.1228981093716834E-105                  7.4567504578802644E-107                  0.0000000000000000E+000 
                                     597                  2.2330124399804702E-001                 -8.6999910760196442E-001                  6.8152717176420659E+000                 -1.4260647094826726E+000                  1.3241602681383126E+001                  3.5454855080182262E-005                  4.1325960610395285E-001                  5.8670493904096699E-001                  5.9562241913348159E-105                  8.7487899874446034E-107                  0.0000000000000000E+000 
                                     598                  2.2330044940886798E-001                 -8.7177197237041060E-001                  6.8177173818960393E+000                 -1.4157303807954378E+000                  1.3253592503144455E+001                  3.5453979490600527E-005                  4.1327301004824285E-001                  5.8669153597226653E-001                  6.9115265137169165E-105                  1.0243381882728864E-106                  0.0000000000000000E+000 
                                     599                  2.2329965481968889E-001                 -8.7352435611500268E-001                  6.8213397192568754E+000                 -1.4005629272947364E+000                  1.3271255700680827E+001                  3.5452666106228110E-005                  4.1329311596467694E-001                  5.8667143136921684E-001                  8.6084966935523409E-105                  1.2928538796977002E-106                  0.0000000000000000E+000 
                                     600                  2.2329806564133073E-001                 -8.7697008679157040E-001                  6.8248922265581218E+000                 -1.3854793520471032E+000                  1.3288764789059620E+001                  3.5435866974973335E-005                  4.1355010483261706E-001                  5.8641445930040792E-001                  1.0682637108742547E-104                  1.6236778422970717E-106                  0.0000000000000000E+000 
                                     601                  2.2329727105215164E-001                 -8.7866397584904732E-001                  6.8272316865431897E+000                 -1.3756143949181587E+000                  1.3300232446438228E+001                  3.5435648314756008E-005                  4.1355344971064317E-001                  5.8641111464104201E-001                  1.2304227153953937E-104                  1.8862208968655802E-106                  0.0000000000000000E+000 
                                     602                  2.2329647646297254E-001                 -8.8033920311955438E-001                  6.8295460771502068E+000                 -1.3658607938519147E+000                  1.3311576505653726E+001                  3.5435429654538681E-005                  4.1355679458866867E-001                  5.8640776998167676E-001                  1.4147289012213071E-104                  2.1871707484618065E-106                  0.0000000000000000E+000 
                                     603                  2.2329568187379348E-001                 -8.8199618783950029E-001                  6.8329762495942479E+000                 -1.3515282633911450E+000                  1.3328304187800878E+001                  3.5435077580058170E-005                  4.1356218037398274E-001                  5.8640238454843718E-001                  1.7386911634416883E-104                  2.7218344252594226E-106                  0.0000000000000000E+000 
                                     604                  2.2329409269543532E-001                 -8.8525745618680451E-001                  6.8363439013006495E+000                 -1.3372433384552311E+000                  1.3344893174503552E+001                  3.5434727296221166E-005                  4.1356753876388591E-001                  5.8639702650881786E-001                  2.1289032131034312E-104                  3.3737615691459304E-106                  0.0000000000000000E+000 
                                     605                  2.2329329810625623E-001                 -8.8686209553186568E-001                  6.8385630761611393E+000                 -1.3279112149616510E+000                  1.3355768159878339E+001                  3.5434560385599855E-005                  4.1357009191453881E-001                  5.8639447352507568E-001                  2.4317091199791116E-104                  3.8848155903979904E-106                  0.0000000000000000E+000 
                                     606                  2.2329250351707713E-001                 -8.8845003604510009E-001                  6.8407596350447974E+000                 -1.3186788427449754E+000                  1.3366531815856101E+001                  3.5434425527496262E-005                  4.1357215468733960E-001                  5.8639241088713290E-001                  2.7732560593409150E-104                  4.4659019657623495E-106                  0.0000000000000000E+000 
                                     607                  2.2329170892789810E-001                 -8.9002163310533988E-001                  6.8436563681771254E+000                 -1.3065707434451557E+000                  1.3380680598596959E+001                  3.5434312686756946E-005                  4.1357388046270871E-001                  5.8639068522460458E-001                  3.2966066932323192E-104                  5.3646800058917055E-106                  0.0000000000000000E+000 
                                     608                  2.2329038461259959E-001                 -8.9260574784073221E-001                  6.8472202426846378E+000                 -1.2916078382987963E+000                  1.3398144709167783E+001                  3.5434067204274379E-005                  4.1357763515796941E-001                  5.8638693077482629E-001                  4.0766716929915765E-104                  6.7200857420023584E-106                  0.0000000000000000E+000 
                                     609                  2.2328906029730111E-001                 -8.9514693723165284E-001                  6.8498523062953751E+000                 -1.2804982644974838E+000                  1.3411091955698884E+001                  3.5433874298313818E-005                  4.1358058565756856E-001                  5.8638398046813311E-001                  4.7681210023669059E-104                  7.9348360952710865E-106                  0.0000000000000000E+000 
                                     610                  2.2328839813965187E-001                 -8.9640179862035496E-001                  6.8515910833977047E+000                 -1.2732078497742889E+000                  1.3419610794369849E+001                  3.5433726185173793E-005                  4.1358285101693359E-001                  5.8638171525688121E-001                  5.2866781319122852E-104                  8.8530265530567143E-106                  0.0000000000000000E+000 
                                     611                  2.2328773598200266E-001                 -8.9764646988370156E-001                  6.8541757073732894E+000                 -1.2624394205525851E+000                  1.3432225409895997E+001                  3.5433478331721913E-005                  4.1358664184809557E-001                  5.8637792467357275E-001                  6.1612034386960425E-104                  1.0413777513120242E-105                  0.0000000000000000E+000 
                                     612                  2.2328641166670415E-001                 -9.0010609424921273E-001                  6.8575706419205193E+000                 -1.2482165924298674E+000                  1.3448860025908422E+001                  3.5433106119934554E-005                  4.1359233473899587E-001                  5.8637223215488421E-001                  7.5317854572546110E-104                  1.2886284281151975E-105                  0.0000000000000000E+000 
                                     613                  2.2328508735140570E-001                 -9.0252693836269005E-001                  6.8609126549301873E+000                 -1.2342242727334178E+000                  1.3465235332530488E+001                  3.5432738286799475E-005                  4.1359796037390284E-001                  5.8636660688781039E-001                  9.1742472203886310E-104                  1.5885221640195666E-105                  0.0000000000000000E+000 
                                     614                  2.2328376303610722E-001                 -9.0491025033563799E-001                  6.8642033179436321E+000                 -1.2204550550846744E+000                  1.3481359276169799E+001                  3.5432375176690749E-005                  4.1360351355817671E-001                  5.8636105406664663E-001                  1.1136109945341613E-103                  1.9510055424606522E-105                  0.0000000000000000E+000 
                                     615                  2.2328243872080877E-001                 -9.0725721875676169E-001                  6.8674441351920308E+000                 -1.2069018965090341E+000                  1.3497239450249284E+001                  3.5432009573908522E-005                  4.1360910474503770E-001                  5.8635546324538845E-001                  1.3472103493351319E-103                  2.3876701018658447E-105                  0.0000000000000000E+000 
                                     616                  2.2328111440551027E-001                 -9.0956897648640522E-001                  6.8706365474956161E+000                 -1.1935580648706383E+000                  1.3512883115336772E+001                  3.5431641478452829E-005                  4.1361473393448578E-001                  5.8634983442403577E-001                  1.6245089955227247E-103                  2.9119872387999847E-105                  0.0000000000000000E+000 
                                     617                  2.2327979009021179E-001                 -9.1184660399723050E-001                  6.8737819359557850E+000                 -1.1804171375338888E+000                  1.3528297217886376E+001                  3.5431269795513519E-005                  4.1362041786477155E-001                  5.8634415086543301E-001                  1.9527092882492538E-103                  3.5395699229101147E-105                  0.0000000000000000E+000 
                                     618                  2.2327846577491334E-001                 -9.1409113255748420E-001                  6.8768816253238523E+000                 -1.1674729770498746E+000                  1.3543488407714817E+001                  3.5430895462686895E-005                  4.1362614223465888E-001                  5.8633842686987836E-001                  2.3400429220931797E-103                  4.2884657961944415E-105                  0.0000000000000000E+000 
                                     619                  2.2327714145961483E-001                 -9.1630354714710793E-001                  6.8799368871051874E+000                 -1.1547197264763922E+000                  1.3558463054306221E+001                  3.5430515824398187E-005                  4.1363194751083920E-001                  5.8633262197333647E-001                  2.7958962270170205E-103                  5.1794828788681575E-105                  0.0000000000000000E+000 
                                     620                  2.2327581714431638E-001                 -9.1848478922217236E-001                  6.8825653425592357E+000                 -1.1437234974434034E+000                  1.3571368883029754E+001                  3.5430179407695966E-005                  4.1363709174788937E-001                  5.8632747807270291E-001                  3.2577687456619192E-103                  6.0913057753678938E-105                  0.0000000000000000E+000 
                                     621                  2.2327483118812447E-001                 -9.2008897212634910E-001                  6.8847844774392701E+000                 -1.1344674404161568E+000                  1.3582246610064963E+001                  3.5429893729246984E-005                  4.1364146008049407E-001                  5.8632311002577664E-001                  3.7056278856277891E-103                  6.9830399929818960E-105                  0.0000000000000000E+000 
                                     622                  2.2327384523193258E-001                 -9.2167673554380669E-001                  6.8880746003601008E+000                 -1.1208499994544519E+000                  1.3598297563905737E+001                  3.5429467268157878E-005                  4.1364798105823708E-001                  5.8631658947449483E-001                  4.4827515728626623E-103                  8.5457064177750999E-105                  0.0000000000000000E+000 
                                     623                  2.2327187331954876E-001                 -9.2480472808242120E-001                  6.8913061916115659E+000                 -1.1072781267652534E+000                  1.3614220473935147E+001                  3.5429041109064675E-005                  4.1365449730223958E-001                  5.8631007365665133E-001                  5.4047972694622649E-103                  1.0420866793950958E-104                  0.0000000000000000E+000 
                                     624                  2.2327088736335687E-001                 -9.2634526829239261E-001                  6.8934363756012713E+000                 -1.0984016337635318E+000                  1.3624665780095695E+001                  3.5428758575577211E-005                  4.1365881733518711E-001                  5.8630575390623729E-001                  6.1117094199905697E-103                  1.1872035663963677E-104                  0.0000000000000000E+000 
                                     625                  2.2326990140716493E-001                 -9.2787070979469077E-001                  6.8965960325740099E+000                 -1.0853320022204924E+000                  1.3640088672496059E+001                  3.5428337134208198E-005                  4.1366526119002567E-001                  5.8629931047284012E-001                  7.3300985255093827E-103                  1.4396825874153361E-104                  0.0000000000000000E+000 
                                     626                  2.2326792949478111E-001                 -9.3087781724548291E-001                  6.8997015695126951E+000                 -1.0723046281327766E+000                  1.3655393447081252E+001                  3.5427915702723389E-005                  4.1367170478318072E-001                  5.8629286730111652E-001                  8.7644937526090800E-103                  1.7401506056099621E-104                  0.0000000000000000E+000 
                                     627                  2.2326694353858922E-001                 -9.3235975875246691E-001                  6.9017495280251486E+000                 -1.0637775143977499E+000                  1.3665439578691558E+001                  3.5427637777122311E-005                  4.1367595410978614E-001                  5.8628861825243672E-001                  9.8573623386899869E-103                  1.9711372818592367E-104                  0.0000000000000000E+000 
                                     628                  2.2326595758239731E-001                 -9.3382776840314818E-001                  6.9047884931003791E+000                 -1.0512129236950583E+000                  1.3680281991905028E+001                  3.5427225431803804E-005                  4.1368225849644907E-001                  5.8628231427811905E-001                  1.1729345064781592E-102                  2.3703722762273103E-104                  0.0000000000000000E+000 
                                     629                  2.2326398567001349E-001                 -9.3672334000530266E-001                  6.9087688894364865E+000                 -1.0346436531825502E+000                  1.3699817172531480E+001                  3.5426680967347353E-005                  4.1369058270316450E-001                  5.8627399061586816E-001                  1.4725289051312032E-102                  3.0171769146317899E-104                  0.0000000000000000E+000 
                                     630                  2.2326201375762966E-001                 -9.3956631552108583E-001                  6.9117025074270781E+000                 -1.0223550266805186E+000                  1.3714280363435980E+001                  3.5426274982120728E-005                  4.1369678964114481E-001                  5.8626778408387303E-001                  1.7409458700398183E-102                  3.6035477279498349E-104                  0.0000000000000000E+000 
                                     631                  2.2326102780143778E-001                 -9.4096857255530086E-001                  6.9136382197441781E+000                 -1.0143028393959632E+000                  1.3723782228288048E+001                  3.5426005421240513E-005                  4.1370091080348415E-001                  5.8626366319109469E-001                  1.9437313655211730E-102                  4.0502808425664778E-104                  0.0000000000000000E+000 
                                     632                  2.2326004184524589E-001                 -9.4235840872490140E-001                  6.9165122722936765E+000                 -1.0024260071662598E+000                  1.3737832069164810E+001                  3.5425596416574582E-005                  4.1370716388930223E-001                  5.8625741051428126E-001                  2.2881880098181829E-102                  4.8155408858914578E-104                  0.0000000000000000E+000 
                                     633                  2.2325806993286207E-001                 -9.4510195324999757E-001                  6.9202801734424586E+000                 -9.8675440149055016E-001                  1.3756337071664387E+001                  3.5425071553225354E-005                  4.1371518794594248E-001                  5.8624938698250428E-001                  2.8332298835200931E-102                  6.0404177597857060E-104                  0.0000000000000000E+000 
                                     634                  2.2325609802047824E-001                 -9.4779845494362969E-001                  6.9230596594404625E+000                 -9.7512436173195283E-001                  1.3770047147677706E+001                  3.5424690620136435E-005                  4.1372101138698908E-001                  5.8624356392239085E-001                  3.3162945521662744E-102                  7.1381286102234703E-104                  0.0000000000000000E+000 
                                     635                  2.2325511206428633E-001                 -9.4912948144599241E-001                  6.9248946284259727E+000                 -9.6749641380375595E-001                  1.3779061177217679E+001                  3.5424440603129236E-005                  4.1372483339748573E-001                  5.8623974216191121E-001                  3.6785101178003463E-102                  7.9677611336128791E-104                  0.0000000000000000E+000 
                                     636                  2.2325412610809442E-001                 -9.5044936355911547E-001                  6.9276205067085810E+000                 -9.5623506419900328E-001                  1.3792399535508620E+001                  3.5424071485196551E-005                  4.1373047598793000E-001                  5.8623409994058484E-001                  4.2892118771965458E-102                  9.3776901713396980E-104                  0.0000000000000000E+000 
                                     637                  2.2325215419571059E-001                 -9.5305665866651745E-001                  6.9311971388631521E+000                 -9.4136767246642961E-001                  1.3809978576621909E+001                  3.5423576312219595E-005                  4.1373804546145626E-001                  5.8622653096223154E-001                  5.2458098890094666E-102                  1.1610194958849559E-103                  0.0000000000000000E+000 
                                     638                  2.2325018228332677E-001                 -9.5562162327207867E-001                  6.9347141883565566E+000                 -9.2675000914647421E-001                  1.3827269460952857E+001                  3.5423101166213884E-005                  4.1374530855827490E-001                  5.8621926834055893E-001                  6.3912891611740125E-102                  1.4316081306759805E-103                  0.0000000000000000E+000 
                                     639                  2.2324821037094295E-001                 -9.5814567011300444E-001                  6.9381735696482139E+000                 -9.1237368854281087E-001                  1.3844281601491129E+001                  3.5422637907093021E-005                  4.1375238981536616E-001                  5.8621218754672677E-001                  7.7582355767942022E-102                  1.7583720045823648E-103                  0.0000000000000000E+000 
                                     640                  2.2324623845855912E-001                 -9.6063014172307593E-001                  6.9407287685325061E+000                 -9.0169531207405751E-001                  1.3856898489700493E+001                  3.5422301799581325E-005                  4.1375752730919707E-001                  5.8620705038900334E-001                  8.9510447087253815E-102                  2.0464004199749644E-103                  0.0000000000000000E+000 
                                     641                  2.2324525250236721E-001                 -9.6185785789433675E-001                  6.9424169449674622E+000                 -8.9468182192613221E-001                  1.3865203073320293E+001                  3.5422082985566844E-005                  4.1376087186497257E-001                  5.8620370605204186E-001                  9.8358151354565557E-102                  2.2615909919960917E-103                  0.0000000000000000E+000 
                                     642                  2.2324426654617532E-001                 -9.6307615588327578E-001                  6.9449266326332246E+000                 -8.8431389918934777E-001                  1.3877504891168666E+001                  3.5421761285386644E-005                  4.1376578892286475E-001                  5.8619878931584979E-001                  1.1311628396768162E-101                  2.6231362867161957E-103                  0.0000000000000000E+000 
                                     643                  2.2324229463379150E-001                 -9.6548524547839698E-001                  6.9482235824513312E+000                 -8.7061514788249372E-001                  1.3893732887376787E+001                  3.5421334275143791E-005                  4.1377231560546135E-001                  5.8619226306026351E-001                  1.3589779078475828E-101                  3.1867610084436312E-103                  0.0000000000000000E+000 
                                     644                  2.2324032272140767E-001                 -9.6785840935557244E-001                  6.9514696391333688E+000                 -8.5712796984546746E-001                  1.3909715550489935E+001                  3.5420911361845477E-005                  4.1377877963487525E-001                  5.8618579945376292E-001                  1.6274257993375400E-101                  3.8582916245791093E-103                  0.0000000000000000E+000 
                                     645                  2.2323835080902385E-001                 -9.7019675092844881E-001                  6.9546663014155756E+000                 -8.4384573948346842E-001                  1.3925460297781502E+001                  3.5420502031432271E-005                  4.1378503590610372E-001                  5.8617954359186486E-001                  1.9428356604273908E-101                  4.6559146407786103E-103                  0.0000000000000000E+000 
                                     646                  2.2323637889664003E-001                 -9.7250132263602673E-001                  6.9578150009835102E+000                 -8.3076218870151797E-001                  1.3940974216238761E+001                  3.5420088560674524E-005                  4.1379135546937629E-001                  5.8617322444206299E-001                  2.3123833520017814E-101                  5.6004673886259191E-103                  0.0000000000000000E+000 
                                     647                  2.2323440698425620E-001                 -9.7477312931584736E-001                  6.9609171074570311E+000                 -8.1787124419042379E-001                  1.3956264081737052E+001                  3.5419695390714671E-005                  4.1379736456683952E-001                  5.8616721573776975E-001                  2.7441812762569258E-101                  6.7157768795904245E-103                  0.0000000000000000E+000 
                                     648                  2.2323243507187238E-001                 -9.7701313058028039E-001                  6.9639739321403029E+000                 -8.0516716794096799E-001                  1.3971336376792170E+001                  3.5419315245780321E-005                  4.1380317447424331E-001                  5.8616140621051094E-001                  3.2473856540226083E-101                  8.0290103258398749E-103                  0.0000000000000000E+000 
                                     649                  2.2323046315948855E-001                 -9.7922224381570433E-001                  6.9669867311668341E+000                 -7.9264445452957766E-001                  1.3986197307123051E+001                  3.5418950161231005E-005                  4.1380875404299761E-001                  5.8615582700684121E-001                  3.8323053894888157E-101                  9.5710789236775939E-103                  0.0000000000000000E+000 
                                     650                  2.2322849124710473E-001                 -9.8140134653109279E-001                  6.9699567087195842E+000                 -7.8029784124040236E-001                  1.4000852817059233E+001                  3.5418600137066533E-005                  4.1381410327310353E-001                  5.8615047812675947E-001                  4.5105239762493601E-101                  1.1377072103941419E-102                  0.0000000000000000E+000 
                                     651                  2.2322651933472090E-001                 -9.8355127865988146E-001                  6.9728850198781158E+000                 -7.6812230637580192E-001                  1.4015308603903655E+001                  3.5418257623077675E-005                  4.1381933771095153E-001                  5.8614524403142543E-001                  5.2950318382743516E-101                  1.3486732434279603E-102                  0.0000000000000000E+000 
                                     652                  2.2322454742233708E-001                 -9.8567284475839201E-001                  6.9757727733583286E+000                 -7.5611302741296860E-001                  1.4029570131341343E+001                  3.5417921413308049E-005                  4.1382447577681081E-001                  5.8614010630177593E-001                  6.2003666686652456E-101                  1.5944982179200899E-102                  0.0000000000000000E+000 
                                     653                  2.2322257550995325E-001                 -9.8776681591089599E-001                  6.9786210342565305E+000                 -7.4426535452258624E-001                  1.4043642641950107E+001                  3.5417603881792705E-005                  4.1382932824321267E-001                  5.8613525415290546E-001                  7.2427645276477214E-101                  1.8802500064511075E-102                  0.0000000000000000E+000 
                                     654                  2.2322060359756943E-001                 -9.8983393143214371E-001                  6.9814308264247575E+000                 -7.3257485706654524E-001                  1.4057531168874918E+001                  3.5417303990850765E-005                  4.1383391097679478E-001                  5.8613067171921429E-001                  6.8308261281278164E-201                  2.2116330943249010E-102                  0.0000000000000000E+000 
                                     655                  2.2321863168518560E-001                 -9.9187490072417384E-001                  6.9842031344009579E+000                 -7.2103732587809477E-001                  1.4071240546765438E+001                  3.5417000986866550E-005                  4.1383854131028552E-001                  5.8612604168872762E-001                  7.2270191225680407E-201                  2.5950550819682964E-102                  0.0000000000000000E+000 
                                     656                  2.2321665977280178E-001                 -9.9389040507006965E-001                  6.9869389055153572E+000                 -7.0964867819372157E-001                  1.4084775422038312E+001                  3.5416694869840129E-005                  4.1384321924368472E-001                  5.8612136406144544E-001                  7.6400401410186980E-201                  3.0377027098886100E-102                  0.0000000000000000E+000 
                                     657                  2.2321468786041795E-001                 -9.9588109891826959E-001                  6.9896390520543115E+000                 -6.9840498506394122E-001                  1.4098140262465286E+001                  3.5416389790494208E-005                  4.1384788131044942E-001                  5.8611670229976010E-001                  8.0703424971975888E-201                  3.5476210285320511E-102                  0.0000000000000000E+000 
                                     658                  2.2321271594803413E-001                 -9.9784761124531252E-001                  6.9936309367917477E+000                 -6.8192666824473203E-001                  1.4117791473145905E+001                  3.5413523926967188E-005                  4.1389166974334812E-001                  5.8607291673272499E-001                  8.7473190228515355E-201                  4.4583984536498646E-102                  0.0000000000000000E+000 
                                     659                  2.2320877212326651E-001                 -1.0017111374312782E+000                  6.9975342821781430E+000                 -6.6550982081985199E-001                  1.4137257521966097E+001                  3.5413482914504529E-005                  4.1389229637456842E-001                  5.8607229014251705E-001                  9.4694655667346233E-201                  5.5758173250725518E-102                  0.0000000000000000E+000 
                                     660                  2.2320680021088268E-001                 -1.0036086662449377E+000                  7.0001003847834111E+000                 -6.5480901642794609E-001                  1.4149983686591872E+001                  3.5413455989331439E-005                  4.1389270776585951E-001                  5.8607187877815115E-001                  9.9735324598298960E-201                  6.4556008826844129E-102                  4.0889022347549089E-057 
                                     661                  2.2320482829849883E-001                 -1.0054842971750950E+000                  7.0026349632655842E+000                 -6.4423574258541993E-001                  1.4162559771574212E+001                  3.5413429975183667E-005                  4.1389310523840261E-001                  5.8607148133162212E-001                  1.0497221691495684E-200                  7.4590325674524064E-102                  5.9001866951889794E-057 
                                     662                  2.2320285638611501E-001                 -1.0073385502457683E+000                  7.0051387512409384E+000                 -6.3378689659359655E-001                  1.4174989343221657E+001                  3.5413402477366147E-005                  4.1389352537862062E-001                  5.8607106121890196E-001                  1.1041015488748413E-200                  8.6013923136093781E-102                  8.5895484019871287E-057 
                                     663                  2.2320088447373118E-001                 -1.0091719267942272E+000                  7.0088439737328283E+000                 -6.1844270473203500E-001                  1.4193291155033563E+001                  3.5413359252413836E-005                  4.1389418581251203E-001                  5.8607040082823558E-001                  1.1893380647864334E-200                  1.0613215889873143E-101                  1.4948055940647838E-056 
                                     664                  2.2319694064896356E-001                 -1.0127784522327066E+000                  7.0136748366376818E+000                 -5.9825000282171714E-001                  1.4217316220018194E+001                  3.5413298530335117E-005                  4.1389511358221281E-001                  5.8606947311925683E-001                  1.3107501311832704E-200                  1.3954499124042131E-101                  3.0743355820409718E-056 
                                     665                  2.2319299682419597E-001                 -1.0163070278577144E+000                  7.0172194741464615E+000                 -5.8330579840496721E-001                  1.4235057080500155E+001                  3.5413236509294443E-005                  4.1389606117754241E-001                  5.8606852558594835E-001                  1.4078781174118667E-200                  1.7053952523218082E-101                  5.2135353589349070E-056 
                                     666                  2.2319102491181214E-001                 -1.0180429495271726E+000                  7.0195524679181878E+000                 -5.7354402520218284E-001                  1.4246675864901055E+001                  3.5413152562322463E-005                  4.1389734375596482E-001                  5.8606724309147284E-001                  1.4753580555351455E-200                  1.9452482939901889E-101                  7.3731354690808619E-056 
                                     667                  2.2318905299942832E-001                 -1.0197606555846208E+000                  7.0230077825515709E+000                 -5.5918795426834256E-001                  1.4263804781376679E+001                  3.5412853080989156E-005                  4.1390191934783083E-001                  5.8606266779908811E-001                  1.5807765470371387E-200                  2.3624069954486409E-101                  1.2300990977207895E-055 
                                     668                  2.2318510917466067E-001                 -1.0231433757979622E+000                  7.0275186481230012E+000                 -5.4027751462686868E-001                  1.4286313590267795E+001                  3.5412840610543541E-005                  4.1390210987312248E-001                  5.8606247728626704E-001                  1.7302130519345598E-200                  3.0436994643221243E-101                  2.3969482387071190E-055 
                                     669                  2.2318116534989305E-001                 -1.0264577510486304E+000                  7.0308325101068885E+000                 -5.2626896379809551E-001                  1.4302952008537421E+001                  3.5412831257709455E-005                  4.1390225276709075E-001                  5.8606233440165156E-001                  1.8492061530799424E-200                  3.6657220330151688E-101                  3.9098289976623513E-055 
                                     670                  2.2317919343750922E-001                 -1.0280900145654039E+000                  7.0330151649999175E+000                 -5.1710565160907962E-001                  1.4313861070225686E+001                  3.5412825022486369E-005                  4.1390234802973863E-001                  5.8606223914523881E-001                  1.9316318832614789E-200                  4.1418270944621538E-101                  5.3917049650037332E-055 
                                     671                  2.2317722152512540E-001                 -1.0297062317777705E+000                  7.0362500564890267E+000                 -5.0361178172537580E-001                  1.4329960918484035E+001                  3.5412815669652080E-005                  4.1390249092370790E-001                  5.8606209626062244E-001                  2.0600281414523842E-200                  4.9609591219206471E-101                  8.6699555183939249E-055 
                                     672                  2.2317327770035778E-001                 -1.0328921346011548E+000                  7.0404777111210954E+000                 -4.8582322194347038E-001                  1.4351136749564152E+001                  3.5412797019920791E-005                  4.1390277585703256E-001                  5.8606181134594748E-001                  2.2412626301684636E-200                  6.2791313608207261E-101                  1.6115075947802102E-054 
                                     673                  2.2316933387559013E-001                 -1.0360175756392878E+000                  7.0435866487091694E+000                 -4.7263449642154731E-001                  1.4366804034063897E+001                  3.5412796937833500E-005                  4.1390277711117091E-001                  5.8606181009189129E-001                  0.0000000000000000E+000                  0.0000000000000000E+000                  2.5405244299837474E-054 
                                     674                  2.2316736196320630E-001                 -1.0375582046778686E+000                  7.0456355562423880E+000                 -4.6399690848011138E-001                  1.4377086556176382E+001                  3.5412796878259762E-005                  4.1390277802134567E-001                  5.8606180918177608E-001                  0.0000000000000000E+000                  0.0000000000000000E+000                  3.4266362703019479E-054 
                                     675                  2.2316539005082248E-001                 -1.0390845789395238E+000                  7.0486739881765503E+000                 -4.5126247980323059E-001                  1.4392276093638479E+001                  3.5412796781625710E-005                  4.1390277949773235E-001                  5.8606180770548599E-001                  0.0000000000000000E+000                  0.0000000000000000E+000                  5.3343390228750329E-054 
                                     676                  2.2316144622605488E-001                 -1.0420959018524771E+000                  7.0526484338856914E+000                 -4.3446253006818730E-001                  1.4412270688868643E+001                  3.5412796698845444E-005                  4.1390278076245923E-001                  5.8606180644084194E-001                  0.0000000000000000E+000                  0.0000000000000000E+000                  9.5100943761064753E-054 
                                     677                  2.2315750240128726E-001                 -1.0450533064803058E+000                  7.0565442030223480E+000                 -4.1796636331998099E-001                  1.4431900836867539E+001                  3.5412796657281409E-005                  4.1390278139747960E-001                  5.8606180580586309E-001                  0.0000000000000000E+000                  0.0000000000000000E+000                  1.6738175954569281E-053 
                                     678                  2.2315355857651961E-001                 -1.0479587275597630E+000                  7.0594121753623407E+000                 -4.0572353544432554E-001                  1.4446439719177079E+001                  3.5412796621461490E-005                  4.1390278194474112E-001                  5.8606180525863749E-001                  0.0000000000000000E+000                  0.0000000000000000E+000                  2.5364949122930415E-053 
                                     679                  2.2315158666413579E-001                 -1.0493924015831118E+000                  7.0613035112664821E+000                 -3.9769398670591072E-001                  1.4455992641412621E+001                  3.5412796595426340E-005                  4.1390278234250877E-001                  5.8606180486089587E-001                  0.0000000000000000E+000                  0.0000000000000000E+000                  3.3342669710369818E-053 
                                     680                  2.2314961475175196E-001                 -1.0508137594771310E+000                  7.0641100520382079E+000                 -3.8583990238140192E-001                  1.4470119922980198E+001                  3.5412796553141263E-005                  4.1390278298854644E-001                  5.8606180421490039E-001                  0.0000000000000000E+000                  0.0000000000000000E+000                  4.9983684449608632E-053 
                                     681                  2.2314567092698434E-001                 -1.0536205925515922E+000                  7.0677846750267559E+000                 -3.7018741976019737E-001                  1.4488733610443772E+001                  3.5412796497838353E-005                  4.1390278383347029E-001                  5.8606180337003189E-001                  0.0000000000000000E+000                  0.0000000000000000E+000                  8.4877337833786899E-053 
                                     682                  2.2314172710221675E-001                 -1.0563806278112533E+000                  7.0713900939243644E+000                 -3.5479558353745982E-001                  1.4507031880014699E+001                  3.5412792032656622E-005                  4.1390285205305932E-001                  5.8606173515490800E-001                  0.0000000000000000E+000                  0.0000000000000000E+000                  1.4253669477058414E-052 
                                     683                  2.2313778327744910E-001                 -1.0590954115328808E+000                  7.0749283670727285E+000                 -3.3965499227659923E-001                  1.4525025420946720E+001                  3.5412789037434307E-005                  4.1390289781442813E-001                  5.8606168939653447E-001                  0.0000000000000000E+000                  0.0000000000000000E+000                  2.3680757286847323E-052 
                                     684                  2.2313383945268148E-001                 -1.0617664092754524E+000                  7.0792092439500536E+000                 -3.2533171309746967E-001                  1.4546856801488588E+001                  3.3423995852389316E-005                  4.4309822647566760E-001                  5.5686834952848008E-001                  0.0000000000000000E+000                  0.0000000000000000E+000                  5.2620593658278851E-052 
                                     685                  2.2312800723725582E-001                 -1.0656759884860862E+000                  7.0829221967836977E+000                 -3.0909461139671807E-001                  1.4566172324952714E+001                  3.3341550734652799E-005                  4.4413489008408980E-001                  5.5583176836517556E-001                  0.0000000000000000E+000                  0.0000000000000000E+000                  9.0156527822021720E-052 
                                     686                  2.2312509112954301E-001                 -1.0675973956649114E+000                  7.0853614872366251E+000                 -2.9849924480439016E-001                  1.4578806325582450E+001                  3.3286587322828344E-005                  4.4482599915637161E-001                  5.5514071425630562E-001                  0.0000000000000000E+000                  0.0000000000000000E+000                  1.2828701615123709E-051 
                                     687                  2.2312217502183013E-001                 -1.0694974072153294E+000                  7.0889674961478200E+000                 -2.8293315806273678E-001                  1.4597409625343053E+001                  3.3203965391440617E-005                  4.4587470406667062E-001                  5.5409209196793796E-001                  0.0000000000000000E+000                  0.0000000000000000E+000                  2.1579869631518066E-051 
                                     688                  2.2311634280640449E-001                 -1.0732356594041423E+000                  7.0936580633110315E+000                 -2.6242516100037117E-001                  1.4621839964747132E+001                  3.3094392195094433E-005                  4.4723283960747917E-001                  5.5273406600032571E-001                  0.0000000000000000E+000                  0.0000000000000000E+000                  4.2414572647967351E-051 
                                     689                  2.2311051059097883E-001                 -1.0768937599666826E+000                  7.0970912731568623E+000                 -2.4723069518363405E-001                  1.4639886726176380E+001                  3.3012570903369591E-005                  4.4822717588656646E-001                  5.5173981154253016E-001                  0.0000000000000000E+000                  0.0000000000000000E+000                  6.9516190990120751E-051 
                                     690                  2.2310759448326600E-001                 -1.0786935705574829E+000                  7.0993481650571058E+000                 -2.3729868282210348E-001                  1.4651705882297462E+001                  3.2958127976034858E-005                  4.4888252659874356E-001                  5.5108451527328040E-001                  0.0000000000000000E+000                  0.0000000000000000E+000                  9.6106691870983884E-051 
                                     691                  2.2310467837555320E-001                 -1.0804745794093924E+000                  7.1026865480653329E+000                 -2.2268194997835802E-001                  1.4669130311827978E+001                  3.2876620485755327E-005                  4.4985424245618855E-001                  5.5011288092332578E-001                  0.0000000000000000E+000                  0.0000000000000000E+000                  1.5498286637098566E-050 
                                     692                  2.2309884616012754E-001                 -1.0839821328778212E+000                  7.1059503823611401E+000                 -2.0810276122923718E-001                  1.4686421313699812E+001                  3.2795249530643178E-005                  4.5081645836974732E-001                  5.4915074638072203E-001                  0.0000000000000000E+000                  0.0000000000000000E+000                  2.4736407567312114E-050 
                                     693                  2.2309593005241468E-001                 -1.0857089834945930E+000                  7.1080967059226916E+000                 -1.9856317305475846E-001                  1.4697754058611789E+001                  3.2741164623440196E-005                  4.5144563145451927E-001                  5.4852162738085730E-001                  0.0000000000000000E+000                  0.0000000000000000E+000                  3.3613255955208554E-050 
                                     694                  2.2309301394470185E-001                 -1.0874184860847338E+000                  7.1112726730997373E+000                 -1.8451035005851896E-001                  1.4714473362246775E+001                  3.2660280856943383E-005                  4.5237093479527607E-001                  5.4759640492386696E-001                  0.0000000000000000E+000                  0.0000000000000000E+000                  5.2852613882040228E-050 
                                     695                  2.2308718172927619E-001                 -1.0907871439259098E+000                  7.1154095401163246E+000                 -1.6597080215537272E-001                  1.4736464386486809E+001                  3.2552635824652961E-005                  4.5359015349848769E-001                  5.4637729386568767E-001                  0.0000000000000000E+000                  0.0000000000000000E+000                  9.5271132921235104E-050 
                                     696                  2.2308134951385056E-001                 -1.0940902719745442E+000                  7.1184414080323206E+000                 -1.5221331247027176E-001                  1.4752734784116569E+001                  3.2472193132184829E-005                  4.5448129920043601E-001                  5.4548622860643181E-001                  0.0000000000000000E+000                  0.0000000000000000E+000                  1.4668255778200541E-049 
                                     697                  2.2307843340613773E-001                 -1.0957178473602516E+000                  7.1204361808953349E+000                 -1.4320008463444153E-001                  1.4763409429977127E+001                  3.2418699664974165E-005                  4.5506460522760778E-001                  5.4490297607272731E-001                  0.0000000000000000E+000                  0.0000000000000000E+000                  1.9470986467568197E-049 
                                     698                  2.2307551729842490E-001                 -1.0973299304279631E+000                  7.1233893354565510E+000                 -1.2990818195896439E-001                  1.4779173028300301E+001                  3.2338563077523065E-005                  4.5593239162035382E-001                  5.4403526981656869E-001                  0.0000000000000000E+000                  0.0000000000000000E+000                  2.9586587965902460E-049 
                                     699                  2.2306968508299921E-001                 -1.1005090423601238E+000                  7.1272386443496734E+000                 -1.1235819839469800E-001                  1.4799923346578904E+001                  3.2231976391327778E-005                  4.5706478898715119E-001                  5.4290297903645746E-001                  0.0000000000000000E+000                  0.0000000000000000E+000                  5.1032325319696871E-049 
                                     700                  2.2306385286757358E-001                 -1.1036294071606969E+000                  7.1309984407937632E+000                 -9.5112379833022578E-002                  1.4820290834796566E+001                  3.2125686339993622E-005                  4.5817014431441427E-001                  5.4179772999924580E-001                  0.0000000000000000E+000                  0.0000000000000000E+000                  8.6834917079927585E-049 
                                     701                  2.2305802065214791E-001                 -1.1066930338322736E+000                  7.1346716457725972E+000                 -7.8156757919130487E-002                  1.4840289408501331E+001                  3.2020060262987961E-005                  4.5923180221329929E-001                  5.4073617772643767E-001                  0.0000000000000000E+000                  0.0000000000000000E+000                  1.4581963898848941E-048 
                                     702                  2.2305218843672228E-001                 -1.1097018046188292E+000                  7.1382609986658920E+000                 -6.1488947432374597E-002                  1.4859932209476705E+001                  3.1913325351733819E-005                  4.6031182857791958E-001                  5.3965625809672868E-001                  0.0000000000000000E+000                  0.0000000000000000E+000                  2.4186442184485141E-048 
                                     703                  2.2304635622129659E-001                 -1.1126575590825090E+000                  7.1417691300310011E+000                 -4.5085461912478142E-002                  1.4879231672651400E+001                  3.1808662057713303E-005                  4.6131592175430663E-001                  5.3865226958363566E-001                  0.0000000000000000E+000                  0.0000000000000000E+000                  3.9620069733234251E-048 
                                     704                  2.2304052400587093E-001                 -1.1155619518684066E+000                  7.1451985891665801E+000                 -2.8940772060644809E-002                  1.4898199561045722E+001                  3.1705290895450356E-005                  4.6227404522797555E-001                  5.3769424948112898E-001                  0.0000000000000000E+000                  0.0000000000000000E+000                  6.4136948916267671E-048 
                                     705                  2.2303469179044527E-001                 -1.1184165793163698E+000                  7.1485517920893109E+000                 -1.3043102890695914E-002                  1.4916847018395707E+001                  3.1603567650537837E-005                  4.6316758930784330E-001                  5.3680080712450617E-001                  0.0000000000000000E+000                  0.0000000000000000E+000                  1.0263130193488161E-047 
                                     706                  2.2302885957501964E-001                 -1.1212229399928730E+000                  7.1518310380203269E+000                  2.6136389949445223E-003                  1.4935184609471397E+001                  3.1502977173472480E-005                  4.6401519602524993E-001                  5.3595330099757654E-001                  0.0000000000000000E+000                  0.0000000000000000E+000                  1.6242163008810859E-047 
                                     707                  2.2302302735959395E-001                 -1.1239824743913027E+000                  7.1550384895587600E+000                  1.8036121032294804E-002                  1.4953222362600240E+001                  3.1403382839132843E-005                  4.6482840311323792E-001                  5.3514019350392295E-001                  0.0000000000000000E+000                  0.0000000000000000E+000                  2.5432341237266820E-047 
                                     708                  2.2301719514416829E-001                 -1.1266965627290342E+000                  7.1581761865821143E+000                  3.3232225211910521E-002                  1.4970969807338538E+001                  3.1304784647518946E-005                  4.6560721057180743E-001                  5.3436148464354505E-001                  0.0000000000000000E+000                  0.0000000000000000E+000                  3.9414409269191812E-047 
                                     709                  2.2301136292874266E-001                 -1.1293665189896795E+000                  7.1612460684173413E+000                  4.8211174938768211E-002                  1.4988436007298251E+001                  3.1207431037539260E-005                  4.6633920627063558E-001                  5.3362958629832691E-001                  0.0000000000000000E+000                  0.0000000000000000E+000                  6.0472642403202639E-047 
                                     710                  2.2300553071331700E-001                 -1.1319935846410303E+000                  7.1639505342058625E+000                  6.1533278656583278E-002                  1.5003940539978643E+001                  3.1120345611535058E-005                  4.6697866682266809E-001                  5.3299021283172032E-001                  0.0000000000000000E+000                  0.0000000000000000E+000                  8.8156099837318885E-047 
                                     711                  2.2300086494097646E-001                 -1.1340651037334468E+000                  7.1663124646294474E+000                  7.3214526443774908E-002                  1.5017525050206324E+001                  3.1043771616027326E-005                  4.6751581857143398E-001                  5.3245313765695002E-001                  0.0000000000000000E+000                  0.0000000000000000E+000                  1.2246202456755607E-046 
                                     712                  2.2299619916863592E-001                 -1.1361105270340965E+000                  7.1697900762056728E+000                  9.0378789141419835E-002                  1.5037500982200140E+001                  3.0930067153298896E-005                  4.6827826639806375E-001                  5.3169080353478293E-001                  0.0000000000000000E+000                  0.0000000000000000E+000                  1.9843265623427669E-046 
                                     713                  2.2298686762395489E-001                 -1.1401259368100909E+000                  7.1737138209482127E+000                  1.1024274688647906E-001                  1.5060490482434476E+001                  3.0799114688915294E-005                  4.6910898611850027E-001                  5.3086021476681089E-001                  0.0000000000000000E+000                  0.0000000000000000E+000                  3.4233020813182028E-046 
                                     714                  2.2297988672773572E-001                 -1.1430653610317663E+000                  7.1769853828493630E+000                  1.2689557070753757E-001                  1.5079747443583647E+001                  3.0688200683570715E-005                  4.6977562418403612E-001                  5.3019368761528030E-001                  0.0000000000000000E+000                  0.0000000000000000E+000                  5.3894265217461005E-046 
                                     715                  2.2297290583151658E-001                 -1.1459517068723768E+000                  7.1801746961213890E+000                  1.4329083089810704E-001                  1.5098672182967837E+001                  3.0578086873303376E-005                  4.7041196582525646E-001                  5.2955745608787019E-001                  0.0000000000000000E+000                  0.0000000000000000E+000                  8.3859684978691831E-046 
                                     716                  2.2296592493529740E-001                 -1.1487865902978360E+000                  7.1832840365546407E+000                  1.5943802695027379E-001                  1.5117275608423324E+001                  3.0468844309524547E-005                  4.7101489642787492E-001                  5.2895463472781556E-001                  0.0000000000000000E+000                  0.0000000000000000E+000                  1.2901271146771929E-045 
                                     717                  2.2295894403907826E-001                 -1.1515715441745529E+000                  7.1859300779779938E+000                  1.7336199606386016E-001                  1.5133277092403837E+001                  3.0374151185732540E-005                  4.7151772367163614E-001                  5.2845190217717808E-001                  0.0000000000000000E+000                  0.0000000000000000E+000                  1.8615249332731587E-045 
                                     718                  2.2295374412671148E-001                 -1.1536143335454152E+000                  7.1881460842844005E+000                  1.8507960438040813E-001                  1.5146734119505835E+001                  3.0293577176674337E-005                  4.7193548774789151E-001                  5.2803421867493183E-001                  0.0000000000000000E+000                  0.0000000000000000E+000                  2.5299564429337245E-045 
                                     719                  2.2294854421434468E-001                 -1.1556308184944972E+000                  7.1914038956231217E+000                  2.0230488918272985E-001                  1.5166524417470649E+001                  3.0173447499819241E-005                  4.7253262600215717E-001                  5.2743720055034293E-001                  0.0000000000000000E+000                  0.0000000000000000E+000                  3.9681595349297675E-045 
                                     720                  2.2293814438961113E-001                 -1.1595876694480904E+000                  7.1945490117010271E+000                  2.1948890468101021E-001                  1.5186138056457271E+001                  3.0054098536893533E-005                  4.7310006425797085E-001                  5.2686988164349224E-001                  0.0000000000000000E+000                  0.0000000000000000E+000                  6.1375380224555187E-045 
                                     721                  2.2293294447724432E-001                 -1.1615285218160318E+000                  7.1966042432392596E+000                  2.3071806067094638E-001                  1.5198962027320235E+001                  2.9974587252328005E-005                  4.7347454966476760E-001                  5.2649547574798006E-001                  0.0000000000000000E+000                  0.0000000000000000E+000                  8.1575361635845778E-045 
                                     722                  2.2292774456487754E-001                 -1.1634452023212589E+000                  7.1996259912671370E+000                  2.4723996866868242E-001                  1.5217837687647211E+001                  2.9855402361557082E-005                  4.7403056762934398E-001                  5.2593957696829441E-001                  0.0000000000000000E+000                  0.0000000000000000E+000                  1.2386921032917491E-044 
                                     723                  2.2291734474014399E-001                 -1.1672085013284397E+000                  7.2035101721920052E+000                  2.6902794719645051E-001                  1.5242613249210368E+001                  2.9697263273278484E-005                  4.7473991769366680E-001                  5.2523038504305997E-001                  0.0000000000000000E+000                  0.0000000000000000E+000                  2.1217938077122750E-044 
                                     724                  2.2290694491541044E-001                 -1.1708807720181840E+000                  7.2063184919236472E+000                  2.8518119255315211E-001                  1.5260904647323892E+001                  2.9578250537483907E-005                  4.7528342543626578E-001                  5.2468699631319671E-001                  0.0000000000000000E+000                  0.0000000000000000E+000                  3.1348594303726624E-044 
                                     725                  2.2290174500304363E-001                 -1.1726836778675946E+000                  7.2081536962983002E+000                  2.9575207802382864E-001                  1.5272878743210875E+001                  2.9498797749145207E-005                  4.7564737328783535E-001                  5.2432312791441549E-001                  0.0000000000000000E+000                  0.0000000000000000E+000                  4.0446205526317002E-044 
                                     726                  2.2289654509067683E-001                 -1.1744651490199449E+000                  7.2108519957774737E+000                  3.1132775748513120E-001                  1.5290523839505395E+001                  2.9379768001036299E-005                  4.7618616421587473E-001                  5.2378445601612422E-001                  0.0000000000000000E+000                  0.0000000000000000E+000                  5.8804912218035629E-044 
                                     727                  2.2288614526594328E-001                 -1.1779657970576152E+000                  7.2143190860625213E+000                  3.3187471355972231E-001                  1.5313703706441833E+001                  2.9220064215420194E-005                  4.7693556372190976E-001                  5.2303521621387483E-001                  0.0000000000000000E+000                  0.0000000000000000E+000                  9.5294601062065774E-044 
                                     728                  2.2287574544120972E-001                 -1.1813854531501049E+000                  7.2176565549633667E+000                  3.5203974537003885E-001                  1.5336393809509579E+001                  2.9059412786466227E-005                  4.7771359788015577E-001                  5.2225734270705781E-001                  0.0000000000000000E+000                  0.0000000000000000E+000                  1.5183392426457682E-043 
                                     729                  2.2286534561647617E-001                 -1.1847270942329413E+000                  7.2208687338098105E+000                  3.7183327535802146E-001                  1.5358613095624724E+001                  2.8896890698734626E-005                  4.7855359179897294E-001                  5.2141751131032832E-001                  0.0000000000000000E+000                  0.0000000000000000E+000                  2.3805922848986270E-043 
                                     730                  2.2285494579174259E-001                 -1.1879935657030616E+000                  7.2239597496720798E+000                  3.9127236323693387E-001                  1.5380379406798820E+001                  2.8733073145594546E-005                  4.7943470483789297E-001                  5.2053656208896149E-001                  0.0000000000000000E+000                  0.0000000000000000E+000                  3.6748394700439032E-043 
                                     731                  2.2284454596700903E-001                 -1.1911875358182189E+000                  7.2261920873735868E+000                  4.0569791703463448E-001                  1.5396474431304062E+001                  2.8608593193811509E-005                  4.8015079917892178E-001                  5.1982059222788446E-001                  0.0000000000000000E+000                  0.0000000000000000E+000                  5.0370376473251870E-043 
                                     732                  2.2283934605464223E-001                 -1.1927580021579571E+000                  7.2276504669617534E+000                  4.1515627209165146E-001                  1.5407031905408560E+001                  2.8524571544206775E-005                  4.8066314972193547E-001                  5.1930832570652030E-001                  0.0000000000000000E+000                  0.0000000000000000E+000                  6.1903944689622278E-043 
                                     733                  2.2283414614227545E-001                 -1.1943113044268865E+000                  7.2297940057534573E+000                  4.2912155734517266E-001                  1.5422619151156383E+001                  2.8397948182253080E-005                  4.8144444018087285E-001                  5.1852716187094483E-001                  0.0000000000000000E+000                  0.0000000000000000E+000                  8.3826271385066932E-043 
                                     734                  2.2282374631754190E-001                 -1.1973678400401124E+000                  7.2325442974789960E+000                  4.4755264942446010E-001                  1.5443123739215745E+001                  2.8226429090264578E-005                  4.8260090639854158E-001                  5.1737086717236813E-001                  0.0000000000000000E+000                  0.0000000000000000E+000                  1.2402148426183091E-042 
                                     735                  2.2281334649280835E-001                 -1.2003592130543947E+000                  7.2351879302840141E+000                  4.6566720745937912E-001                  1.5463237289025781E+001                  2.8052025093043662E-005                  4.8387637310343540E-001                  5.1609557487147151E-001                  0.0000000000000000E+000                  0.0000000000000000E+000                  1.8112534761992331E-042 
                                     736                  2.2280294666807479E-001                 -1.2032876511767250E+000                  7.2377281056944689E+000                  4.8348000434078864E-001                  1.5482973277414898E+001                  2.7875761105746360E-005                  4.8524088537942511E-001                  5.1473123885946914E-001                  0.0000000000000000E+000                  0.0000000000000000E+000                  2.6119085628913630E-042 
                                     737                  2.2279254684334124E-001                 -1.2061552448075332E+000                  7.2401678830715666E+000                  5.0099763747655446E-001                  1.5502344487567877E+001                  2.7697049780649874E-005                  4.8671862720079229E-001                  5.1325367574942704E-001                  0.0000000000000000E+000                  0.0000000000000000E+000                  3.7212069718195639E-042 
                                     738                  2.2278214701860766E-001                 -1.2089640058598401E+000                  7.2425102072156697E+000                  5.1823894769241818E-001                  1.5521363060702503E+001                  2.7517215593489388E-005                  4.8824281758654015E-001                  5.1172966519786645E-001                  0.0000000000000000E+000                  0.0000000000000000E+000                  5.2381851606062476E-042 
                                     739                  2.2277174719387410E-001                 -1.2117157913574814E+000                  7.2458773900160232E+000                  5.4337546396122993E-001                  1.5549086432606098E+001                  2.7244556350753094E-005                  4.9065539078442161E-001                  5.0931736465922761E-001                  0.0000000000000000E+000                  0.0000000000000000E+000                  8.5813970456921025E-042 
                                     740                  2.2275094754440700E-001                 -1.2170568735949345E+000                  7.2489811901845318E+000                  5.6838747871026185E-001                  1.5576416773483132E+001                  2.6970299134205651E-005                  4.9312758608544827E-001                  5.0684544361541750E-001                  0.0000000000000000E+000                  0.0000000000000000E+000                  1.3650359691984411E-041 
                                     741                  2.2274054771967344E-001                 -1.2196480951311075E+000                  7.2504673023612076E+000                  5.8063241134705679E-001                  1.5589772610783111E+001                  2.6833037647797456E-005                  4.9436088201087258E-001                  5.0561228495147970E-001                  0.0000000000000000E+000                  0.0000000000000000E+000                  1.7068627315699305E-041 
                                     742                  2.2273534780730664E-001                 -1.2209246387368293E+000                  7.2514363043503627E+000                  5.8868851360807317E-001                  1.5598555076407411E+001                  2.6741459121853593E-005                  4.9518158504110771E-001                  5.0479167349977039E-001                  0.0000000000000000E+000                  0.0000000000000000E+000                  1.9752472716577105E-041 
                                     743                  2.2273014789493983E-001                 -1.2221887653804036E+000                  7.2528576608887736E+000                  6.0061697861404506E-001                  1.5611552442804038E+001                  2.6603940081993837E-005                  4.9641634516550165E-001                  5.0355705089441638E-001                  0.0000000000000000E+000                  0.0000000000000000E+000                  2.4484316119431424E-041 
                                     744                  2.2271974807020628E-001                 -1.2246806165549144E+000                  7.2546718351271977E+000                  6.1639679722435148E-001                  1.5628678894041160E+001                  2.6420766624471300E-005                  4.9804361592767576E-001                  5.0192996330569972E-001                  0.0000000000000000E+000                  0.0000000000000000E+000                  3.2289916111362115E-041 
                                     745                  2.2270934824547273E-001                 -1.2271248723032080E+000                  7.2572706742933759E+000                  6.3949091927926449E-001                  1.5653705777285895E+001                  2.6146186231933022E-005                  5.0046073661303714E-001                  4.9951311720073088E-001                  0.0000000000000000E+000                  0.0000000000000000E+000                  4.8106169231526002E-041 
                                     746                  2.2268854859600559E-001                 -1.2318767180334238E+000                  7.2596438165586799E+000                  6.6252840166658089E-001                  1.5678395537628319E+001                  2.5876595438990510E-005                  5.0257724119495262E-001                  4.9739688220960843E-001                  0.0000000000000000E+000                  0.0000000000000000E+000                  6.9786653120778525E-041 
                                     747                  2.2267814877127204E-001                 -1.2341855952219840E+000                  7.2607745159908426E+000                  6.7384855579572522E-001                  1.5690483626488872E+001                  2.5743588376611220E-005                  5.0350868966702655E-001                  4.9646556674459685E-001                  0.0000000000000000E+000                  0.0000000000000000E+000                  8.3400965458427096E-041 
                                     748                  2.2267294885890523E-001                 -1.2353238115407739E+000                  7.2615098771341389E+000                  6.8129915271543928E-001                  1.5698441446232831E+001                  2.5654817836490718E-005                  5.0418345103576767E-001                  4.9579089414639588E-001                  0.0000000000000000E+000                  0.0000000000000000E+000                  9.3721239014574521E-041 
                                     749                  2.2266774894653846E-001                 -1.2364514581700015E+000                  7.2625855442126150E+000                  6.9231055441633094E-001                  1.5710231200528700E+001                  2.5520013983400382E-005                  5.0545712646393637E-001                  4.9451735352208026E-001                  0.0000000000000000E+000                  0.0000000000000000E+000                  1.1139873674405193E-040 
                                     750                  2.2265734912180490E-001                 -1.2386758769015349E+000                  7.2639498370847804E+000                  7.0697020448713555E-001                  1.5725778061684661E+001                  2.5345322745574033E-005                  5.0652566319442405E-001                  4.9344899148283039E-001                  0.0000000000000000E+000                  0.0000000000000000E+000                  1.3867177343949175E-040 
                                     751                  2.2264694929707135E-001                 -1.2408594565934750E+000                  7.2658918322952513E+000                  7.2857389641759596E-001                  1.5748542954266254E+001                  2.5089283069266720E-005                  5.0740510911408943E-001                  4.9256980160284136E-001                  0.0000000000000000E+000                  0.0000000000000000E+000                  1.8927420031136234E-040 
                                     752                  2.2262614964760424E-001                 -1.2451079206459525E+000                  7.2676370304669495E+000                  7.5002053737821994E-001                  1.5771012936567578E+001                  2.4839066869138259E-005                  5.0870872935272926E-001                  4.9126643158040162E-001                  0.0000000000000000E+000                  0.0000000000000000E+000                  2.5341391825769157E-040 
                                     753                  2.2261574982287063E-001                 -1.2471744409918082E+000                  7.2687354161320181E+000                  7.6410315457481182E-001                  1.5785642633536165E+001                  2.4676419905080283E-005                  5.0890885816988685E-001                  4.9106646541020804E-001                  0.0000000000000000E+000                  0.0000000000000000E+000                  3.0418547188858414E-040 
                                     754                  2.2260534999813708E-001                 -1.2492035277247722E+000                  7.2697708331716511E+000                  7.7800952786664668E-001                  1.5800057470017652E+001                  2.4517567729420600E-005                  5.0920905139562467E-001                  4.9076643103664597E-001                  0.0000000000000000E+000                  0.0000000000000000E+000                  3.6260188276545066E-040 
                                     755                  2.2259495017340353E-001                 -1.2511961589958900E+000                  7.2707444406680359E+000                  7.9179911489676869E-001                  1.5814262771700822E+001                  2.4359822696648821E-005                  5.0920905139562445E-001                  4.9076658878167889E-001                  0.0000000000000000E+000                  0.0000000000000000E+000                  4.2841233856515279E-040 
                                     756                  2.2258455034866997E-001                 -1.2531530278759260E+000                  7.2721132546173806E+000                  8.1219151313849436E-001                  1.5835098378880659E+001                  2.4126763256022010E-005                  5.0836036030428911E-001                  4.9161551293245487E-001                  0.0000000000000000E+000                  0.0000000000000000E+000                  5.4139455192631628E-040 
                                     757                  2.2256375069920287E-001                 -1.2569622761301329E+000                  7.2733065721984707E+000                  8.3256566493572781E-001                  1.5855671456725547E+001                  2.3895434207987979E-005                  5.0698960695355622E-001                  4.9298649761223579E-001                  0.0000000000000000E+000                  0.0000000000000000E+000                  6.6949005339382637E-040 
                                     758                  2.2255335087446929E-001                 -1.2588155451638379E+000                  7.2740443411350810E+000                  8.4593225349009993E-001                  1.5869087655737180E+001                  2.3742459455024130E-005                  5.0576448095820403E-001                  4.9421177658234094E-001                  0.0000000000000000E+000                  0.0000000000000000E+000                  7.6442439303833272E-040 
                                     759                  2.2254295104973573E-001                 -1.2606355894517216E+000                  7.2748935688394427E+000                  8.6240030645780041E-001                  1.5885522735374828E+001                  2.3552809952696822E-005                  5.0394824710765018E-001                  4.9602820008239712E-001                  0.0000000000000000E+000                  0.0000000000000000E+000                  8.9279268331893270E-040 
                                     760                  2.2252741668139331E-001                 -1.2632938385813095E+000                  7.2757871649803594E+000                  8.8194398427613963E-001                  1.5904883276451086E+001                  2.3326788572353934E-005                  5.0153120788948613E-001                  4.9844546532194156E-001                  0.0000000000000000E+000                  0.0000000000000000E+000                  1.0588845908511901E-039 
                                     761                  2.2251188231305086E-001                 -1.2658815825891021E+000                  7.2765592658139013E+000                  9.0125616754428239E-001                  1.5923853574891153E+001                  2.3102394534462995E-005                  4.9875669380529597E-001                  5.0122020380016963E-001                  0.0000000000000000E+000                  0.0000000000000000E+000                  1.2359046761691723E-039 
                                     762                  2.2249634794470843E-001                 -1.2684008247138014E+000                  7.2772120950159822E+000                  9.2029244004775168E-001                  1.5942446199905234E+001                  2.2878228969862032E-005                  4.9603687793688300E-001                  5.0394024383414715E-001                  0.0000000000000000E+000                  0.0000000000000000E+000                  1.4231421511942087E-039 
                                     763                  2.2248081357636598E-001                 -1.2708537947310661E+000                  7.2777478299638867E+000                  9.3908653971244205E-001                  1.5960673140431018E+001                  2.2655007418872414E-005                  4.9315680807291840E-001                  5.0682053691966278E-001                  0.0000000000000000E+000                  0.0000000000000000E+000                  1.6152863980882137E-039 
                                     764                  2.2246527920802356E-001                 -1.2732424908730524E+000                  7.2781685256216120E+000                  9.5758409498229780E-001                  1.5978545819346062E+001                  2.2431266589370153E-005                  4.9056411997691168E-001                  5.0941344875649897E-001                  0.0000000000000000E+000                  0.0000000000000000E+000                  1.8120077470126179E-039 
                                     765                  2.2244974483968111E-001                 -1.2755691709425963E+000                  7.2784761395811968E+000                  9.7580994183661462E-001                  1.5996075184601127E+001                  2.2206963670937689E-005                  4.8815237542490053E-001                  5.1182541761142852E-001                  0.0000000000000000E+000                  0.0000000000000000E+000                  2.0084110744938107E-039 
                                     766                  2.2243421047133866E-001                 -1.2778359082187201E+000                  7.2786727940812765E+000                  9.9376676149912635E-001                  1.6013271720418714E+001                  2.1982962276595541E-005                  4.8596415162212231E-001                  5.1401386541560101E-001                  0.0000000000000000E+000                  0.0000000000000000E+000                  2.2006657050701189E-039 
                                     767                  2.2241867610299623E-001                 -1.2800447159220514E+000                  7.2787495478972293E+000                  1.0093316554681055E+000                  1.6028009700457481E+001                  2.1789974638057199E-005                  4.8350486626584027E-001                  5.1647334375952170E-001                  0.0000000000000000E+000                  0.0000000000000000E+000                  2.3507288103565291E-039 
                                     768                  2.2240714127165798E-001                 -1.2816480754170758E+000                  7.2787564082264309E+000                  1.0221366738106952E+000                  1.6040365027534488E+001                  2.1619990773612188E-005                  4.8350486626584038E-001                  5.1647351374338601E-001                  0.0000000000000000E+000                  0.0000000000000000E+000                  2.4984548589786456E-039 
                                     769                  2.2239560644031969E-001                 -1.2832220290707501E+000                  7.2786808037119455E+000                  1.0410295645428991E+000                  1.6058517997043111E+001                  2.1357407027354410E-005                  4.8350486626584016E-001                  5.1647377632713254E-001                  0.0000000000000000E+000                  0.0000000000000000E+000                  2.7093261844600665E-039 
                                     770                  2.2237253677764313E-001                 -1.2862845409641641E+000                  7.2783598265862519E+000                  1.0659132191743648E+000                  1.6082238947235496E+001                  2.1007190436273099E-005                  4.8366755090914820E-001                  5.1631144190041556E-001                  0.0000000000000000E+000                  0.0000000000000000E+000                  2.9488990121048282E-039 
                                     771                  2.2234946711496659E-001                 -1.2892372285559037E+000                  7.2778339834875103E+000                  1.0903429875200505E+000                  1.6105332634120117E+001                  2.0622218945207833E-005                  4.8383023555245630E-001                  5.1614914222859842E-001                  0.0000000000000000E+000                  0.0000000000000000E+000                  3.1353550293808248E-039 
                                     772                  2.2232639745229002E-001                 -1.2920848928146997E+000                  7.2771227712016699E+000                  1.1142105143445544E+000                  1.6127825672903704E+001                  2.0207942665935523E-005                  4.8478196771664395E-001                  5.1519782434069006E-001                  9.5002219970417520E-094                  0.0000000000000000E+000                  3.2772976180151634E-039 
                                     773                  2.2230332778961348E-001                 -1.2948328832784186E+000                  7.2762509075390485E+000                  1.1376461451855240E+000                  1.6149743231697009E+001                  1.9788901017994086E-005                  4.8562852098523829E-001                  5.1435169011374371E-001                  9.7480038152728800E-094                  0.0000000000000000E+000                  3.3597682843985680E-039 
                                     774                  2.2228025812693691E-001                 -1.2974855397157903E+000                  7.2752487468998410E+000                  1.1606171282499973E+000                  1.6171108992690549E+001                  1.9365094001383739E-005                  4.8654213709666039E-001                  5.1343849780933826E-001                  9.9468714571793744E-094                  0.0000000000000000E+000                  3.3917497917894702E-039 
                                     775                  2.2225718846426037E-001                 -1.3000472617239067E+000                  7.2744266229382486E+000                  1.1775909972082432E+000                  1.6186829209762653E+001                  1.9052343720022232E-005                  4.8722829532507012E-001                  5.1275265233120981E-001                  0.0000000000000000E+000                  0.0000000000000000E+000                  3.3867778969879950E-039 
                                     776                  2.2224565363292206E-001                 -1.3012953553912490E+000                  7.2738622106283213E+000                  1.1887231435288228E+000                  1.6197117575089166E+001                  1.8852852225219599E-005                  4.8765736183575142E-001                  5.1232378531202338E-001                  0.0000000000000000E+000                  0.0000000000000000E+000                  3.3741406985154026E-039 
                                     777                  2.2223411880158381E-001                 -1.3025223076015617E+000                  7.2729990123657409E+000                  1.2051388429724732E+000                  1.6212273720580814E+001                  1.8555506625626722E-005                  4.8833076158458477E-001                  5.1165068290878968E-001                  1.0232242319124826E-093                  0.0000000000000000E+000                  3.3455391414858499E-039 
                                     778                  2.2221104913890721E-001                 -1.3049148938830324E+000                  7.2718382390997869E+000                  1.2266710197061024E+000                  1.6232113599803142E+001                  1.8193279468272204E-005                  4.8900161925316077E-001                  5.1098018746737095E-001                  1.0342199236927697E-093                  0.0000000000000000E+000                  3.2941006052016915E-039 
                                     779                  2.2218797947623070E-001                 -1.3072290672422191E+000                  7.2707099294762036E+000                  1.2476620187485361E+000                  1.6251484377775380E+001                  1.7865916500557344E-005                  4.8968347449723443E-001                  5.1029865958626508E-001                  1.0452205776848500E-093                  0.0000000000000000E+000                  3.2462520001817164E-039 
                                     780                  2.2216490981355411E-001                 -1.3094690070721791E+000                  7.2696516994680449E+000                  1.2681718334867456E+000                  1.6270404244028857E+001                  1.7599849118970075E-005                  4.8984225367744860E-001                  5.1014014647343242E-001                  1.0566322757995932E-093                  0.0000000000000000E+000                  3.2049418577284033E-039 
                                     781                  2.2214184015087757E-001                 -1.3116384130113243E+000                  7.2686905275809472E+000                  1.2881020113045014E+000                  1.6288890504955290E+001                  1.7392099390511668E-005                  4.9008042244777006E-001                  5.0990218545283938E-001                  1.0705663437028817E-093                  0.0000000000000000E+000                  3.1892550333184823E-039 
                                     782                  2.2211877048820100E-001                 -1.3137413165728684E+000                  7.2678381589949463E+000                  1.3075070170039105E+000                  1.6306959721088120E+001                  1.7228147650689481E-005                  4.9008042244777000E-001                  5.0990234940457935E-001                  1.0870125054466032E-093                  0.0000000000000000E+000                  3.1974205886067219E-039 
                                     783                  2.2209570082552446E-001                 -1.3157813107249172E+000                  7.2670869512650844E+000                  1.3263811758375585E+000                  1.6324627703438544E+001                  1.7121606528781885E-005                  4.9006108253182989E-001                  5.0992179586164132E-001                  1.1062662660566565E-093                  0.0000000000000000E+000                  3.2313336962582411E-039 
                                     784                  2.2207263116284789E-001                 -1.3177618606117421E+000                  7.2664082874685922E+000                  1.3447703398928479E+000                  1.6341909560846059E+001                  1.7032545172168720E-005                  4.9004174261588973E-001                  5.0994122483893811E-001                  1.1274903038440067E-093                  0.0000000000000000E+000                  3.2830774483194155E-039 
                                     785                  2.2204956150017136E-001                 -1.3196860772327987E+000                  7.2654259151225071E+000                  1.3715003439630278E+000                  1.6367034112093975E+001                  1.6922259490975038E-005                  4.8988962010783305E-001                  5.1009345763267600E-001                  0.0000000000000000E+000                  0.0000000000000000E+000                  3.3588012733557328E-039 
                                     786                  2.2200342217481822E-001                 -1.3233755639541132E+000                  7.2642088055711422E+000                  1.3978634510437791E+000                  1.6391577516367196E+001                  1.6798503183101046E-005                  4.8979465893597712E-001                  5.1018854256083979E-001                  1.1805300741956307E-093                  0.0000000000000000E+000                  3.3478924192108920E-039 
                                     787                  2.2198035251214168E-001                 -1.3251447352604111E+000                  7.2632057287554543E+000                  1.4151290154417617E+000                  1.6407452005669061E+001                  1.6666567682900815E-005                  4.8979465893597696E-001                  5.1018867449634020E-001                  1.1862877500026536E-093                  0.0000000000000000E+000                  3.2703224059575242E-039 
                                     788                  2.2195728284946512E-001                 -1.3268655712457811E+000                  7.2612978203053862E+000                  1.4407233858938477E+000                  1.6430578074642050E+001                  1.6394517490173416E-005                  4.8996591880786761E-001                  5.1001768667464220E-001                  1.1774561603436611E-093                  0.0000000000000000E+000                  3.0244746228498747E-039 
                                     789                  2.2191114352411195E-001                 -1.3301669978296966E+000                  7.2582617000662299E+000                  1.4668491630956080E+000                  1.6453190657027807E+001                  1.5964623285519068E-005                  4.9107469489895145E-001                  5.0890934047776304E-001                  1.1259811392869722E-093                  0.0000000000000000E+000                  2.5028395551399658E-039 
                                     790                  2.2188807386143544E-001                 -1.3317477961362949E+000                  7.2558213541104468E+000                  1.4842569180287648E+000                  1.6467843858125637E+001                  1.5606629597343359E-005                  4.9192053564782784E-001                  5.0806385772257490E-001                  1.0768296289171134E-093                  0.0000000000000000E+000                  2.1114398182104264E-039 
                                     791                  2.2186500419875885E-001                 -1.3332829174780860E+000                  7.2515407115314510E+000                  1.5101092195701113E+000                  1.6489227295101916E+001                  1.4962542737470756E-005                  4.9512799906688254E-001                  5.0485703839037999E-001                  9.8790380002547542E-094                  0.0000000000000000E+000                  1.5466239116574777E-039 
                                     792                  2.2181886487340574E-001                 -1.3362207321133384E+000                  7.2445126728014237E+000                  1.5449988592797184E+000                  1.6516904191775474E+001                  1.4101070039917555E-005                  5.0011166078559566E-001                  4.9987423814436438E-001                  0.0000000000000000E+000                  0.0000000000000000E+000                  8.9029493680422328E-040 
                                     793                  2.2177272554805261E-001                 -1.3389856979662256E+000                  7.2373819967545492E+000                  1.5788660586532419E+000                  1.6543567979936547E+001                  1.3376965896767278E-005                  5.0569835676359831E-001                  4.9428826627050493E-001                  0.0000000000000000E+000                  0.0000000000000000E+000                  5.0408209693287928E-040 
                                     794                  2.2172658622269947E-001                 -1.3415911249205921E+000                  7.2333406877279094E+000                  1.6022885891689012E+000                  1.6562990401218386E+001                  1.3034829903460656E-005                  5.0971603599539883E-001                  4.9027092917469772E-001                  0.0000000000000000E+000                  0.0000000000000000E+000                  3.7382545587196257E-040 
                                     795                  2.2170351656002293E-001                 -1.3428420040460378E+000                  7.2313012356790152E+000                  1.6168373469281663E+000                  1.6575613574532575E+001                  1.2892777761996149E-005                  5.1258281035615183E-001                  4.8740429686608622E-001                  0.0000000000000000E+000                  0.0000000000000000E+000                  3.2715939881604648E-040 
                                     796                  2.2168044689734634E-001                 -1.3440620411183863E+000                  7.2293182892491341E+000                  1.6370172773969904E+000                  1.6594086232643509E+001                  1.2763501863577368E-005                  5.1698601899585173E-001                  4.8300121750228475E-001                  0.0000000000000000E+000                  0.0000000000000000E+000                  2.9854620346154106E-040 
                                     797                  2.2163430757199321E-001                 -1.3464202755892147E+000                  7.2291829639739786E+000                  1.6604810911068657E+000                  1.6618050805425398E+001                  1.2698966296421752E-005                  5.2336434075369453E-001                  4.7662296028000906E-001                  0.0000000000000000E+000                  0.0000000000000000E+000                  3.4182244977755363E-040 
                                     798                  2.2158816824664010E-001                 -1.3486904864094404E+000                  7.2300889248956191E+000                  1.6819049684348291E+000                  1.6641224462524985E+001                  1.2634430729266090E-005                  5.3049543119446119E-001                  4.6949193437480952E-001                  0.0000000000000000E+000                  0.0000000000000000E+000                  4.3545148455120710E-040 
                                     799                  2.2154202892128697E-001                 -1.3508850072076963E+000                  7.2308896719167981E+000                  1.7027696951077524E+000                  1.6663657199571471E+001                  1.2513276124530190E-005                  5.3704363329073901E-001                  4.6294385343313649E-001                  0.0000000000000000E+000                  0.0000000000000000E+000                  5.4490520674161923E-040 
                                     800                  2.2149588959593380E-001                 -1.3530080147329655E+000                  7.2310456533624548E+000                  1.7236471055772384E+000                  1.6685394312467192E+001                  1.2357920397893483E-005                  5.4331923331869558E-001                  4.5666840876090653E-001                  0.0000000000000000E+000                  0.0000000000000000E+000                  6.3482082139331836E-040 
                                     801                  2.2144975027058067E-001                 -1.3550607740247114E+000                  7.2304196610796820E+000                  1.7447082688990438E+000                  1.6706476490038352E+001                  1.2135310924218631E-005                  5.4941745612911530E-001                  4.5057040855996044E-001                  0.0000000000000000E+000                  0.0000000000000000E+000                  6.7940606983437949E-040 
                                     802                  2.2140361094522756E-001                 -1.3570438109477141E+000                  7.2291048197135668E+000                  1.7658527908100015E+000                  1.6726940304434674E+001                  1.1848469768991601E-005                  5.5557542577778640E-001                  4.4441272575244462E-001                  0.0000000000000000E+000                  0.0000000000000000E+000                  6.7523305429402659E-040 
                                     803                  2.2135747161987440E-001                 -1.3589582108565068E+000                  7.2274432655769711E+000                  1.7868613437051690E+000                  1.6746818856860124E+001                  1.1574980332985872E-005                  5.6108940938860263E-001                  4.3889901563106437E-001                  0.0000000000000000E+000                  0.0000000000000000E+000                  6.4347371713578031E-040 
                                     804                  2.2131133229452127E-001                 -1.3608060650906431E+000                  7.2243557399956595E+000                  1.8179591489523348E+000                  1.6775491027871631E+001                  1.1182548471272274E-005                  5.6850173675435456E-001                  4.3148708069717412E-001                  0.0000000000000000E+000                  0.0000000000000000E+000                  5.5712123484558693E-040 
                                     805                  2.2121905364381500E-001                 -1.3643105218874638E+000                  7.2218996727189992E+000                  1.8477145217989934E+000                  1.6803230395840078E+001                  1.0858855088467223E-005                  5.7407640624155198E-001                  4.2591273490335957E-001                  0.0000000000000000E+000                  0.0000000000000000E+000                  5.0789196839058737E-040 
                                     806                  2.2117291431846187E-001                 -1.3659762296024092E+000                  7.2205781123805455E+000                  1.8666506455998384E+000                  1.6821047723259571E+001                  1.0659661285922894E-005                  5.7700297758713182E-001                  4.2298636275158230E-001                  0.0000000000000000E+000                  0.0000000000000000E+000                  4.8990251672997593E-040 
                                     807                  2.2112677499310873E-001                 -1.3675890298638866E+000                  7.2198463950481635E+000                  1.8845589002382104E+000                  1.6838410321863922E+001                  1.0471408244036390E-005                  5.7954285806621375E-001                  4.2044667052554219E-001                  0.0000000000000000E+000                  0.0000000000000000E+000                  5.0032900478792115E-040 
                                     808                  2.2108063566775557E-001                 -1.3691537575042378E+000                  7.2200284368159720E+000                  1.9011011302325169E+000                  1.6855339602115745E+001                  1.0307718346159193E-005                  5.8181345040090660E-001                  4.1817624188074720E-001                  0.0000000000000000E+000                  0.0000000000000000E+000                  5.5990354448511650E-040 
                                     809                  2.2103449634240246E-001                 -1.3706761524061599E+000                  7.2202544588911666E+000                  1.9251551839999388E+000                  1.6879884503637957E+001                  1.0094934358022501E-005                  5.8486181109065816E-001                  4.1512809397498385E-001                  1.0037934273252239E-093                  0.0000000000000000E+000                  6.5581700660129343E-040 
                                     810                  2.2094221769169617E-001                 -1.3736014456446271E+000                  7.2221181365383673E+000                  1.9545070104260680E+000                  1.6911387963837836E+001                  9.8765664725886142E-006                  5.8782438272320170E-001                  4.1216574071032575E-001                  0.0000000000000000E+000                  0.0000000000000000E+000                  9.4167542918062651E-040 
                                     811                  2.2084993904098993E-001                 -1.3763900642654239E+000                  7.2243884481333023E+000                  1.9747060048067342E+000                  1.6934154811544737E+001                  9.7262656271583065E-006                  5.9014312392337287E-001                  4.0984714981100001E-001                  1.3276466971853416E-093                  0.0000000000000000E+000                  1.3462073466874473E-039 
                                     812                  2.2080379971563679E-001                 -1.3777401874226880E+000                  7.2255597965589624E+000                  1.9880374189170147E+000                  1.6948871449351167E+001                  9.6345814961519211E-006                  5.9184679506884452E-001                  4.0814357034965931E-001                  1.4350550105524238E-093                  0.0000000000000000E+000                  1.6460472489905237E-039 
                                     813                  2.2075766039028363E-001                 -1.3790616333353642E+000                  7.2273020020190923E+000                  2.0074739162187019E+000                  1.6970300299319955E+001                  9.5279990836334056E-006                  5.9390575068144125E-001                  4.0608472131947515E-001                  1.6081710638440789E-093                  4.7523960811034996E-095                  2.2098174180172552E-039 
                                     814                  2.2066538173957745E-001                 -1.3816229476331736E+000                  7.2248273880724980E+000                  2.0370898688765324E+000                  1.6997934107963044E+001                  9.3210672004010015E-006                  5.9901947014748735E-001                  4.0097120878531223E-001                  1.5912199181731539E-093                  0.0000000000000000E+000                  2.0071548408205857E-039 
                                     815                  2.2057310308887126E-001                 -1.3840570599264612E+000                  7.2249451787505770E+000                  2.0563428726524382E+000                  1.7017990209513826E+001                  9.1337340160616285E-006                  6.0420009648820949E-001                  3.9579076977777450E-001                  1.6884766560712578E-093                  4.7579433225371304E-095                  2.2940484027331137E-039 
                                     816                  2.2052696376351816E-001                 -1.3852359710386222E+000                  7.2254446505563825E+000                  2.0682400527077922E+000                  1.7030999975055945E+001                  8.9855218078540258E-006                  6.0847213930028654E-001                  3.9151887517790562E-001                  1.7821711493010031E-093                  4.9407706730961891E-095                  2.6229324138070157E-039 
                                     817                  2.2048082443816511E-001                 -1.3863923143920251E+000                  7.2238437268298528E+000                  2.0878331075819512E+000                  1.7050005041749294E+001                  8.7282183675706164E-006                  6.1610764139579710E-001                  3.8388363038583528E-001                  1.7843192700742091E-093                  4.7707689944153696E-095                  2.5224402548941735E-039 
                                     818                  2.2038854578745887E-001                 -1.3886290269071337E+000                  7.2246062883837787E+000                  2.1112587875412623E+000                  1.7074594698219848E+001                  8.5504296445948711E-006                  6.1930721365635866E-001                  3.8068423591399669E-001                  1.9517367692676212E-093                  5.1652478823017382E-095                  3.1248046809316290E-039 
                                     819                  2.2029626713675271E-001                 -1.3907806555744093E+000                  7.2284454011557120E+000                  2.1311260583539586E+000                  1.7098310000659804E+001                  8.5069501361669193E-006                  6.1903742156103569E-001                  3.8095407148882809E-001                  0.0000000000000000E+000                  0.0000000000000000E+000                  5.2147703777640047E-039 
                                     820                  2.2020398848604653E-001                 -1.3928663770725249E+000                  7.2318397328530555E+000                  2.1506394664416937E+000                  1.7121212574548061E+001                  8.4553802803231676E-006                  6.1874340521182603E-001                  3.8124813940789370E-001                  2.7920618241091129E-093                  7.5734775661175547E-095                  8.2695645525427866E-039 
                                     821                  2.2011170983534031E-001                 -1.3948889564967959E+000                  7.2324942087337556E+000                  2.1721827648341243E+000                  1.7143357394567680E+001                  8.2714989029609944E-006                  6.1887915198716137E-001                  3.8111257651393571E-001                  3.0129910463829952E-093                  8.1985798401939464E-095                  9.8808006205200002E-039 
                                     822                  2.2001943118463413E-001                 -1.3968402533558002E+000                  7.2300499257594906E+000                  2.1962015202641614E+000                  1.7164791662696537E+001                  7.9329206699832522E-006                  6.1927284228941082E-001                  3.8071922478991915E-001                  2.9239313916807750E-093                  7.9127264717801913E-095                  8.5759940229354223E-039 
                                     823                  2.1992715253392789E-001                 -1.3987110994863985E+000                  7.2339197212942379E+000                  2.2129962757909580E+000                  1.7185555775520815E+001                  7.8609081130627640E-006                  6.1927284228941060E-001                  3.8071929680247629E-001                  3.5052045381690398E-093                  9.5970139742555304E-095                  1.4135346762615049E-038 
                                     824                  2.1983487388322173E-001                 -1.4005340892118234E+000                  7.2370942141859400E+000                  2.2313223428789182E+000                  1.7205691878904275E+001                  7.7888955561422893E-006                  6.1044084796702314E-001                  3.8955136313742067E-001                  4.0525289956648750E-093                  1.1657714454968547E-094                  2.0846213734098904E-038 
                                     825                  2.1974259523251555E-001                 -1.4023035748121537E+000                  7.2378128037950420E+000                  2.2501766843556812E+000                  1.7225236749495306E+001                  7.7168829992218248E-006                  6.1044084796702380E-001                  3.8955143514997692E-001                  4.3540721265588244E-093                  1.2562793332665364E-094                  2.4731880498193661E-038 
                                     826                  2.1965031658180936E-001                 -1.4040183978869987E+000                  7.2395118770795897E+000                  2.2624788283044195E+000                  1.7239553910421591E+001                  7.5778049552593979E-006                  6.1213785167381174E-001                  3.8785457052123296E-001                  4.7833964648566031E-093                  1.3780932899814367E-094                  3.1798625557442160E-038 
                                     827                  2.1960417725645628E-001                 -1.4048592558267212E+000                  7.2394551015727746E+000                  2.2717020721662839E+000                  1.7248912517667691E+001                  7.4855984161750497E-006                  6.1345528485879552E-001                  3.8653722954278835E-001                  4.8923570538859566E-093                  1.4023690156399095E-094                  3.3310685942069130E-038 
                                     828                  2.1955803793110321E-001                 -1.4056872029693903E+000                  7.2406561352337926E+000                  2.2834423951484362E+000                  1.7262682985214642E+001                  7.3208645513939681E-006                  6.1834545581565181E-001                  3.8164722331979684E-001                  5.2988677764978689E-093                  1.4938512453002042E-094                  4.1123014871593949E-038 
                                     829                  2.1946575928039702E-001                 -1.4073126419632405E+000                  7.2349500011030123E+000                  2.3073257376125587E+000                  1.7280643888212047E+001                  7.0784355349582588E-006                  6.1834545581565203E-001                  3.8164746574881303E-001                  4.5699776772543073E-093                  1.2706716459292003E-094                  2.5181813405092891E-038 
                                     830                  2.1937348062969086E-001                 -1.4088681020534524E+000                  7.2337827327036583E+000                  2.3250740437075734E+000                  1.7298128114475944E+001                  6.8044146364101373E-006                  6.1626488569121374E-001                  3.8372830989414985E-001                  4.5592752564235198E-093                  1.2791580936524110E-094                  2.4046330575895219E-038 
                                     831                  2.1928120197898471E-001                 -1.4103771654127140E+000                  7.2273038422886620E+000                  2.3511121641418646E+000                  1.7323152735753492E+001                  6.3574563259664692E-006                  6.1647699786943322E-001                  3.8351664467424085E-001                  3.8415367188121289E-093                  1.0621191217696033E-094                  1.3675575518482373E-038 
                                     832                  2.1909977484824181E-001                 -1.4132136715257919E+000                  7.2187067066067359E+000                  2.3774559028966045E+000                  1.7347268318985680E+001                  5.8657643542943820E-006                  6.2127824359044093E-001                  3.7871589064520483E-001                  3.0170195992053126E-093                  8.0106610557087679E-095                  6.3119407712241974E-039 
                                     833                  2.1900906128287037E-001                 -1.4145679298061391E+000                  7.2145802991579719E+000                  2.3953136517046953E+000                  1.7362815263096291E+001                  5.5879495120309738E-006                  6.2452320457186061E-001                  3.7547120747862739E-001                  2.7236581011812797E-093                  7.0666306711712254E-095                  4.4828383870561067E-039 
                                     834                  2.1891834771749893E-001                 -1.4158796548908337E+000                  7.2093060137487237E+000                  2.4219990203589505E+000                  1.7385394763524548E+001                  5.2090904163044412E-006                  6.2958925334919968E-001                  3.7040553756038397E-001                  2.4148317823866354E-093                  6.0602727481617590E-095                  2.9597441877398159E-039 
                                     835                  2.1873692058675606E-001                 -1.4183794291393081E+000                  7.1990325564937168E+000                  2.4528470889655636E+000                  1.7407327853648905E+001                  4.6896162370935974E-006                  6.3438213278778810E-001                  3.6561317759597478E-001                  1.7952495151861612E-093                  0.0000000000000000E+000                  1.1487052638566895E-039 
                                     836                  2.1864620702138463E-001                 -1.4195585143990608E+000                  7.1997201309485845E+000                  2.4660635874549399E+000                  1.7421502677729851E+001                  4.3915826898438615E-006                  6.3438213278778821E-001                  3.6561347562952196E-001                  1.9029760606755598E-093                  4.5836479179548257E-095                  1.3258465924405179E-039 
                                     837                  2.1855549345601319E-001                 -1.4207115079612340E+000                  7.1918630916806743E+000                  2.4939209833108955E+000                  1.7442138129263427E+001                  4.0169562273055497E-006                  6.3309743728196310E-001                  3.6689854576180958E-001                  1.5188927393776343E-093                  0.0000000000000000E+000                  6.3894159119861988E-040 
                                     838                  2.1837406632527037E-001                 -1.4228993083138470E+000                  7.1868626309256625E+000                  2.5246909663138948E+000                  1.7468703506160971E+001                  3.5900464670846411E-006                  6.3200773499242635E-001                  3.6798867496110654E-001                  1.3577948519699907E-093                  0.0000000000000000E+000                  4.2797463064680895E-040 
                                     839                  2.1819263919452750E-001                 -1.4249676503457629E+000                  7.1805720252370593E+000                  2.5552008085885012E+000                  1.7494184172370542E+001                  3.1533148029912171E-006                  6.3340125823455962E-001                  3.6659558845063744E-001                  1.1596419400403754E-093                  0.0000000000000000E+000                  2.5053086066407157E-040 
                                     840                  2.1801121206378471E-001                 -1.4269226556046859E+000                  7.1769448811038945E+000                  2.5834653182266925E+000                  1.7518657737815634E+001                  2.7507380904752571E-006                  6.2388390038409225E-001                  3.7611334887781722E-001                  1.0695091476074728E-093                  0.0000000000000000E+000                  1.8497191966964778E-040 
                                     841                  2.1782978493304186E-001                 -1.4287787514451233E+000                  7.1704045449634508E+000                  2.6088858731644353E+000                  1.7539321804489859E+001                  2.4767947930186642E-006                  6.2861994889019379E-001                  3.7137757431501317E-001                  0.0000000000000000E+000                  0.0000000000000000E+000                  1.0380802314132439E-040 
                                     842                  2.1769371458498485E-001                 -1.4301062005424816E+000                  7.1762266104027033E+000                  2.6199696666272234E+000                  1.7556477575430396E+001                  2.2439599338735589E-006                  6.2861994889019379E-001                  3.7137780714987234E-001                  1.1496987553706256E-093                  0.0000000000000000E+000                  2.1135865775546039E-040 
                                     843                  2.1755764423692786E-001                 -1.4314120227168265E+000                  7.1685501533346327E+000                  2.6521607491523782E+000                  1.7581277181859601E+001                  1.8974707993005062E-006                  6.1814339611456948E-001                  3.8185470641463126E-001                  0.0000000000000000E+000                  0.0000000000000000E+000                  1.0061128546618531E-040 
                                     844                  2.1728550354081380E-001                 -1.4338687847354490E+000                  7.1639708034699670E+000                  2.6864759606033521E+000                  1.7612929386275781E+001                  1.4859989660540489E-006                  6.1872738373116254E-001                  3.8127113026987136E-001                  0.0000000000000000E+000                  0.0000000000000000E+000                  7.2215394691753206E-041 
                                     845                  2.1701336284469980E-001                 -1.4361765695483508E+000                  7.1637968615857277E+000                  2.7079158583366199E+000                  1.7635680205224155E+001                  1.2570172235854244E-006                  6.2144631016142782E-001                  3.7855243282134865E-001                  0.0000000000000000E+000                  0.0000000000000000E+000                  8.0401851460022853E-041 
                                     846                  2.1687729249664278E-001                 -1.4372879370119991E+000                  7.1647527969246170E+000                  2.7210655909978132E+000                  1.7650349120421350E+001                  1.1335085330380029E-006                  6.2064784448291532E-001                  3.7935102200855164E-001                  9.4987049159994671E-094                  0.0000000000000000E+000                  9.5672885175726010E-041 
                                     847                  2.1674122214858582E-001                 -1.4383743743935478E+000                  7.1659521449445638E+000                  2.7402498063586780E+000                  1.7671657521682249E+001                  9.5283290243965503E-007                  6.1990835722151882E-001                  3.8009068994557871E-001                  1.0427212801504429E-093                  0.0000000000000000E+000                  1.2086450252849394E-040 
                                     848                  2.1646908145247179E-001                 -1.4404763628335990E+000                  7.1634346625900074E+000                  2.7607982774303590E+000                  1.7692331522573774E+001                  8.0415650454449961E-007                  6.2969514472264043E-001                  3.7030405112085507E-001                  1.0145286460566850E-093                  0.0000000000000000E+000                  1.0646522852807818E-040 
                                     849                  2.1633301110441475E-001                 -1.4414896386591669E+000                  7.1638110393595325E+000                  2.7729724611352777E+000                  1.7705701029754945E+001                  7.3149546812452017E-007                  6.3037565145629160E-001                  3.6962361704824032E-001                  1.0628627482170715E-093                  0.0000000000000000E+000                  1.1894616980617870E-040 
                                     850                  2.1619694075635773E-001                 -1.4424817527532758E+000                  7.1676056858856816E+000                  2.7881288844569836E+000                  1.7725175280099840E+001                  6.4357653362249824E-007                  6.2884612449823285E-001                  3.7115323192523353E-001                  1.2728308194606830E-093                  0.0000000000000000E+000                  1.9628136821697453E-040 
                                     851                  2.1592480006024381E-001                 -1.4444173920772303E+000                  7.1733617039620476E+000                  2.8055624745455918E+000                  1.7750253395102209E+001                  5.5486008331758750E-007                  6.3755129511476316E-001                  3.6244815002515351E-001                  1.6770782436274241E-093                  3.8988866993180968E-095                  4.2805687156204836E-040 
                                     852                  2.1565265936412983E-001                 -1.4463015648963640E+000                  7.1781691600879745E+000                  2.8221081640245362E+000                  1.7774336256088713E+001                  4.7056819215629321E-007                  6.5267353215120294E-001                  3.4732599728060487E-001                  0.0000000000000000E+000                  0.0000000000000000E+000                  8.5800785934348383E-040 
                                     853                  2.1538051866801566E-001                 -1.4481387683803442E+000                  7.1822481156498696E+000                  2.8396347776117428E+000                  1.7797504186749560E+001                  3.9760960857623411E-007                  6.5780198942257162E-001                  3.4219761296781981E-001                  2.6359733873830810E-093                  5.7454456305538991E-095                  1.5184246528926799E-039 
                                     854                  2.1510837797190149E-001                 -1.4499255305677481E+000                  7.1831828449615385E+000                  2.8586325433617907E+000                  1.7819826728991583E+001                  3.5399126354153922E-007                  6.6656024899732513E-001                  3.3343939701141134E-001                  2.9042214343822053E-093                  6.1058941158628854E-095                  1.9406600192503801E-039 
                                     855                  2.1483623727578735E-001                 -1.4516567259799773E+000                  7.1874244655126640E+000                  2.8749979282085083E+000                  1.7841364066366395E+001                  2.8441757785002398E-007                  6.6711583647534745E-001                  3.3288387910707473E-001                  3.5509813424814712E-093                  7.5450796444485216E-095                  3.3965026956378797E-039 
                                     856                  2.1456409657967318E-001                 -1.4533436988199924E+000                  7.1930678232522327E+000                  2.8890953649635405E+000                  1.7862171569195887E+001                  2.3448503060988503E-007                  6.7086768740066249E-001                  3.2913207811430689E-001                  4.5661240219411374E-093                  9.6905225425322501E-095                  6.9383440783636350E-039 
                                     857                  2.1429195588355907E-001                 -1.4549957339051900E+000                  7.1996364713073833E+000                  2.9026645058014218E+000                  1.7882300077001915E+001                  1.9518435621468498E-007                  6.6708760418962187E-001                  3.3291220062602189E-001                  5.9933651324920933E-093                  1.3192125959436551E-094                  1.5074322813462964E-038 
                                     858                  2.1401981518744498E-001                 -1.4566151460374248E+000                  7.2056300934845687E+000                  2.9157082865540502E+000                  1.7901795285932920E+001                  1.6263262252924379E-007                  6.6689215187564510E-001                  3.3310768549173242E-001                  0.0000000000000000E+000                  0.0000000000000000E+000                  3.1052622587214185E-038 
                                     859                  2.1374767449133086E-001                 -1.4582041549150451E+000                  7.2103469610984510E+000                  2.9303705325876734E+000                  1.7920698442926302E+001                  1.3864657114328726E-007                  6.5748837230297597E-001                  3.4251148905045292E-001                  9.3971888494021928E-093                  2.2307563533102504E-094                  5.3720828357807797E-038 
                                     860                  2.1347553379521672E-001                 -1.4597571755256009E+000                  7.2148123456361253E+000                  2.9416532887183977E+000                  1.7937170245317500E+001                  1.1781143592320420E-007                  6.5933595888743413E-001                  3.4066392330112993E-001                  1.1416624689520512E-092                  2.7216773912313183E-094                  9.3280762484561198E-038 
                                     861                  2.1326008907745975E-001                 -1.4609666071500356E+000                  7.2185584723396241E+000                  2.9527175994513772E+000                  1.7951365032111308E+001                  1.0428496771231883E-007                  6.5025165517281580E-001                  3.4974824054221654E-001                  1.3273787781128263E-092                  3.3353218820020072E-094                  1.4217140086494757E-037 
                                     862                  2.1304464435970277E-001                 -1.4621554225516551E+000                  7.2243880094356916E+000                  2.9669204451073217E+000                  1.7972023039155800E+001                  9.0206813320486660E-008                  6.5040072233247470E-001                  3.4959918746071195E-001                  1.7006488980919503E-092                  4.3413395421727193E-094                  2.8701859920655148E-037 
                                     863                  2.1261375492418882E-001                 -1.4644846676993819E+000                  7.2335291119632554E+000                  2.9826461161949989E+000                  1.7995615049966091E+001                  7.7296594703380027E-008                  6.3701582191006556E-001                  3.6298410079333976E-001                  2.4100422711716966E-092                  6.7015896815644409E-094                  7.7771406878222196E-037 
                                     864                  2.1228285765269611E-001                 -1.4662342612443233E+000                  7.2359921606083066E+000                  2.9989804776786402E+000                  1.8015398623792358E+001                  6.7811731142822436E-008                  6.3598815106541906E-001                  3.6401178112284982E-001                  0.0000000000000000E+000                  0.0000000000000000E+000                  1.0971475249950835E-036 
                                     865                  2.1195196038120334E-001                 -1.4679394999704671E+000                  7.2434282280372848E+000                  3.0105999244004518E+000                  1.8034583812323593E+001                  6.0136818049128486E-008                  6.3495761057529232E-001                  3.6504232928788960E-001                  3.6755519735563545E-092                  1.0609253534868672E-093                  2.5496053945988669E-036 
                                     866                  2.1162106310971060E-001                 -1.4696192447110461E+000                  7.2490683019573554E+000                  3.0227982992284352E+000                  1.8053209112923952E+001                  5.5214145415661948E-008                  6.3741693867552529E-001                  3.6258300611032934E-001                  4.6508991438015843E-092                  1.3485597603401336E-093                  4.9809698168963166E-036 
                                     867                  2.1129016583821786E-001                 -1.4712713693138706E+000                  7.2572761241724439E+000                  3.0379364978927876E+000                  1.8075718290539708E+001                  4.8970207359665434E-008                  6.2706682377528322E-001                  3.7293312725450944E-001                  6.3550437842993540E-092                  1.9729797438135161E-093                  1.2123277936868860E-035 
                                     868                  2.1079381993097868E-001                 -1.4736986062429234E+000                  7.2591461751371700E+000                  3.0541871407531458E+000                  1.8095406330728391E+001                  4.5811699285959978E-008                  6.2978946077444564E-001                  3.7021049341385504E-001                  7.1058834098813342E-092                  2.1936394368586713E-093                  1.6275061567191332E-035 
                                     869                  2.1054564697735903E-001                 -1.4748823340692339E+000                  7.2637738643966694E+000                  3.0629186758336067E+000                  1.8108174480966316E+001                  4.2292037703430629E-008                  6.2281645920715922E-001                  3.7718349850080313E-001                  8.4522173189616878E-092                  2.7247534125084956E-093                  2.6656424140287121E-035 
                                     870                  2.1029747402373941E-001                 -1.4760519691748704E+000                  7.2709437917989259E+000                  3.0750639286627761E+000                  1.8126823637468174E+001                  3.7781587710907604E-008                  6.1495971709234187E-001                  3.8504024512607038E-001                  1.1057068078150578E-091                  3.7606574831341769E-093                  5.7397015663138730E-035 
                                     871                  2.0980112811650023E-001                 -1.4783541501818376E+000                  7.2764375112132997E+000                  3.0968759037325895E+000                  1.8145037896589621E+001                  2.1390967460861249E-008                  5.3285330815216725E-001                  4.6714667045686531E-001                  1.2284662248367468E-091                  5.9932114547085806E-093                  7.3749569517132689E-035 
                                     872                  2.0955295516288064E-001                 -1.4794618339970715E+000                  7.2806494865348341E+000                  3.1111403406697766E+000                  1.8156874575732161E+001                  1.4138808665073634E-008                  4.7512685949141126E-001                  5.2487312636978012E-001                  1.3190661685447432E-091                  8.2226501676550517E-093                  8.6794104033911708E-035 
                                     873                  2.0930478220926096E-001                 -1.4805418569506685E+000                  7.2882535662917896E+000                  3.1227356801808788E+000                  1.8176343240172699E+001                  1.4138808665073634E-008                  4.7512685949141126E-001                  5.2487312636978012E-001                  1.7640161299253462E-091                  1.1223172790501823E-092                  2.0011757249300340E-034 
                                     874                  2.0871395727040459E-001                 -1.4830767512222449E+000                  7.2985755356188537E+000                  3.1385845956201441E+000                  1.8202885585396036E+001                  1.4138808665073634E-008                  4.7512685949141126E-001                  5.2487312636978012E-001                  2.6103400840884797E-091                  1.7076604383133054E-092                  6.1731562823509111E-034 
                                     875                  2.0812313233154819E-001                 -1.4855635675426921E+000                  7.3079083128931952E+000                  3.1529338536941047E+000                  1.8226900943611128E+001                  1.4138808665073634E-008                  4.7512685949141126E-001                  5.2487312636978012E-001                  3.7091244307998586E-091                  2.4888398695293724E-092                  1.6960659499492657E-033 
                                     876                  2.0760327699682093E-001                 -1.4877147461667446E+000                  7.3153065505998915E+000                  3.1643202731775051E+000                  1.8245948024897025E+001                  1.4138808665073634E-008                  4.7512685949141126E-001                  5.2487312636978012E-001                  1.2882959468071081E-195                  3.3497606971280639E-092                  3.7593524515864619E-033 
                                     877                  2.0721338549577542E-001                 -1.4893068376895304E+000                  7.3221885314495232E+000                  3.1748688980663551E+000                  1.8263616267465029E+001                  1.4138808665073622E-008                  4.7512685949141109E-001                  5.2487312636978023E-001                  0.0000000000000000E+000                  0.0000000000000000E+000                  7.8478195618836242E-033 
                                     878                  2.0673414385904818E-001                 -1.4912402182541842E+000                  7.3300811564253596E+000                  3.1869729383690473E+000                  1.8283883374209474E+001                  1.4138808665070314E-008                  4.7512685949138173E-001                  5.2487312636980965E-001                  0.0000000000000000E+000                  0.0000000000000000E+000                  1.8164295902308347E-032 
                                     879                  2.0618788962060181E-001                 -1.4934139875873127E+000                  7.3362816565626146E+000                  3.1965373701268107E+000                  1.8299864137973302E+001                  1.4138808665063271E-008                  4.7512685949131916E-001                  5.2487312636987216E-001                  0.0000000000000000E+000                  0.0000000000000000E+000                  3.5004088261049701E-032 
                                     880                  2.0590562441932325E-001                 -1.4945253154567781E+000                  7.3425927414157171E+000                  3.2061778008443964E+000                  1.8316024363172346E+001                  1.4138808665054799E-008                  4.7512685949124478E-001                  5.2487312636994654E-001                  0.0000000000000000E+000                  0.0000000000000000E+000                  6.8001270523540416E-032 
                                     881                  2.0532615555821443E-001                 -1.4967827980999568E+000                  7.3508428212183841E+000                  3.2188466645563270E+000                  1.8337219895077588E+001                  1.4138808665052946E-008                  4.7512685949122857E-001                  5.2487312636996275E-001                  0.0000000000000000E+000                  0.0000000000000000E+000                  1.6132272641020901E-031 
                                     882                  2.0474668669710558E-001                 -1.4990096026795836E+000                  7.3588701786772228E+000                  3.2311733507070919E+000                  1.8357840136064603E+001                  1.4138808665047116E-008                  4.7512685949117744E-001                  5.2487312637001393E-001                  0.0000000000000000E+000                  0.0000000000000000E+000                  3.7219441628092644E-031 
                                     883                  2.0416380997652253E-001                 -1.5012204490473733E+000                  7.3654207598917152E+000                  3.2412635040569189E+000                  1.8374699035683442E+001                  1.4138808665045968E-008                  4.7512685949116740E-001                  5.2487312637002392E-001                  0.0000000000000000E+000                  0.0000000000000000E+000                  7.3430637994344575E-031 
                                     884                  2.0377171605518146E-001                 -1.5026921105261837E+000                  7.3706035036920055E+000                  3.2492218030909759E+000                  1.8388008932694188E+001                  1.4138808665045540E-008                  4.7512685949116346E-001                  5.2487312637002792E-001                  0.0000000000000000E+000                  0.0000000000000000E+000                  1.2550918080748319E-030 
                                     885                  2.0337611269288805E-001                 -1.5041648846270024E+000                  7.3757124960568738E+000                  3.2570675535497315E+000                  1.8401129056205214E+001                  1.4138808665045500E-008                  4.7512685949116307E-001                  5.2487312637002825E-001                  0.0000000000000000E+000                  0.0000000000000000E+000                  2.1270830730262773E-030 
                                     886                  2.0298050933059464E-001                 -1.5056260227956710E+000                  7.3826144478782805E+000                  3.2676194133040477E+000                  1.8418799876315298E+001                  1.4138808665045497E-008                  4.7512685949116312E-001                  5.2487312637002814E-001                  0.0000000000000000E+000                  0.0000000000000000E+000                  4.3347086915451635E-030 
                                     887                  2.0228462531387389E-001                 -1.5081694506328003E+000                  7.3912970893019638E+000                  3.2809522742635138E+000                  1.8441091226950221E+001                  1.4138808665045497E-008                  4.7512685949116312E-001                  5.2487312637002814E-001                  0.0000000000000000E+000                  0.0000000000000000E+000                  1.0633041395933330E-029 
                                     888                  2.0156727250090981E-001                 -1.5107575418802139E+000                  7.3992405995793886E+000                  3.2931726248669171E+000                  1.8461506878613914E+001                  1.4138808665045497E-008                  4.7512685949116312E-001                  5.2487312637002814E-001                  0.0000000000000000E+000                  0.0000000000000000E+000                  2.4286826773140007E-029 
                                     889                  2.0095239866122638E-001                 -1.5129502726396249E+000                  7.4063822273617603E+000                  3.3041433068591597E+000                  1.8479841743607363E+001                  1.4138808665045497E-008                  4.7512685949116312E-001                  5.2487312637002814E-001                  0.0000000000000000E+000                  0.0000000000000000E+000                  5.1438142121435958E-029 
                                     890                  2.0033752482154296E-001                 -1.5151207714644253E+000                  7.4133342863079932E+000                  3.3148592983639293E+000                  1.8497728014819426E+001                  1.4138808665045497E-008                  4.7512685949116312E-001                  5.2487312637002814E-001                  0.0000000000000000E+000                  0.0000000000000000E+000                  1.0804078254781628E-028 
                                     891                  1.9972265098185951E-001                 -1.5172702026074438E+000                  7.4168885258342288E+000                  3.3383587776732120E+000                  1.8513761942563526E+001                  5.4860168691306790E-009                  3.7431527926777602E-001                  6.2568471524620706E-001                  0.0000000000000000E+000                  0.0000000000000000E+000                  8.5339306460298638E-029 
                                     892                  1.9921025611545659E-001                 -1.5189898836978215E+000                  7.4055230108169283E+000                  3.3599460879793250E+000                  1.8527092695189786E+001                  5.1106638446105467E-009                  3.6856410020486691E-001                  6.3143589468446926E-001                  0.0000000000000000E+000                  0.0000000000000000E+000                  2.9604325547611758E-029 
                                     893                  1.9876599932809991E-001                 -1.5204241228204722E+000                  7.4033585210534154E+000                  3.3759819781244951E+000                  1.8542465310745470E+001                  4.6874955344942447E-009                  3.6340068482237337E-001                  6.3659931049013108E-001                  0.0000000000000000E+000                  0.0000000000000000E+000                  2.5024048355105371E-029 
                                     894                  1.9808244369994771E-001                 -1.5225774228571396E+000                  7.4051853811155830E+000                  3.3925775165981733E+000                  1.8561064794669793E+001                  4.1535938939529564E-009                  3.5146173587802587E-001                  6.4853825996838022E-001                  0.0000000000000000E+000                  0.0000000000000000E+000                  2.9514548761248850E-029 
                                     895                  1.9737005056873297E-001                 -1.5247700949018002E+000                  7.4059512902635092E+000                  3.4056781796069773E+000                  1.8575194037524376E+001                  3.9513894418779733E-009                  3.4187348386472571E-001                  6.5812651218388485E-001                  0.0000000000000000E+000                  0.0000000000000000E+000                  3.1371151492615370E-029 
                                     896                  1.9699943525159427E-001                 -1.5258896567164373E+000                  7.4096271395248445E+000                  3.4160416307785568E+000                  1.8589353578232455E+001                  3.7697716875872806E-009                  3.3714588098746850E-001                  6.6285411524275983E-001                  0.0000000000000000E+000                  0.0000000000000000E+000                  4.5558190981482253E-029 
                                     897                  1.9625820461731694E-001                 -1.5281012651436388E+000                  7.4165039678320346E+000                  3.4281459015733393E+000                  1.8607840324505592E+001                  3.1392519894600962E-009                  3.2986395198598212E-001                  6.7013604487476597E-001                  0.0000000000000000E+000                  0.0000000000000000E+000                  9.0157142452851646E-029 
                                     898                  1.9551697398303960E-001                 -1.5302849857117173E+000                  7.4234930669987795E+000                  3.4403798576088795E+000                  1.8625858108888583E+001                  2.8408854191836587E-009                  3.1714353477755924E-001                  6.8285646238155540E-001                  0.0000000000000000E+000                  0.0000000000000000E+000                  1.7441673015270821E-028 
                                     899                  1.9477574334876210E-001                 -1.5324401058084762E+000                  7.4307186817565407E+000                  3.4528319402772847E+000                  1.8644498247454518E+001                  2.4378311774090581E-009                  3.0578658750003318E-001                  6.9421341006213566E-001                  0.0000000000000000E+000                  0.0000000000000000E+000                  3.5741195078575405E-028 
                                     900                  1.9394265992695217E-001                 -1.5348310680852899E+000                  7.4370143902441610E+000                  3.4661710172484033E+000                  1.8663722274714626E+001                  2.0600137894746224E-009                  2.9716780353401773E-001                  7.0283219440596856E-001                  0.0000000000000000E+000                  0.0000000000000000E+000                  6.9866474689034812E-028 
                                     901                  1.9310957650514221E-001                 -1.5371880470048040E+000                  7.4447025947094465E+000                  3.4779212935409771E+000                  1.8683855138686738E+001                  1.8046978072883594E-009                  3.0033230391053017E-001                  6.9966769428477205E-001                  0.0000000000000000E+000                  0.0000000000000000E+000                  1.8266488282377371E-027 
                                     902                  1.9214832640305382E-001                 -1.5398816133604183E+000                  7.4528419810127469E+000                  3.4927219293713767E+000                  1.8704840354530411E+001                  1.6887329909040601E-009                  2.8072797100578900E-001                  7.1927202730547801E-001                  0.0000000000000000E+000                  0.0000000000000000E+000                  4.1819037775282319E-027 
                                     903                  1.9118707630096546E-001                 -1.5425334412078171E+000                  7.4610692577505251E+000                  3.5061720336754223E+000                  1.8726292689945765E+001                  1.1529817713513785E-009                  2.7582751110693438E-001                  7.2417248774008391E-001                  0.0000000000000000E+000                  0.0000000000000000E+000                  1.1504990415492893E-026 
                                     904                  1.9012428695239780E-001                 -1.5454309775097017E+000                  7.4690956619235207E+000                  3.5207116430231005E+000                  1.8748181866964927E+001                  1.0508969182618089E-009                  2.6610631912951788E-001                  7.3389367981958520E-001                  0.0000000000000000E+000                  0.0000000000000000E+000                  3.0082095125073084E-026 
                                     905                  1.8906149760383018E-001                 -1.5482893799835129E+000                  7.4756153425497249E+000                  3.5328845997812941E+000                  1.8766615809515105E+001                  9.0815352439547542E-010                  2.6005056254246589E-001                  7.3994943654938061E-001                  0.0000000000000000E+000                  0.0000000000000000E+000                  6.7748557782379960E-026 
                                     906                  1.8828768486769701E-001                 -1.5503477223657207E+000                  7.4811553528383978E+000                  3.5432965144988038E+000                  1.8781783893756945E+001                  7.9373973679434009E-010                  2.5051737876077024E-001                  7.4948262044549008E-001                  0.0000000000000000E+000                  0.0000000000000000E+000                  1.2865957007380940E-025 
                                     907                  1.8751387213156384E-001                 -1.5523859402752986E+000                  7.4869647277171740E+000                  3.5545259490582413E+000                  1.8799226732059850E+001                  7.0775330765378886E-010                  2.4954685381309649E-001                  7.5045314547915021E-001                  0.0000000000000000E+000                  0.0000000000000000E+000                  2.8124788767898010E-025 
                                     908                  1.8646672442327045E-001                 -1.5551183532486865E+000                  7.4939246389123690E+000                  3.5679971512084778E+000                  1.8818829689705005E+001                  5.4309778386657228E-010                  2.3832202475543163E-001                  7.6167797470147058E-001                  0.0000000000000000E+000                  0.0000000000000000E+000                  6.3408557332971236E-025 
                                     909                  1.8541957671497705E-001                 -1.5578174757509422E+000                  7.5015139708975767E+000                  3.5825788743211646E+000                  1.8840270838139801E+001                  4.6536651592779726E-010                  2.2749681560827356E-001                  7.7250318392635986E-001                  0.0000000000000000E+000                  0.0000000000000000E+000                  1.5503953434660946E-024 
                                     910                  1.8411089988086629E-001                 -1.5611479528616543E+000                  7.5084099761761447E+000                  3.5953118053314217E+000                  1.8860491770430581E+001                  3.7839372098876414E-010                  2.2777980284692970E-001                  7.7222019677467657E-001                  0.0000000000000000E+000                  0.0000000000000000E+000                  3.9507881626522471E-024 
                                     911                  1.8314303080582928E-001                 -1.5635881117813881E+000                  7.5128817236836385E+000                  3.6081685837111399E+000                  1.8877255204406254E+001                  2.9544718948993054E-010                  2.1573147144977198E-001                  7.8426852825478077E-001                  0.0000000000000000E+000                  0.0000000000000000E+000                  6.2712608574186736E-024 
                                     912                  1.8217516173079221E-001                 -1.5659971028428852E+000                  7.5213252154883383E+000                  3.6240758060274403E+000                  1.8902062906930531E+001                  2.3403346112678127E-010                  2.1362435459367729E-001                  7.8637564517228919E-001                  0.0000000000000000E+000                  0.0000000000000000E+000                  1.8826271220691368E-023 
                                     913                  1.8018806073764182E-001                 -1.5708865907860012E+000                  7.5307684336402838E+000                  3.6436602826223807E+000                  1.8929785124087918E+001                  1.7491196547664984E-010                  1.9535672636682930E-001                  8.0464327345825870E-001                  0.0000000000000000E+000                  0.0000000000000000E+000                  5.0674276760163456E-023 
                                     914                  1.7878453993090035E-001                 -1.5742837703020842E+000                  7.5374501883123948E+000                  3.6582319337093225E+000                  1.8951970303376847E+001                  1.0422992659640881E-010                  1.9577774139022769E-001                  8.0422225850554241E-001                  0.0000000000000000E+000                  0.0000000000000000E+000                  1.2356923866824271E-022 
                                     915                  1.7738101912415899E-001                 -1.5776464604500087E+000                  7.5442166318975765E+000                  3.6726614543426366E+000                  1.8971930763961421E+001                  8.1157857959639375E-011                  1.7984631247222838E-001                  8.2015368744661377E-001                  0.0000000000000000E+000                  0.0000000000000000E+000                  2.3242394164493862E-022 
                                     916                  1.7619398774140888E-001                 -1.5804568285545586E+000                  7.5496668871845740E+000                  3.6847088758838935E+000                  1.8989783181221259E+001                  6.7540388010878728E-011                  1.7682341399289495E-001                  8.2317658593956466E-001                  0.0000000000000000E+000                  0.0000000000000000E+000                  4.4939845105721387E-022 
                                     917                  1.7500695635865882E-001                 -1.5832436664607008E+000                  7.5558370878735053E+000                  3.6981208010616204E+000                  1.9008511399514667E+001                  4.7456188603514200E-011                  1.6401409385599999E-001                  8.3598590609654377E-001                  0.0000000000000000E+000                  0.0000000000000000E+000                  7.9522899902759130E-022 
                                     918                  1.7364496656552425E-001                 -1.5864083978002559E+000                  7.5616428266852269E+000                  3.7112316937480956E+000                  1.9028074776104024E+001                  3.5755091673467873E-011                  1.6243665621251846E-001                  8.3756334375172647E-001                  0.0000000000000000E+000                  0.0000000000000000E+000                  1.6280464904112119E-021 
                                     919                  1.7228297677238957E-001                 -1.5895465969121936E+000                  7.5674136775737262E+000                  3.7241778564772527E+000                  1.9046715267779057E+001                  2.7065969434603740E-011                  1.5541433443009903E-001                  8.4458566554283498E-001                  1.7302075420552097E-118                  6.9234540644749389E-050                  2.9721181435931624E-021 
                                     920                  1.7098924228624568E-001                 -1.5925015206920803E+000                  7.5728964067191002E+000                  3.7365855911185575E+000                  1.9064477492287299E+001                  1.6668235996979099E-011                  1.4815611964159889E-001                  8.5184388034173286E-001                  0.0000000000000000E+000                  0.0000000000000000E+000                  5.1476385386815802E-021 
                                     921                  1.6969550780010184E-001                 -1.5954321916715022E+000                  7.5777675073365076E+000                  3.7479159029984666E+000                  1.9081061910603147E+001                  1.2654876800540729E-011                  1.4508825921801902E-001                  8.5491174076932608E-001                  0.0000000000000000E+000                  0.0000000000000000E+000                  8.9196162944793964E-021 
                                     922                  1.6852420644845309E-001                 -1.5980673726038130E+000                  7.5823772098955322E+000                  3.7586598506007385E+000                  1.9096517717095004E+001                  1.0502272245290479E-011                  1.4012128549082567E-001                  8.5987871449867204E-001                  0.0000000000000000E+000                  0.0000000000000000E+000                  1.4289671849832312E-020 
                                     923                  1.6735290509680420E-001                 -1.6006852308667967E+000                  7.5874503956568820E+000                  3.7705183914690181E+000                  1.9113699124175906E+001                  8.2943319744390490E-012                  1.3564570897645981E-001                  8.6435429101524586E-001                  0.0000000000000000E+000                  0.0000000000000000E+000                  2.4327222277452913E-020 
                                     924                  1.6586625338125030E-001                 -1.6039851351187859E+000                  7.5930694910342522E+000                  3.7836104266204091E+000                  1.9132538178084580E+001                  5.0208860867798211E-012                  1.2951914599563880E-001                  8.7048085399934028E-001                  0.0000000000000000E+000                  0.0000000000000000E+000                  4.2289477700761250E-020 
                                     925                  1.6437960166569640E-001                 -1.6072605965579028E+000                  7.5982933197623757E+000                  3.7959766662530225E+000                  1.9150732847530460E+001                  3.2193686613305329E-012                  1.2726697181361593E-001                  8.7273302818316467E-001                  0.0000000000000000E+000                  0.0000000000000000E+000                  7.6009374694717479E-020 
                                     926                  1.6293234092730949E-001                 -1.6104295142353109E+000                  7.6042924013288014E+000                  3.8101541307667404E+000                  1.9171363811564600E+001                  2.2335741696781959E-012                  1.2279237747908929E-001                  8.7720762251867712E-001                  0.0000000000000000E+000                  0.0000000000000000E+000                  1.4134580330549412E-019 
                                     927                  1.6097074021652846E-001                 -1.6146947347786569E+000                  7.6098386861183824E+000                  3.8235609081611499E+000                  1.9191149251574782E+001                  1.5667674348144722E-012                  1.2138041239314663E-001                  8.7861958760528658E-001                  0.0000000000000000E+000                  0.0000000000000000E+000                  2.6647862933603908E-019 
                                     928                  1.5959930543329098E-001                 -1.6176592383015120E+000                  7.6148491213019689E+000                  3.8355628841466682E+000                  1.9208535025060602E+001                  1.3843412465153490E-012                  1.1725790244898356E-001                  8.8274209754963207E-001                  0.0000000000000000E+000                  0.0000000000000000E+000                  4.3732096199584505E-019 
                                     929                  1.5797072662819714E-001                 -1.6211609463228727E+000                  7.6200376243464065E+000                  3.8481748629019554E+000                  1.9227049358446898E+001                  7.2714701185684817E-013                  1.1524977963959543E-001                  8.8475022035967743E-001                  0.0000000000000000E+000                  0.0000000000000000E+000                  7.6938764873242215E-019 
                                     930                  1.5634214782310324E-001                 -1.6246455023499471E+000                  7.6248425480179325E+000                  3.8598934960678664E+000                  1.9244161967403208E+001                  5.0945330697078926E-013                  1.1269590383852074E-001                  8.8730409616096984E-001                  0.0000000000000000E+000                  0.0000000000000000E+000                  1.2685796616865388E-018 
                                     931                  1.5490157801327198E-001                 -1.6277144319750525E+000                  7.6298878475204681E+000                  3.8723241910019528E+000                  1.9262612752472126E+001                  3.2989923704951918E-013                  1.1256399237249969E-001                  8.8743600762717045E-001                  0.0000000000000000E+000                  0.0000000000000000E+000                  2.2853573202470381E-018 
                                     932                  1.5295957373132810E-001                 -1.6318358926415264E+000                  7.6345855981653967E+000                  3.8839265319008494E+000                  1.9279566240112729E+001                  2.0963801002616428E-013                  1.1038052276716945E-001                  8.8961947723262091E-001                  0.0000000000000000E+000                  0.0000000000000000E+000                  3.7263728243511351E-018 
                                     933                  1.5174525161488245E-001                 -1.6344037774138602E+000                  7.6394300802471857E+000                  3.8959197143668445E+000                  1.9297323872717197E+001                  1.4034474980036059E-013                  1.0995051615875612E-001                  8.9004948384110349E-001                  0.0000000000000000E+000                  0.0000000000000000E+000                  6.4548790195733744E-018 
                                     934                  1.4957225414334713E-001                 -1.6389854019729768E+000                  7.6448172649667736E+000                  3.9093663911195065E+000                  1.9317099007745409E+001                  7.8175297764057865E-014                  1.0861490264415039E-001                  8.9138509735577143E-001                  0.0000000000000000E+000                  0.0000000000000000E+000                  1.1567444084995406E-017 
                                     935                  1.4791434305172094E-001                 -1.6424702365342287E+000                  7.6494004581494641E+000                  3.9208744657667411E+000                  1.9334165480642408E+001                  5.6639354561535718E-014                  1.0868129068676488E-001                  8.9131870931317847E-001                  0.0000000000000000E+000                  0.0000000000000000E+000                  1.9573196525691341E-017 
                                     936                  1.4619441669835212E-001                 -1.6460781917248897E+000                  7.6547004936067031E+000                  3.9341086653681638E+000                  1.9353558291940292E+001                  2.9243958849326719E-014                  1.0672209347645387E-001                  8.9327790652351691E-001                  0.0000000000000000E+000                  0.0000000000000000E+000                  3.3821659878044073E-017 
                                     937                  1.4399673302460264E-001                 -1.6506785074567849E+000                  7.6603451859923402E+000                  3.9483763887277439E+000                  1.9374665688075666E+001                  2.1780310825865812E-014                  1.0649037596528799E-001                  8.9350962403469025E-001                  0.0000000000000000E+000                  0.0000000000000000E+000                  6.3509063791622080E-017 
                                     938                  1.4184682508289106E-001                 -1.6551723376018312E+000                  7.6656619460797222E+000                  3.9618725628414904E+000                  1.9394653940705318E+001                  9.9880014537052295E-015                  1.0652879599624217E-001                  8.9347120400374780E-001                  0.0000000000000000E+000                  0.0000000000000000E+000                  1.1530488471554465E-016 
                                     939                  1.3979246860525554E-001                 -1.6594633044094549E+000                  7.6697324086439407E+000                  3.9722212077498678E+000                  1.9409870874866055E+001                  7.2954513387819290E-015                  1.0568556788618359E-001                  8.9431443211380912E-001                  0.0000000000000000E+000                  0.0000000000000000E+000                  1.7707991569248880E-016 
                                     940                  1.3859594604316133E-001                 -1.6619616126373362E+000                  7.6726937612169408E+000                  3.9797145256076161E+000                  1.9420897083478472E+001                  4.3120191706415304E-015                  1.0503233501907255E-001                  8.9496766498092317E-001                  0.0000000000000000E+000                  0.0000000000000000E+000                  2.4120995862645840E-016 
                                     941                  1.3739942348106715E-001                 -1.6644599301888310E+000                  7.6760487171702403E+000                  3.9880606177303251E+000                  1.9433315810965475E+001                  3.8998588348591422E-015                  1.0502030878484146E-001                  8.9497969121515464E-001                  0.0000000000000000E+000                  0.0000000000000000E+000                  3.4868431468687013E-016 
                                     942                  1.3586634153356431E-001                 -1.6676624648305101E+000                  7.6796974512928360E+000                  3.9958998764013005E+000                  1.9445264574452079E+001                  2.2299389290846538E-015                  1.0434846283502019E-001                  8.9565153716497758E-001                  0.0000000000000000E+000                  0.0000000000000000E+000                  5.0658583276188848E-016 
                                     943                  1.3474731593039138E-001                 -1.6700026348720247E+000                  7.6812493771008237E+000                  4.0032992244922188E+000                  1.9455228230730437E+001                  1.8814579371830132E-015                  1.0435475819116630E-001                  8.9564524180883187E-001                  0.0000000000000000E+000                  0.0000000000000000E+000                  6.1115242577038552E-016 
                                     944                  1.3362829032721846E-001                 -1.6723407478907961E+000                  7.6856567367790705E+000                  4.0129427178745098E+000                  1.9469899975464635E+001                  1.4017813810174342E-015                  1.0371209094626718E-001                  8.9628790905373146E-001                  0.0000000000000000E+000                  0.0000000000000000E+000                  9.6142695759540788E-016 
                                     945                  1.3140127590716982E-001                 -1.6770029537182896E+000                  7.6899351478742579E+000                  4.0238360426288473E+000                  1.9486023882552342E+001                  9.0968188465339373E-016                  1.0348383796526270E-001                  8.9651616203473639E-001                  4.6730285339180571E-113                  1.2605504534914603E-045                  1.5173772947570422E-015 
                                     946                  1.2991659962713789E-001                 -1.6801166852299141E+000                  7.6930467100377866E+000                  4.0317894783421959E+000                  1.9497676284660376E+001                  6.4467994622044253E-016                  1.0245297767222146E-001                  8.9754702232777794E-001                  1.1830140322799740E-113                  6.9083248435171833E-046                  2.0586771280499345E-015 
                                     947                  1.2867936939377730E-001                 -1.6827151529153603E+000                  7.6958119725892029E+000                  4.0388945566621128E+000                  1.9508152373660820E+001                  3.8821407017511406E-016                  1.0208730756303756E-001                  8.9791269243696203E-001                  0.0000000000000000E+000                  0.0000000000000000E+000                  2.7404901513316166E-015 
                                     948                  1.2744213916041669E-001                 -1.6853177916128208E+000                  7.6985263015357530E+000                  4.0458984502735209E+000                  1.9518527383461851E+001                  3.6617061895859753E-016                  1.0212688011696262E-001                  8.9787311988303697E-001                  0.0000000000000000E+000                  0.0000000000000000E+000                  3.6681419431749176E-015 
                                     949                  1.2620490892705563E-001                 -1.6879252968127025E+000                  7.7012284236813784E+000                  4.0528614553725504E+000                  1.9528804139417709E+001                  2.8883125256953565E-016                  1.0189623608493625E-001                  8.9810376391506341E-001                  0.0000000000000000E+000                  0.0000000000000000E+000                  4.8591128836590497E-015 
                                     950                  1.2496767869369463E-001                 -1.6905380145217566E+000                  7.7040344035441226E+000                  4.0600838913784587E+000                  1.9539439173247068E+001                  2.7749619324774544E-016                  1.0138593370090897E-001                  8.9861406629909080E-001                  0.0000000000000000E+000                  0.0000000000000000E+000                  6.4471638151398805E-015 
                                     951                  1.2361879507878197E-001                 -1.6933929370328284E+000                  7.7069487802617784E+000                  4.0675765066159384E+000                  1.9550428954815395E+001                  2.0998262505162763E-016                  1.0049880224996985E-001                  8.9950119775002990E-001                  0.0000000000000000E+000                  0.0000000000000000E+000                  8.5451684155200268E-015 
                                     952                  1.2226991146386949E-001                 -1.6962549864788028E+000                  7.7096792986703440E+000                  4.0746143689033243E+000                  1.9560770333357446E+001                  1.9448373093787690E-016                  9.9839978688934988E-002                  9.0016002131106476E-001                  0.0000000000000000E+000                  0.0000000000000000E+000                  1.1170364986824791E-014 
                                     953                  1.2105682051407575E-001                 -1.6988356030116507E+000                  7.7122284588385686E+000                  4.0811985782583111E+000                  1.9570473159230698E+001                  1.7046566698536909E-016                  9.9448599785350769E-002                  9.0055140021464908E-001                  0.0000000000000000E+000                  0.0000000000000000E+000                  1.4427072596952023E-014 
                                     954                  1.1984372956428203E-001                 -1.7014231694488655E+000                  7.7145829102074179E+000                  4.0873023673571129E+000                  1.9579498898145470E+001                  1.4890682663838797E-016                  9.9300379912586237E-002                  9.0069962008741355E-001                  0.0000000000000000E+000                  0.0000000000000000E+000                  1.8377048772049772E-014 
                                     955                  1.1878227498321278E-001                 -1.7036934728977988E+000                  7.7176435062168256E+000                  4.0951610170248367E+000                  1.9591005877403617E+001                  7.8941579281093585E-017                  9.8137093939718090E-002                  9.0186290606028185E-001                  0.0000000000000000E+000                  0.0000000000000000E+000                  2.4399587610182387E-014 
                                     956                  1.1690995385424678E-001                 -1.7077125726891913E+000                  7.7215363017983867E+000                  4.1052332449094528E+000                  1.9605841424292393E+001                  8.9658865817636881E-017                  9.7416785569255912E-002                  9.0258321443074396E-001                  0.0000000000000000E+000                  0.0000000000000000E+000                  3.5746127616435862E-014 
                                     957                  1.1496483195136666E-001                 -1.7119096409940535E+000                  7.7255534547446372E+000                  4.1156639633345309E+000                  1.9621281484210350E+001                  5.9293046611453976E-017                  9.7229752836061500E-002                  9.0277024716393850E-001                  0.0000000000000000E+000                  0.0000000000000000E+000                  5.3812424689947749E-014 
                                     958                  1.1288504776290231E-001                 -1.7164245852677740E+000                  7.7290677816855151E+000                  4.1247852869939212E+000                  1.9634638304063163E+001                  4.5881119114574743E-017                  9.6013694272125014E-002                  9.0398630572787497E-001                  0.0000000000000000E+000                  0.0000000000000000E+000                  7.4349381391064173E-014 
                                     959                  1.1144865005000557E-001                 -1.7195598333127595E+000                  7.7319233794350284E+000                  4.1322313350244864E+000                  1.9645645936672867E+001                  4.2891059484358745E-017                  9.5777455084608984E-002                  9.0422254491539100E-001                  0.0000000000000000E+000                  0.0000000000000000E+000                  9.8854878716325204E-014 
                                     960                  1.0995240243240589E-001                 -1.7228421475239057E+000                  7.7343142980123245E+000                  4.1384398906322497E+000                  1.9654796865561792E+001                  2.1105760146863793E-017                  9.5329391182142384E-002                  9.0467060881785755E-001                  0.0000000000000000E+000                  0.0000000000000000E+000                  1.2437384880651472E-013 
                                     961                  1.0899480395714245E-001                 -1.7249519666768729E+000                  7.7371587092983747E+000                  4.1458078707064532E+000                  1.9665599699698070E+001                  1.7879867950594572E-017                  9.4339165874678471E-002                  9.0566083412532150E-001                  0.0000000000000000E+000                  0.0000000000000000E+000                  1.6089922048746845E-013 
                                     962                  1.0701975710191014E-001                 -1.7293270453831893E+000                  7.7409766202157826E+000                  4.1557772944013376E+000                  1.9680311626028647E+001                  9.7811973932153217E-018                  9.3792464444276649E-002                  9.0620753555572331E-001                  3.4060601649167922E-035                  0.0000000000000000E+000                  2.3268128749520111E-013 
                                     963                  1.0497134250594742E-001                 -1.7339008616207805E+000                  7.7444299255018114E+000                  4.1647993705548112E+000                  1.9693578128511650E+001                  6.5615974202436845E-018                  9.2931699420625069E-002                  9.0706830057937493E-001                  0.0000000000000000E+000                  0.0000000000000000E+000                  3.2046118257729248E-013 
                                     964                  1.0335732126580575E-001                 -1.7375321636691339E+000                  7.7475832182613651E+000                  4.1730412633461365E+000                  1.9705758611350117E+001                  4.4568619769957781E-018                  9.2559372307274401E-002                  9.0744062769272560E-001                  0.0000000000000000E+000                  0.0000000000000000E+000                  4.3435832884446980E-013 
                                     965                  1.0157036917850704E-001                 -1.7415829987953113E+000                  7.7501074559952254E+000                  4.1796416179910834E+000                  1.9715410857927846E+001                  1.4269373803235396E-018                  9.1516496191436258E-002                  9.0848350380856369E-001                  0.0000000000000000E+000                  0.0000000000000000E+000                  5.4023952257757932E-013 
                                     966                  1.0064807132699941E-001                 -1.7436865077527053E+000                  7.7525961153805065E+000                  4.1862007287292808E+000                  1.9725150170578271E+001                  2.2105435651704050E-018                  9.1617431091408963E-002                  9.0838256890859104E-001                  2.8252345354286505E-034                  0.0000000000000000E+000                  6.9460159902830866E-013 
                                     967                  9.8803475623982409E-002                 -1.7479220810735039E+000                  7.7559249048589090E+000                  4.1949378969501270E+000                  1.9738063636327940E+001                  8.5152849463921878E-019                  9.1218669568744457E-002                  9.0878133043125553E-001                  0.0000000000000000E+000                  0.0000000000000000E+000                  9.5387458699222872E-013 
                                     968                  9.6958879920965857E-002                 -1.7521971259009621E+000                  7.7592388478148120E+000                  4.2036387393202617E+000                  1.9750860498304839E+001                  4.8535512402577882E-019                  9.0351513410411144E-002                  9.0964848658958886E-001                  0.0000000000000000E+000                  0.0000000000000000E+000                  1.2859520735251157E-012 
                                     969                  9.5114284217949277E-002                 -1.7565135764170841E+000                  7.7620784132448595E+000                  4.2111255425445027E+000                  1.9761913798577556E+001                  2.9669339857128941E-019                  8.9941644622238914E-002                  9.1005835537776103E-001                  0.0000000000000000E+000                  0.0000000000000000E+000                  1.6776646395564548E-012 
                                     970                  9.3750270857072701E-002                 -1.7597336763903708E+000                  7.7644689655810391E+000                  4.2174222795413456E+000                  1.9771234473650352E+001                  2.1500714189040749E-019                  8.9739901855199047E-002                  9.1026009814480091E-001                  0.0000000000000000E+000                  0.0000000000000000E+000                  2.1068008787262285E-012 
                                     971                  9.2386257496196278E-002                 -1.7629790952470406E+000                  7.7669120974903958E+000                  4.2237833219787921E+000                  1.9780497906026209E+001                  1.2003878813492388E-019                  8.8296426244373255E-002                  9.1170357375562672E-001                  0.0000000000000000E+000                  0.0000000000000000E+000                  2.5473443149173041E-012 
                                     972                  9.1022244135319563E-002                 -1.7662501230736669E+000                  7.7692600298599679E+000                  4.2299775611818928E+000                  1.9789705807057040E+001                  8.5586490159225668E-020                  8.8355481944271355E-002                  9.1164451805572866E-001                  0.0000000000000000E+000                  0.0000000000000000E+000                  3.2091307104403204E-012 
                                     973                  8.9658230774443015E-002                 -1.7695488354719220E+000                  7.7715688685579698E+000                  4.2360598991351992E+000                  1.9798730864269682E+001                  6.6902744791830935E-020                  8.8269038002995862E-002                  9.1173096199700410E-001                  0.0000000000000000E+000                  0.0000000000000000E+000                  4.0047421500960052E-012 
                                     974                  8.8333084246342411E-002                 -1.7727810799609183E+000                  7.7738542369186971E+000                  4.2420538513884471E+000                  1.9807574995164945E+001                  6.1191565622161312E-020                  8.7757382954985683E-002                  9.1224261704501430E-001                  3.3533441436247232E-034                  0.0000000000000000E+000                  4.9105691201778832E-012 
                                     975                  8.7007937718242098E-002                 -1.7760413142645133E+000                  7.7761280986252546E+000                  4.2480121970628248E+000                  1.9816371523986792E+001                  2.8424862356344599E-020                  8.7262352682688976E-002                  9.1273764731731100E-001                  0.0000000000000000E+000                  0.0000000000000000E+000                  6.0134441642147109E-012 
                                     976                  8.5682791190141522E-002                 -1.7793306994441267E+000                  7.7783630465920108E+000                  4.2538964838382638E+000                  1.9825121970033752E+001                  3.4474488683388528E-020                  8.7260737417629700E-002                  9.1273926258237026E-001                  0.0000000000000000E+000                  0.0000000000000000E+000                  7.4581187864335601E-012 
                                     977                  8.4357644662041029E-002                 -1.7826507478830107E+000                  7.7811780553178229E+000                  4.2612357661011977E+000                  1.9835977333611570E+001                  2.3159994213607914E-020                  8.6686606485782275E-002                  9.1331339351421770E-001                  0.0000000000000000E+000                  0.0000000000000000E+000                  9.5787556580293337E-012 
                                     978                  8.2369924869888714E-002                 -1.7876906713289844E+000                  7.7836874604665169E+000                  4.2678390054847251E+000                  1.9845735899659793E+001                  9.6748602854786147E-021                  8.6195930615914462E-002                  9.1380406938408554E-001                  1.4670835139755998E-033                  0.0000000000000000E+000                  1.1974670959367706E-011 
                                     979                  8.1376064973813222E-002                 -1.7902386091393465E+000                  7.7853612469194484E+000                  4.2722083534571098E+000                  1.9852194096338625E+001                  1.4496876870762409E-020                  8.5812177640265941E-002                  9.1418782235973406E-001                  0.0000000000000000E+000                  0.0000000000000000E+000                  1.3861263483138188E-011 
                                     980                  8.0382205077737814E-002                 -1.7928060023370800E+000                  7.7873166864598744E+000                  4.2772573477836504E+000                  1.9859624270454496E+001                  1.3372433728026288E-020                  8.5015444200818344E-002                  9.1498455579918170E-001                  9.2571111148419838E-035                  1.0403657114697681E-033                  1.6232252550913416E-011 
                                     981                  7.9078564744828508E-002                 -1.7962039742394280E+000                  7.7894560260126404E+000                  4.2828722680907410E+000                  1.9868028603007410E+001                  1.0531451833881781E-020                  8.5305988239786010E-002                  9.1469401176021403E-001                  0.0000000000000000E+000                  0.0000000000000000E+000                  2.0097649312345228E-011 
                                     982                  7.7774924411919411E-002                 -1.7996383928898794E+000                  7.7916071689818125E+000                  4.2884698207539973E+000                  1.9876328498711867E+001                  7.0933554603454261E-021                  8.4920084289938649E-002                  9.1507991571006131E-001                  0.0000000000000000E+000                  0.0000000000000000E+000                  2.4306937136514225E-011 
                                     983                  7.6492790274203859E-002                 -1.8030527157638536E+000                  7.7937328815070321E+000                  4.2939967952198330E+000                  1.9884525132778851E+001                  4.9975554139900119E-021                  8.4540906653410186E-002                  9.1545909334658981E-001                  0.0000000000000000E+000                  0.0000000000000000E+000                  2.9318261262545511E-011 
                                     984                  7.5210656136488641E-002                 -1.8065047647284425E+000                  7.7958761001076740E+000                  4.2995353729666013E+000                  1.9892689493229202E+001                  5.9822565627131460E-021                  8.3712003469850249E-002                  9.1628799653014981E-001                  0.0000000000000000E+000                  0.0000000000000000E+000                  3.4833021070012195E-011 
                                     985                  7.3928521998773422E-002                 -1.8099957880023163E+000                  7.7979550545558798E+000                  4.3049414989970813E+000                  1.9900755271160879E+001                  5.1132343699249068E-021                  8.3659809544215924E-002                  9.1634019045578408E-001                  0.0000000000000000E+000                  0.0000000000000000E+000                  4.2280557372857923E-011 
                                     986                  7.2667894056244964E-002                 -1.8134683141049162E+000                  7.8000208589721067E+000                  4.3102960000172699E+000                  1.9908723490238778E+001                  3.4449503043475095E-021                  8.3419099484057152E-002                  9.1658090051594288E-001                  0.0000000000000000E+000                  0.0000000000000000E+000                  5.0887617755746819E-011 
                                     987                  7.1407266113719947E-002                 -1.8169820585752767E+000                  7.8020896415204168E+000                  4.3156412378942148E+000                  1.9916664242227675E+001                  1.9243415498593244E-021                  8.3032249044656614E-002                  9.1696775095534333E-001                  4.2582301729505596E-091                  2.2945411268342946E-033                  6.0913779817220224E-011 
                                     988                  7.0146638171194972E-002                 -1.8205386185160570E+000                  7.8041504079682262E+000                  4.3209639852812884E+000                  1.9924578764949761E+001                  1.2826340574894480E-021                  8.2685088331174342E-002                  9.1731491166882562E-001                  1.9083483297747770E-032                  0.0000000000000000E+000                  7.2937216558148045E-011 
                                     989                  6.8886010228669997E-002                 -1.8241397891943401E+000                  7.8060269539555502E+000                  4.3257956919392599E+000                  1.9931758151327962E+001                  1.2251647263895339E-021                  8.2289508083362731E-002                  9.1771049191663723E-001                  0.0000000000000000E+000                  0.0000000000000000E+000                  8.5658384117718066E-011 
                                     990                  6.7854205660836442E-002                 -1.8271217416869452E+000                  7.8076946304130921E+000                  4.3301043901489473E+000                  1.9938199581669572E+001                  1.4233820059735466E-021                  8.2247125842077426E-002                  9.1775287415792262E-001                  0.0000000000000000E+000                  0.0000000000000000E+000                  9.9920924125025770E-011 
                                     991                  6.6822401093002401E-002                 -1.8301360400012729E+000                  7.8094021698250522E+000                  4.3344673853408180E+000                  1.9944625734371883E+001                  8.6335840713081753E-022                  8.1405574380767093E-002                  9.1859442561923288E-001                  0.0000000000000000E+000                  0.0000000000000000E+000                  1.1356753712089801E-010 
                                     992                  6.5790596525168499E-002                 -1.8331833417638308E+000                  7.8110519553115818E+000                  4.3387319726668636E+000                  1.9951037286260863E+001                  7.9926012180705739E-022                  8.1602277206853091E-002                  9.1839772279314691E-001                  0.0000000000000000E+000                  0.0000000000000000E+000                  1.3338831893020303E-010 
                                     993                  6.4758791957334597E-002                 -1.8362654279096979E+000                  7.8127975381356363E+000                  4.3431874547093496E+000                  1.9957614201135858E+001                  3.7522105738197083E-022                  8.0830149770728124E-002                  9.1916985022927189E-001                  0.0000000000000000E+000                  0.0000000000000000E+000                  1.5245796588833856E-010 
                                     994                  6.3668731854961871E-002                 -1.8395600544148283E+000                  7.8145481925316451E+000                  4.3476903698550542E+000                  1.9964358397037252E+001                  1.4284730633523226E-022                  8.0798609866673782E-002                  9.1920139013332625E-001                  0.0000000000000000E+000                  0.0000000000000000E+000                  1.7918660053891802E-010 
                                     995                  6.2578671752589243E-002                 -1.8428962326290319E+000                  7.8163128290690924E+000                  4.3522073262769592E+000                  1.9971088748980623E+001                  2.8322938727529020E-022                  8.0467822574075573E-002                  9.1953217742592441E-001                  0.0000000000000000E+000                  0.0000000000000000E+000                  2.0850498017080190E-010 
                                     996                  6.1488611650216643E-002                 -1.8462753634070892E+000                  7.8176380049589635E+000                  4.3555977316504197E+000                  1.9976136486508363E+001                  3.3517078026539054E-022                  8.0178995293759492E-002                  9.1982100470624051E-001                  0.0000000000000000E+000                  0.0000000000000000E+000                  2.3326886506096034E-010 
                                     997                  6.0943581599030426E-002                 -1.8479815239017778E+000                  7.8190987493800987E+000                  4.3593237038208477E+000                  1.9981687258210400E+001                  1.9672931984711154E-022                  7.9869699947326026E-002                  9.2013030005267393E-001                  0.0000000000000000E+000                  0.0000000000000000E+000                  2.6405202071167093E-010 
                                     998                  5.9680854274773563E-002                 -1.8519784525225165E+000                  7.8206793195319717E+000                  4.3633853584778963E+000                  1.9987783221323401E+001                  2.3868671641101030E-022                  7.9896717262498973E-002                  9.2010328273750108E-001                  0.0000000000000000E+000                  0.0000000000000000E+000                  3.0613225170132730E-010 
                                     999                  5.8963157001702855E-002                 -1.8542785765812730E+000                  7.8224174867100755E+000                  4.3678055258629858E+000                  1.9994374181671983E+001                  1.8957836619228982E-022                  7.9539077492263313E-002                  9.2046092250773670E-001                  0.0000000000000000E+000                  0.0000000000000000E+000                  3.5492070791250846E-010 
                                    1000                  5.7527762455561973E-002                 -1.8589429533379178E+000                  7.8247395175939918E+000                  4.3737041789789384E+000                  2.0003167369941142E+001                  1.1319983583204557E-022                  7.9005263026575956E-002                  9.2099473697342404E-001                  0.0000000000000000E+000                  0.0000000000000000E+000                  4.3155262955953129E-010 
                                    1001                  5.6092367909421591E-002                 -1.8636965374762609E+000                  7.8270409334249598E+000                  4.3795719932105284E+000                  2.0011945487092060E+001                  8.2946659552509632E-023                  7.8724199458005670E-002                  9.2127580054199432E-001                  3.1759137657299804E-032                  0.0000000000000000E+000                  5.2896326179325245E-010 
                                    1002                  5.4656973363280757E-002                 -1.8685444506729620E+000                  7.8289851803896671E+000                  4.3844951742794951E+000                  2.0019262073222514E+001                  9.2574913706196228E-023                  7.8053542698325262E-002                  9.2194645730167468E-001                  2.1410043793116538E-032                  0.0000000000000000E+000                  6.1794377624536818E-010 
                                    1003                  5.3700043665853597E-002                 -1.8718310987432805E+000                  7.8305253607203138E+000                  4.3884017707103711E+000                  2.0025100535385711E+001                  6.4434902088277440E-023                  7.7786054632843230E-002                  9.2221394536715673E-001                  0.0000000000000000E+000                  0.0000000000000000E+000                  7.0620886707573106E-010 
                                    1004                  5.2743113968426465E-002                 -1.8751636368447102E+000                  7.8320413638524071E+000                  4.3922669708295352E+000                  2.0030934763561046E+001                  9.2785830341322054E-023                  7.7959452227265899E-002                  9.2204054777273414E-001                  0.0000000000000000E+000                  0.0000000000000000E+000                  8.1936870859832671E-010 
                                    1005                  5.1786184270998778E-002                 -1.8785441231589060E+000                  7.8335837972153604E+000                  4.3961698356404186E+000                  2.0036765468147252E+001                  4.9528443380296273E-023                  7.7632539450168611E-002                  9.2236746054983143E-001                  0.0000000000000000E+000                  0.0000000000000000E+000                  9.3498216736904366E-010 
                                    1006                  5.0829254573571146E-002                 -1.8819741042614186E+000                  7.8354284023715843E+000                  4.4008349755614651E+000                  2.0043749612300736E+001                  8.1431564204651676E-023                  7.7342322856881321E-002                  9.2265767714311864E-001                  0.0000000000000000E+000                  0.0000000000000000E+000                  1.0996153851899291E-009 
                                    1007                  4.9489552997175994E-002                 -1.8868631337693180E+000                  7.8375889460443871E+000                  4.4062894180317729E+000                  2.0051904996537079E+001                  8.3520941919410976E-023                  7.6889716175376419E-002                  9.2311028382462357E-001                  0.0000000000000000E+000                  0.0000000000000000E+000                  1.3247738080318606E-009 
                                    1008                  4.8149851420781105E-002                 -1.8918588109404209E+000                  7.8397616782359520E+000                  4.4117569071474740E+000                  2.0060058683301722E+001                  6.0918247919016004E-023                  7.6241735055765411E-002                  9.2375826494423463E-001                  0.0000000000000000E+000                  0.0000000000000000E+000                  1.5869565445359073E-009 
                                    1009                  4.6810149844385973E-002                 -1.8969671763730180E+000                  7.8419079588210510E+000                  4.4171782735279761E+000                  2.0068212832367578E+001                  7.4503175491855620E-023                  7.6133949970729753E-002                  9.2386605002927025E-001                  2.0904142406711886E-031                  0.0000000000000000E+000                  1.9392187377975328E-009 
                                    1010                  4.5470448267990793E-002                 -1.9021955256445948E+000                  7.8442216504774178E+000                  4.4230005203778795E+000                  2.0076946559002824E+001                  5.7017912628705818E-023                  7.5796348857266369E-002                  9.2420365114273362E-001                  0.0000000000000000E+000                  0.0000000000000000E+000                  2.3892241200026113E-009 
                                    1011                  4.3939360752107429E-002                 -1.9083270036517335E+000                  7.8460703950750634E+000                  4.4276625426196361E+000                  2.0083962208765250E+001                  5.6512938438081594E-023                  7.5696619195494905E-002                  9.2430338080450514E-001                  0.0000000000000000E+000                  0.0000000000000000E+000                  2.8453219278466342E-009 
                                    1012                  4.3173816994165351E-002                 -1.9114587894134254E+000                  7.8473022788855253E+000                  4.4307600494745323E+000                  2.0088629144661290E+001                  3.9707885234412985E-023                  7.5649518206994906E-002                  9.2435048179300505E-001                  0.0000000000000000E+000                  0.0000000000000000E+000                  3.2009788360129461E-009 
                                    1013                  4.2408273236223294E-002                 -1.9146368269422207E+000                  7.8488672371456696E+000                  4.4346639393715277E+000                  2.0094458690613546E+001                  3.5857519672300559E-023                  7.5143299183077009E-002                  9.2485670081692295E-001                  0.0000000000000000E+000                  0.0000000000000000E+000                  3.6544749945436301E-009 
                                    1014                  4.1259957599311593E-002                 -1.9194940452578615E+000                  7.8507263999101848E+000                  4.4393255446354321E+000                  2.0101471634025252E+001                  3.1516445956273669E-023                  7.4959949866168427E-002                  9.2504005013383162E-001                  3.5229303304205996E-031                  0.0000000000000000E+000                  4.3549761406860991E-009 
                                    1015                  4.0111641962399663E-002                 -1.9244653202898243E+000                  7.8524972925390308E+000                  4.4437540222272860E+000                  2.0108118006649363E+001                  2.2463714287454712E-023                  7.4641993244613125E-002                  9.2535800675538682E-001                  0.0000000000000000E+000                  0.0000000000000000E+000                  5.1236338128846623E-009 
                                    1016                  3.9087366276514629E-002                 -1.9290011753394238E+000                  7.8541587607958467E+000                  4.4479141140334342E+000                  2.0114391413671168E+001                  1.7482722892737410E-023                  7.4559510294794157E-002                  9.2544048970520587E-001                  0.0000000000000000E+000                  0.0000000000000000E+000                  6.0272903451171660E-009 
                                    1017                  3.8063090590629282E-002                 -1.9336383973485738E+000                  7.8560527048423117E+000                  4.4526352853708495E+000                  2.0121462736597756E+001                  1.3583281505842315E-023                  7.4068750471843789E-002                  9.2593124952815620E-001                  0.0000000000000000E+000                  0.0000000000000000E+000                  7.1484047385528648E-009 
                                    1018                  3.6780082976798696E-002                 -1.9395982090142381E+000                  7.8581716700956692E+000                  4.4578976276864655E+000                  2.0129353601531474E+001                  8.5109475359839027E-024                  7.3547525003380687E-002                  9.2645247499661931E-001                  0.0000000000000000E+000                  0.0000000000000000E+000                  8.6773031051408129E-009 
                                    1019                  3.5497075362969345E-002                 -1.9457374820124633E+000                  7.8597505508142529E+000                  4.4618394298434927E+000                  2.0135302077910719E+001                  8.1044411281500507E-024                  7.3462177670458331E-002                  9.2653782232954163E-001                  0.0000000000000000E+000                  0.0000000000000000E+000                  1.0165844633954843E-008 
                                    1020                  3.4855571556054364E-002                 -1.9488786402837497E+000                  7.8608082544996520E+000                  4.4644698321861531E+000                  2.0139264903771434E+001                  5.1626342588048687E-024                  7.3332046489181818E-002                  9.2666795351081821E-001                  5.4503003862109602E-031                  0.0000000000000000E+000                  1.1277316124953924E-008 
                                    1021                  3.4214067749139376E-002                 -1.9520698674582206E+000                  7.8623979066191785E+000                  4.4684117425059657E+000                  2.0145205636308937E+001                  4.7016072791084045E-024                  7.3128095141810748E-002                  9.2687190485818927E-001                  7.3414623268031653E-032                  0.0000000000000000E+000                  1.3189937701867806E-008 
                                    1022                  3.2931060135309886E-002                 -1.9586104337650456E+000                  7.8640008364207210E+000                  4.4723902711493908E+000                  2.0151195787277700E+001                  2.4990897982069072E-024                  7.2891450148510145E-002                  9.2710854985148983E-001                  0.0000000000000000E+000                  0.0000000000000000E+000                  1.5449151279137921E-008 
                                    1023                  3.2289556328395690E-002                 -1.9619637528827574E+000                  7.8650811073499884E+000                  4.4750563665104908E+000                  2.0155188120862235E+001                  1.6598855730362245E-024                  7.2534839065206247E-002                  9.2746516093479370E-001                  0.0000000000000000E+000                  0.0000000000000000E+000                  1.7058979378758810E-008 
                                    1024                  3.1648052521480903E-002                 -1.9653753347759135E+000                  7.8666803942548711E+000                  4.4790150902234398E+000                  2.0161175784735033E+001                  8.4295061033744340E-025                  7.2465226847889821E-002                  9.2753477315211019E-001                  2.2792166889379563E-031                  0.0000000000000000E+000                  2.0157930462917169E-008 
                                    1025                  3.0365044907651535E-002                 -1.9723838307356318E+000                  7.8682965867430106E+000                  4.4830173464449548E+000                  2.0167219480428280E+001                  4.5971217687387735E-025                  7.2315644590983080E-002                  9.2768435540901695E-001                  0.0000000000000000E+000                  0.0000000000000000E+000                  2.3819055615435125E-008 
                                    1026                  2.9723541100735631E-002                 -1.9759857956313469E+000                  7.8694001722702795E+000                  4.4857218386038875E+000                  2.0171249534569672E+001                  1.9219521173311379E-025                  7.1765873336383693E-002                  9.2823412666361627E-001                  0.0000000000000000E+000                  0.0000000000000000E+000                  2.6219247553060304E-008 
                                    1027                  2.9082037293819658E-002                 -1.9796564499003528E+000                  7.8710286108266097E+000                  4.4897275884660512E+000                  2.0177296929910682E+001                  1.2651238012776969E-025                  7.1555674135400413E-002                  9.2844432586459957E-001                  0.0000000000000000E+000                  0.0000000000000000E+000                  3.1015678288470101E-008 
                                    1028                  2.7799029679989987E-002                 -1.9872174184816351E+000                  7.8726619482878322E+000                  4.4937599181451215E+000                  2.0183408286080549E+001                  6.0002894192029270E-026                  7.1534932535578188E-002                  9.2846506746442181E-001                  0.0000000000000000E+000                  0.0000000000000000E+000                  3.7060112683572640E-008 
                                    1029                  2.7157525873075773E-002                 -1.9911144903691396E+000                  7.8737676360839197E+000                  4.4964706190551667E+000                  2.0187485868117367E+001                  2.6344166244299833E-026                  7.1260924739178472E-002                  9.2873907526082156E-001                  0.0000000000000000E+000                  0.0000000000000000E+000                  4.1384256158254677E-008 
                                    1030                  2.6516022066161681E-002                 -1.9950941158301319E+000                  7.8754220828927526E+000                  4.5005234755545196E+000                  2.0193608365346769E+001                  1.6002793704805312E-026                  7.1032563394476722E-002                  9.2896743660552328E-001                  0.0000000000000000E+000                  0.0000000000000000E+000                  4.9248466983855604E-008 
                                    1031                  2.5233014452330126E-002                 -2.0033180564609849E+000                  7.8776190220017739E+000                  4.5059064326608196E+000                  2.0201754040031808E+001                  5.4926767947395119E-027                  7.0820842141412918E-002                  9.2917915785858707E-001                  0.0000000000000000E+000                  0.0000000000000000E+000                  6.2429074573991969E-008 
                                    1032                  2.3980313806301088E-002                 -2.0117174426372486E+000                  7.8792619150248955E+000                  4.5099306624394329E+000                  2.0207851247390867E+001                  2.3240971264824291E-027                  7.0710544693365254E-002                  9.2928945530663476E-001                  0.0000000000000000E+000                  0.0000000000000000E+000                  7.4817024888774713E-008 
                                    1033                  2.3353963483286434E-002                 -2.0160661486474423E+000                  7.8803617924046110E+000                  4.5126174732925426E+000                  2.0211923712799109E+001                  1.6377896485193470E-027                  7.0634264039773534E-002                  9.2936573596022642E-001                  0.0000000000000000E+000                  0.0000000000000000E+000                  8.4508252367616474E-008 
                                    1034                  2.2727613160271654E-002                 -2.0205214641045943E+000                  7.8820197557522098E+000                  4.5166554261535623E+000                  2.0218045301206853E+001                  1.2891264750233640E-027                  7.0502768810619065E-002                  9.2949723118938099E-001                  0.0000000000000000E+000                  0.0000000000000000E+000                  1.0157552031257993E-007 
                                    1035                  2.1474912514242314E-002                 -2.0297765242714574E+000                  7.8842512460981773E+000                  4.5220977170362131E+000                  2.0226305807737308E+001                  5.9387833781250409E-028                  7.0403652754126661E-002                  9.2959634724587337E-001                  0.0000000000000000E+000                  0.0000000000000000E+000                  1.3081101277902751E-007 
                                    1036                  2.0222211868212610E-002                 -2.0395365577060853E+000                  7.8869567053140903E+000                  4.5286628708236325E+000                  2.0236269089462329E+001                  4.7981312470570231E-028                  7.0199302968276964E-002                  9.2980069703172308E-001                  0.0000000000000000E+000                  0.0000000000000000E+000                  1.7760340822833094E-007 
                                    1037                  1.8479542254270141E-002                 -2.0540779408084866E+000                  7.8901765236527339E+000                  4.5364437277803260E+000                  2.0248081360352543E+001                  3.6364229881028095E-028                  6.9914027647483890E-002                  9.3008597235251611E-001                  0.0000000000000000E+000                  0.0000000000000000E+000                  2.5600698651899826E-007 
                                    1038                  1.6736872640327395E-002                 -2.0699413816326100E+000                  7.8925707021831153E+000                  4.5421976836147158E+000                  2.0256834825417034E+001                  2.5980272498783974E-028                  6.9768025442318360E-002                  9.3023197455768170E-001                  0.0000000000000000E+000                  0.0000000000000000E+000                  3.3766319578340512E-007 
                                    1039                  1.5956458736752440E-002                 -2.0775468158449382E+000                  7.8940611155907643E+000                  4.5457776265279968E+000                  2.0262282251770582E+001                  1.5688739603825731E-028                  6.9677866098861632E-002                  9.3032213390113838E-001                  0.0000000000000000E+000                  0.0000000000000000E+000                  4.0152802766761640E-007 
                                    1040                  1.5176044833178253E-002                 -2.0855063333096591E+000                  7.8955686983187885E+000                  4.5493919932094711E+000                  2.0267787477588950E+001                  1.4596729883089409E-028                  6.9611613079628987E-002                  9.3038838692037107E-001                  0.0000000000000000E+000                  0.0000000000000000E+000                  4.7921435769109280E-007 
                                    1041                  1.4395630929603324E-002                 -2.0938572175657044E+000                  7.8970947167346486E+000                  4.5530436301474442E+000                  2.0273355667042523E+001                  9.8432456545696907E-029                  6.9571955954995740E-002                  9.3042804404500423E-001                  0.0000000000000000E+000                  0.0000000000000000E+000                  5.7415032187824308E-007 
                                    1042                  1.3615217026028543E-002                 -2.1026429780631095E+000                  7.8984934714276429E+000                  4.5563828916393252E+000                  2.0278443740879862E+001                  7.8889697755441092E-029                  6.9492261288610427E-002                  9.3050773871138959E-001                  6.1311629990825334E-030                  0.0000000000000000E+000                  6.7661203761177267E-007 
                                    1043                  1.2987687745728180E-002                 -2.1100572467900900E+000                  7.8997544173909660E+000                  4.5593863511394019E+000                  2.0283024764516192E+001                  4.5333513747000179E-029                  6.9440285639956897E-002                  9.3055971436004314E-001                  0.0000000000000000E+000                  0.0000000000000000E+000                  7.8546449325968695E-007 
                                    1044                  1.2360158465427942E-002                 -2.1178165128827540E+000                  7.9016705093565021E+000                  4.5639296034431736E+000                  2.0289956216549339E+001                  2.8844353530495271E-029                  6.9332851238849358E-002                  9.3066714876115064E-001                  0.0000000000000000E+000                  0.0000000000000000E+000                  9.8450553190653501E-007 
                                    1045                  1.1105099904826374E-002                 -2.1345202230214841E+000                  7.9035645504719128E+000                  4.5684239206906225E+000                  2.0296814888315389E+001                  1.7467326644200172E-029                  6.9241547707076606E-002                  9.3075845229292342E-001                  0.0000000000000000E+000                  0.0000000000000000E+000                  1.2322275538679938E-006 
                                    1046                  1.0554012936162697E-002                 -2.1424265870956472E+000                  7.9047356071337500E+000                  4.5711897336409679E+000                  2.0301038845541207E+001                  1.4284664142647335E-029                  6.9182641080514348E-002                  9.3081735891948569E-001                  0.0000000000000000E+000                  0.0000000000000000E+000                  1.4157049529609587E-006 
                                    1047                  1.0002925967498849E-002                 -2.1507351862958606E+000                  7.9065185932460169E+000                  4.5753817943277033E+000                  2.0307442656355583E+001                  1.1537615268966880E-029                  6.9068704694255106E-002                  9.3093129530574492E-001                  0.0000000000000000E+000                  0.0000000000000000E+000                  1.7472737562908614E-006 
                                    1048                  8.9007520301731379E-003                 -2.1687500223495411E+000                  7.9085435047503871E+000                  4.5801420238292181E+000                  2.0314722687400238E+001                  1.2085141935285280E-029                  6.8991871280884243E-002                  9.3100812871911576E-001                  0.0000000000000000E+000                  0.0000000000000000E+000                  2.2246162430822372E-006 
                                    1049                  8.1852343100619462E-003                 -2.1816239348583304E+000                  7.9101751000299290E+000                  4.5839602154692338E+000                  2.0320567931336324E+001                  1.3807089759398632E-029                  6.8937608211904561E-002                  9.3106239178809547E-001                  0.0000000000000000E+000                  0.0000000000000000E+000                  2.7035818058199129E-006 
                                    1050                  7.4697165899508524E-003                 -2.1956255957352586E+000                  7.9118492550485957E+000                  4.5878661642398528E+000                  2.0326554339243160E+001                  1.7323638264029721E-029                  6.8906238777903320E-002                  9.3109376122209664E-001                  0.0000000000000000E+000                  0.0000000000000000E+000                  3.3059335898481516E-006 
                                    1051                  6.7541988698398090E-003                 -2.2109815087472149E+000                  7.9135746082035885E+000                  4.5918770997975242E+000                  2.0332703160570762E+001                  1.6371405164495869E-029                  6.8855902156316304E-002                  9.3114409784368368E-001                  1.0237338364118515E-029                  9.3998423781336238E-031                  4.0639826839695693E-006 
                                    1052                  6.0386811497287647E-003                 -2.2279941292310008E+000                  7.9150803842833497E+000                  4.5953696384907081E+000                  2.0338063159671499E+001                  1.5786568643274647E-029                  6.8836460460989290E-002                  9.3116353953901077E-001                  0.0000000000000000E+000                  0.0000000000000000E+000                  4.8711233375470885E-006 
                                    1053                  5.5453888953849451E-003                 -2.2408987280716679E+000                  7.9163403002895532E+000                  4.5982811881391221E+000                  2.0342536515424747E+001                  1.4788428842354367E-029                  6.8834604198037622E-002                  9.3116539580196234E-001                  0.0000000000000000E+000                  0.0000000000000000E+000                  5.6713416919676199E-006 
                                    1054                  5.0520966410411011E-003                 -2.2549678305229235E+000                  7.9176387915592681E+000                  4.6012718371669283E+000                  2.0347127619694717E+001                  1.5841964239825375E-029                  6.8786802322091833E-002                  9.3121319767790811E-001                  0.0000000000000000E+000                  0.0000000000000000E+000                  6.6197540434226101E-006 
                                    1055                  4.5588043866972563E-003                 -2.2704400245890528E+000                  7.9189769074943879E+000                  4.6043456489254746E+000                  2.0351853975249512E+001                  1.2576882305406680E-029                  6.8774483031273495E-002                  9.3122551696872646E-001                  0.0000000000000000E+000                  0.0000000000000000E+000                  7.7747278469890752E-006 
                                    1056                  4.0655121323534115E-003                 -2.2876362067294247E+000                  7.9206300824131635E+000                  4.6081259374229475E+000                  2.0357668738038168E+001                  1.2229936440711078E-029                  6.8741514145973834E-002                  9.3125848585402615E-001                  1.0710159529820123E-029                  0.0000000000000000E+000                  9.4737898674329978E-006 
                                    1057                  3.3829256634651172E-003                 -2.3151375462988182E+000                  7.9221548415285721E+000                  4.6116082411972421E+000                  2.0363026889527998E+001                  6.8970374606636213E-030                  6.8713330439001241E-002                  9.3128666956099870E-001                  0.0000000000000000E+000                  0.0000000000000000E+000                  1.1366854074476492E-005 
                                    1058                  3.0416324290221848E-003                 -2.3309981663898842E+000                  7.9232053826181863E+000                  4.6139960670218878E+000                  2.0366705329263421E+001                  6.5112066618142181E-030                  6.8702832838163530E-002                  9.3129716716183641E-001                  0.0000000000000000E+000                  0.0000000000000000E+000                  1.2889598876082932E-005 
                                    1059                  2.7003391945792281E-003                 -2.3487088651998640E+000                  7.9247180792594829E+000                  4.6174173168793455E+000                  2.0371980935885151E+001                  4.0934466124448621E-030                  6.8691960835638735E-002                  9.3130803916436122E-001                  0.0000000000000000E+000                  0.0000000000000000E+000                  1.5445901030042050E-005 
                                    1060                  2.0951981884658757E-003                 -2.3863456926190247E+000                  7.9268169394162014E+000                  4.6221475125169205E+000                  2.0379277761789979E+001                  2.3946901202600570E-030                  6.8663776381072170E-002                  9.3133622361892787E-001                  0.0000000000000000E+000                  0.0000000000000000E+000                  1.9831705203915673E-005 
                                    1061                  1.4900571823524735E-003                 -2.4366817219158659E+000                  7.9286930048812563E+000                  4.6263619203275859E+000                  2.0385784178566716E+001                  1.7101332969002528E-030                  6.8648118424861834E-002                  9.3135188157513815E-001                  4.0626196922933112E-088                  1.4683178685196565E-030                  2.4793098371123518E-005 
                                    1062                  1.1254184517988102E-003                 -2.4779694561177394E+000                  7.9302393217984761E+000                  4.6298107270502467E+000                  2.0391116368719068E+001                  1.3986633660901673E-030                  6.8642905928814377E-002                  9.3135709407118561E-001                  5.0688817934702995E-029                  0.0000000000000000E+000                  2.9798250507008364E-005 
                                    1063                  7.6077972124514656E-004                 -2.5353891984906269E+000                  7.9319993573727929E+000                  4.6337132522282722E+000                  2.0397153685607385E+001                  1.1160024522900008E-030                  6.8619154216432832E-002                  9.3138084578356717E-001                  0.0000000000000000E+000                  0.0000000000000000E+000                  3.6687167751176973E-005 
                                    1064                  3.9614099069287193E-004                 -2.6307434364211599E+000                  7.9336332307175237E+000                  4.6373324304917825E+000                  2.0402752492262856E+001                  1.0998641851047371E-030                  6.8587615833375026E-002                  9.3141238416662497E-001                  3.6080443530637186E-029                  0.0000000000000000E+000                  4.4461969282176034E-005 
                                    1065                  2.1382162541797460E-004                 -2.7205514104540480E+000                  7.9346350341319667E+000                  4.6395412628927382E+000                  2.0406172222362748E+001                  1.0933534425375076E-030                  6.8568090641110441E-002                  9.3143190935888953E-001                  0.0000000000000000E+000                  0.0000000000000000E+000                  5.0009429902477754E-005 
                                    1066                  1.2266194278037640E-004                 -2.8013255153202410E+000                  7.9352372392791874E+000                  4.6408651131093848E+000                  2.0408223298502058E+001                  1.0908541051941775E-030                  6.8559323322226209E-002                  9.3144067667777375E-001                  0.0000000000000000E+000                  0.0000000000000000E+000                  5.3673505475801236E-005 
                                    1067                  7.7082101461309886E-005                 -2.8687696522056436E+000                  7.9355884666979088E+000                  4.6416356255542572E+000                  2.0409418247297005E+001                  1.0908541051941817E-030                  6.8559323322075774E-002                  9.3144067667792418E-001                  5.8508291412448124E-029                  0.0000000000000000E+000                  5.5943721445394076E-005 
                                    1068                  5.4292180801861663E-005                 -2.9196174264240735E+000                  7.9358519926524327E+000                  4.6422118245410395E+000                  2.0410312352058053E+001                  1.0908541051941771E-030                  6.8559323321959895E-002                  9.3144067667804009E-001                  0.0000000000000000E+000                  0.0000000000000000E+000                  5.7708534620124562E-005 
                                    1069                  3.1502260142413441E-005                 -2.9985436588419563E+000                  7.9361189322468535E+000                  4.6427954359112098E+000                  2.0411217977550006E+001                  1.0908541051941775E-030                  6.8559323321841670E-002                  9.3144067667815833E-001                  0.0000000000000000E+000                  0.0000000000000000E+000                  5.9552239412543157E-005 
                                    1070                  1.5751130046857772E-005                 -3.0989965889122306E+000                  7.9363247498697076E+000                  4.6432458988351053E+000                  2.0411916865519423E+001                  1.0908541051941775E-030                  6.8559323321748855E-002                  9.3144067667825114E-001                  0.0000000000000000E+000                  0.0000000000000000E+000                  6.1013543700368365E-005 
                                    1071                  7.8755649989394475E-006                 -3.1994089128124066E+000                  7.9364543493101625E+000                  4.6435294664276583E+000                  2.0412356839977065E+001                  1.0908541051941775E-030                  6.8559323321690013E-002                  9.3144067667830999E-001                  0.0000000000000000E+000                  0.0000000000000000E+000                  6.1951785108535493E-005 
                                    1072                  3.9377824749281808E-006                 -3.2997956863635372E+000                  7.9365359799511994E+000                  4.6437080162118054E+000                  2.0412633888643796E+001                  1.0908541051941775E-030                  6.8559323321652460E-002                  9.3144067667834751E-001                  0.0000000000000000E+000                  0.0000000000000000E+000                  6.2550032724206133E-005 
                                    1073                  1.9688912127680550E-006                 -3.4001663771317276E+000                  7.9365874003877614E+000                  4.6438204607093390E+000                  2.0412808371623555E+001                  1.0908541051941775E-030                  6.8559323321629256E-002                  9.3144067667837072E-001                  0.0000000000000000E+000                  0.0000000000000000E+000                  6.2929794098327873E-005 
                                    1074                  9.8444558186579824E-007                 -3.5005269421364789E+000                  7.9366197920362369E+000                  4.6438912823823015E+000                  2.0412918270471085E+001                  1.0908541051941775E-030                  6.8559323321614060E-002                  9.3144067667838593E-001                  4.6872905351425194E-029                  0.0000000000000000E+000                  6.3170184073226666E-005 
                                    1075                  4.9222276640062543E-007                 -3.6008811318008780E+000                  7.9366401973717728E+000                  4.6439358915615037E+000                  2.0412987495050061E+001                  1.0908541051941773E-030                  6.8559323321604720E-002                  9.3144067667839525E-001                  7.0299870440459575E-030                  0.0000000000000000E+000                  6.3322082874782613E-005 
                                    1076                  2.4611135781819944E-007                 -3.7012313095245801E+000                  7.9366530523723728E+000                  4.6439639911107058E+000                  2.0413031100883138E+001                  1.0908541051941770E-030                  6.8559323321598836E-002                  9.3144067667840114E-001                  0.0000000000000000E+000                  0.0000000000000000E+000                  6.3417960435723918E-005 
                                    1077                  1.2305565021030996E-007                 -3.8015789702751062E+000                  7.9366611511179608E+000                  4.6439816915466805E+000                  2.0413058569677869E+001                  1.0908541051941775E-030                  6.8559323321595159E-002                  9.3144067667840480E-001                  0.0000000000000000E+000                  0.0000000000000000E+000                  6.3478436790693978E-005 
                                    1078                  6.1527798657260948E-008                 -3.9019250543697352E+000                  7.9366662535356811E+000                  4.6439928415289682E+000                  2.0413075873473165E+001                  1.0908541051941775E-030                  6.8559323321592619E-002                  9.3144067667840735E-001                  0.0000000000000000E+000                  0.0000000000000000E+000                  6.3516567118088770E-005 
                                    1079                  3.0763872095495681E-008                 -4.0022701776751672E+000                  7.9366694703398721E+000                  4.6439998643319669E+000                  2.0413086773997041E+001                  1.0908541051941775E-030                  6.8559323321591176E-002                  9.3144067667840880E-001                  7.7124167081804055E-030                  4.0490675969864891E-030                  6.3540615726855886E-005 
                                    1080                  1.5381911001752759E-008                 -4.1026147308679297E+000                  7.9366721503343367E+000                  4.6440057727552517E+000                  2.0413095929724221E+001                  1.0908541051941775E-030                  6.8559323321589941E-002                  9.3144067667841002E-001                  0.0000000000000000E+000                  0.0000000000000000E+000                  6.3560676752366841E-005 
